group_id,type,count,file_paths
EXACT_1,EXACT_SHA256,6,13 belt_output\detect\belt_defect_yolo11s\run_512_optimized\labels.jpg | belt_defect_yolo11m\run_800_medium-2\labels.jpg | belt_defect_yolo11s\run_v3_balanced\labels.jpg | belt_output\detect\belt_defect_yolo11s\run_v3_balanced\labels.jpg | detect\train\labels.jpg | run_v3_balanced\labels.jpg
EXACT_2,EXACT_SHA256,2,13 belt_output\detect\belt_defect_yolo11s\run_512_optimized\val_batch0_labels.jpg | run_v3_balanced\val_batch0_labels.jpg
EXACT_3,EXACT_SHA256,2,belt_defect_yolo11m\run_800_medium-2\val_batch0_labels.jpg | belt_defect_yolo11s\run_v3_balanced\val_batch0_labels.jpg
EXACT_4,EXACT_SHA256,2,belt_defect_yolo11m\run_800_medium-2\val_batch2_labels.jpg | belt_defect_yolo11s\run_v3_balanced\val_batch1_labels.jpg
EXACT_5,EXACT_SHA256,9,datasets\dataset_v2_4defect\test\images\frame_00002_jpg.rf.5e28130cc2199a50e3b0fdc3d2e38885.jpg | datasets\dataset_v2_5class\test\images\frame_00002_jpg.rf.5e28130cc2199a50e3b0fdc3d2e38885.jpg | datasets\dataset_v3_clean_background\test\images\frame_00002_jpg.rf.5e28130cc2199a50e3b0fdc3d2e38885.jpg | demo_images\frame_00002_jpg.rf.5e28130cc2199a50e3b0fdc3d2e38885.jpg | golden_test_images\frame_00002_jpg.rf.5e28130cc2199a50e3b0fdc3d2e38885.jpg | known_defect_tests\belt_splice_1_frame_00002_jpg.rf.5e28130cc2199a50e3b0fdc3d2e38885.jpg | known_defect_tests\normal_belt_1_frame_00002_jpg.rf.5e28130cc2199a50e3b0fdc3d2e38885.jpg | real_world_test\frame_00002_jpg.rf.5e28130cc2199a50e3b0fdc3d2e38885.jpg | real_world_test\REAL_BELT_SPLICE\frame_00002_jpg.rf.5e28130cc2199a50e3b0fdc3d2e38885.jpg
EXACT_6,EXACT_SHA256,3,datasets\dataset_v2_4defect\test\images\frame_00006_jpg.rf.8650a6dd406aa6f7ecf83506eac3db03.jpg | datasets\dataset_v2_5class\test\images\frame_00006_jpg.rf.8650a6dd406aa6f7ecf83506eac3db03.jpg | datasets\dataset_v3_clean_background\test\images\frame_00006_jpg.rf.8650a6dd406aa6f7ecf83506eac3db03.jpg
EXACT_7,EXACT_SHA256,3,datasets\dataset_v2_4defect\test\images\frame_00006_jpg.rf.8650a6dd406aa6f7ecf83506eac3db03_aug_contrast_1.jpg | datasets\dataset_v2_5class\test\images\frame_00006_jpg.rf.8650a6dd406aa6f7ecf83506eac3db03_aug_contrast_1.jpg | datasets\dataset_v3_clean_background\test\images\frame_00006_jpg.rf.8650a6dd406aa6f7ecf83506eac3db03_aug_contrast_1.jpg
EXACT_8,EXACT_SHA256,3,datasets\dataset_v2_4defect\test\images\frame_00006_jpg.rf.8650a6dd406aa6f7ecf83506eac3db03_aug_hflip_0.jpg | datasets\dataset_v2_5class\test\images\frame_00006_jpg.rf.8650a6dd406aa6f7ecf83506eac3db03_aug_hflip_0.jpg | datasets\dataset_v3_clean_background\test\images\frame_00006_jpg.rf.8650a6dd406aa6f7ecf83506eac3db03_aug_hflip_0.jpg
EXACT_9,EXACT_SHA256,3,datasets\dataset_v2_4defect\test\images\frame_00006_jpg.rf.b87689121ddd3d4a993e9166cab21dd1.jpg | datasets\dataset_v2_5class\test\images\frame_00006_jpg.rf.b87689121ddd3d4a993e9166cab21dd1.jpg | datasets\dataset_v3_clean_background\test\images\frame_00006_jpg.rf.b87689121ddd3d4a993e9166cab21dd1.jpg
EXACT_10,EXACT_SHA256,3,datasets\dataset_v2_4defect\test\images\frame_00006_jpg.rf.b87689121ddd3d4a993e9166cab21dd1_aug_contrast_3.jpg | datasets\dataset_v2_5class\test\images\frame_00006_jpg.rf.b87689121ddd3d4a993e9166cab21dd1_aug_contrast_3.jpg | datasets\dataset_v3_clean_background\test\images\frame_00006_jpg.rf.b87689121ddd3d4a993e9166cab21dd1_aug_contrast_3.jpg
EXACT_11,EXACT_SHA256,3,datasets\dataset_v2_4defect\test\images\frame_00006_jpg.rf.b87689121ddd3d4a993e9166cab21dd1_aug_hflip_0.jpg | datasets\dataset_v2_5class\test\images\frame_00006_jpg.rf.b87689121ddd3d4a993e9166cab21dd1_aug_hflip_0.jpg | datasets\dataset_v3_clean_background\test\images\frame_00006_jpg.rf.b87689121ddd3d4a993e9166cab21dd1_aug_hflip_0.jpg
EXACT_12,EXACT_SHA256,3,datasets\dataset_v2_4defect\test\images\frame_00006_jpg.rf.b87689121ddd3d4a993e9166cab21dd1_aug_hvflip_2.jpg | datasets\dataset_v2_5class\test\images\frame_00006_jpg.rf.b87689121ddd3d4a993e9166cab21dd1_aug_hvflip_2.jpg | datasets\dataset_v3_clean_background\test\images\frame_00006_jpg.rf.b87689121ddd3d4a993e9166cab21dd1_aug_hvflip_2.jpg
EXACT_13,EXACT_SHA256,3,datasets\dataset_v2_4defect\test\images\frame_00006_jpg.rf.b87689121ddd3d4a993e9166cab21dd1_aug_vflip_1.jpg | datasets\dataset_v2_5class\test\images\frame_00006_jpg.rf.b87689121ddd3d4a993e9166cab21dd1_aug_vflip_1.jpg | datasets\dataset_v3_clean_background\test\images\frame_00006_jpg.rf.b87689121ddd3d4a993e9166cab21dd1_aug_vflip_1.jpg
EXACT_14,EXACT_SHA256,3,datasets\dataset_v2_4defect\test\images\frame_00009_jpg.rf.a978b612e1167476a670cb64d4d417c1.jpg | datasets\dataset_v2_5class\test\images\frame_00009_jpg.rf.a978b612e1167476a670cb64d4d417c1.jpg | datasets\dataset_v3_clean_background\test\images\frame_00009_jpg.rf.a978b612e1167476a670cb64d4d417c1.jpg
EXACT_15,EXACT_SHA256,3,datasets\dataset_v2_4defect\test\images\frame_00009_jpg.rf.a978b612e1167476a670cb64d4d417c1_aug_contrast_2.jpg | datasets\dataset_v2_5class\test\images\frame_00009_jpg.rf.a978b612e1167476a670cb64d4d417c1_aug_contrast_2.jpg | datasets\dataset_v3_clean_background\test\images\frame_00009_jpg.rf.a978b612e1167476a670cb64d4d417c1_aug_contrast_2.jpg
EXACT_16,EXACT_SHA256,3,datasets\dataset_v2_4defect\test\images\frame_00009_jpg.rf.a978b612e1167476a670cb64d4d417c1_aug_hflip_0.jpg | datasets\dataset_v2_5class\test\images\frame_00009_jpg.rf.a978b612e1167476a670cb64d4d417c1_aug_hflip_0.jpg | datasets\dataset_v3_clean_background\test\images\frame_00009_jpg.rf.a978b612e1167476a670cb64d4d417c1_aug_hflip_0.jpg
EXACT_17,EXACT_SHA256,3,datasets\dataset_v2_4defect\test\images\frame_00009_jpg.rf.a978b612e1167476a670cb64d4d417c1_aug_vflip_1.jpg | datasets\dataset_v2_5class\test\images\frame_00009_jpg.rf.a978b612e1167476a670cb64d4d417c1_aug_vflip_1.jpg | datasets\dataset_v3_clean_background\test\images\frame_00009_jpg.rf.a978b612e1167476a670cb64d4d417c1_aug_vflip_1.jpg
EXACT_18,EXACT_SHA256,3,datasets\dataset_v2_4defect\test\images\frame_00009_jpg.rf.dd2cdffd9b79a503f4981402f9c3c4fd.jpg | datasets\dataset_v2_5class\test\images\frame_00009_jpg.rf.dd2cdffd9b79a503f4981402f9c3c4fd.jpg | datasets\dataset_v3_clean_background\test\images\frame_00009_jpg.rf.dd2cdffd9b79a503f4981402f9c3c4fd.jpg
EXACT_19,EXACT_SHA256,3,datasets\dataset_v2_4defect\test\images\frame_00011_jpg.rf.19efdc8a690a0280e957f97f70f5a9fa.jpg | datasets\dataset_v2_5class\test\images\frame_00011_jpg.rf.19efdc8a690a0280e957f97f70f5a9fa.jpg | datasets\dataset_v3_clean_background\test\images\frame_00011_jpg.rf.19efdc8a690a0280e957f97f70f5a9fa.jpg
EXACT_20,EXACT_SHA256,3,datasets\dataset_v2_4defect\test\images\frame_00011_jpg.rf.482786caeb1cfb9778804640e7b2e590.jpg | datasets\dataset_v2_5class\test\images\frame_00011_jpg.rf.482786caeb1cfb9778804640e7b2e590.jpg | datasets\dataset_v3_clean_background\test\images\frame_00011_jpg.rf.482786caeb1cfb9778804640e7b2e590.jpg
EXACT_21,EXACT_SHA256,3,datasets\dataset_v2_4defect\test\images\frame_00031_jpg.rf.bc0a2d8565beaa78ccdd40fa9478921c.jpg | datasets\dataset_v2_5class\test\images\frame_00031_jpg.rf.bc0a2d8565beaa78ccdd40fa9478921c.jpg | datasets\dataset_v3_clean_background\test\images\frame_00031_jpg.rf.bc0a2d8565beaa78ccdd40fa9478921c.jpg
EXACT_22,EXACT_SHA256,3,datasets\dataset_v2_4defect\test\images\frame_00031_jpg.rf.bc0a2d8565beaa78ccdd40fa9478921c_aug_contrast_1.jpg | datasets\dataset_v2_5class\test\images\frame_00031_jpg.rf.bc0a2d8565beaa78ccdd40fa9478921c_aug_contrast_1.jpg | datasets\dataset_v3_clean_background\test\images\frame_00031_jpg.rf.bc0a2d8565beaa78ccdd40fa9478921c_aug_contrast_1.jpg
EXACT_23,EXACT_SHA256,3,datasets\dataset_v2_4defect\test\images\frame_00031_jpg.rf.bc0a2d8565beaa78ccdd40fa9478921c_aug_hflip_0.jpg | datasets\dataset_v2_5class\test\images\frame_00031_jpg.rf.bc0a2d8565beaa78ccdd40fa9478921c_aug_hflip_0.jpg | datasets\dataset_v3_clean_background\test\images\frame_00031_jpg.rf.bc0a2d8565beaa78ccdd40fa9478921c_aug_hflip_0.jpg
EXACT_24,EXACT_SHA256,3,datasets\dataset_v2_4defect\test\images\frame_00031_jpg.rf.c1d1dde1b4c3e2dd897c4b21adb8986d.jpg | datasets\dataset_v2_5class\test\images\frame_00031_jpg.rf.c1d1dde1b4c3e2dd897c4b21adb8986d.jpg | datasets\dataset_v3_clean_background\test\images\frame_00031_jpg.rf.c1d1dde1b4c3e2dd897c4b21adb8986d.jpg
EXACT_25,EXACT_SHA256,3,datasets\dataset_v2_4defect\test\images\frame_00031_jpg.rf.c1d1dde1b4c3e2dd897c4b21adb8986d_aug_contrast_1.jpg | datasets\dataset_v2_5class\test\images\frame_00031_jpg.rf.c1d1dde1b4c3e2dd897c4b21adb8986d_aug_contrast_1.jpg | datasets\dataset_v3_clean_background\test\images\frame_00031_jpg.rf.c1d1dde1b4c3e2dd897c4b21adb8986d_aug_contrast_1.jpg
EXACT_26,EXACT_SHA256,3,datasets\dataset_v2_4defect\test\images\frame_00031_jpg.rf.c1d1dde1b4c3e2dd897c4b21adb8986d_aug_hflip_0.jpg | datasets\dataset_v2_5class\test\images\frame_00031_jpg.rf.c1d1dde1b4c3e2dd897c4b21adb8986d_aug_hflip_0.jpg | datasets\dataset_v3_clean_background\test\images\frame_00031_jpg.rf.c1d1dde1b4c3e2dd897c4b21adb8986d_aug_hflip_0.jpg
EXACT_27,EXACT_SHA256,3,datasets\dataset_v2_4defect\test\images\frame_00031_jpg.rf.f59233ad33836eda95f05dcc5ba5ef57.jpg | datasets\dataset_v2_5class\test\images\frame_00031_jpg.rf.f59233ad33836eda95f05dcc5ba5ef57.jpg | datasets\dataset_v3_clean_background\test\images\frame_00031_jpg.rf.f59233ad33836eda95f05dcc5ba5ef57.jpg
EXACT_28,EXACT_SHA256,3,datasets\dataset_v2_4defect\test\images\frame_00056_jpg.rf.0b6760113da2e32cc20a499f90a47420.jpg | datasets\dataset_v2_5class\test\images\frame_00056_jpg.rf.0b6760113da2e32cc20a499f90a47420.jpg | datasets\dataset_v3_clean_background\test\images\frame_00056_jpg.rf.0b6760113da2e32cc20a499f90a47420.jpg
EXACT_29,EXACT_SHA256,3,datasets\dataset_v2_4defect\test\images\frame_00056_jpg.rf.0b6760113da2e32cc20a499f90a47420_aug_contrast_2.jpg | datasets\dataset_v2_5class\test\images\frame_00056_jpg.rf.0b6760113da2e32cc20a499f90a47420_aug_contrast_2.jpg | datasets\dataset_v3_clean_background\test\images\frame_00056_jpg.rf.0b6760113da2e32cc20a499f90a47420_aug_contrast_2.jpg
EXACT_30,EXACT_SHA256,3,datasets\dataset_v2_4defect\test\images\frame_00056_jpg.rf.0b6760113da2e32cc20a499f90a47420_aug_hflip_0.jpg | datasets\dataset_v2_5class\test\images\frame_00056_jpg.rf.0b6760113da2e32cc20a499f90a47420_aug_hflip_0.jpg | datasets\dataset_v3_clean_background\test\images\frame_00056_jpg.rf.0b6760113da2e32cc20a499f90a47420_aug_hflip_0.jpg
EXACT_31,EXACT_SHA256,3,datasets\dataset_v2_4defect\test\images\frame_00056_jpg.rf.0b6760113da2e32cc20a499f90a47420_aug_vflip_1.jpg | datasets\dataset_v2_5class\test\images\frame_00056_jpg.rf.0b6760113da2e32cc20a499f90a47420_aug_vflip_1.jpg | datasets\dataset_v3_clean_background\test\images\frame_00056_jpg.rf.0b6760113da2e32cc20a499f90a47420_aug_vflip_1.jpg
EXACT_32,EXACT_SHA256,3,datasets\dataset_v2_4defect\test\images\frame_00056_jpg.rf.7154a70d40a859c07c4f74152c8ad5f8.jpg | datasets\dataset_v2_5class\test\images\frame_00056_jpg.rf.7154a70d40a859c07c4f74152c8ad5f8.jpg | datasets\dataset_v3_clean_background\test\images\frame_00056_jpg.rf.7154a70d40a859c07c4f74152c8ad5f8.jpg
EXACT_33,EXACT_SHA256,3,datasets\dataset_v2_4defect\test\images\frame_00069_jpg.rf.5f1e391d312cb886438add495154b3c7.jpg | datasets\dataset_v2_5class\test\images\frame_00069_jpg.rf.5f1e391d312cb886438add495154b3c7.jpg | datasets\dataset_v3_clean_background\test\images\frame_00069_jpg.rf.5f1e391d312cb886438add495154b3c7.jpg
EXACT_34,EXACT_SHA256,3,datasets\dataset_v2_4defect\test\images\frame_00071_jpg.rf.373bac3399376d9079a25ea62c74d297.jpg | datasets\dataset_v2_5class\test\images\frame_00071_jpg.rf.373bac3399376d9079a25ea62c74d297.jpg | datasets\dataset_v3_clean_background\test\images\frame_00071_jpg.rf.373bac3399376d9079a25ea62c74d297.jpg
EXACT_35,EXACT_SHA256,3,datasets\dataset_v2_4defect\test\images\frame_00073_jpg.rf.3a8e96d02d113626433e030f6ca2b1e6.jpg | datasets\dataset_v2_5class\test\images\frame_00073_jpg.rf.3a8e96d02d113626433e030f6ca2b1e6.jpg | datasets\dataset_v3_clean_background\test\images\frame_00073_jpg.rf.3a8e96d02d113626433e030f6ca2b1e6.jpg
EXACT_36,EXACT_SHA256,3,datasets\dataset_v2_4defect\test\images\frame_00073_jpg.rf.3a8e96d02d113626433e030f6ca2b1e6_aug_contrast_2.jpg | datasets\dataset_v2_5class\test\images\frame_00073_jpg.rf.3a8e96d02d113626433e030f6ca2b1e6_aug_contrast_2.jpg | datasets\dataset_v3_clean_background\test\images\frame_00073_jpg.rf.3a8e96d02d113626433e030f6ca2b1e6_aug_contrast_2.jpg
EXACT_37,EXACT_SHA256,3,datasets\dataset_v2_4defect\test\images\frame_00073_jpg.rf.3a8e96d02d113626433e030f6ca2b1e6_aug_hflip_0.jpg | datasets\dataset_v2_5class\test\images\frame_00073_jpg.rf.3a8e96d02d113626433e030f6ca2b1e6_aug_hflip_0.jpg | datasets\dataset_v3_clean_background\test\images\frame_00073_jpg.rf.3a8e96d02d113626433e030f6ca2b1e6_aug_hflip_0.jpg
EXACT_38,EXACT_SHA256,3,datasets\dataset_v2_4defect\test\images\frame_00073_jpg.rf.3a8e96d02d113626433e030f6ca2b1e6_aug_vflip_1.jpg | datasets\dataset_v2_5class\test\images\frame_00073_jpg.rf.3a8e96d02d113626433e030f6ca2b1e6_aug_vflip_1.jpg | datasets\dataset_v3_clean_background\test\images\frame_00073_jpg.rf.3a8e96d02d113626433e030f6ca2b1e6_aug_vflip_1.jpg
EXACT_39,EXACT_SHA256,3,datasets\dataset_v2_4defect\test\images\frame_00073_jpg.rf.ccd20b05465aeb8da5b7e719aa3fc7d6.jpg | datasets\dataset_v2_5class\test\images\frame_00073_jpg.rf.ccd20b05465aeb8da5b7e719aa3fc7d6.jpg | datasets\dataset_v3_clean_background\test\images\frame_00073_jpg.rf.ccd20b05465aeb8da5b7e719aa3fc7d6.jpg
EXACT_40,EXACT_SHA256,3,datasets\dataset_v2_4defect\test\images\frame_00073_jpg.rf.ccd20b05465aeb8da5b7e719aa3fc7d6_aug_contrast_3.jpg | datasets\dataset_v2_5class\test\images\frame_00073_jpg.rf.ccd20b05465aeb8da5b7e719aa3fc7d6_aug_contrast_3.jpg | datasets\dataset_v3_clean_background\test\images\frame_00073_jpg.rf.ccd20b05465aeb8da5b7e719aa3fc7d6_aug_contrast_3.jpg
EXACT_41,EXACT_SHA256,3,datasets\dataset_v2_4defect\test\images\frame_00073_jpg.rf.ccd20b05465aeb8da5b7e719aa3fc7d6_aug_hflip_0.jpg | datasets\dataset_v2_5class\test\images\frame_00073_jpg.rf.ccd20b05465aeb8da5b7e719aa3fc7d6_aug_hflip_0.jpg | datasets\dataset_v3_clean_background\test\images\frame_00073_jpg.rf.ccd20b05465aeb8da5b7e719aa3fc7d6_aug_hflip_0.jpg
EXACT_42,EXACT_SHA256,3,datasets\dataset_v2_4defect\test\images\frame_00073_jpg.rf.ccd20b05465aeb8da5b7e719aa3fc7d6_aug_hvflip_2.jpg | datasets\dataset_v2_5class\test\images\frame_00073_jpg.rf.ccd20b05465aeb8da5b7e719aa3fc7d6_aug_hvflip_2.jpg | datasets\dataset_v3_clean_background\test\images\frame_00073_jpg.rf.ccd20b05465aeb8da5b7e719aa3fc7d6_aug_hvflip_2.jpg
EXACT_43,EXACT_SHA256,3,datasets\dataset_v2_4defect\test\images\frame_00073_jpg.rf.ccd20b05465aeb8da5b7e719aa3fc7d6_aug_vflip_1.jpg | datasets\dataset_v2_5class\test\images\frame_00073_jpg.rf.ccd20b05465aeb8da5b7e719aa3fc7d6_aug_vflip_1.jpg | datasets\dataset_v3_clean_background\test\images\frame_00073_jpg.rf.ccd20b05465aeb8da5b7e719aa3fc7d6_aug_vflip_1.jpg
EXACT_44,EXACT_SHA256,3,datasets\dataset_v2_4defect\test\images\frame_00074_jpg.rf.166f6d5badf1b660e668254d5c37d79a.jpg | datasets\dataset_v2_5class\test\images\frame_00074_jpg.rf.166f6d5badf1b660e668254d5c37d79a.jpg | datasets\dataset_v3_clean_background\test\images\frame_00074_jpg.rf.166f6d5badf1b660e668254d5c37d79a.jpg
EXACT_45,EXACT_SHA256,3,datasets\dataset_v2_4defect\test\images\frame_00074_jpg.rf.166f6d5badf1b660e668254d5c37d79a_aug_contrast_3.jpg | datasets\dataset_v2_5class\test\images\frame_00074_jpg.rf.166f6d5badf1b660e668254d5c37d79a_aug_contrast_3.jpg | datasets\dataset_v3_clean_background\test\images\frame_00074_jpg.rf.166f6d5badf1b660e668254d5c37d79a_aug_contrast_3.jpg
EXACT_46,EXACT_SHA256,3,datasets\dataset_v2_4defect\test\images\frame_00074_jpg.rf.166f6d5badf1b660e668254d5c37d79a_aug_hflip_0.jpg | datasets\dataset_v2_5class\test\images\frame_00074_jpg.rf.166f6d5badf1b660e668254d5c37d79a_aug_hflip_0.jpg | datasets\dataset_v3_clean_background\test\images\frame_00074_jpg.rf.166f6d5badf1b660e668254d5c37d79a_aug_hflip_0.jpg
EXACT_47,EXACT_SHA256,3,datasets\dataset_v2_4defect\test\images\frame_00074_jpg.rf.166f6d5badf1b660e668254d5c37d79a_aug_hvflip_2.jpg | datasets\dataset_v2_5class\test\images\frame_00074_jpg.rf.166f6d5badf1b660e668254d5c37d79a_aug_hvflip_2.jpg | datasets\dataset_v3_clean_background\test\images\frame_00074_jpg.rf.166f6d5badf1b660e668254d5c37d79a_aug_hvflip_2.jpg
EXACT_48,EXACT_SHA256,3,datasets\dataset_v2_4defect\test\images\frame_00074_jpg.rf.166f6d5badf1b660e668254d5c37d79a_aug_vflip_1.jpg | datasets\dataset_v2_5class\test\images\frame_00074_jpg.rf.166f6d5badf1b660e668254d5c37d79a_aug_vflip_1.jpg | datasets\dataset_v3_clean_background\test\images\frame_00074_jpg.rf.166f6d5badf1b660e668254d5c37d79a_aug_vflip_1.jpg
EXACT_49,EXACT_SHA256,3,datasets\dataset_v2_4defect\test\images\frame_00076_jpg.rf.ffa9f3ff77d739de43b895272e616802.jpg | datasets\dataset_v2_5class\test\images\frame_00076_jpg.rf.ffa9f3ff77d739de43b895272e616802.jpg | datasets\dataset_v3_clean_background\test\images\frame_00076_jpg.rf.ffa9f3ff77d739de43b895272e616802.jpg
EXACT_50,EXACT_SHA256,3,datasets\dataset_v2_4defect\test\images\frame_00076_jpg.rf.ffa9f3ff77d739de43b895272e616802_aug_contrast_3.jpg | datasets\dataset_v2_5class\test\images\frame_00076_jpg.rf.ffa9f3ff77d739de43b895272e616802_aug_contrast_3.jpg | datasets\dataset_v3_clean_background\test\images\frame_00076_jpg.rf.ffa9f3ff77d739de43b895272e616802_aug_contrast_3.jpg
EXACT_51,EXACT_SHA256,3,datasets\dataset_v2_4defect\test\images\frame_00076_jpg.rf.ffa9f3ff77d739de43b895272e616802_aug_hflip_0.jpg | datasets\dataset_v2_5class\test\images\frame_00076_jpg.rf.ffa9f3ff77d739de43b895272e616802_aug_hflip_0.jpg | datasets\dataset_v3_clean_background\test\images\frame_00076_jpg.rf.ffa9f3ff77d739de43b895272e616802_aug_hflip_0.jpg
EXACT_52,EXACT_SHA256,3,datasets\dataset_v2_4defect\test\images\frame_00076_jpg.rf.ffa9f3ff77d739de43b895272e616802_aug_hvflip_2.jpg | datasets\dataset_v2_5class\test\images\frame_00076_jpg.rf.ffa9f3ff77d739de43b895272e616802_aug_hvflip_2.jpg | datasets\dataset_v3_clean_background\test\images\frame_00076_jpg.rf.ffa9f3ff77d739de43b895272e616802_aug_hvflip_2.jpg
EXACT_53,EXACT_SHA256,3,datasets\dataset_v2_4defect\test\images\frame_00076_jpg.rf.ffa9f3ff77d739de43b895272e616802_aug_vflip_1.jpg | datasets\dataset_v2_5class\test\images\frame_00076_jpg.rf.ffa9f3ff77d739de43b895272e616802_aug_vflip_1.jpg | datasets\dataset_v3_clean_background\test\images\frame_00076_jpg.rf.ffa9f3ff77d739de43b895272e616802_aug_vflip_1.jpg
EXACT_54,EXACT_SHA256,3,datasets\dataset_v2_4defect\test\images\frame_00077_jpg.rf.111633c77710278b157f99e3ce7a2f65.jpg | datasets\dataset_v2_5class\test\images\frame_00077_jpg.rf.111633c77710278b157f99e3ce7a2f65.jpg | datasets\dataset_v3_clean_background\test\images\frame_00077_jpg.rf.111633c77710278b157f99e3ce7a2f65.jpg
EXACT_55,EXACT_SHA256,3,datasets\dataset_v2_4defect\test\images\frame_00077_jpg.rf.111633c77710278b157f99e3ce7a2f65_aug_contrast_1.jpg | datasets\dataset_v2_5class\test\images\frame_00077_jpg.rf.111633c77710278b157f99e3ce7a2f65_aug_contrast_1.jpg | datasets\dataset_v3_clean_background\test\images\frame_00077_jpg.rf.111633c77710278b157f99e3ce7a2f65_aug_contrast_1.jpg
EXACT_56,EXACT_SHA256,3,datasets\dataset_v2_4defect\test\images\frame_00077_jpg.rf.111633c77710278b157f99e3ce7a2f65_aug_hflip_0.jpg | datasets\dataset_v2_5class\test\images\frame_00077_jpg.rf.111633c77710278b157f99e3ce7a2f65_aug_hflip_0.jpg | datasets\dataset_v3_clean_background\test\images\frame_00077_jpg.rf.111633c77710278b157f99e3ce7a2f65_aug_hflip_0.jpg
EXACT_57,EXACT_SHA256,3,datasets\dataset_v2_4defect\test\images\frame_00078_jpg.rf.73a0f44bcc578b069ea9374798309174.jpg | datasets\dataset_v2_5class\test\images\frame_00078_jpg.rf.73a0f44bcc578b069ea9374798309174.jpg | datasets\dataset_v3_clean_background\test\images\frame_00078_jpg.rf.73a0f44bcc578b069ea9374798309174.jpg
EXACT_58,EXACT_SHA256,3,datasets\dataset_v2_4defect\test\images\frame_00078_jpg.rf.73a0f44bcc578b069ea9374798309174_aug_contrast_1.jpg | datasets\dataset_v2_5class\test\images\frame_00078_jpg.rf.73a0f44bcc578b069ea9374798309174_aug_contrast_1.jpg | datasets\dataset_v3_clean_background\test\images\frame_00078_jpg.rf.73a0f44bcc578b069ea9374798309174_aug_contrast_1.jpg
EXACT_59,EXACT_SHA256,3,datasets\dataset_v2_4defect\test\images\frame_00078_jpg.rf.73a0f44bcc578b069ea9374798309174_aug_hflip_0.jpg | datasets\dataset_v2_5class\test\images\frame_00078_jpg.rf.73a0f44bcc578b069ea9374798309174_aug_hflip_0.jpg | datasets\dataset_v3_clean_background\test\images\frame_00078_jpg.rf.73a0f44bcc578b069ea9374798309174_aug_hflip_0.jpg
EXACT_60,EXACT_SHA256,3,datasets\dataset_v2_4defect\test\images\frame_00079_jpg.rf.2521d4c05efaaccbe0f1930d3a762347.jpg | datasets\dataset_v2_5class\test\images\frame_00079_jpg.rf.2521d4c05efaaccbe0f1930d3a762347.jpg | datasets\dataset_v3_clean_background\test\images\frame_00079_jpg.rf.2521d4c05efaaccbe0f1930d3a762347.jpg
EXACT_61,EXACT_SHA256,3,datasets\dataset_v2_4defect\test\images\frame_00083_jpg.rf.86bcfed8eb666d88a13bd25b79137e5c.jpg | datasets\dataset_v2_5class\test\images\frame_00083_jpg.rf.86bcfed8eb666d88a13bd25b79137e5c.jpg | datasets\dataset_v3_clean_background\test\images\frame_00083_jpg.rf.86bcfed8eb666d88a13bd25b79137e5c.jpg
EXACT_62,EXACT_SHA256,3,datasets\dataset_v2_4defect\test\images\frame_00083_jpg.rf.86bcfed8eb666d88a13bd25b79137e5c_aug_contrast_1.jpg | datasets\dataset_v2_5class\test\images\frame_00083_jpg.rf.86bcfed8eb666d88a13bd25b79137e5c_aug_contrast_1.jpg | datasets\dataset_v3_clean_background\test\images\frame_00083_jpg.rf.86bcfed8eb666d88a13bd25b79137e5c_aug_contrast_1.jpg
EXACT_63,EXACT_SHA256,3,datasets\dataset_v2_4defect\test\images\frame_00083_jpg.rf.86bcfed8eb666d88a13bd25b79137e5c_aug_hflip_0.jpg | datasets\dataset_v2_5class\test\images\frame_00083_jpg.rf.86bcfed8eb666d88a13bd25b79137e5c_aug_hflip_0.jpg | datasets\dataset_v3_clean_background\test\images\frame_00083_jpg.rf.86bcfed8eb666d88a13bd25b79137e5c_aug_hflip_0.jpg
EXACT_64,EXACT_SHA256,3,datasets\dataset_v2_4defect\test\images\frame_00085_jpg.rf.0d48e869b7d6acc37aa2ccaeb64713e6.jpg | datasets\dataset_v2_5class\test\images\frame_00085_jpg.rf.0d48e869b7d6acc37aa2ccaeb64713e6.jpg | datasets\dataset_v3_clean_background\test\images\frame_00085_jpg.rf.0d48e869b7d6acc37aa2ccaeb64713e6.jpg
EXACT_65,EXACT_SHA256,3,datasets\dataset_v2_4defect\test\images\frame_00085_jpg.rf.66109794372208c8f8ee1f06965b5a69.jpg | datasets\dataset_v2_5class\test\images\frame_00085_jpg.rf.66109794372208c8f8ee1f06965b5a69.jpg | datasets\dataset_v3_clean_background\test\images\frame_00085_jpg.rf.66109794372208c8f8ee1f06965b5a69.jpg
EXACT_66,EXACT_SHA256,3,datasets\dataset_v2_4defect\test\images\frame_00085_jpg.rf.66109794372208c8f8ee1f06965b5a69_aug_contrast_1.jpg | datasets\dataset_v2_5class\test\images\frame_00085_jpg.rf.66109794372208c8f8ee1f06965b5a69_aug_contrast_1.jpg | datasets\dataset_v3_clean_background\test\images\frame_00085_jpg.rf.66109794372208c8f8ee1f06965b5a69_aug_contrast_1.jpg
EXACT_67,EXACT_SHA256,3,datasets\dataset_v2_4defect\test\images\frame_00085_jpg.rf.66109794372208c8f8ee1f06965b5a69_aug_hflip_0.jpg | datasets\dataset_v2_5class\test\images\frame_00085_jpg.rf.66109794372208c8f8ee1f06965b5a69_aug_hflip_0.jpg | datasets\dataset_v3_clean_background\test\images\frame_00085_jpg.rf.66109794372208c8f8ee1f06965b5a69_aug_hflip_0.jpg
EXACT_68,EXACT_SHA256,3,datasets\dataset_v2_4defect\test\images\frame_00087_jpg.rf.1cf68942998e08d73f50812d0b838dff.jpg | datasets\dataset_v2_5class\test\images\frame_00087_jpg.rf.1cf68942998e08d73f50812d0b838dff.jpg | datasets\dataset_v3_clean_background\test\images\frame_00087_jpg.rf.1cf68942998e08d73f50812d0b838dff.jpg
EXACT_69,EXACT_SHA256,3,datasets\dataset_v2_4defect\test\images\frame_00087_jpg.rf.1cf68942998e08d73f50812d0b838dff_aug_contrast_1.jpg | datasets\dataset_v2_5class\test\images\frame_00087_jpg.rf.1cf68942998e08d73f50812d0b838dff_aug_contrast_1.jpg | datasets\dataset_v3_clean_background\test\images\frame_00087_jpg.rf.1cf68942998e08d73f50812d0b838dff_aug_contrast_1.jpg
EXACT_70,EXACT_SHA256,3,datasets\dataset_v2_4defect\test\images\frame_00087_jpg.rf.1cf68942998e08d73f50812d0b838dff_aug_hflip_0.jpg | datasets\dataset_v2_5class\test\images\frame_00087_jpg.rf.1cf68942998e08d73f50812d0b838dff_aug_hflip_0.jpg | datasets\dataset_v3_clean_background\test\images\frame_00087_jpg.rf.1cf68942998e08d73f50812d0b838dff_aug_hflip_0.jpg
EXACT_71,EXACT_SHA256,3,datasets\dataset_v2_4defect\test\images\frame_00090_jpg.rf.2c4b5a5b87946e27956a95f2025e8ba2.jpg | datasets\dataset_v2_5class\test\images\frame_00090_jpg.rf.2c4b5a5b87946e27956a95f2025e8ba2.jpg | datasets\dataset_v3_clean_background\test\images\frame_00090_jpg.rf.2c4b5a5b87946e27956a95f2025e8ba2.jpg
EXACT_72,EXACT_SHA256,3,datasets\dataset_v2_4defect\test\images\frame_00091_jpg.rf.1105ceb99a1da7237c52b3d3e35f9342.jpg | datasets\dataset_v2_5class\test\images\frame_00091_jpg.rf.1105ceb99a1da7237c52b3d3e35f9342.jpg | datasets\dataset_v3_clean_background\test\images\frame_00091_jpg.rf.1105ceb99a1da7237c52b3d3e35f9342.jpg
EXACT_73,EXACT_SHA256,3,datasets\dataset_v2_4defect\test\images\frame_00091_jpg.rf.1105ceb99a1da7237c52b3d3e35f9342_aug_contrast_1.jpg | datasets\dataset_v2_5class\test\images\frame_00091_jpg.rf.1105ceb99a1da7237c52b3d3e35f9342_aug_contrast_1.jpg | datasets\dataset_v3_clean_background\test\images\frame_00091_jpg.rf.1105ceb99a1da7237c52b3d3e35f9342_aug_contrast_1.jpg
EXACT_74,EXACT_SHA256,3,datasets\dataset_v2_4defect\test\images\frame_00091_jpg.rf.1105ceb99a1da7237c52b3d3e35f9342_aug_hflip_0.jpg | datasets\dataset_v2_5class\test\images\frame_00091_jpg.rf.1105ceb99a1da7237c52b3d3e35f9342_aug_hflip_0.jpg | datasets\dataset_v3_clean_background\test\images\frame_00091_jpg.rf.1105ceb99a1da7237c52b3d3e35f9342_aug_hflip_0.jpg
EXACT_75,EXACT_SHA256,3,datasets\dataset_v2_4defect\test\images\frame_00105_jpg.rf.acf0df8cb6a8ac88b5dbcaca25d2461e.jpg | datasets\dataset_v2_5class\test\images\frame_00105_jpg.rf.acf0df8cb6a8ac88b5dbcaca25d2461e.jpg | datasets\dataset_v3_clean_background\test\images\frame_00105_jpg.rf.acf0df8cb6a8ac88b5dbcaca25d2461e.jpg
EXACT_76,EXACT_SHA256,3,datasets\dataset_v2_4defect\test\images\frame_00118_jpg.rf.e12e22049d8d6145c480a4dfa6d766a7.jpg | datasets\dataset_v2_5class\test\images\frame_00118_jpg.rf.e12e22049d8d6145c480a4dfa6d766a7.jpg | datasets\dataset_v3_clean_background\test\images\frame_00118_jpg.rf.e12e22049d8d6145c480a4dfa6d766a7.jpg
EXACT_77,EXACT_SHA256,3,datasets\dataset_v2_4defect\test\images\frame_00133_jpg.rf.02f04e0e9f8e84483807d4a29ad34c2c.jpg | datasets\dataset_v2_5class\test\images\frame_00133_jpg.rf.02f04e0e9f8e84483807d4a29ad34c2c.jpg | datasets\dataset_v3_clean_background\test\images\frame_00133_jpg.rf.02f04e0e9f8e84483807d4a29ad34c2c.jpg
EXACT_78,EXACT_SHA256,3,datasets\dataset_v2_4defect\test\images\frame_00133_jpg.rf.02f04e0e9f8e84483807d4a29ad34c2c_aug_contrast_1.jpg | datasets\dataset_v2_5class\test\images\frame_00133_jpg.rf.02f04e0e9f8e84483807d4a29ad34c2c_aug_contrast_1.jpg | datasets\dataset_v3_clean_background\test\images\frame_00133_jpg.rf.02f04e0e9f8e84483807d4a29ad34c2c_aug_contrast_1.jpg
EXACT_79,EXACT_SHA256,3,datasets\dataset_v2_4defect\test\images\frame_00133_jpg.rf.02f04e0e9f8e84483807d4a29ad34c2c_aug_hflip_0.jpg | datasets\dataset_v2_5class\test\images\frame_00133_jpg.rf.02f04e0e9f8e84483807d4a29ad34c2c_aug_hflip_0.jpg | datasets\dataset_v3_clean_background\test\images\frame_00133_jpg.rf.02f04e0e9f8e84483807d4a29ad34c2c_aug_hflip_0.jpg
EXACT_80,EXACT_SHA256,3,datasets\dataset_v2_4defect\test\images\frame_00133_jpg.rf.08588b3c2c4d5f07036cdf7167fb5835.jpg | datasets\dataset_v2_5class\test\images\frame_00133_jpg.rf.08588b3c2c4d5f07036cdf7167fb5835.jpg | datasets\dataset_v3_clean_background\test\images\frame_00133_jpg.rf.08588b3c2c4d5f07036cdf7167fb5835.jpg
EXACT_81,EXACT_SHA256,3,datasets\dataset_v2_4defect\test\images\frame_00138_jpg.rf.396c04476b38d460b0af227fa794fef9.jpg | datasets\dataset_v2_5class\test\images\frame_00138_jpg.rf.396c04476b38d460b0af227fa794fef9.jpg | datasets\dataset_v3_clean_background\test\images\frame_00138_jpg.rf.396c04476b38d460b0af227fa794fef9.jpg
EXACT_82,EXACT_SHA256,3,datasets\dataset_v2_4defect\test\images\frame_00138_jpg.rf.396c04476b38d460b0af227fa794fef9_aug_contrast_1.jpg | datasets\dataset_v2_5class\test\images\frame_00138_jpg.rf.396c04476b38d460b0af227fa794fef9_aug_contrast_1.jpg | datasets\dataset_v3_clean_background\test\images\frame_00138_jpg.rf.396c04476b38d460b0af227fa794fef9_aug_contrast_1.jpg
EXACT_83,EXACT_SHA256,3,datasets\dataset_v2_4defect\test\images\frame_00138_jpg.rf.396c04476b38d460b0af227fa794fef9_aug_hflip_0.jpg | datasets\dataset_v2_5class\test\images\frame_00138_jpg.rf.396c04476b38d460b0af227fa794fef9_aug_hflip_0.jpg | datasets\dataset_v3_clean_background\test\images\frame_00138_jpg.rf.396c04476b38d460b0af227fa794fef9_aug_hflip_0.jpg
EXACT_84,EXACT_SHA256,3,datasets\dataset_v2_4defect\test\images\frame_00155_jpg.rf.327ccb04001378bb5200fcb0256e047f.jpg | datasets\dataset_v2_5class\test\images\frame_00155_jpg.rf.327ccb04001378bb5200fcb0256e047f.jpg | datasets\dataset_v3_clean_background\test\images\frame_00155_jpg.rf.327ccb04001378bb5200fcb0256e047f.jpg
EXACT_85,EXACT_SHA256,3,datasets\dataset_v2_4defect\test\images\frame_00155_jpg.rf.327ccb04001378bb5200fcb0256e047f_aug_contrast_3.jpg | datasets\dataset_v2_5class\test\images\frame_00155_jpg.rf.327ccb04001378bb5200fcb0256e047f_aug_contrast_3.jpg | datasets\dataset_v3_clean_background\test\images\frame_00155_jpg.rf.327ccb04001378bb5200fcb0256e047f_aug_contrast_3.jpg
EXACT_86,EXACT_SHA256,3,datasets\dataset_v2_4defect\test\images\frame_00155_jpg.rf.327ccb04001378bb5200fcb0256e047f_aug_hflip_0.jpg | datasets\dataset_v2_5class\test\images\frame_00155_jpg.rf.327ccb04001378bb5200fcb0256e047f_aug_hflip_0.jpg | datasets\dataset_v3_clean_background\test\images\frame_00155_jpg.rf.327ccb04001378bb5200fcb0256e047f_aug_hflip_0.jpg
EXACT_87,EXACT_SHA256,3,datasets\dataset_v2_4defect\test\images\frame_00155_jpg.rf.327ccb04001378bb5200fcb0256e047f_aug_hvflip_2.jpg | datasets\dataset_v2_5class\test\images\frame_00155_jpg.rf.327ccb04001378bb5200fcb0256e047f_aug_hvflip_2.jpg | datasets\dataset_v3_clean_background\test\images\frame_00155_jpg.rf.327ccb04001378bb5200fcb0256e047f_aug_hvflip_2.jpg
EXACT_88,EXACT_SHA256,3,datasets\dataset_v2_4defect\test\images\frame_00155_jpg.rf.327ccb04001378bb5200fcb0256e047f_aug_vflip_1.jpg | datasets\dataset_v2_5class\test\images\frame_00155_jpg.rf.327ccb04001378bb5200fcb0256e047f_aug_vflip_1.jpg | datasets\dataset_v3_clean_background\test\images\frame_00155_jpg.rf.327ccb04001378bb5200fcb0256e047f_aug_vflip_1.jpg
EXACT_89,EXACT_SHA256,3,datasets\dataset_v2_4defect\test\images\frame_00155_jpg.rf.ab4e1435ce64025f56cf3730562b4e7d.jpg | datasets\dataset_v2_5class\test\images\frame_00155_jpg.rf.ab4e1435ce64025f56cf3730562b4e7d.jpg | datasets\dataset_v3_clean_background\test\images\frame_00155_jpg.rf.ab4e1435ce64025f56cf3730562b4e7d.jpg
EXACT_90,EXACT_SHA256,3,datasets\dataset_v2_4defect\test\images\frame_00209_jpg.rf.947db2c809e784ebae82140068922e38.jpg | datasets\dataset_v2_5class\test\images\frame_00209_jpg.rf.947db2c809e784ebae82140068922e38.jpg | datasets\dataset_v3_clean_background\test\images\frame_00209_jpg.rf.947db2c809e784ebae82140068922e38.jpg
EXACT_91,EXACT_SHA256,3,datasets\dataset_v2_4defect\test\images\frame_00209_jpg.rf.947db2c809e784ebae82140068922e38_aug_contrast_1.jpg | datasets\dataset_v2_5class\test\images\frame_00209_jpg.rf.947db2c809e784ebae82140068922e38_aug_contrast_1.jpg | datasets\dataset_v3_clean_background\test\images\frame_00209_jpg.rf.947db2c809e784ebae82140068922e38_aug_contrast_1.jpg
EXACT_92,EXACT_SHA256,3,datasets\dataset_v2_4defect\test\images\frame_00209_jpg.rf.947db2c809e784ebae82140068922e38_aug_hflip_0.jpg | datasets\dataset_v2_5class\test\images\frame_00209_jpg.rf.947db2c809e784ebae82140068922e38_aug_hflip_0.jpg | datasets\dataset_v3_clean_background\test\images\frame_00209_jpg.rf.947db2c809e784ebae82140068922e38_aug_hflip_0.jpg
EXACT_93,EXACT_SHA256,3,datasets\dataset_v2_4defect\test\images\frame_00209_jpg.rf.f8573d4f8638a5cf82d56eaa8db0dad5.jpg | datasets\dataset_v2_5class\test\images\frame_00209_jpg.rf.f8573d4f8638a5cf82d56eaa8db0dad5.jpg | datasets\dataset_v3_clean_background\test\images\frame_00209_jpg.rf.f8573d4f8638a5cf82d56eaa8db0dad5.jpg
EXACT_94,EXACT_SHA256,3,datasets\dataset_v2_4defect\test\images\frame_00238_jpg.rf.421494679cf816f5acd1a906934d91ae.jpg | datasets\dataset_v2_5class\test\images\frame_00238_jpg.rf.421494679cf816f5acd1a906934d91ae.jpg | datasets\dataset_v3_clean_background\test\images\frame_00238_jpg.rf.421494679cf816f5acd1a906934d91ae.jpg
EXACT_95,EXACT_SHA256,3,datasets\dataset_v2_4defect\test\images\frame_00238_jpg.rf.421494679cf816f5acd1a906934d91ae_aug_contrast_1.jpg | datasets\dataset_v2_5class\test\images\frame_00238_jpg.rf.421494679cf816f5acd1a906934d91ae_aug_contrast_1.jpg | datasets\dataset_v3_clean_background\test\images\frame_00238_jpg.rf.421494679cf816f5acd1a906934d91ae_aug_contrast_1.jpg
EXACT_96,EXACT_SHA256,3,datasets\dataset_v2_4defect\test\images\frame_00238_jpg.rf.421494679cf816f5acd1a906934d91ae_aug_hflip_0.jpg | datasets\dataset_v2_5class\test\images\frame_00238_jpg.rf.421494679cf816f5acd1a906934d91ae_aug_hflip_0.jpg | datasets\dataset_v3_clean_background\test\images\frame_00238_jpg.rf.421494679cf816f5acd1a906934d91ae_aug_hflip_0.jpg
EXACT_97,EXACT_SHA256,3,datasets\dataset_v2_4defect\test\images\frame_00247_jpg.rf.5410bb937b8229ef41183b0ec196d9e9.jpg | datasets\dataset_v2_5class\test\images\frame_00247_jpg.rf.5410bb937b8229ef41183b0ec196d9e9.jpg | datasets\dataset_v3_clean_background\test\images\frame_00247_jpg.rf.5410bb937b8229ef41183b0ec196d9e9.jpg
EXACT_98,EXACT_SHA256,3,datasets\dataset_v2_4defect\test\images\frame_00247_jpg.rf.6ae013715a43fe5e203b58d99cf9cd81.jpg | datasets\dataset_v2_5class\test\images\frame_00247_jpg.rf.6ae013715a43fe5e203b58d99cf9cd81.jpg | datasets\dataset_v3_clean_background\test\images\frame_00247_jpg.rf.6ae013715a43fe5e203b58d99cf9cd81.jpg
EXACT_99,EXACT_SHA256,3,datasets\dataset_v2_4defect\test\images\frame_00247_jpg.rf.6ae013715a43fe5e203b58d99cf9cd81_aug_contrast_1.jpg | datasets\dataset_v2_5class\test\images\frame_00247_jpg.rf.6ae013715a43fe5e203b58d99cf9cd81_aug_contrast_1.jpg | datasets\dataset_v3_clean_background\test\images\frame_00247_jpg.rf.6ae013715a43fe5e203b58d99cf9cd81_aug_contrast_1.jpg
EXACT_100,EXACT_SHA256,3,datasets\dataset_v2_4defect\test\images\frame_00247_jpg.rf.6ae013715a43fe5e203b58d99cf9cd81_aug_hflip_0.jpg | datasets\dataset_v2_5class\test\images\frame_00247_jpg.rf.6ae013715a43fe5e203b58d99cf9cd81_aug_hflip_0.jpg | datasets\dataset_v3_clean_background\test\images\frame_00247_jpg.rf.6ae013715a43fe5e203b58d99cf9cd81_aug_hflip_0.jpg
EXACT_101,EXACT_SHA256,3,datasets\dataset_v2_4defect\test\images\frame_00249_jpg.rf.3d7c569547c332d89fa5f94a23582275.jpg | datasets\dataset_v2_5class\test\images\frame_00249_jpg.rf.3d7c569547c332d89fa5f94a23582275.jpg | datasets\dataset_v3_clean_background\test\images\frame_00249_jpg.rf.3d7c569547c332d89fa5f94a23582275.jpg
EXACT_102,EXACT_SHA256,3,datasets\dataset_v2_4defect\test\images\frame_00249_jpg.rf.ae5d365947f03fcefc5a7b83e02523eb.jpg | datasets\dataset_v2_5class\test\images\frame_00249_jpg.rf.ae5d365947f03fcefc5a7b83e02523eb.jpg | datasets\dataset_v3_clean_background\test\images\frame_00249_jpg.rf.ae5d365947f03fcefc5a7b83e02523eb.jpg
EXACT_103,EXACT_SHA256,3,datasets\dataset_v2_4defect\test\images\frame_00261_jpg.rf.99e43006d6a8883edfe69e2a4373b90e.jpg | datasets\dataset_v2_5class\test\images\frame_00261_jpg.rf.99e43006d6a8883edfe69e2a4373b90e.jpg | datasets\dataset_v3_clean_background\test\images\frame_00261_jpg.rf.99e43006d6a8883edfe69e2a4373b90e.jpg
EXACT_104,EXACT_SHA256,3,datasets\dataset_v2_4defect\test\images\frame_00261_jpg.rf.99e43006d6a8883edfe69e2a4373b90e_aug_contrast_3.jpg | datasets\dataset_v2_5class\test\images\frame_00261_jpg.rf.99e43006d6a8883edfe69e2a4373b90e_aug_contrast_3.jpg | datasets\dataset_v3_clean_background\test\images\frame_00261_jpg.rf.99e43006d6a8883edfe69e2a4373b90e_aug_contrast_3.jpg
EXACT_105,EXACT_SHA256,3,datasets\dataset_v2_4defect\test\images\frame_00261_jpg.rf.99e43006d6a8883edfe69e2a4373b90e_aug_hflip_0.jpg | datasets\dataset_v2_5class\test\images\frame_00261_jpg.rf.99e43006d6a8883edfe69e2a4373b90e_aug_hflip_0.jpg | datasets\dataset_v3_clean_background\test\images\frame_00261_jpg.rf.99e43006d6a8883edfe69e2a4373b90e_aug_hflip_0.jpg
EXACT_106,EXACT_SHA256,3,datasets\dataset_v2_4defect\test\images\frame_00261_jpg.rf.99e43006d6a8883edfe69e2a4373b90e_aug_hvflip_2.jpg | datasets\dataset_v2_5class\test\images\frame_00261_jpg.rf.99e43006d6a8883edfe69e2a4373b90e_aug_hvflip_2.jpg | datasets\dataset_v3_clean_background\test\images\frame_00261_jpg.rf.99e43006d6a8883edfe69e2a4373b90e_aug_hvflip_2.jpg
EXACT_107,EXACT_SHA256,3,datasets\dataset_v2_4defect\test\images\frame_00261_jpg.rf.99e43006d6a8883edfe69e2a4373b90e_aug_vflip_1.jpg | datasets\dataset_v2_5class\test\images\frame_00261_jpg.rf.99e43006d6a8883edfe69e2a4373b90e_aug_vflip_1.jpg | datasets\dataset_v3_clean_background\test\images\frame_00261_jpg.rf.99e43006d6a8883edfe69e2a4373b90e_aug_vflip_1.jpg
EXACT_108,EXACT_SHA256,3,datasets\dataset_v2_4defect\test\images\frame_00271_jpg.rf.9334e71c50da4b4980000b56fa1a5689.jpg | datasets\dataset_v2_5class\test\images\frame_00271_jpg.rf.9334e71c50da4b4980000b56fa1a5689.jpg | datasets\dataset_v3_clean_background\test\images\frame_00271_jpg.rf.9334e71c50da4b4980000b56fa1a5689.jpg
EXACT_109,EXACT_SHA256,3,datasets\dataset_v2_4defect\test\images\frame_00277_jpg.rf.b9a50cebe77976c7839123b7c9b376fa.jpg | datasets\dataset_v2_5class\test\images\frame_00277_jpg.rf.b9a50cebe77976c7839123b7c9b376fa.jpg | datasets\dataset_v3_clean_background\test\images\frame_00277_jpg.rf.b9a50cebe77976c7839123b7c9b376fa.jpg
EXACT_110,EXACT_SHA256,3,datasets\dataset_v2_4defect\test\images\frame_00292_jpg.rf.ec10799484faeda60ac0c67437252408.jpg | datasets\dataset_v2_5class\test\images\frame_00292_jpg.rf.ec10799484faeda60ac0c67437252408.jpg | datasets\dataset_v3_clean_background\test\images\frame_00292_jpg.rf.ec10799484faeda60ac0c67437252408.jpg
EXACT_111,EXACT_SHA256,3,datasets\dataset_v2_4defect\test\images\frame_20260504_001454_956714_jpg.rf.6cfac201046dab91cd1f3f75fcb84110.jpg | datasets\dataset_v2_5class\test\images\frame_20260504_001454_956714_jpg.rf.6cfac201046dab91cd1f3f75fcb84110.jpg | datasets\dataset_v3_clean_background\test\images\frame_20260504_001454_956714_jpg.rf.6cfac201046dab91cd1f3f75fcb84110.jpg
EXACT_112,EXACT_SHA256,3,datasets\dataset_v2_4defect\test\images\frame_20260504_001506_993389_jpg.rf.7db8d527c44990b90771d9997fcef3d0.jpg | datasets\dataset_v2_5class\test\images\frame_20260504_001506_993389_jpg.rf.7db8d527c44990b90771d9997fcef3d0.jpg | datasets\dataset_v3_clean_background\test\images\frame_20260504_001506_993389_jpg.rf.7db8d527c44990b90771d9997fcef3d0.jpg
EXACT_113,EXACT_SHA256,3,datasets\dataset_v2_4defect\test\images\frame_20260504_001506_993389_jpg.rf.7db8d527c44990b90771d9997fcef3d0_aug_contrast_2.jpg | datasets\dataset_v2_5class\test\images\frame_20260504_001506_993389_jpg.rf.7db8d527c44990b90771d9997fcef3d0_aug_contrast_2.jpg | datasets\dataset_v3_clean_background\test\images\frame_20260504_001506_993389_jpg.rf.7db8d527c44990b90771d9997fcef3d0_aug_contrast_2.jpg
EXACT_114,EXACT_SHA256,3,datasets\dataset_v2_4defect\test\images\frame_20260504_001506_993389_jpg.rf.7db8d527c44990b90771d9997fcef3d0_aug_hflip_0.jpg | datasets\dataset_v2_5class\test\images\frame_20260504_001506_993389_jpg.rf.7db8d527c44990b90771d9997fcef3d0_aug_hflip_0.jpg | datasets\dataset_v3_clean_background\test\images\frame_20260504_001506_993389_jpg.rf.7db8d527c44990b90771d9997fcef3d0_aug_hflip_0.jpg
EXACT_115,EXACT_SHA256,3,datasets\dataset_v2_4defect\test\images\frame_20260504_001506_993389_jpg.rf.7db8d527c44990b90771d9997fcef3d0_aug_vflip_1.jpg | datasets\dataset_v2_5class\test\images\frame_20260504_001506_993389_jpg.rf.7db8d527c44990b90771d9997fcef3d0_aug_vflip_1.jpg | datasets\dataset_v3_clean_background\test\images\frame_20260504_001506_993389_jpg.rf.7db8d527c44990b90771d9997fcef3d0_aug_vflip_1.jpg
EXACT_116,EXACT_SHA256,3,datasets\dataset_v2_4defect\test\images\frame_20260504_001510_983327_jpg.rf.2915bf7adf223fdb0459ef0f829ab6f5.jpg | datasets\dataset_v2_5class\test\images\frame_20260504_001510_983327_jpg.rf.2915bf7adf223fdb0459ef0f829ab6f5.jpg | datasets\dataset_v3_clean_background\test\images\frame_20260504_001510_983327_jpg.rf.2915bf7adf223fdb0459ef0f829ab6f5.jpg
EXACT_117,EXACT_SHA256,3,datasets\dataset_v2_4defect\test\images\frame_20260504_001510_983327_jpg.rf.2915bf7adf223fdb0459ef0f829ab6f5_aug_contrast_2.jpg | datasets\dataset_v2_5class\test\images\frame_20260504_001510_983327_jpg.rf.2915bf7adf223fdb0459ef0f829ab6f5_aug_contrast_2.jpg | datasets\dataset_v3_clean_background\test\images\frame_20260504_001510_983327_jpg.rf.2915bf7adf223fdb0459ef0f829ab6f5_aug_contrast_2.jpg
EXACT_118,EXACT_SHA256,3,datasets\dataset_v2_4defect\test\images\frame_20260504_001510_983327_jpg.rf.2915bf7adf223fdb0459ef0f829ab6f5_aug_hflip_0.jpg | datasets\dataset_v2_5class\test\images\frame_20260504_001510_983327_jpg.rf.2915bf7adf223fdb0459ef0f829ab6f5_aug_hflip_0.jpg | datasets\dataset_v3_clean_background\test\images\frame_20260504_001510_983327_jpg.rf.2915bf7adf223fdb0459ef0f829ab6f5_aug_hflip_0.jpg
EXACT_119,EXACT_SHA256,3,datasets\dataset_v2_4defect\test\images\frame_20260504_001510_983327_jpg.rf.2915bf7adf223fdb0459ef0f829ab6f5_aug_vflip_1.jpg | datasets\dataset_v2_5class\test\images\frame_20260504_001510_983327_jpg.rf.2915bf7adf223fdb0459ef0f829ab6f5_aug_vflip_1.jpg | datasets\dataset_v3_clean_background\test\images\frame_20260504_001510_983327_jpg.rf.2915bf7adf223fdb0459ef0f829ab6f5_aug_vflip_1.jpg
EXACT_120,EXACT_SHA256,3,datasets\dataset_v2_4defect\test\images\frame_20260504_001517_327370_jpg.rf.a758a6122411d631d170ce6fac148297.jpg | datasets\dataset_v2_5class\test\images\frame_20260504_001517_327370_jpg.rf.a758a6122411d631d170ce6fac148297.jpg | datasets\dataset_v3_clean_background\test\images\frame_20260504_001517_327370_jpg.rf.a758a6122411d631d170ce6fac148297.jpg
EXACT_121,EXACT_SHA256,3,datasets\dataset_v2_4defect\test\images\frame_20260504_001548_002420_jpg.rf.546d4039eb67ad0fc551ffa6f7e6ecd1.jpg | datasets\dataset_v2_5class\test\images\frame_20260504_001548_002420_jpg.rf.546d4039eb67ad0fc551ffa6f7e6ecd1.jpg | datasets\dataset_v3_clean_background\test\images\frame_20260504_001548_002420_jpg.rf.546d4039eb67ad0fc551ffa6f7e6ecd1.jpg
EXACT_122,EXACT_SHA256,3,datasets\dataset_v2_4defect\test\images\frame_20260504_001557_041982_jpg.rf.9cde12a12079ac00cfbcc36a820f89bd.jpg | datasets\dataset_v2_5class\test\images\frame_20260504_001557_041982_jpg.rf.9cde12a12079ac00cfbcc36a820f89bd.jpg | datasets\dataset_v3_clean_background\test\images\frame_20260504_001557_041982_jpg.rf.9cde12a12079ac00cfbcc36a820f89bd.jpg
EXACT_123,EXACT_SHA256,3,datasets\dataset_v2_4defect\test\images\frame_20260504_001601_041886_jpg.rf.f8ad1b0f8eca3614278a63395963fd7d.jpg | datasets\dataset_v2_5class\test\images\frame_20260504_001601_041886_jpg.rf.f8ad1b0f8eca3614278a63395963fd7d.jpg | datasets\dataset_v3_clean_background\test\images\frame_20260504_001601_041886_jpg.rf.f8ad1b0f8eca3614278a63395963fd7d.jpg
EXACT_124,EXACT_SHA256,3,datasets\dataset_v2_4defect\test\images\frame_20260504_001601_041886_jpg.rf.f8ad1b0f8eca3614278a63395963fd7d_aug_contrast_1.jpg | datasets\dataset_v2_5class\test\images\frame_20260504_001601_041886_jpg.rf.f8ad1b0f8eca3614278a63395963fd7d_aug_contrast_1.jpg | datasets\dataset_v3_clean_background\test\images\frame_20260504_001601_041886_jpg.rf.f8ad1b0f8eca3614278a63395963fd7d_aug_contrast_1.jpg
EXACT_125,EXACT_SHA256,3,datasets\dataset_v2_4defect\test\images\frame_20260504_001601_041886_jpg.rf.f8ad1b0f8eca3614278a63395963fd7d_aug_hflip_0.jpg | datasets\dataset_v2_5class\test\images\frame_20260504_001601_041886_jpg.rf.f8ad1b0f8eca3614278a63395963fd7d_aug_hflip_0.jpg | datasets\dataset_v3_clean_background\test\images\frame_20260504_001601_041886_jpg.rf.f8ad1b0f8eca3614278a63395963fd7d_aug_hflip_0.jpg
EXACT_126,EXACT_SHA256,3,datasets\dataset_v2_4defect\test\images\frame_20260504_001603_223753_jpg.rf.4eb1b8325d2139d1bc93d2ab51d84ce5.jpg | datasets\dataset_v2_5class\test\images\frame_20260504_001603_223753_jpg.rf.4eb1b8325d2139d1bc93d2ab51d84ce5.jpg | datasets\dataset_v3_clean_background\test\images\frame_20260504_001603_223753_jpg.rf.4eb1b8325d2139d1bc93d2ab51d84ce5.jpg
EXACT_127,EXACT_SHA256,3,datasets\dataset_v2_4defect\test\images\frame_20260504_001606_073276_jpg.rf.4548423d7cd1e025f133c156c2ba2c5b.jpg | datasets\dataset_v2_5class\test\images\frame_20260504_001606_073276_jpg.rf.4548423d7cd1e025f133c156c2ba2c5b.jpg | datasets\dataset_v3_clean_background\test\images\frame_20260504_001606_073276_jpg.rf.4548423d7cd1e025f133c156c2ba2c5b.jpg
EXACT_128,EXACT_SHA256,3,datasets\dataset_v2_4defect\test\images\frame_20260504_001610_014236_jpg.rf.3eae5a7e3561521329e39c8bf75f3ab2.jpg | datasets\dataset_v2_5class\test\images\frame_20260504_001610_014236_jpg.rf.3eae5a7e3561521329e39c8bf75f3ab2.jpg | datasets\dataset_v3_clean_background\test\images\frame_20260504_001610_014236_jpg.rf.3eae5a7e3561521329e39c8bf75f3ab2.jpg
EXACT_129,EXACT_SHA256,3,datasets\dataset_v2_4defect\test\images\frame_20260504_002333_709096_jpg.rf.dd645c0a70d10493d9f0d56615478629.jpg | datasets\dataset_v2_5class\test\images\frame_20260504_002333_709096_jpg.rf.dd645c0a70d10493d9f0d56615478629.jpg | datasets\dataset_v3_clean_background\test\images\frame_20260504_002333_709096_jpg.rf.dd645c0a70d10493d9f0d56615478629.jpg
EXACT_130,EXACT_SHA256,3,datasets\dataset_v2_4defect\test\images\frame_20260504_002333_709096_jpg.rf.dd645c0a70d10493d9f0d56615478629_aug_contrast_1.jpg | datasets\dataset_v2_5class\test\images\frame_20260504_002333_709096_jpg.rf.dd645c0a70d10493d9f0d56615478629_aug_contrast_1.jpg | datasets\dataset_v3_clean_background\test\images\frame_20260504_002333_709096_jpg.rf.dd645c0a70d10493d9f0d56615478629_aug_contrast_1.jpg
EXACT_131,EXACT_SHA256,3,datasets\dataset_v2_4defect\test\images\frame_20260504_002333_709096_jpg.rf.dd645c0a70d10493d9f0d56615478629_aug_hflip_0.jpg | datasets\dataset_v2_5class\test\images\frame_20260504_002333_709096_jpg.rf.dd645c0a70d10493d9f0d56615478629_aug_hflip_0.jpg | datasets\dataset_v3_clean_background\test\images\frame_20260504_002333_709096_jpg.rf.dd645c0a70d10493d9f0d56615478629_aug_hflip_0.jpg
EXACT_132,EXACT_SHA256,3,datasets\dataset_v2_4defect\test\images\frame_20260504_002348_694508_jpg.rf.49c978eab7c0ec720525abcdb41a905a.jpg | datasets\dataset_v2_5class\test\images\frame_20260504_002348_694508_jpg.rf.49c978eab7c0ec720525abcdb41a905a.jpg | datasets\dataset_v3_clean_background\test\images\frame_20260504_002348_694508_jpg.rf.49c978eab7c0ec720525abcdb41a905a.jpg
EXACT_133,EXACT_SHA256,3,datasets\dataset_v2_4defect\test\images\frame_20260504_002348_694508_jpg.rf.49c978eab7c0ec720525abcdb41a905a_aug_contrast_1.jpg | datasets\dataset_v2_5class\test\images\frame_20260504_002348_694508_jpg.rf.49c978eab7c0ec720525abcdb41a905a_aug_contrast_1.jpg | datasets\dataset_v3_clean_background\test\images\frame_20260504_002348_694508_jpg.rf.49c978eab7c0ec720525abcdb41a905a_aug_contrast_1.jpg
EXACT_134,EXACT_SHA256,3,datasets\dataset_v2_4defect\test\images\frame_20260504_002348_694508_jpg.rf.49c978eab7c0ec720525abcdb41a905a_aug_hflip_0.jpg | datasets\dataset_v2_5class\test\images\frame_20260504_002348_694508_jpg.rf.49c978eab7c0ec720525abcdb41a905a_aug_hflip_0.jpg | datasets\dataset_v3_clean_background\test\images\frame_20260504_002348_694508_jpg.rf.49c978eab7c0ec720525abcdb41a905a_aug_hflip_0.jpg
EXACT_135,EXACT_SHA256,3,datasets\dataset_v2_4defect\test\images\frame_20260504_002355_717638_jpg.rf.9bd9227984df4f46c166e76263bddbd8.jpg | datasets\dataset_v2_5class\test\images\frame_20260504_002355_717638_jpg.rf.9bd9227984df4f46c166e76263bddbd8.jpg | datasets\dataset_v3_clean_background\test\images\frame_20260504_002355_717638_jpg.rf.9bd9227984df4f46c166e76263bddbd8.jpg
EXACT_136,EXACT_SHA256,3,datasets\dataset_v2_4defect\test\images\frame_20260504_002355_717638_jpg.rf.9bd9227984df4f46c166e76263bddbd8_aug_contrast_3.jpg | datasets\dataset_v2_5class\test\images\frame_20260504_002355_717638_jpg.rf.9bd9227984df4f46c166e76263bddbd8_aug_contrast_3.jpg | datasets\dataset_v3_clean_background\test\images\frame_20260504_002355_717638_jpg.rf.9bd9227984df4f46c166e76263bddbd8_aug_contrast_3.jpg
EXACT_137,EXACT_SHA256,3,datasets\dataset_v2_4defect\test\images\frame_20260504_002355_717638_jpg.rf.9bd9227984df4f46c166e76263bddbd8_aug_hflip_0.jpg | datasets\dataset_v2_5class\test\images\frame_20260504_002355_717638_jpg.rf.9bd9227984df4f46c166e76263bddbd8_aug_hflip_0.jpg | datasets\dataset_v3_clean_background\test\images\frame_20260504_002355_717638_jpg.rf.9bd9227984df4f46c166e76263bddbd8_aug_hflip_0.jpg
EXACT_138,EXACT_SHA256,3,datasets\dataset_v2_4defect\test\images\frame_20260504_002355_717638_jpg.rf.9bd9227984df4f46c166e76263bddbd8_aug_hvflip_2.jpg | datasets\dataset_v2_5class\test\images\frame_20260504_002355_717638_jpg.rf.9bd9227984df4f46c166e76263bddbd8_aug_hvflip_2.jpg | datasets\dataset_v3_clean_background\test\images\frame_20260504_002355_717638_jpg.rf.9bd9227984df4f46c166e76263bddbd8_aug_hvflip_2.jpg
EXACT_139,EXACT_SHA256,3,datasets\dataset_v2_4defect\test\images\frame_20260504_002355_717638_jpg.rf.9bd9227984df4f46c166e76263bddbd8_aug_vflip_1.jpg | datasets\dataset_v2_5class\test\images\frame_20260504_002355_717638_jpg.rf.9bd9227984df4f46c166e76263bddbd8_aug_vflip_1.jpg | datasets\dataset_v3_clean_background\test\images\frame_20260504_002355_717638_jpg.rf.9bd9227984df4f46c166e76263bddbd8_aug_vflip_1.jpg
EXACT_140,EXACT_SHA256,3,datasets\dataset_v2_4defect\test\images\frame_20260504_002437_783980_jpg.rf.7df0f34eb178fdebe3de7c511f8ac547.jpg | datasets\dataset_v2_5class\test\images\frame_20260504_002437_783980_jpg.rf.7df0f34eb178fdebe3de7c511f8ac547.jpg | datasets\dataset_v3_clean_background\test\images\frame_20260504_002437_783980_jpg.rf.7df0f34eb178fdebe3de7c511f8ac547.jpg
EXACT_141,EXACT_SHA256,3,datasets\dataset_v2_4defect\test\images\frame_20260504_002437_783980_jpg.rf.7df0f34eb178fdebe3de7c511f8ac547_aug_contrast_1.jpg | datasets\dataset_v2_5class\test\images\frame_20260504_002437_783980_jpg.rf.7df0f34eb178fdebe3de7c511f8ac547_aug_contrast_1.jpg | datasets\dataset_v3_clean_background\test\images\frame_20260504_002437_783980_jpg.rf.7df0f34eb178fdebe3de7c511f8ac547_aug_contrast_1.jpg
EXACT_142,EXACT_SHA256,3,datasets\dataset_v2_4defect\test\images\frame_20260504_002437_783980_jpg.rf.7df0f34eb178fdebe3de7c511f8ac547_aug_hflip_0.jpg | datasets\dataset_v2_5class\test\images\frame_20260504_002437_783980_jpg.rf.7df0f34eb178fdebe3de7c511f8ac547_aug_hflip_0.jpg | datasets\dataset_v3_clean_background\test\images\frame_20260504_002437_783980_jpg.rf.7df0f34eb178fdebe3de7c511f8ac547_aug_hflip_0.jpg
EXACT_143,EXACT_SHA256,3,datasets\dataset_v2_4defect\test\images\frame_20260504_002453_126063_jpg.rf.917f805c37535e6a88a8e20eb969cee3.jpg | datasets\dataset_v2_5class\test\images\frame_20260504_002453_126063_jpg.rf.917f805c37535e6a88a8e20eb969cee3.jpg | datasets\dataset_v3_clean_background\test\images\frame_20260504_002453_126063_jpg.rf.917f805c37535e6a88a8e20eb969cee3.jpg
EXACT_144,EXACT_SHA256,3,datasets\dataset_v2_4defect\test\images\frame_20260504_003209_176977_jpg.rf.53c56a91d14d155c646808b5c0af2a1e.jpg | datasets\dataset_v2_5class\test\images\frame_20260504_003209_176977_jpg.rf.53c56a91d14d155c646808b5c0af2a1e.jpg | datasets\dataset_v3_clean_background\test\images\frame_20260504_003209_176977_jpg.rf.53c56a91d14d155c646808b5c0af2a1e.jpg
EXACT_145,EXACT_SHA256,3,datasets\dataset_v2_4defect\test\images\frame_20260504_003726_285128_jpg.rf.2b0904f2541ecd404ff164bb592d1780.jpg | datasets\dataset_v2_5class\test\images\frame_20260504_003726_285128_jpg.rf.2b0904f2541ecd404ff164bb592d1780.jpg | datasets\dataset_v3_clean_background\test\images\frame_20260504_003726_285128_jpg.rf.2b0904f2541ecd404ff164bb592d1780.jpg
EXACT_146,EXACT_SHA256,3,datasets\dataset_v2_4defect\test\images\frame_20260504_003738_264921_jpg.rf.a8283c19e4d32f8c511c4711a12e8069.jpg | datasets\dataset_v2_5class\test\images\frame_20260504_003738_264921_jpg.rf.a8283c19e4d32f8c511c4711a12e8069.jpg | datasets\dataset_v3_clean_background\test\images\frame_20260504_003738_264921_jpg.rf.a8283c19e4d32f8c511c4711a12e8069.jpg
EXACT_147,EXACT_SHA256,3,datasets\dataset_v2_4defect\test\images\frame_20260504_003738_264921_jpg.rf.a8283c19e4d32f8c511c4711a12e8069_aug_contrast_3.jpg | datasets\dataset_v2_5class\test\images\frame_20260504_003738_264921_jpg.rf.a8283c19e4d32f8c511c4711a12e8069_aug_contrast_3.jpg | datasets\dataset_v3_clean_background\test\images\frame_20260504_003738_264921_jpg.rf.a8283c19e4d32f8c511c4711a12e8069_aug_contrast_3.jpg
EXACT_148,EXACT_SHA256,3,datasets\dataset_v2_4defect\test\images\frame_20260504_003738_264921_jpg.rf.a8283c19e4d32f8c511c4711a12e8069_aug_hflip_0.jpg | datasets\dataset_v2_5class\test\images\frame_20260504_003738_264921_jpg.rf.a8283c19e4d32f8c511c4711a12e8069_aug_hflip_0.jpg | datasets\dataset_v3_clean_background\test\images\frame_20260504_003738_264921_jpg.rf.a8283c19e4d32f8c511c4711a12e8069_aug_hflip_0.jpg
EXACT_149,EXACT_SHA256,3,datasets\dataset_v2_4defect\test\images\frame_20260504_003738_264921_jpg.rf.a8283c19e4d32f8c511c4711a12e8069_aug_hvflip_2.jpg | datasets\dataset_v2_5class\test\images\frame_20260504_003738_264921_jpg.rf.a8283c19e4d32f8c511c4711a12e8069_aug_hvflip_2.jpg | datasets\dataset_v3_clean_background\test\images\frame_20260504_003738_264921_jpg.rf.a8283c19e4d32f8c511c4711a12e8069_aug_hvflip_2.jpg
EXACT_150,EXACT_SHA256,3,datasets\dataset_v2_4defect\test\images\frame_20260504_003738_264921_jpg.rf.a8283c19e4d32f8c511c4711a12e8069_aug_vflip_1.jpg | datasets\dataset_v2_5class\test\images\frame_20260504_003738_264921_jpg.rf.a8283c19e4d32f8c511c4711a12e8069_aug_vflip_1.jpg | datasets\dataset_v3_clean_background\test\images\frame_20260504_003738_264921_jpg.rf.a8283c19e4d32f8c511c4711a12e8069_aug_vflip_1.jpg
EXACT_151,EXACT_SHA256,3,datasets\dataset_v2_4defect\test\images\frame_20260504_004420_087646_jpg.rf.1c1176d8ecef1134f80421b038c9e810.jpg | datasets\dataset_v2_5class\test\images\frame_20260504_004420_087646_jpg.rf.1c1176d8ecef1134f80421b038c9e810.jpg | datasets\dataset_v3_clean_background\test\images\frame_20260504_004420_087646_jpg.rf.1c1176d8ecef1134f80421b038c9e810.jpg
EXACT_152,EXACT_SHA256,3,datasets\dataset_v2_4defect\test\images\frame_20260504_004420_087646_jpg.rf.1c1176d8ecef1134f80421b038c9e810_aug_contrast_2.jpg | datasets\dataset_v2_5class\test\images\frame_20260504_004420_087646_jpg.rf.1c1176d8ecef1134f80421b038c9e810_aug_contrast_2.jpg | datasets\dataset_v3_clean_background\test\images\frame_20260504_004420_087646_jpg.rf.1c1176d8ecef1134f80421b038c9e810_aug_contrast_2.jpg
EXACT_153,EXACT_SHA256,3,datasets\dataset_v2_4defect\test\images\frame_20260504_004420_087646_jpg.rf.1c1176d8ecef1134f80421b038c9e810_aug_hflip_0.jpg | datasets\dataset_v2_5class\test\images\frame_20260504_004420_087646_jpg.rf.1c1176d8ecef1134f80421b038c9e810_aug_hflip_0.jpg | datasets\dataset_v3_clean_background\test\images\frame_20260504_004420_087646_jpg.rf.1c1176d8ecef1134f80421b038c9e810_aug_hflip_0.jpg
EXACT_154,EXACT_SHA256,3,datasets\dataset_v2_4defect\test\images\frame_20260504_004420_087646_jpg.rf.1c1176d8ecef1134f80421b038c9e810_aug_vflip_1.jpg | datasets\dataset_v2_5class\test\images\frame_20260504_004420_087646_jpg.rf.1c1176d8ecef1134f80421b038c9e810_aug_vflip_1.jpg | datasets\dataset_v3_clean_background\test\images\frame_20260504_004420_087646_jpg.rf.1c1176d8ecef1134f80421b038c9e810_aug_vflip_1.jpg
EXACT_155,EXACT_SHA256,3,datasets\dataset_v2_4defect\test\images\frame_20260504_004422_198155_jpg.rf.48a1f9bf2f4826e9fdec761c15ae92d1.jpg | datasets\dataset_v2_5class\test\images\frame_20260504_004422_198155_jpg.rf.48a1f9bf2f4826e9fdec761c15ae92d1.jpg | datasets\dataset_v3_clean_background\test\images\frame_20260504_004422_198155_jpg.rf.48a1f9bf2f4826e9fdec761c15ae92d1.jpg
EXACT_156,EXACT_SHA256,3,datasets\dataset_v2_4defect\test\images\frame_20260504_004422_198155_jpg.rf.48a1f9bf2f4826e9fdec761c15ae92d1_aug_contrast_1.jpg | datasets\dataset_v2_5class\test\images\frame_20260504_004422_198155_jpg.rf.48a1f9bf2f4826e9fdec761c15ae92d1_aug_contrast_1.jpg | datasets\dataset_v3_clean_background\test\images\frame_20260504_004422_198155_jpg.rf.48a1f9bf2f4826e9fdec761c15ae92d1_aug_contrast_1.jpg
EXACT_157,EXACT_SHA256,3,datasets\dataset_v2_4defect\test\images\frame_20260504_004422_198155_jpg.rf.48a1f9bf2f4826e9fdec761c15ae92d1_aug_hflip_0.jpg | datasets\dataset_v2_5class\test\images\frame_20260504_004422_198155_jpg.rf.48a1f9bf2f4826e9fdec761c15ae92d1_aug_hflip_0.jpg | datasets\dataset_v3_clean_background\test\images\frame_20260504_004422_198155_jpg.rf.48a1f9bf2f4826e9fdec761c15ae92d1_aug_hflip_0.jpg
EXACT_158,EXACT_SHA256,3,datasets\dataset_v2_4defect\test\images\frame_20260504_004430_979805_jpg.rf.dacc581a63b8ce684ff27593d3fe0494.jpg | datasets\dataset_v2_5class\test\images\frame_20260504_004430_979805_jpg.rf.dacc581a63b8ce684ff27593d3fe0494.jpg | datasets\dataset_v3_clean_background\test\images\frame_20260504_004430_979805_jpg.rf.dacc581a63b8ce684ff27593d3fe0494.jpg
EXACT_159,EXACT_SHA256,3,datasets\dataset_v2_4defect\test\images\frame_20260504_004430_979805_jpg.rf.dacc581a63b8ce684ff27593d3fe0494_aug_contrast_3.jpg | datasets\dataset_v2_5class\test\images\frame_20260504_004430_979805_jpg.rf.dacc581a63b8ce684ff27593d3fe0494_aug_contrast_3.jpg | datasets\dataset_v3_clean_background\test\images\frame_20260504_004430_979805_jpg.rf.dacc581a63b8ce684ff27593d3fe0494_aug_contrast_3.jpg
EXACT_160,EXACT_SHA256,3,datasets\dataset_v2_4defect\test\images\frame_20260504_004430_979805_jpg.rf.dacc581a63b8ce684ff27593d3fe0494_aug_hflip_0.jpg | datasets\dataset_v2_5class\test\images\frame_20260504_004430_979805_jpg.rf.dacc581a63b8ce684ff27593d3fe0494_aug_hflip_0.jpg | datasets\dataset_v3_clean_background\test\images\frame_20260504_004430_979805_jpg.rf.dacc581a63b8ce684ff27593d3fe0494_aug_hflip_0.jpg
EXACT_161,EXACT_SHA256,3,datasets\dataset_v2_4defect\test\images\frame_20260504_004430_979805_jpg.rf.dacc581a63b8ce684ff27593d3fe0494_aug_hvflip_2.jpg | datasets\dataset_v2_5class\test\images\frame_20260504_004430_979805_jpg.rf.dacc581a63b8ce684ff27593d3fe0494_aug_hvflip_2.jpg | datasets\dataset_v3_clean_background\test\images\frame_20260504_004430_979805_jpg.rf.dacc581a63b8ce684ff27593d3fe0494_aug_hvflip_2.jpg
EXACT_162,EXACT_SHA256,3,datasets\dataset_v2_4defect\test\images\frame_20260504_004430_979805_jpg.rf.dacc581a63b8ce684ff27593d3fe0494_aug_vflip_1.jpg | datasets\dataset_v2_5class\test\images\frame_20260504_004430_979805_jpg.rf.dacc581a63b8ce684ff27593d3fe0494_aug_vflip_1.jpg | datasets\dataset_v3_clean_background\test\images\frame_20260504_004430_979805_jpg.rf.dacc581a63b8ce684ff27593d3fe0494_aug_vflip_1.jpg
EXACT_163,EXACT_SHA256,3,datasets\dataset_v2_4defect\test\images\frame_20260504_004431_972926_jpg.rf.ab98bddab859eda36358c0c676a4a835.jpg | datasets\dataset_v2_5class\test\images\frame_20260504_004431_972926_jpg.rf.ab98bddab859eda36358c0c676a4a835.jpg | datasets\dataset_v3_clean_background\test\images\frame_20260504_004431_972926_jpg.rf.ab98bddab859eda36358c0c676a4a835.jpg
EXACT_164,EXACT_SHA256,3,datasets\dataset_v2_4defect\test\images\frame_20260504_005324_589624_jpg.rf.67817ee4800b0f13ecc08e07fc2efc0e.jpg | datasets\dataset_v2_5class\test\images\frame_20260504_005324_589624_jpg.rf.67817ee4800b0f13ecc08e07fc2efc0e.jpg | datasets\dataset_v3_clean_background\test\images\frame_20260504_005324_589624_jpg.rf.67817ee4800b0f13ecc08e07fc2efc0e.jpg
EXACT_165,EXACT_SHA256,3,datasets\dataset_v2_4defect\test\images\frame_20260504_005324_589624_jpg.rf.67817ee4800b0f13ecc08e07fc2efc0e_aug_contrast_2.jpg | datasets\dataset_v2_5class\test\images\frame_20260504_005324_589624_jpg.rf.67817ee4800b0f13ecc08e07fc2efc0e_aug_contrast_2.jpg | datasets\dataset_v3_clean_background\test\images\frame_20260504_005324_589624_jpg.rf.67817ee4800b0f13ecc08e07fc2efc0e_aug_contrast_2.jpg
EXACT_166,EXACT_SHA256,3,datasets\dataset_v2_4defect\test\images\frame_20260504_005324_589624_jpg.rf.67817ee4800b0f13ecc08e07fc2efc0e_aug_hflip_0.jpg | datasets\dataset_v2_5class\test\images\frame_20260504_005324_589624_jpg.rf.67817ee4800b0f13ecc08e07fc2efc0e_aug_hflip_0.jpg | datasets\dataset_v3_clean_background\test\images\frame_20260504_005324_589624_jpg.rf.67817ee4800b0f13ecc08e07fc2efc0e_aug_hflip_0.jpg
EXACT_167,EXACT_SHA256,3,datasets\dataset_v2_4defect\test\images\frame_20260504_005324_589624_jpg.rf.67817ee4800b0f13ecc08e07fc2efc0e_aug_vflip_1.jpg | datasets\dataset_v2_5class\test\images\frame_20260504_005324_589624_jpg.rf.67817ee4800b0f13ecc08e07fc2efc0e_aug_vflip_1.jpg | datasets\dataset_v3_clean_background\test\images\frame_20260504_005324_589624_jpg.rf.67817ee4800b0f13ecc08e07fc2efc0e_aug_vflip_1.jpg
EXACT_168,EXACT_SHA256,3,datasets\dataset_v2_4defect\test\images\frame_20260504_005335_576977_jpg.rf.322c9f42b2c0ebf8fac6cb00f8d0cbaa.jpg | datasets\dataset_v2_5class\test\images\frame_20260504_005335_576977_jpg.rf.322c9f42b2c0ebf8fac6cb00f8d0cbaa.jpg | datasets\dataset_v3_clean_background\test\images\frame_20260504_005335_576977_jpg.rf.322c9f42b2c0ebf8fac6cb00f8d0cbaa.jpg
EXACT_169,EXACT_SHA256,3,datasets\dataset_v2_4defect\test\images\frame_20260504_005859_691526_jpg.rf.16be485b24e0c02f9dbdf805fda50ad6.jpg | datasets\dataset_v2_5class\test\images\frame_20260504_005859_691526_jpg.rf.16be485b24e0c02f9dbdf805fda50ad6.jpg | datasets\dataset_v3_clean_background\test\images\frame_20260504_005859_691526_jpg.rf.16be485b24e0c02f9dbdf805fda50ad6.jpg
EXACT_170,EXACT_SHA256,3,datasets\dataset_v2_4defect\test\images\frame_20260504_005859_691526_jpg.rf.16be485b24e0c02f9dbdf805fda50ad6_aug_contrast_1.jpg | datasets\dataset_v2_5class\test\images\frame_20260504_005859_691526_jpg.rf.16be485b24e0c02f9dbdf805fda50ad6_aug_contrast_1.jpg | datasets\dataset_v3_clean_background\test\images\frame_20260504_005859_691526_jpg.rf.16be485b24e0c02f9dbdf805fda50ad6_aug_contrast_1.jpg
EXACT_171,EXACT_SHA256,3,datasets\dataset_v2_4defect\test\images\frame_20260504_005859_691526_jpg.rf.16be485b24e0c02f9dbdf805fda50ad6_aug_hflip_0.jpg | datasets\dataset_v2_5class\test\images\frame_20260504_005859_691526_jpg.rf.16be485b24e0c02f9dbdf805fda50ad6_aug_hflip_0.jpg | datasets\dataset_v3_clean_background\test\images\frame_20260504_005859_691526_jpg.rf.16be485b24e0c02f9dbdf805fda50ad6_aug_hflip_0.jpg
EXACT_172,EXACT_SHA256,3,datasets\dataset_v2_4defect\test\images\frame_20260504_005907_777469_jpg.rf.af950e414e3cd620f574bfa46cb5c1b8.jpg | datasets\dataset_v2_5class\test\images\frame_20260504_005907_777469_jpg.rf.af950e414e3cd620f574bfa46cb5c1b8.jpg | datasets\dataset_v3_clean_background\test\images\frame_20260504_005907_777469_jpg.rf.af950e414e3cd620f574bfa46cb5c1b8.jpg
EXACT_173,EXACT_SHA256,3,datasets\dataset_v2_4defect\test\images\frame_20260504_005907_777469_jpg.rf.af950e414e3cd620f574bfa46cb5c1b8_aug_contrast_1.jpg | datasets\dataset_v2_5class\test\images\frame_20260504_005907_777469_jpg.rf.af950e414e3cd620f574bfa46cb5c1b8_aug_contrast_1.jpg | datasets\dataset_v3_clean_background\test\images\frame_20260504_005907_777469_jpg.rf.af950e414e3cd620f574bfa46cb5c1b8_aug_contrast_1.jpg
EXACT_174,EXACT_SHA256,3,datasets\dataset_v2_4defect\test\images\frame_20260504_005907_777469_jpg.rf.af950e414e3cd620f574bfa46cb5c1b8_aug_hflip_0.jpg | datasets\dataset_v2_5class\test\images\frame_20260504_005907_777469_jpg.rf.af950e414e3cd620f574bfa46cb5c1b8_aug_hflip_0.jpg | datasets\dataset_v3_clean_background\test\images\frame_20260504_005907_777469_jpg.rf.af950e414e3cd620f574bfa46cb5c1b8_aug_hflip_0.jpg
EXACT_175,EXACT_SHA256,3,datasets\dataset_v2_4defect\test\images\frame_20260504_005946_008202_jpg.rf.18942a6c9344d35f5f7662aebdf35f4d.jpg | datasets\dataset_v2_5class\test\images\frame_20260504_005946_008202_jpg.rf.18942a6c9344d35f5f7662aebdf35f4d.jpg | datasets\dataset_v3_clean_background\test\images\frame_20260504_005946_008202_jpg.rf.18942a6c9344d35f5f7662aebdf35f4d.jpg
EXACT_176,EXACT_SHA256,3,datasets\dataset_v2_4defect\test\images\frame_20260504_005946_008202_jpg.rf.18942a6c9344d35f5f7662aebdf35f4d_aug_contrast_1.jpg | datasets\dataset_v2_5class\test\images\frame_20260504_005946_008202_jpg.rf.18942a6c9344d35f5f7662aebdf35f4d_aug_contrast_1.jpg | datasets\dataset_v3_clean_background\test\images\frame_20260504_005946_008202_jpg.rf.18942a6c9344d35f5f7662aebdf35f4d_aug_contrast_1.jpg
EXACT_177,EXACT_SHA256,3,datasets\dataset_v2_4defect\test\images\frame_20260504_005946_008202_jpg.rf.18942a6c9344d35f5f7662aebdf35f4d_aug_hflip_0.jpg | datasets\dataset_v2_5class\test\images\frame_20260504_005946_008202_jpg.rf.18942a6c9344d35f5f7662aebdf35f4d_aug_hflip_0.jpg | datasets\dataset_v3_clean_background\test\images\frame_20260504_005946_008202_jpg.rf.18942a6c9344d35f5f7662aebdf35f4d_aug_hflip_0.jpg
EXACT_178,EXACT_SHA256,3,datasets\dataset_v2_4defect\test\images\frame_20260504_005947_023684_jpg.rf.c70e8cab68d4f78073862faeaad69a9b.jpg | datasets\dataset_v2_5class\test\images\frame_20260504_005947_023684_jpg.rf.c70e8cab68d4f78073862faeaad69a9b.jpg | datasets\dataset_v3_clean_background\test\images\frame_20260504_005947_023684_jpg.rf.c70e8cab68d4f78073862faeaad69a9b.jpg
EXACT_179,EXACT_SHA256,3,datasets\dataset_v2_4defect\test\images\frame_20260504_005947_023684_jpg.rf.c70e8cab68d4f78073862faeaad69a9b_aug_contrast_1.jpg | datasets\dataset_v2_5class\test\images\frame_20260504_005947_023684_jpg.rf.c70e8cab68d4f78073862faeaad69a9b_aug_contrast_1.jpg | datasets\dataset_v3_clean_background\test\images\frame_20260504_005947_023684_jpg.rf.c70e8cab68d4f78073862faeaad69a9b_aug_contrast_1.jpg
EXACT_180,EXACT_SHA256,3,datasets\dataset_v2_4defect\test\images\frame_20260504_005947_023684_jpg.rf.c70e8cab68d4f78073862faeaad69a9b_aug_hflip_0.jpg | datasets\dataset_v2_5class\test\images\frame_20260504_005947_023684_jpg.rf.c70e8cab68d4f78073862faeaad69a9b_aug_hflip_0.jpg | datasets\dataset_v3_clean_background\test\images\frame_20260504_005947_023684_jpg.rf.c70e8cab68d4f78073862faeaad69a9b_aug_hflip_0.jpg
EXACT_181,EXACT_SHA256,3,datasets\dataset_v2_4defect\test\images\frame_20260504_010007_020670_jpg.rf.68417f929bca8702d1d1b3e7645ec323.jpg | datasets\dataset_v2_5class\test\images\frame_20260504_010007_020670_jpg.rf.68417f929bca8702d1d1b3e7645ec323.jpg | datasets\dataset_v3_clean_background\test\images\frame_20260504_010007_020670_jpg.rf.68417f929bca8702d1d1b3e7645ec323.jpg
EXACT_182,EXACT_SHA256,3,datasets\dataset_v2_4defect\test\images\frame_20260504_010007_020670_jpg.rf.68417f929bca8702d1d1b3e7645ec323_aug_contrast_1.jpg | datasets\dataset_v2_5class\test\images\frame_20260504_010007_020670_jpg.rf.68417f929bca8702d1d1b3e7645ec323_aug_contrast_1.jpg | datasets\dataset_v3_clean_background\test\images\frame_20260504_010007_020670_jpg.rf.68417f929bca8702d1d1b3e7645ec323_aug_contrast_1.jpg
EXACT_183,EXACT_SHA256,3,datasets\dataset_v2_4defect\test\images\frame_20260504_010007_020670_jpg.rf.68417f929bca8702d1d1b3e7645ec323_aug_hflip_0.jpg | datasets\dataset_v2_5class\test\images\frame_20260504_010007_020670_jpg.rf.68417f929bca8702d1d1b3e7645ec323_aug_hflip_0.jpg | datasets\dataset_v3_clean_background\test\images\frame_20260504_010007_020670_jpg.rf.68417f929bca8702d1d1b3e7645ec323_aug_hflip_0.jpg
EXACT_184,EXACT_SHA256,3,datasets\dataset_v2_4defect\test\images\frame_20260504_010338_926795_jpg.rf.a608a27cc5c7f65106b4855ff662a2d4.jpg | datasets\dataset_v2_5class\test\images\frame_20260504_010338_926795_jpg.rf.a608a27cc5c7f65106b4855ff662a2d4.jpg | datasets\dataset_v3_clean_background\test\images\frame_20260504_010338_926795_jpg.rf.a608a27cc5c7f65106b4855ff662a2d4.jpg
EXACT_185,EXACT_SHA256,3,datasets\dataset_v2_4defect\test\images\frame_20260504_010338_926795_jpg.rf.a608a27cc5c7f65106b4855ff662a2d4_aug_contrast_1.jpg | datasets\dataset_v2_5class\test\images\frame_20260504_010338_926795_jpg.rf.a608a27cc5c7f65106b4855ff662a2d4_aug_contrast_1.jpg | datasets\dataset_v3_clean_background\test\images\frame_20260504_010338_926795_jpg.rf.a608a27cc5c7f65106b4855ff662a2d4_aug_contrast_1.jpg
EXACT_186,EXACT_SHA256,3,datasets\dataset_v2_4defect\test\images\frame_20260504_010338_926795_jpg.rf.a608a27cc5c7f65106b4855ff662a2d4_aug_hflip_0.jpg | datasets\dataset_v2_5class\test\images\frame_20260504_010338_926795_jpg.rf.a608a27cc5c7f65106b4855ff662a2d4_aug_hflip_0.jpg | datasets\dataset_v3_clean_background\test\images\frame_20260504_010338_926795_jpg.rf.a608a27cc5c7f65106b4855ff662a2d4_aug_hflip_0.jpg
EXACT_187,EXACT_SHA256,3,datasets\dataset_v2_4defect\test\images\frame_20260504_010346_903311_jpg.rf.4f4bec097d753052698e826f0fe66281.jpg | datasets\dataset_v2_5class\test\images\frame_20260504_010346_903311_jpg.rf.4f4bec097d753052698e826f0fe66281.jpg | datasets\dataset_v3_clean_background\test\images\frame_20260504_010346_903311_jpg.rf.4f4bec097d753052698e826f0fe66281.jpg
EXACT_188,EXACT_SHA256,3,datasets\dataset_v2_4defect\test\images\frame_20260504_010358_932057_jpg.rf.407ad56fcf868380ead0af6196444894.jpg | datasets\dataset_v2_5class\test\images\frame_20260504_010358_932057_jpg.rf.407ad56fcf868380ead0af6196444894.jpg | datasets\dataset_v3_clean_background\test\images\frame_20260504_010358_932057_jpg.rf.407ad56fcf868380ead0af6196444894.jpg
EXACT_189,EXACT_SHA256,3,datasets\dataset_v2_4defect\test\images\frame_20260504_010358_932057_jpg.rf.407ad56fcf868380ead0af6196444894_aug_contrast_2.jpg | datasets\dataset_v2_5class\test\images\frame_20260504_010358_932057_jpg.rf.407ad56fcf868380ead0af6196444894_aug_contrast_2.jpg | datasets\dataset_v3_clean_background\test\images\frame_20260504_010358_932057_jpg.rf.407ad56fcf868380ead0af6196444894_aug_contrast_2.jpg
EXACT_190,EXACT_SHA256,3,datasets\dataset_v2_4defect\test\images\frame_20260504_010358_932057_jpg.rf.407ad56fcf868380ead0af6196444894_aug_hflip_0.jpg | datasets\dataset_v2_5class\test\images\frame_20260504_010358_932057_jpg.rf.407ad56fcf868380ead0af6196444894_aug_hflip_0.jpg | datasets\dataset_v3_clean_background\test\images\frame_20260504_010358_932057_jpg.rf.407ad56fcf868380ead0af6196444894_aug_hflip_0.jpg
EXACT_191,EXACT_SHA256,3,datasets\dataset_v2_4defect\test\images\frame_20260504_010358_932057_jpg.rf.407ad56fcf868380ead0af6196444894_aug_vflip_1.jpg | datasets\dataset_v2_5class\test\images\frame_20260504_010358_932057_jpg.rf.407ad56fcf868380ead0af6196444894_aug_vflip_1.jpg | datasets\dataset_v3_clean_background\test\images\frame_20260504_010358_932057_jpg.rf.407ad56fcf868380ead0af6196444894_aug_vflip_1.jpg
EXACT_192,EXACT_SHA256,3,datasets\dataset_v2_4defect\test\images\frame_20260504_010401_918697_jpg.rf.a17aa45fd01cc215c7ee5dbdc4f537c5.jpg | datasets\dataset_v2_5class\test\images\frame_20260504_010401_918697_jpg.rf.a17aa45fd01cc215c7ee5dbdc4f537c5.jpg | datasets\dataset_v3_clean_background\test\images\frame_20260504_010401_918697_jpg.rf.a17aa45fd01cc215c7ee5dbdc4f537c5.jpg
EXACT_193,EXACT_SHA256,3,datasets\dataset_v2_4defect\test\images\frame_20260504_010401_918697_jpg.rf.a17aa45fd01cc215c7ee5dbdc4f537c5_aug_contrast_1.jpg | datasets\dataset_v2_5class\test\images\frame_20260504_010401_918697_jpg.rf.a17aa45fd01cc215c7ee5dbdc4f537c5_aug_contrast_1.jpg | datasets\dataset_v3_clean_background\test\images\frame_20260504_010401_918697_jpg.rf.a17aa45fd01cc215c7ee5dbdc4f537c5_aug_contrast_1.jpg
EXACT_194,EXACT_SHA256,3,datasets\dataset_v2_4defect\test\images\frame_20260504_010401_918697_jpg.rf.a17aa45fd01cc215c7ee5dbdc4f537c5_aug_hflip_0.jpg | datasets\dataset_v2_5class\test\images\frame_20260504_010401_918697_jpg.rf.a17aa45fd01cc215c7ee5dbdc4f537c5_aug_hflip_0.jpg | datasets\dataset_v3_clean_background\test\images\frame_20260504_010401_918697_jpg.rf.a17aa45fd01cc215c7ee5dbdc4f537c5_aug_hflip_0.jpg
EXACT_195,EXACT_SHA256,3,datasets\dataset_v2_4defect\train\images\frame_00001_jpg.rf.a795d778a3333fd4ef5c3c3e3f4baa08.jpg | datasets\dataset_v2_5class\train\images\frame_00001_jpg.rf.a795d778a3333fd4ef5c3c3e3f4baa08.jpg | datasets\dataset_v3_clean_background\train\images\frame_00001_jpg.rf.a795d778a3333fd4ef5c3c3e3f4baa08.jpg
EXACT_196,EXACT_SHA256,3,datasets\dataset_v2_4defect\train\images\frame_00001_jpg.rf.a795d778a3333fd4ef5c3c3e3f4baa08_aug_contrast_3.jpg | datasets\dataset_v2_5class\train\images\frame_00001_jpg.rf.a795d778a3333fd4ef5c3c3e3f4baa08_aug_contrast_3.jpg | datasets\dataset_v3_clean_background\train\images\frame_00001_jpg.rf.a795d778a3333fd4ef5c3c3e3f4baa08_aug_contrast_3.jpg
EXACT_197,EXACT_SHA256,3,datasets\dataset_v2_4defect\train\images\frame_00001_jpg.rf.a795d778a3333fd4ef5c3c3e3f4baa08_aug_hflip_0.jpg | datasets\dataset_v2_5class\train\images\frame_00001_jpg.rf.a795d778a3333fd4ef5c3c3e3f4baa08_aug_hflip_0.jpg | datasets\dataset_v3_clean_background\train\images\frame_00001_jpg.rf.a795d778a3333fd4ef5c3c3e3f4baa08_aug_hflip_0.jpg
EXACT_198,EXACT_SHA256,3,datasets\dataset_v2_4defect\train\images\frame_00001_jpg.rf.a795d778a3333fd4ef5c3c3e3f4baa08_aug_hvflip_2.jpg | datasets\dataset_v2_5class\train\images\frame_00001_jpg.rf.a795d778a3333fd4ef5c3c3e3f4baa08_aug_hvflip_2.jpg | datasets\dataset_v3_clean_background\train\images\frame_00001_jpg.rf.a795d778a3333fd4ef5c3c3e3f4baa08_aug_hvflip_2.jpg
EXACT_199,EXACT_SHA256,3,datasets\dataset_v2_4defect\train\images\frame_00001_jpg.rf.a795d778a3333fd4ef5c3c3e3f4baa08_aug_vflip_1.jpg | datasets\dataset_v2_5class\train\images\frame_00001_jpg.rf.a795d778a3333fd4ef5c3c3e3f4baa08_aug_vflip_1.jpg | datasets\dataset_v3_clean_background\train\images\frame_00001_jpg.rf.a795d778a3333fd4ef5c3c3e3f4baa08_aug_vflip_1.jpg
EXACT_200,EXACT_SHA256,3,datasets\dataset_v2_4defect\train\images\frame_00001_jpg.rf.baff79d4c192eb139217178abc48805e.jpg | datasets\dataset_v2_5class\train\images\frame_00001_jpg.rf.baff79d4c192eb139217178abc48805e.jpg | datasets\dataset_v3_clean_background\train\images\frame_00001_jpg.rf.baff79d4c192eb139217178abc48805e.jpg
EXACT_201,EXACT_SHA256,10,datasets\dataset_v2_4defect\train\images\frame_00003_jpg.rf.49968cb55095c8b650a32b4de9b866a4.jpg | datasets\dataset_v2_5class\train\images\frame_00003_jpg.rf.49968cb55095c8b650a32b4de9b866a4.jpg | datasets\dataset_v3_clean_background\train\images\frame_00003_jpg.rf.49968cb55095c8b650a32b4de9b866a4.jpg | demo_images\frame_00003_jpg.rf.49968cb55095c8b650a32b4de9b866a4.jpg | golden_test_images\frame_00003_jpg.rf.49968cb55095c8b650a32b4de9b866a4.jpg | known_defect_tests\belt_splice_2_frame_00003_jpg.rf.49968cb55095c8b650a32b4de9b866a4.jpg | known_defect_tests\longitudinal_tear_1_frame_00003_jpg.rf.49968cb55095c8b650a32b4de9b866a4.jpg | known_defect_tests\normal_belt_2_frame_00003_jpg.rf.49968cb55095c8b650a32b4de9b866a4.jpg | real_world_test\frame_00003_jpg.rf.49968cb55095c8b650a32b4de9b866a4.jpg | real_world_test\REAL_BELT_SPLICE\frame_00003_jpg.rf.49968cb55095c8b650a32b4de9b866a4.jpg
EXACT_202,EXACT_SHA256,3,datasets\dataset_v2_4defect\train\images\frame_00003_jpg.rf.b12305baa3f8edfd7393f3bf8a1f9644.jpg | datasets\dataset_v2_5class\train\images\frame_00003_jpg.rf.b12305baa3f8edfd7393f3bf8a1f9644.jpg | datasets\dataset_v3_clean_background\train\images\frame_00003_jpg.rf.b12305baa3f8edfd7393f3bf8a1f9644.jpg
EXACT_203,EXACT_SHA256,3,datasets\dataset_v2_4defect\train\images\frame_00004_jpg.rf.546dffb44a5a15aa36b2bd90899ca9c9.jpg | datasets\dataset_v2_5class\train\images\frame_00004_jpg.rf.546dffb44a5a15aa36b2bd90899ca9c9.jpg | datasets\dataset_v3_clean_background\train\images\frame_00004_jpg.rf.546dffb44a5a15aa36b2bd90899ca9c9.jpg
EXACT_204,EXACT_SHA256,3,datasets\dataset_v2_4defect\train\images\frame_00004_jpg.rf.546dffb44a5a15aa36b2bd90899ca9c9_aug_contrast_1.jpg | datasets\dataset_v2_5class\train\images\frame_00004_jpg.rf.546dffb44a5a15aa36b2bd90899ca9c9_aug_contrast_1.jpg | datasets\dataset_v3_clean_background\train\images\frame_00004_jpg.rf.546dffb44a5a15aa36b2bd90899ca9c9_aug_contrast_1.jpg
EXACT_205,EXACT_SHA256,3,datasets\dataset_v2_4defect\train\images\frame_00004_jpg.rf.546dffb44a5a15aa36b2bd90899ca9c9_aug_hflip_0.jpg | datasets\dataset_v2_5class\train\images\frame_00004_jpg.rf.546dffb44a5a15aa36b2bd90899ca9c9_aug_hflip_0.jpg | datasets\dataset_v3_clean_background\train\images\frame_00004_jpg.rf.546dffb44a5a15aa36b2bd90899ca9c9_aug_hflip_0.jpg
EXACT_206,EXACT_SHA256,3,datasets\dataset_v2_4defect\train\images\frame_00004_jpg.rf.c8b21a966ebc1ff769b7844eaadd3301.jpg | datasets\dataset_v2_5class\train\images\frame_00004_jpg.rf.c8b21a966ebc1ff769b7844eaadd3301.jpg | datasets\dataset_v3_clean_background\train\images\frame_00004_jpg.rf.c8b21a966ebc1ff769b7844eaadd3301.jpg
EXACT_207,EXACT_SHA256,3,datasets\dataset_v2_4defect\train\images\frame_00004_jpg.rf.c8b21a966ebc1ff769b7844eaadd3301_aug_contrast_3.jpg | datasets\dataset_v2_5class\train\images\frame_00004_jpg.rf.c8b21a966ebc1ff769b7844eaadd3301_aug_contrast_3.jpg | datasets\dataset_v3_clean_background\train\images\frame_00004_jpg.rf.c8b21a966ebc1ff769b7844eaadd3301_aug_contrast_3.jpg
EXACT_208,EXACT_SHA256,3,datasets\dataset_v2_4defect\train\images\frame_00004_jpg.rf.c8b21a966ebc1ff769b7844eaadd3301_aug_hflip_0.jpg | datasets\dataset_v2_5class\train\images\frame_00004_jpg.rf.c8b21a966ebc1ff769b7844eaadd3301_aug_hflip_0.jpg | datasets\dataset_v3_clean_background\train\images\frame_00004_jpg.rf.c8b21a966ebc1ff769b7844eaadd3301_aug_hflip_0.jpg
EXACT_209,EXACT_SHA256,3,datasets\dataset_v2_4defect\train\images\frame_00004_jpg.rf.c8b21a966ebc1ff769b7844eaadd3301_aug_hvflip_2.jpg | datasets\dataset_v2_5class\train\images\frame_00004_jpg.rf.c8b21a966ebc1ff769b7844eaadd3301_aug_hvflip_2.jpg | datasets\dataset_v3_clean_background\train\images\frame_00004_jpg.rf.c8b21a966ebc1ff769b7844eaadd3301_aug_hvflip_2.jpg
EXACT_210,EXACT_SHA256,3,datasets\dataset_v2_4defect\train\images\frame_00004_jpg.rf.c8b21a966ebc1ff769b7844eaadd3301_aug_vflip_1.jpg | datasets\dataset_v2_5class\train\images\frame_00004_jpg.rf.c8b21a966ebc1ff769b7844eaadd3301_aug_vflip_1.jpg | datasets\dataset_v3_clean_background\train\images\frame_00004_jpg.rf.c8b21a966ebc1ff769b7844eaadd3301_aug_vflip_1.jpg
EXACT_211,EXACT_SHA256,9,datasets\dataset_v2_4defect\train\images\frame_00005_jpg.rf.0a13708ad0e588d678226308cacc8c9b.jpg | datasets\dataset_v2_5class\train\images\frame_00005_jpg.rf.0a13708ad0e588d678226308cacc8c9b.jpg | datasets\dataset_v3_clean_background\train\images\frame_00005_jpg.rf.0a13708ad0e588d678226308cacc8c9b.jpg | demo_images\frame_00005_jpg.rf.0a13708ad0e588d678226308cacc8c9b.jpg | golden_test_images\frame_00005_jpg.rf.0a13708ad0e588d678226308cacc8c9b.jpg | known_defect_tests\belt_splice_3_frame_00005_jpg.rf.0a13708ad0e588d678226308cacc8c9b.jpg | real_world_test\frame_00005_jpg.rf.0a13708ad0e588d678226308cacc8c9b.jpg | real_world_test\REAL_BELT_SPLICE\frame_00005_jpg.rf.0a13708ad0e588d678226308cacc8c9b.jpg | real_world_test\REAL_SLIGHT_SCRATCH\frame_00005_jpg.rf.0a13708ad0e588d678226308cacc8c9b.jpg
EXACT_212,EXACT_SHA256,3,datasets\dataset_v2_4defect\train\images\frame_00005_jpg.rf.79ad186fc37ad867d1a49f40ddb4bbe7.jpg | datasets\dataset_v2_5class\train\images\frame_00005_jpg.rf.79ad186fc37ad867d1a49f40ddb4bbe7.jpg | datasets\dataset_v3_clean_background\train\images\frame_00005_jpg.rf.79ad186fc37ad867d1a49f40ddb4bbe7.jpg
EXACT_213,EXACT_SHA256,3,datasets\dataset_v2_4defect\train\images\frame_00007_jpg.rf.5840139dbf6bec3d431d816289f4af54.jpg | datasets\dataset_v2_5class\train\images\frame_00007_jpg.rf.5840139dbf6bec3d431d816289f4af54.jpg | datasets\dataset_v3_clean_background\train\images\frame_00007_jpg.rf.5840139dbf6bec3d431d816289f4af54.jpg
EXACT_214,EXACT_SHA256,3,datasets\dataset_v2_4defect\train\images\frame_00007_jpg.rf.5840139dbf6bec3d431d816289f4af54_aug_contrast_1.jpg | datasets\dataset_v2_5class\train\images\frame_00007_jpg.rf.5840139dbf6bec3d431d816289f4af54_aug_contrast_1.jpg | datasets\dataset_v3_clean_background\train\images\frame_00007_jpg.rf.5840139dbf6bec3d431d816289f4af54_aug_contrast_1.jpg
EXACT_215,EXACT_SHA256,3,datasets\dataset_v2_4defect\train\images\frame_00007_jpg.rf.5840139dbf6bec3d431d816289f4af54_aug_hflip_0.jpg | datasets\dataset_v2_5class\train\images\frame_00007_jpg.rf.5840139dbf6bec3d431d816289f4af54_aug_hflip_0.jpg | datasets\dataset_v3_clean_background\train\images\frame_00007_jpg.rf.5840139dbf6bec3d431d816289f4af54_aug_hflip_0.jpg
EXACT_216,EXACT_SHA256,8,datasets\dataset_v2_4defect\train\images\frame_00007_jpg.rf.fc0f5aff005d781418faaa297ff2471c.jpg | datasets\dataset_v2_5class\train\images\frame_00007_jpg.rf.fc0f5aff005d781418faaa297ff2471c.jpg | datasets\dataset_v3_clean_background\train\images\frame_00007_jpg.rf.fc0f5aff005d781418faaa297ff2471c.jpg | demo_images\frame_00007_jpg.rf.fc0f5aff005d781418faaa297ff2471c.jpg | golden_test_images\frame_00007_jpg.rf.fc0f5aff005d781418faaa297ff2471c.jpg | known_defect_tests\longitudinal_tear_2_frame_00007_jpg.rf.fc0f5aff005d781418faaa297ff2471c.jpg | real_world_test\frame_00007_jpg.rf.fc0f5aff005d781418faaa297ff2471c.jpg | real_world_test\REAL_LONGITUDINAL_TEAR\frame_00007_jpg.rf.fc0f5aff005d781418faaa297ff2471c.jpg
EXACT_217,EXACT_SHA256,3,datasets\dataset_v2_4defect\train\images\frame_00008_jpg.rf.4be8233eb0507afacdb3da0c0ac709d8.jpg | datasets\dataset_v2_5class\train\images\frame_00008_jpg.rf.4be8233eb0507afacdb3da0c0ac709d8.jpg | datasets\dataset_v3_clean_background\train\images\frame_00008_jpg.rf.4be8233eb0507afacdb3da0c0ac709d8.jpg
EXACT_218,EXACT_SHA256,3,datasets\dataset_v2_4defect\train\images\frame_00008_jpg.rf.4be8233eb0507afacdb3da0c0ac709d8_aug_contrast_1.jpg | datasets\dataset_v2_5class\train\images\frame_00008_jpg.rf.4be8233eb0507afacdb3da0c0ac709d8_aug_contrast_1.jpg | datasets\dataset_v3_clean_background\train\images\frame_00008_jpg.rf.4be8233eb0507afacdb3da0c0ac709d8_aug_contrast_1.jpg
EXACT_219,EXACT_SHA256,3,datasets\dataset_v2_4defect\train\images\frame_00008_jpg.rf.4be8233eb0507afacdb3da0c0ac709d8_aug_hflip_0.jpg | datasets\dataset_v2_5class\train\images\frame_00008_jpg.rf.4be8233eb0507afacdb3da0c0ac709d8_aug_hflip_0.jpg | datasets\dataset_v3_clean_background\train\images\frame_00008_jpg.rf.4be8233eb0507afacdb3da0c0ac709d8_aug_hflip_0.jpg
EXACT_220,EXACT_SHA256,3,datasets\dataset_v2_4defect\train\images\frame_00008_jpg.rf.a3cbabe945107fa3f8f00e1c6316cafc.jpg | datasets\dataset_v2_5class\train\images\frame_00008_jpg.rf.a3cbabe945107fa3f8f00e1c6316cafc.jpg | datasets\dataset_v3_clean_background\train\images\frame_00008_jpg.rf.a3cbabe945107fa3f8f00e1c6316cafc.jpg
EXACT_221,EXACT_SHA256,3,datasets\dataset_v2_4defect\train\images\frame_00008_jpg.rf.a3cbabe945107fa3f8f00e1c6316cafc_aug_contrast_2.jpg | datasets\dataset_v2_5class\train\images\frame_00008_jpg.rf.a3cbabe945107fa3f8f00e1c6316cafc_aug_contrast_2.jpg | datasets\dataset_v3_clean_background\train\images\frame_00008_jpg.rf.a3cbabe945107fa3f8f00e1c6316cafc_aug_contrast_2.jpg
EXACT_222,EXACT_SHA256,3,datasets\dataset_v2_4defect\train\images\frame_00008_jpg.rf.a3cbabe945107fa3f8f00e1c6316cafc_aug_hflip_0.jpg | datasets\dataset_v2_5class\train\images\frame_00008_jpg.rf.a3cbabe945107fa3f8f00e1c6316cafc_aug_hflip_0.jpg | datasets\dataset_v3_clean_background\train\images\frame_00008_jpg.rf.a3cbabe945107fa3f8f00e1c6316cafc_aug_hflip_0.jpg
EXACT_223,EXACT_SHA256,3,datasets\dataset_v2_4defect\train\images\frame_00008_jpg.rf.a3cbabe945107fa3f8f00e1c6316cafc_aug_vflip_1.jpg | datasets\dataset_v2_5class\train\images\frame_00008_jpg.rf.a3cbabe945107fa3f8f00e1c6316cafc_aug_vflip_1.jpg | datasets\dataset_v3_clean_background\train\images\frame_00008_jpg.rf.a3cbabe945107fa3f8f00e1c6316cafc_aug_vflip_1.jpg
EXACT_224,EXACT_SHA256,3,datasets\dataset_v2_4defect\train\images\frame_00013_jpg.rf.0d608754200269b37fe2df0f325b30d1.jpg | datasets\dataset_v2_5class\train\images\frame_00013_jpg.rf.0d608754200269b37fe2df0f325b30d1.jpg | datasets\dataset_v3_clean_background\train\images\frame_00013_jpg.rf.0d608754200269b37fe2df0f325b30d1.jpg
EXACT_225,EXACT_SHA256,3,datasets\dataset_v2_4defect\train\images\frame_00013_jpg.rf.0d608754200269b37fe2df0f325b30d1_aug_contrast_1.jpg | datasets\dataset_v2_5class\train\images\frame_00013_jpg.rf.0d608754200269b37fe2df0f325b30d1_aug_contrast_1.jpg | datasets\dataset_v3_clean_background\train\images\frame_00013_jpg.rf.0d608754200269b37fe2df0f325b30d1_aug_contrast_1.jpg
EXACT_226,EXACT_SHA256,3,datasets\dataset_v2_4defect\train\images\frame_00013_jpg.rf.0d608754200269b37fe2df0f325b30d1_aug_hflip_0.jpg | datasets\dataset_v2_5class\train\images\frame_00013_jpg.rf.0d608754200269b37fe2df0f325b30d1_aug_hflip_0.jpg | datasets\dataset_v3_clean_background\train\images\frame_00013_jpg.rf.0d608754200269b37fe2df0f325b30d1_aug_hflip_0.jpg
EXACT_227,EXACT_SHA256,3,datasets\dataset_v2_4defect\train\images\frame_00013_jpg.rf.2bf3ed412dcb2ad576ced4a4b390c9b8.jpg | datasets\dataset_v2_5class\train\images\frame_00013_jpg.rf.2bf3ed412dcb2ad576ced4a4b390c9b8.jpg | datasets\dataset_v3_clean_background\train\images\frame_00013_jpg.rf.2bf3ed412dcb2ad576ced4a4b390c9b8.jpg
EXACT_228,EXACT_SHA256,3,datasets\dataset_v2_4defect\train\images\frame_00013_jpg.rf.2bf3ed412dcb2ad576ced4a4b390c9b8_aug_contrast_1.jpg | datasets\dataset_v2_5class\train\images\frame_00013_jpg.rf.2bf3ed412dcb2ad576ced4a4b390c9b8_aug_contrast_1.jpg | datasets\dataset_v3_clean_background\train\images\frame_00013_jpg.rf.2bf3ed412dcb2ad576ced4a4b390c9b8_aug_contrast_1.jpg
EXACT_229,EXACT_SHA256,3,datasets\dataset_v2_4defect\train\images\frame_00013_jpg.rf.2bf3ed412dcb2ad576ced4a4b390c9b8_aug_hflip_0.jpg | datasets\dataset_v2_5class\train\images\frame_00013_jpg.rf.2bf3ed412dcb2ad576ced4a4b390c9b8_aug_hflip_0.jpg | datasets\dataset_v3_clean_background\train\images\frame_00013_jpg.rf.2bf3ed412dcb2ad576ced4a4b390c9b8_aug_hflip_0.jpg
EXACT_230,EXACT_SHA256,3,datasets\dataset_v2_4defect\train\images\frame_00014_jpg.rf.178a54e82f73ee1636d6d0f9b00195dd.jpg | datasets\dataset_v2_5class\train\images\frame_00014_jpg.rf.178a54e82f73ee1636d6d0f9b00195dd.jpg | datasets\dataset_v3_clean_background\train\images\frame_00014_jpg.rf.178a54e82f73ee1636d6d0f9b00195dd.jpg
EXACT_231,EXACT_SHA256,3,datasets\dataset_v2_4defect\train\images\frame_00014_jpg.rf.178a54e82f73ee1636d6d0f9b00195dd_aug_contrast_3.jpg | datasets\dataset_v2_5class\train\images\frame_00014_jpg.rf.178a54e82f73ee1636d6d0f9b00195dd_aug_contrast_3.jpg | datasets\dataset_v3_clean_background\train\images\frame_00014_jpg.rf.178a54e82f73ee1636d6d0f9b00195dd_aug_contrast_3.jpg
EXACT_232,EXACT_SHA256,3,datasets\dataset_v2_4defect\train\images\frame_00014_jpg.rf.178a54e82f73ee1636d6d0f9b00195dd_aug_hflip_0.jpg | datasets\dataset_v2_5class\train\images\frame_00014_jpg.rf.178a54e82f73ee1636d6d0f9b00195dd_aug_hflip_0.jpg | datasets\dataset_v3_clean_background\train\images\frame_00014_jpg.rf.178a54e82f73ee1636d6d0f9b00195dd_aug_hflip_0.jpg
EXACT_233,EXACT_SHA256,3,datasets\dataset_v2_4defect\train\images\frame_00014_jpg.rf.178a54e82f73ee1636d6d0f9b00195dd_aug_hvflip_2.jpg | datasets\dataset_v2_5class\train\images\frame_00014_jpg.rf.178a54e82f73ee1636d6d0f9b00195dd_aug_hvflip_2.jpg | datasets\dataset_v3_clean_background\train\images\frame_00014_jpg.rf.178a54e82f73ee1636d6d0f9b00195dd_aug_hvflip_2.jpg
EXACT_234,EXACT_SHA256,3,datasets\dataset_v2_4defect\train\images\frame_00014_jpg.rf.178a54e82f73ee1636d6d0f9b00195dd_aug_vflip_1.jpg | datasets\dataset_v2_5class\train\images\frame_00014_jpg.rf.178a54e82f73ee1636d6d0f9b00195dd_aug_vflip_1.jpg | datasets\dataset_v3_clean_background\train\images\frame_00014_jpg.rf.178a54e82f73ee1636d6d0f9b00195dd_aug_vflip_1.jpg
EXACT_235,EXACT_SHA256,3,datasets\dataset_v2_4defect\train\images\frame_00014_jpg.rf.7701024da6e27685af6bd0e008635e1d.jpg | datasets\dataset_v2_5class\train\images\frame_00014_jpg.rf.7701024da6e27685af6bd0e008635e1d.jpg | datasets\dataset_v3_clean_background\train\images\frame_00014_jpg.rf.7701024da6e27685af6bd0e008635e1d.jpg
EXACT_236,EXACT_SHA256,3,datasets\dataset_v2_4defect\train\images\frame_00014_jpg.rf.7701024da6e27685af6bd0e008635e1d_aug_contrast_1.jpg | datasets\dataset_v2_5class\train\images\frame_00014_jpg.rf.7701024da6e27685af6bd0e008635e1d_aug_contrast_1.jpg | datasets\dataset_v3_clean_background\train\images\frame_00014_jpg.rf.7701024da6e27685af6bd0e008635e1d_aug_contrast_1.jpg
EXACT_237,EXACT_SHA256,3,datasets\dataset_v2_4defect\train\images\frame_00014_jpg.rf.7701024da6e27685af6bd0e008635e1d_aug_hflip_0.jpg | datasets\dataset_v2_5class\train\images\frame_00014_jpg.rf.7701024da6e27685af6bd0e008635e1d_aug_hflip_0.jpg | datasets\dataset_v3_clean_background\train\images\frame_00014_jpg.rf.7701024da6e27685af6bd0e008635e1d_aug_hflip_0.jpg
EXACT_238,EXACT_SHA256,3,datasets\dataset_v2_4defect\train\images\frame_00015_jpg.rf.70443fdd76906dd14f7a6ef3d2d77754.jpg | datasets\dataset_v2_5class\train\images\frame_00015_jpg.rf.70443fdd76906dd14f7a6ef3d2d77754.jpg | datasets\dataset_v3_clean_background\train\images\frame_00015_jpg.rf.70443fdd76906dd14f7a6ef3d2d77754.jpg
EXACT_239,EXACT_SHA256,3,datasets\dataset_v2_4defect\train\images\frame_00015_jpg.rf.70443fdd76906dd14f7a6ef3d2d77754_aug_contrast_1.jpg | datasets\dataset_v2_5class\train\images\frame_00015_jpg.rf.70443fdd76906dd14f7a6ef3d2d77754_aug_contrast_1.jpg | datasets\dataset_v3_clean_background\train\images\frame_00015_jpg.rf.70443fdd76906dd14f7a6ef3d2d77754_aug_contrast_1.jpg
EXACT_240,EXACT_SHA256,3,datasets\dataset_v2_4defect\train\images\frame_00015_jpg.rf.70443fdd76906dd14f7a6ef3d2d77754_aug_hflip_0.jpg | datasets\dataset_v2_5class\train\images\frame_00015_jpg.rf.70443fdd76906dd14f7a6ef3d2d77754_aug_hflip_0.jpg | datasets\dataset_v3_clean_background\train\images\frame_00015_jpg.rf.70443fdd76906dd14f7a6ef3d2d77754_aug_hflip_0.jpg
EXACT_241,EXACT_SHA256,9,datasets\dataset_v2_4defect\train\images\frame_00015_jpg.rf.8130d85e915ded4d5e29721b9dda2ff3.jpg | datasets\dataset_v2_5class\train\images\frame_00015_jpg.rf.8130d85e915ded4d5e29721b9dda2ff3.jpg | datasets\dataset_v3_clean_background\train\images\frame_00015_jpg.rf.8130d85e915ded4d5e29721b9dda2ff3.jpg | demo_images\frame_00015_jpg.rf.8130d85e915ded4d5e29721b9dda2ff3.jpg | golden_test_images\frame_00015_jpg.rf.8130d85e915ded4d5e29721b9dda2ff3.jpg | known_defect_tests\belt_splice_5_frame_00015_jpg.rf.8130d85e915ded4d5e29721b9dda2ff3.jpg | known_defect_tests\normal_belt_4_frame_00015_jpg.rf.8130d85e915ded4d5e29721b9dda2ff3.jpg | real_world_test\frame_00015_jpg.rf.8130d85e915ded4d5e29721b9dda2ff3.jpg | real_world_test\REAL_BELT_SPLICE\frame_00015_jpg.rf.8130d85e915ded4d5e29721b9dda2ff3.jpg
EXACT_242,EXACT_SHA256,3,datasets\dataset_v2_4defect\train\images\frame_00017_jpg.rf.644d1e2b3c01f185b37a8e3bc56edf30.jpg | datasets\dataset_v2_5class\train\images\frame_00017_jpg.rf.644d1e2b3c01f185b37a8e3bc56edf30.jpg | datasets\dataset_v3_clean_background\train\images\frame_00017_jpg.rf.644d1e2b3c01f185b37a8e3bc56edf30.jpg
EXACT_243,EXACT_SHA256,3,datasets\dataset_v2_4defect\train\images\frame_00017_jpg.rf.644d1e2b3c01f185b37a8e3bc56edf30_aug_contrast_1.jpg | datasets\dataset_v2_5class\train\images\frame_00017_jpg.rf.644d1e2b3c01f185b37a8e3bc56edf30_aug_contrast_1.jpg | datasets\dataset_v3_clean_background\train\images\frame_00017_jpg.rf.644d1e2b3c01f185b37a8e3bc56edf30_aug_contrast_1.jpg
EXACT_244,EXACT_SHA256,3,datasets\dataset_v2_4defect\train\images\frame_00017_jpg.rf.644d1e2b3c01f185b37a8e3bc56edf30_aug_hflip_0.jpg | datasets\dataset_v2_5class\train\images\frame_00017_jpg.rf.644d1e2b3c01f185b37a8e3bc56edf30_aug_hflip_0.jpg | datasets\dataset_v3_clean_background\train\images\frame_00017_jpg.rf.644d1e2b3c01f185b37a8e3bc56edf30_aug_hflip_0.jpg
EXACT_245,EXACT_SHA256,3,datasets\dataset_v2_4defect\train\images\frame_00017_jpg.rf.d3e4b2f7b11a7f75eb8fddb529da4e9d.jpg | datasets\dataset_v2_5class\train\images\frame_00017_jpg.rf.d3e4b2f7b11a7f75eb8fddb529da4e9d.jpg | datasets\dataset_v3_clean_background\train\images\frame_00017_jpg.rf.d3e4b2f7b11a7f75eb8fddb529da4e9d.jpg
EXACT_246,EXACT_SHA256,3,datasets\dataset_v2_4defect\train\images\frame_00018_jpg.rf.78b748c14610fb171b2da28a9248f27b.jpg | datasets\dataset_v2_5class\train\images\frame_00018_jpg.rf.78b748c14610fb171b2da28a9248f27b.jpg | datasets\dataset_v3_clean_background\train\images\frame_00018_jpg.rf.78b748c14610fb171b2da28a9248f27b.jpg
EXACT_247,EXACT_SHA256,3,datasets\dataset_v2_4defect\train\images\frame_00018_jpg.rf.78b748c14610fb171b2da28a9248f27b_aug_contrast_1.jpg | datasets\dataset_v2_5class\train\images\frame_00018_jpg.rf.78b748c14610fb171b2da28a9248f27b_aug_contrast_1.jpg | datasets\dataset_v3_clean_background\train\images\frame_00018_jpg.rf.78b748c14610fb171b2da28a9248f27b_aug_contrast_1.jpg
EXACT_248,EXACT_SHA256,3,datasets\dataset_v2_4defect\train\images\frame_00018_jpg.rf.78b748c14610fb171b2da28a9248f27b_aug_hflip_0.jpg | datasets\dataset_v2_5class\train\images\frame_00018_jpg.rf.78b748c14610fb171b2da28a9248f27b_aug_hflip_0.jpg | datasets\dataset_v3_clean_background\train\images\frame_00018_jpg.rf.78b748c14610fb171b2da28a9248f27b_aug_hflip_0.jpg
EXACT_249,EXACT_SHA256,3,datasets\dataset_v2_4defect\train\images\frame_00018_jpg.rf.899a804b0c90809804cbed9b1846c70b.jpg | datasets\dataset_v2_5class\train\images\frame_00018_jpg.rf.899a804b0c90809804cbed9b1846c70b.jpg | datasets\dataset_v3_clean_background\train\images\frame_00018_jpg.rf.899a804b0c90809804cbed9b1846c70b.jpg
EXACT_250,EXACT_SHA256,3,datasets\dataset_v2_4defect\train\images\frame_00018_jpg.rf.899a804b0c90809804cbed9b1846c70b_aug_contrast_1.jpg | datasets\dataset_v2_5class\train\images\frame_00018_jpg.rf.899a804b0c90809804cbed9b1846c70b_aug_contrast_1.jpg | datasets\dataset_v3_clean_background\train\images\frame_00018_jpg.rf.899a804b0c90809804cbed9b1846c70b_aug_contrast_1.jpg
EXACT_251,EXACT_SHA256,3,datasets\dataset_v2_4defect\train\images\frame_00018_jpg.rf.899a804b0c90809804cbed9b1846c70b_aug_hflip_0.jpg | datasets\dataset_v2_5class\train\images\frame_00018_jpg.rf.899a804b0c90809804cbed9b1846c70b_aug_hflip_0.jpg | datasets\dataset_v3_clean_background\train\images\frame_00018_jpg.rf.899a804b0c90809804cbed9b1846c70b_aug_hflip_0.jpg
EXACT_252,EXACT_SHA256,3,datasets\dataset_v2_4defect\train\images\frame_00020_jpg.rf.23b2ddc2379ffccdf98a20bcded56a14.jpg | datasets\dataset_v2_5class\train\images\frame_00020_jpg.rf.23b2ddc2379ffccdf98a20bcded56a14.jpg | datasets\dataset_v3_clean_background\train\images\frame_00020_jpg.rf.23b2ddc2379ffccdf98a20bcded56a14.jpg
EXACT_253,EXACT_SHA256,3,datasets\dataset_v2_4defect\train\images\frame_00020_jpg.rf.23b2ddc2379ffccdf98a20bcded56a14_aug_contrast_3.jpg | datasets\dataset_v2_5class\train\images\frame_00020_jpg.rf.23b2ddc2379ffccdf98a20bcded56a14_aug_contrast_3.jpg | datasets\dataset_v3_clean_background\train\images\frame_00020_jpg.rf.23b2ddc2379ffccdf98a20bcded56a14_aug_contrast_3.jpg
EXACT_254,EXACT_SHA256,3,datasets\dataset_v2_4defect\train\images\frame_00020_jpg.rf.23b2ddc2379ffccdf98a20bcded56a14_aug_hflip_0.jpg | datasets\dataset_v2_5class\train\images\frame_00020_jpg.rf.23b2ddc2379ffccdf98a20bcded56a14_aug_hflip_0.jpg | datasets\dataset_v3_clean_background\train\images\frame_00020_jpg.rf.23b2ddc2379ffccdf98a20bcded56a14_aug_hflip_0.jpg
EXACT_255,EXACT_SHA256,3,datasets\dataset_v2_4defect\train\images\frame_00020_jpg.rf.23b2ddc2379ffccdf98a20bcded56a14_aug_hvflip_2.jpg | datasets\dataset_v2_5class\train\images\frame_00020_jpg.rf.23b2ddc2379ffccdf98a20bcded56a14_aug_hvflip_2.jpg | datasets\dataset_v3_clean_background\train\images\frame_00020_jpg.rf.23b2ddc2379ffccdf98a20bcded56a14_aug_hvflip_2.jpg
EXACT_256,EXACT_SHA256,3,datasets\dataset_v2_4defect\train\images\frame_00020_jpg.rf.23b2ddc2379ffccdf98a20bcded56a14_aug_vflip_1.jpg | datasets\dataset_v2_5class\train\images\frame_00020_jpg.rf.23b2ddc2379ffccdf98a20bcded56a14_aug_vflip_1.jpg | datasets\dataset_v3_clean_background\train\images\frame_00020_jpg.rf.23b2ddc2379ffccdf98a20bcded56a14_aug_vflip_1.jpg
EXACT_257,EXACT_SHA256,3,datasets\dataset_v2_4defect\train\images\frame_00020_jpg.rf.addfc43dca19bf9ffca425e6426d99d6.jpg | datasets\dataset_v2_5class\train\images\frame_00020_jpg.rf.addfc43dca19bf9ffca425e6426d99d6.jpg | datasets\dataset_v3_clean_background\train\images\frame_00020_jpg.rf.addfc43dca19bf9ffca425e6426d99d6.jpg
EXACT_258,EXACT_SHA256,3,datasets\dataset_v2_4defect\train\images\frame_00020_jpg.rf.addfc43dca19bf9ffca425e6426d99d6_aug_contrast_1.jpg | datasets\dataset_v2_5class\train\images\frame_00020_jpg.rf.addfc43dca19bf9ffca425e6426d99d6_aug_contrast_1.jpg | datasets\dataset_v3_clean_background\train\images\frame_00020_jpg.rf.addfc43dca19bf9ffca425e6426d99d6_aug_contrast_1.jpg
EXACT_259,EXACT_SHA256,3,datasets\dataset_v2_4defect\train\images\frame_00020_jpg.rf.addfc43dca19bf9ffca425e6426d99d6_aug_hflip_0.jpg | datasets\dataset_v2_5class\train\images\frame_00020_jpg.rf.addfc43dca19bf9ffca425e6426d99d6_aug_hflip_0.jpg | datasets\dataset_v3_clean_background\train\images\frame_00020_jpg.rf.addfc43dca19bf9ffca425e6426d99d6_aug_hflip_0.jpg
EXACT_260,EXACT_SHA256,3,datasets\dataset_v2_4defect\train\images\frame_00021_jpg.rf.0b557c963e8a8a7e967e431315ee2dc4.jpg | datasets\dataset_v2_5class\train\images\frame_00021_jpg.rf.0b557c963e8a8a7e967e431315ee2dc4.jpg | datasets\dataset_v3_clean_background\train\images\frame_00021_jpg.rf.0b557c963e8a8a7e967e431315ee2dc4.jpg
EXACT_261,EXACT_SHA256,3,datasets\dataset_v2_4defect\train\images\frame_00021_jpg.rf.0b557c963e8a8a7e967e431315ee2dc4_aug_contrast_3.jpg | datasets\dataset_v2_5class\train\images\frame_00021_jpg.rf.0b557c963e8a8a7e967e431315ee2dc4_aug_contrast_3.jpg | datasets\dataset_v3_clean_background\train\images\frame_00021_jpg.rf.0b557c963e8a8a7e967e431315ee2dc4_aug_contrast_3.jpg
EXACT_262,EXACT_SHA256,3,datasets\dataset_v2_4defect\train\images\frame_00021_jpg.rf.0b557c963e8a8a7e967e431315ee2dc4_aug_hflip_0.jpg | datasets\dataset_v2_5class\train\images\frame_00021_jpg.rf.0b557c963e8a8a7e967e431315ee2dc4_aug_hflip_0.jpg | datasets\dataset_v3_clean_background\train\images\frame_00021_jpg.rf.0b557c963e8a8a7e967e431315ee2dc4_aug_hflip_0.jpg
EXACT_263,EXACT_SHA256,3,datasets\dataset_v2_4defect\train\images\frame_00021_jpg.rf.0b557c963e8a8a7e967e431315ee2dc4_aug_hvflip_2.jpg | datasets\dataset_v2_5class\train\images\frame_00021_jpg.rf.0b557c963e8a8a7e967e431315ee2dc4_aug_hvflip_2.jpg | datasets\dataset_v3_clean_background\train\images\frame_00021_jpg.rf.0b557c963e8a8a7e967e431315ee2dc4_aug_hvflip_2.jpg
EXACT_264,EXACT_SHA256,3,datasets\dataset_v2_4defect\train\images\frame_00021_jpg.rf.0b557c963e8a8a7e967e431315ee2dc4_aug_vflip_1.jpg | datasets\dataset_v2_5class\train\images\frame_00021_jpg.rf.0b557c963e8a8a7e967e431315ee2dc4_aug_vflip_1.jpg | datasets\dataset_v3_clean_background\train\images\frame_00021_jpg.rf.0b557c963e8a8a7e967e431315ee2dc4_aug_vflip_1.jpg
EXACT_265,EXACT_SHA256,9,datasets\dataset_v2_4defect\train\images\frame_00021_jpg.rf.6831210c001ea5ff0d9b88a309b62f97.jpg | datasets\dataset_v2_5class\train\images\frame_00021_jpg.rf.6831210c001ea5ff0d9b88a309b62f97.jpg | datasets\dataset_v3_clean_background\train\images\frame_00021_jpg.rf.6831210c001ea5ff0d9b88a309b62f97.jpg | datasets\hard_negative_review\mechanical_component\clean_real_world_frame_00021.jpg | datasets\hard_negative_v2\clean_real_world_frame_00021.jpg | demo_images\frame_00021_jpg.rf.6831210c001ea5ff0d9b88a309b62f97.jpg | golden_test_images\frame_00021_jpg.rf.6831210c001ea5ff0d9b88a309b62f97.jpg | real_world_test\frame_00021_jpg.rf.6831210c001ea5ff0d9b88a309b62f97.jpg | real_world_test\REAL_HEALTHY\frame_00021_jpg.rf.6831210c001ea5ff0d9b88a309b62f97.jpg
EXACT_266,EXACT_SHA256,3,datasets\dataset_v2_4defect\train\images\frame_00022_jpg.rf.0e5cf0172a200119baa1eca0b83ee588.jpg | datasets\dataset_v2_5class\train\images\frame_00022_jpg.rf.0e5cf0172a200119baa1eca0b83ee588.jpg | datasets\dataset_v3_clean_background\train\images\frame_00022_jpg.rf.0e5cf0172a200119baa1eca0b83ee588.jpg
EXACT_267,EXACT_SHA256,3,datasets\dataset_v2_4defect\train\images\frame_00022_jpg.rf.0e5cf0172a200119baa1eca0b83ee588_aug_contrast_3.jpg | datasets\dataset_v2_5class\train\images\frame_00022_jpg.rf.0e5cf0172a200119baa1eca0b83ee588_aug_contrast_3.jpg | datasets\dataset_v3_clean_background\train\images\frame_00022_jpg.rf.0e5cf0172a200119baa1eca0b83ee588_aug_contrast_3.jpg
EXACT_268,EXACT_SHA256,3,datasets\dataset_v2_4defect\train\images\frame_00022_jpg.rf.0e5cf0172a200119baa1eca0b83ee588_aug_hflip_0.jpg | datasets\dataset_v2_5class\train\images\frame_00022_jpg.rf.0e5cf0172a200119baa1eca0b83ee588_aug_hflip_0.jpg | datasets\dataset_v3_clean_background\train\images\frame_00022_jpg.rf.0e5cf0172a200119baa1eca0b83ee588_aug_hflip_0.jpg
EXACT_269,EXACT_SHA256,3,datasets\dataset_v2_4defect\train\images\frame_00022_jpg.rf.0e5cf0172a200119baa1eca0b83ee588_aug_hvflip_2.jpg | datasets\dataset_v2_5class\train\images\frame_00022_jpg.rf.0e5cf0172a200119baa1eca0b83ee588_aug_hvflip_2.jpg | datasets\dataset_v3_clean_background\train\images\frame_00022_jpg.rf.0e5cf0172a200119baa1eca0b83ee588_aug_hvflip_2.jpg
EXACT_270,EXACT_SHA256,3,datasets\dataset_v2_4defect\train\images\frame_00022_jpg.rf.0e5cf0172a200119baa1eca0b83ee588_aug_vflip_1.jpg | datasets\dataset_v2_5class\train\images\frame_00022_jpg.rf.0e5cf0172a200119baa1eca0b83ee588_aug_vflip_1.jpg | datasets\dataset_v3_clean_background\train\images\frame_00022_jpg.rf.0e5cf0172a200119baa1eca0b83ee588_aug_vflip_1.jpg
EXACT_271,EXACT_SHA256,3,datasets\dataset_v2_4defect\train\images\frame_00022_jpg.rf.5d14230a0e761bc15eaec31fac6e80d8.jpg | datasets\dataset_v2_5class\train\images\frame_00022_jpg.rf.5d14230a0e761bc15eaec31fac6e80d8.jpg | datasets\dataset_v3_clean_background\train\images\frame_00022_jpg.rf.5d14230a0e761bc15eaec31fac6e80d8.jpg
EXACT_272,EXACT_SHA256,10,datasets\dataset_v2_4defect\train\images\frame_00024_jpg.rf.40676e62568fb1c96b30338f08050897.jpg | datasets\dataset_v2_5class\train\images\frame_00024_jpg.rf.40676e62568fb1c96b30338f08050897.jpg | datasets\dataset_v3_clean_background\train\images\frame_00024_jpg.rf.40676e62568fb1c96b30338f08050897.jpg | demo_images\frame_00024_jpg.rf.40676e62568fb1c96b30338f08050897.jpg | golden_test_images\frame_00024_jpg.rf.40676e62568fb1c96b30338f08050897.jpg | known_defect_tests\deep_scratch_1_frame_00024_jpg.rf.40676e62568fb1c96b30338f08050897.jpg | known_defect_tests\longitudinal_tear_4_frame_00024_jpg.rf.40676e62568fb1c96b30338f08050897.jpg | known_defect_tests\slight_scratch_2_frame_00024_jpg.rf.40676e62568fb1c96b30338f08050897.jpg | real_world_test\frame_00024_jpg.rf.40676e62568fb1c96b30338f08050897.jpg | real_world_test\REAL_DEEP_SCRATCH\frame_00024_jpg.rf.40676e62568fb1c96b30338f08050897.jpg
EXACT_273,EXACT_SHA256,3,datasets\dataset_v2_4defect\train\images\frame_00024_jpg.rf.8aae30735477c030b26ef9faa1cf91fa.jpg | datasets\dataset_v2_5class\train\images\frame_00024_jpg.rf.8aae30735477c030b26ef9faa1cf91fa.jpg | datasets\dataset_v3_clean_background\train\images\frame_00024_jpg.rf.8aae30735477c030b26ef9faa1cf91fa.jpg
EXACT_274,EXACT_SHA256,3,datasets\dataset_v2_4defect\train\images\frame_00024_jpg.rf.8aae30735477c030b26ef9faa1cf91fa_aug_contrast_1.jpg | datasets\dataset_v2_5class\train\images\frame_00024_jpg.rf.8aae30735477c030b26ef9faa1cf91fa_aug_contrast_1.jpg | datasets\dataset_v3_clean_background\train\images\frame_00024_jpg.rf.8aae30735477c030b26ef9faa1cf91fa_aug_contrast_1.jpg
EXACT_275,EXACT_SHA256,3,datasets\dataset_v2_4defect\train\images\frame_00024_jpg.rf.8aae30735477c030b26ef9faa1cf91fa_aug_hflip_0.jpg | datasets\dataset_v2_5class\train\images\frame_00024_jpg.rf.8aae30735477c030b26ef9faa1cf91fa_aug_hflip_0.jpg | datasets\dataset_v3_clean_background\train\images\frame_00024_jpg.rf.8aae30735477c030b26ef9faa1cf91fa_aug_hflip_0.jpg
EXACT_276,EXACT_SHA256,3,datasets\dataset_v2_4defect\train\images\frame_00025_jpg.rf.5fd825c5c4a4218ce57cc3983aff9bf7.jpg | datasets\dataset_v2_5class\train\images\frame_00025_jpg.rf.5fd825c5c4a4218ce57cc3983aff9bf7.jpg | datasets\dataset_v3_clean_background\train\images\frame_00025_jpg.rf.5fd825c5c4a4218ce57cc3983aff9bf7.jpg
EXACT_277,EXACT_SHA256,3,datasets\dataset_v2_4defect\train\images\frame_00025_jpg.rf.61ab6cbc375f53bdfb9ccc96ac1426a5.jpg | datasets\dataset_v2_5class\train\images\frame_00025_jpg.rf.61ab6cbc375f53bdfb9ccc96ac1426a5.jpg | datasets\dataset_v3_clean_background\train\images\frame_00025_jpg.rf.61ab6cbc375f53bdfb9ccc96ac1426a5.jpg
EXACT_278,EXACT_SHA256,3,datasets\dataset_v2_4defect\train\images\frame_00025_jpg.rf.61ab6cbc375f53bdfb9ccc96ac1426a5_aug_contrast_2.jpg | datasets\dataset_v2_5class\train\images\frame_00025_jpg.rf.61ab6cbc375f53bdfb9ccc96ac1426a5_aug_contrast_2.jpg | datasets\dataset_v3_clean_background\train\images\frame_00025_jpg.rf.61ab6cbc375f53bdfb9ccc96ac1426a5_aug_contrast_2.jpg
EXACT_279,EXACT_SHA256,3,datasets\dataset_v2_4defect\train\images\frame_00025_jpg.rf.61ab6cbc375f53bdfb9ccc96ac1426a5_aug_hflip_0.jpg | datasets\dataset_v2_5class\train\images\frame_00025_jpg.rf.61ab6cbc375f53bdfb9ccc96ac1426a5_aug_hflip_0.jpg | datasets\dataset_v3_clean_background\train\images\frame_00025_jpg.rf.61ab6cbc375f53bdfb9ccc96ac1426a5_aug_hflip_0.jpg
EXACT_280,EXACT_SHA256,3,datasets\dataset_v2_4defect\train\images\frame_00025_jpg.rf.61ab6cbc375f53bdfb9ccc96ac1426a5_aug_vflip_1.jpg | datasets\dataset_v2_5class\train\images\frame_00025_jpg.rf.61ab6cbc375f53bdfb9ccc96ac1426a5_aug_vflip_1.jpg | datasets\dataset_v3_clean_background\train\images\frame_00025_jpg.rf.61ab6cbc375f53bdfb9ccc96ac1426a5_aug_vflip_1.jpg
EXACT_281,EXACT_SHA256,3,datasets\dataset_v2_4defect\train\images\frame_00027_jpg.rf.42835d881cedf717fbea604b406a6cef.jpg | datasets\dataset_v2_5class\train\images\frame_00027_jpg.rf.42835d881cedf717fbea604b406a6cef.jpg | datasets\dataset_v3_clean_background\train\images\frame_00027_jpg.rf.42835d881cedf717fbea604b406a6cef.jpg
EXACT_282,EXACT_SHA256,3,datasets\dataset_v2_4defect\train\images\frame_00027_jpg.rf.42835d881cedf717fbea604b406a6cef_aug_contrast_1.jpg | datasets\dataset_v2_5class\train\images\frame_00027_jpg.rf.42835d881cedf717fbea604b406a6cef_aug_contrast_1.jpg | datasets\dataset_v3_clean_background\train\images\frame_00027_jpg.rf.42835d881cedf717fbea604b406a6cef_aug_contrast_1.jpg
EXACT_283,EXACT_SHA256,3,datasets\dataset_v2_4defect\train\images\frame_00027_jpg.rf.42835d881cedf717fbea604b406a6cef_aug_hflip_0.jpg | datasets\dataset_v2_5class\train\images\frame_00027_jpg.rf.42835d881cedf717fbea604b406a6cef_aug_hflip_0.jpg | datasets\dataset_v3_clean_background\train\images\frame_00027_jpg.rf.42835d881cedf717fbea604b406a6cef_aug_hflip_0.jpg
EXACT_284,EXACT_SHA256,3,datasets\dataset_v2_4defect\train\images\frame_00027_jpg.rf.4a848f17595a366dae2f042b540340d8.jpg | datasets\dataset_v2_5class\train\images\frame_00027_jpg.rf.4a848f17595a366dae2f042b540340d8.jpg | datasets\dataset_v3_clean_background\train\images\frame_00027_jpg.rf.4a848f17595a366dae2f042b540340d8.jpg
EXACT_285,EXACT_SHA256,3,datasets\dataset_v2_4defect\train\images\frame_00027_jpg.rf.4a848f17595a366dae2f042b540340d8_aug_contrast_2.jpg | datasets\dataset_v2_5class\train\images\frame_00027_jpg.rf.4a848f17595a366dae2f042b540340d8_aug_contrast_2.jpg | datasets\dataset_v3_clean_background\train\images\frame_00027_jpg.rf.4a848f17595a366dae2f042b540340d8_aug_contrast_2.jpg
EXACT_286,EXACT_SHA256,3,datasets\dataset_v2_4defect\train\images\frame_00027_jpg.rf.4a848f17595a366dae2f042b540340d8_aug_hflip_0.jpg | datasets\dataset_v2_5class\train\images\frame_00027_jpg.rf.4a848f17595a366dae2f042b540340d8_aug_hflip_0.jpg | datasets\dataset_v3_clean_background\train\images\frame_00027_jpg.rf.4a848f17595a366dae2f042b540340d8_aug_hflip_0.jpg
EXACT_287,EXACT_SHA256,3,datasets\dataset_v2_4defect\train\images\frame_00027_jpg.rf.4a848f17595a366dae2f042b540340d8_aug_vflip_1.jpg | datasets\dataset_v2_5class\train\images\frame_00027_jpg.rf.4a848f17595a366dae2f042b540340d8_aug_vflip_1.jpg | datasets\dataset_v3_clean_background\train\images\frame_00027_jpg.rf.4a848f17595a366dae2f042b540340d8_aug_vflip_1.jpg
EXACT_288,EXACT_SHA256,3,datasets\dataset_v2_4defect\train\images\frame_00028_jpg.rf.7591cc63411ab95edcd7ec5dfab3ba3c.jpg | datasets\dataset_v2_5class\train\images\frame_00028_jpg.rf.7591cc63411ab95edcd7ec5dfab3ba3c.jpg | datasets\dataset_v3_clean_background\train\images\frame_00028_jpg.rf.7591cc63411ab95edcd7ec5dfab3ba3c.jpg
EXACT_289,EXACT_SHA256,3,datasets\dataset_v2_4defect\train\images\frame_00028_jpg.rf.7591cc63411ab95edcd7ec5dfab3ba3c_aug_contrast_2.jpg | datasets\dataset_v2_5class\train\images\frame_00028_jpg.rf.7591cc63411ab95edcd7ec5dfab3ba3c_aug_contrast_2.jpg | datasets\dataset_v3_clean_background\train\images\frame_00028_jpg.rf.7591cc63411ab95edcd7ec5dfab3ba3c_aug_contrast_2.jpg
EXACT_290,EXACT_SHA256,3,datasets\dataset_v2_4defect\train\images\frame_00028_jpg.rf.7591cc63411ab95edcd7ec5dfab3ba3c_aug_hflip_0.jpg | datasets\dataset_v2_5class\train\images\frame_00028_jpg.rf.7591cc63411ab95edcd7ec5dfab3ba3c_aug_hflip_0.jpg | datasets\dataset_v3_clean_background\train\images\frame_00028_jpg.rf.7591cc63411ab95edcd7ec5dfab3ba3c_aug_hflip_0.jpg
EXACT_291,EXACT_SHA256,3,datasets\dataset_v2_4defect\train\images\frame_00028_jpg.rf.7591cc63411ab95edcd7ec5dfab3ba3c_aug_vflip_1.jpg | datasets\dataset_v2_5class\train\images\frame_00028_jpg.rf.7591cc63411ab95edcd7ec5dfab3ba3c_aug_vflip_1.jpg | datasets\dataset_v3_clean_background\train\images\frame_00028_jpg.rf.7591cc63411ab95edcd7ec5dfab3ba3c_aug_vflip_1.jpg
EXACT_292,EXACT_SHA256,3,datasets\dataset_v2_4defect\train\images\frame_00028_jpg.rf.daa981d6c9cc8cefed40651ea2cfe77e.jpg | datasets\dataset_v2_5class\train\images\frame_00028_jpg.rf.daa981d6c9cc8cefed40651ea2cfe77e.jpg | datasets\dataset_v3_clean_background\train\images\frame_00028_jpg.rf.daa981d6c9cc8cefed40651ea2cfe77e.jpg
EXACT_293,EXACT_SHA256,3,datasets\dataset_v2_4defect\train\images\frame_00028_jpg.rf.daa981d6c9cc8cefed40651ea2cfe77e_aug_contrast_1.jpg | datasets\dataset_v2_5class\train\images\frame_00028_jpg.rf.daa981d6c9cc8cefed40651ea2cfe77e_aug_contrast_1.jpg | datasets\dataset_v3_clean_background\train\images\frame_00028_jpg.rf.daa981d6c9cc8cefed40651ea2cfe77e_aug_contrast_1.jpg
EXACT_294,EXACT_SHA256,3,datasets\dataset_v2_4defect\train\images\frame_00028_jpg.rf.daa981d6c9cc8cefed40651ea2cfe77e_aug_hflip_0.jpg | datasets\dataset_v2_5class\train\images\frame_00028_jpg.rf.daa981d6c9cc8cefed40651ea2cfe77e_aug_hflip_0.jpg | datasets\dataset_v3_clean_background\train\images\frame_00028_jpg.rf.daa981d6c9cc8cefed40651ea2cfe77e_aug_hflip_0.jpg
EXACT_295,EXACT_SHA256,3,datasets\dataset_v2_4defect\train\images\frame_00029_jpg.rf.78aeac889aa6ffe5a26bf2555f01500c.jpg | datasets\dataset_v2_5class\train\images\frame_00029_jpg.rf.78aeac889aa6ffe5a26bf2555f01500c.jpg | datasets\dataset_v3_clean_background\train\images\frame_00029_jpg.rf.78aeac889aa6ffe5a26bf2555f01500c.jpg
EXACT_296,EXACT_SHA256,3,datasets\dataset_v2_4defect\train\images\frame_00029_jpg.rf.78aeac889aa6ffe5a26bf2555f01500c_aug_contrast_2.jpg | datasets\dataset_v2_5class\train\images\frame_00029_jpg.rf.78aeac889aa6ffe5a26bf2555f01500c_aug_contrast_2.jpg | datasets\dataset_v3_clean_background\train\images\frame_00029_jpg.rf.78aeac889aa6ffe5a26bf2555f01500c_aug_contrast_2.jpg
EXACT_297,EXACT_SHA256,3,datasets\dataset_v2_4defect\train\images\frame_00029_jpg.rf.78aeac889aa6ffe5a26bf2555f01500c_aug_hflip_0.jpg | datasets\dataset_v2_5class\train\images\frame_00029_jpg.rf.78aeac889aa6ffe5a26bf2555f01500c_aug_hflip_0.jpg | datasets\dataset_v3_clean_background\train\images\frame_00029_jpg.rf.78aeac889aa6ffe5a26bf2555f01500c_aug_hflip_0.jpg
EXACT_298,EXACT_SHA256,3,datasets\dataset_v2_4defect\train\images\frame_00029_jpg.rf.78aeac889aa6ffe5a26bf2555f01500c_aug_vflip_1.jpg | datasets\dataset_v2_5class\train\images\frame_00029_jpg.rf.78aeac889aa6ffe5a26bf2555f01500c_aug_vflip_1.jpg | datasets\dataset_v3_clean_background\train\images\frame_00029_jpg.rf.78aeac889aa6ffe5a26bf2555f01500c_aug_vflip_1.jpg
EXACT_299,EXACT_SHA256,3,datasets\dataset_v2_4defect\train\images\frame_00029_jpg.rf.e7f045e4dfa6b40152b16f3ceda9f051.jpg | datasets\dataset_v2_5class\train\images\frame_00029_jpg.rf.e7f045e4dfa6b40152b16f3ceda9f051.jpg | datasets\dataset_v3_clean_background\train\images\frame_00029_jpg.rf.e7f045e4dfa6b40152b16f3ceda9f051.jpg
EXACT_300,EXACT_SHA256,3,datasets\dataset_v2_4defect\train\images\frame_00029_jpg.rf.e7f045e4dfa6b40152b16f3ceda9f051_aug_contrast_1.jpg | datasets\dataset_v2_5class\train\images\frame_00029_jpg.rf.e7f045e4dfa6b40152b16f3ceda9f051_aug_contrast_1.jpg | datasets\dataset_v3_clean_background\train\images\frame_00029_jpg.rf.e7f045e4dfa6b40152b16f3ceda9f051_aug_contrast_1.jpg
EXACT_301,EXACT_SHA256,3,datasets\dataset_v2_4defect\train\images\frame_00029_jpg.rf.e7f045e4dfa6b40152b16f3ceda9f051_aug_hflip_0.jpg | datasets\dataset_v2_5class\train\images\frame_00029_jpg.rf.e7f045e4dfa6b40152b16f3ceda9f051_aug_hflip_0.jpg | datasets\dataset_v3_clean_background\train\images\frame_00029_jpg.rf.e7f045e4dfa6b40152b16f3ceda9f051_aug_hflip_0.jpg
EXACT_302,EXACT_SHA256,3,datasets\dataset_v2_4defect\train\images\frame_00030_jpg.rf.bf260995087fcb8392485fd8f4512e12.jpg | datasets\dataset_v2_5class\train\images\frame_00030_jpg.rf.bf260995087fcb8392485fd8f4512e12.jpg | datasets\dataset_v3_clean_background\train\images\frame_00030_jpg.rf.bf260995087fcb8392485fd8f4512e12.jpg
EXACT_303,EXACT_SHA256,3,datasets\dataset_v2_4defect\train\images\frame_00030_jpg.rf.bf260995087fcb8392485fd8f4512e12_aug_contrast_2.jpg | datasets\dataset_v2_5class\train\images\frame_00030_jpg.rf.bf260995087fcb8392485fd8f4512e12_aug_contrast_2.jpg | datasets\dataset_v3_clean_background\train\images\frame_00030_jpg.rf.bf260995087fcb8392485fd8f4512e12_aug_contrast_2.jpg
EXACT_304,EXACT_SHA256,3,datasets\dataset_v2_4defect\train\images\frame_00030_jpg.rf.bf260995087fcb8392485fd8f4512e12_aug_hflip_0.jpg | datasets\dataset_v2_5class\train\images\frame_00030_jpg.rf.bf260995087fcb8392485fd8f4512e12_aug_hflip_0.jpg | datasets\dataset_v3_clean_background\train\images\frame_00030_jpg.rf.bf260995087fcb8392485fd8f4512e12_aug_hflip_0.jpg
EXACT_305,EXACT_SHA256,3,datasets\dataset_v2_4defect\train\images\frame_00030_jpg.rf.bf260995087fcb8392485fd8f4512e12_aug_vflip_1.jpg | datasets\dataset_v2_5class\train\images\frame_00030_jpg.rf.bf260995087fcb8392485fd8f4512e12_aug_vflip_1.jpg | datasets\dataset_v3_clean_background\train\images\frame_00030_jpg.rf.bf260995087fcb8392485fd8f4512e12_aug_vflip_1.jpg
EXACT_306,EXACT_SHA256,3,datasets\dataset_v2_4defect\train\images\frame_00030_jpg.rf.d93305d956d3e5f3e6c461f4232b863e.jpg | datasets\dataset_v2_5class\train\images\frame_00030_jpg.rf.d93305d956d3e5f3e6c461f4232b863e.jpg | datasets\dataset_v3_clean_background\train\images\frame_00030_jpg.rf.d93305d956d3e5f3e6c461f4232b863e.jpg
EXACT_307,EXACT_SHA256,3,datasets\dataset_v2_4defect\train\images\frame_00032_jpg.rf.1915b95ab4aa780f85df3fc8c7be6447.jpg | datasets\dataset_v2_5class\train\images\frame_00032_jpg.rf.1915b95ab4aa780f85df3fc8c7be6447.jpg | datasets\dataset_v3_clean_background\train\images\frame_00032_jpg.rf.1915b95ab4aa780f85df3fc8c7be6447.jpg
EXACT_308,EXACT_SHA256,3,datasets\dataset_v2_4defect\train\images\frame_00032_jpg.rf.f262ae80344e26bc71968fd1e8a91642.jpg | datasets\dataset_v2_5class\train\images\frame_00032_jpg.rf.f262ae80344e26bc71968fd1e8a91642.jpg | datasets\dataset_v3_clean_background\train\images\frame_00032_jpg.rf.f262ae80344e26bc71968fd1e8a91642.jpg
EXACT_309,EXACT_SHA256,3,datasets\dataset_v2_4defect\train\images\frame_00032_jpg.rf.f262ae80344e26bc71968fd1e8a91642_aug_contrast_3.jpg | datasets\dataset_v2_5class\train\images\frame_00032_jpg.rf.f262ae80344e26bc71968fd1e8a91642_aug_contrast_3.jpg | datasets\dataset_v3_clean_background\train\images\frame_00032_jpg.rf.f262ae80344e26bc71968fd1e8a91642_aug_contrast_3.jpg
EXACT_310,EXACT_SHA256,3,datasets\dataset_v2_4defect\train\images\frame_00032_jpg.rf.f262ae80344e26bc71968fd1e8a91642_aug_hflip_0.jpg | datasets\dataset_v2_5class\train\images\frame_00032_jpg.rf.f262ae80344e26bc71968fd1e8a91642_aug_hflip_0.jpg | datasets\dataset_v3_clean_background\train\images\frame_00032_jpg.rf.f262ae80344e26bc71968fd1e8a91642_aug_hflip_0.jpg
EXACT_311,EXACT_SHA256,3,datasets\dataset_v2_4defect\train\images\frame_00032_jpg.rf.f262ae80344e26bc71968fd1e8a91642_aug_hvflip_2.jpg | datasets\dataset_v2_5class\train\images\frame_00032_jpg.rf.f262ae80344e26bc71968fd1e8a91642_aug_hvflip_2.jpg | datasets\dataset_v3_clean_background\train\images\frame_00032_jpg.rf.f262ae80344e26bc71968fd1e8a91642_aug_hvflip_2.jpg
EXACT_312,EXACT_SHA256,3,datasets\dataset_v2_4defect\train\images\frame_00032_jpg.rf.f262ae80344e26bc71968fd1e8a91642_aug_vflip_1.jpg | datasets\dataset_v2_5class\train\images\frame_00032_jpg.rf.f262ae80344e26bc71968fd1e8a91642_aug_vflip_1.jpg | datasets\dataset_v3_clean_background\train\images\frame_00032_jpg.rf.f262ae80344e26bc71968fd1e8a91642_aug_vflip_1.jpg
EXACT_313,EXACT_SHA256,3,datasets\dataset_v2_4defect\train\images\frame_00033_jpg.rf.5451d0e673bbe384fe7c715b3d4baa24.jpg | datasets\dataset_v2_5class\train\images\frame_00033_jpg.rf.5451d0e673bbe384fe7c715b3d4baa24.jpg | datasets\dataset_v3_clean_background\train\images\frame_00033_jpg.rf.5451d0e673bbe384fe7c715b3d4baa24.jpg
EXACT_314,EXACT_SHA256,3,datasets\dataset_v2_4defect\train\images\frame_00033_jpg.rf.5451d0e673bbe384fe7c715b3d4baa24_aug_contrast_1.jpg | datasets\dataset_v2_5class\train\images\frame_00033_jpg.rf.5451d0e673bbe384fe7c715b3d4baa24_aug_contrast_1.jpg | datasets\dataset_v3_clean_background\train\images\frame_00033_jpg.rf.5451d0e673bbe384fe7c715b3d4baa24_aug_contrast_1.jpg
EXACT_315,EXACT_SHA256,3,datasets\dataset_v2_4defect\train\images\frame_00033_jpg.rf.5451d0e673bbe384fe7c715b3d4baa24_aug_hflip_0.jpg | datasets\dataset_v2_5class\train\images\frame_00033_jpg.rf.5451d0e673bbe384fe7c715b3d4baa24_aug_hflip_0.jpg | datasets\dataset_v3_clean_background\train\images\frame_00033_jpg.rf.5451d0e673bbe384fe7c715b3d4baa24_aug_hflip_0.jpg
EXACT_316,EXACT_SHA256,3,datasets\dataset_v2_4defect\train\images\frame_00033_jpg.rf.eb81d6bcc81b11005ac38cd8784e0299.jpg | datasets\dataset_v2_5class\train\images\frame_00033_jpg.rf.eb81d6bcc81b11005ac38cd8784e0299.jpg | datasets\dataset_v3_clean_background\train\images\frame_00033_jpg.rf.eb81d6bcc81b11005ac38cd8784e0299.jpg
EXACT_317,EXACT_SHA256,3,datasets\dataset_v2_4defect\train\images\frame_00033_jpg.rf.eb81d6bcc81b11005ac38cd8784e0299_aug_contrast_3.jpg | datasets\dataset_v2_5class\train\images\frame_00033_jpg.rf.eb81d6bcc81b11005ac38cd8784e0299_aug_contrast_3.jpg | datasets\dataset_v3_clean_background\train\images\frame_00033_jpg.rf.eb81d6bcc81b11005ac38cd8784e0299_aug_contrast_3.jpg
EXACT_318,EXACT_SHA256,3,datasets\dataset_v2_4defect\train\images\frame_00033_jpg.rf.eb81d6bcc81b11005ac38cd8784e0299_aug_hflip_0.jpg | datasets\dataset_v2_5class\train\images\frame_00033_jpg.rf.eb81d6bcc81b11005ac38cd8784e0299_aug_hflip_0.jpg | datasets\dataset_v3_clean_background\train\images\frame_00033_jpg.rf.eb81d6bcc81b11005ac38cd8784e0299_aug_hflip_0.jpg
EXACT_319,EXACT_SHA256,3,datasets\dataset_v2_4defect\train\images\frame_00033_jpg.rf.eb81d6bcc81b11005ac38cd8784e0299_aug_hvflip_2.jpg | datasets\dataset_v2_5class\train\images\frame_00033_jpg.rf.eb81d6bcc81b11005ac38cd8784e0299_aug_hvflip_2.jpg | datasets\dataset_v3_clean_background\train\images\frame_00033_jpg.rf.eb81d6bcc81b11005ac38cd8784e0299_aug_hvflip_2.jpg
EXACT_320,EXACT_SHA256,3,datasets\dataset_v2_4defect\train\images\frame_00033_jpg.rf.eb81d6bcc81b11005ac38cd8784e0299_aug_vflip_1.jpg | datasets\dataset_v2_5class\train\images\frame_00033_jpg.rf.eb81d6bcc81b11005ac38cd8784e0299_aug_vflip_1.jpg | datasets\dataset_v3_clean_background\train\images\frame_00033_jpg.rf.eb81d6bcc81b11005ac38cd8784e0299_aug_vflip_1.jpg
EXACT_321,EXACT_SHA256,3,datasets\dataset_v2_4defect\train\images\frame_00035_jpg.rf.553089e9db46f7fae8ec730a83908a1a.jpg | datasets\dataset_v2_5class\train\images\frame_00035_jpg.rf.553089e9db46f7fae8ec730a83908a1a.jpg | datasets\dataset_v3_clean_background\train\images\frame_00035_jpg.rf.553089e9db46f7fae8ec730a83908a1a.jpg
EXACT_322,EXACT_SHA256,3,datasets\dataset_v2_4defect\train\images\frame_00035_jpg.rf.553089e9db46f7fae8ec730a83908a1a_aug_contrast_3.jpg | datasets\dataset_v2_5class\train\images\frame_00035_jpg.rf.553089e9db46f7fae8ec730a83908a1a_aug_contrast_3.jpg | datasets\dataset_v3_clean_background\train\images\frame_00035_jpg.rf.553089e9db46f7fae8ec730a83908a1a_aug_contrast_3.jpg
EXACT_323,EXACT_SHA256,3,datasets\dataset_v2_4defect\train\images\frame_00035_jpg.rf.553089e9db46f7fae8ec730a83908a1a_aug_hflip_0.jpg | datasets\dataset_v2_5class\train\images\frame_00035_jpg.rf.553089e9db46f7fae8ec730a83908a1a_aug_hflip_0.jpg | datasets\dataset_v3_clean_background\train\images\frame_00035_jpg.rf.553089e9db46f7fae8ec730a83908a1a_aug_hflip_0.jpg
EXACT_324,EXACT_SHA256,3,datasets\dataset_v2_4defect\train\images\frame_00035_jpg.rf.553089e9db46f7fae8ec730a83908a1a_aug_hvflip_2.jpg | datasets\dataset_v2_5class\train\images\frame_00035_jpg.rf.553089e9db46f7fae8ec730a83908a1a_aug_hvflip_2.jpg | datasets\dataset_v3_clean_background\train\images\frame_00035_jpg.rf.553089e9db46f7fae8ec730a83908a1a_aug_hvflip_2.jpg
EXACT_325,EXACT_SHA256,3,datasets\dataset_v2_4defect\train\images\frame_00035_jpg.rf.553089e9db46f7fae8ec730a83908a1a_aug_vflip_1.jpg | datasets\dataset_v2_5class\train\images\frame_00035_jpg.rf.553089e9db46f7fae8ec730a83908a1a_aug_vflip_1.jpg | datasets\dataset_v3_clean_background\train\images\frame_00035_jpg.rf.553089e9db46f7fae8ec730a83908a1a_aug_vflip_1.jpg
EXACT_326,EXACT_SHA256,7,datasets\dataset_v2_4defect\train\images\frame_00035_jpg.rf.cfcbd4ea3415701965f8fedda293fb50.jpg | datasets\dataset_v2_5class\train\images\frame_00035_jpg.rf.cfcbd4ea3415701965f8fedda293fb50.jpg | datasets\dataset_v3_clean_background\train\images\frame_00035_jpg.rf.cfcbd4ea3415701965f8fedda293fb50.jpg | demo_images\frame_00035_jpg.rf.cfcbd4ea3415701965f8fedda293fb50.jpg | golden_test_images\frame_00035_jpg.rf.cfcbd4ea3415701965f8fedda293fb50.jpg | real_world_test\frame_00035_jpg.rf.cfcbd4ea3415701965f8fedda293fb50.jpg | real_world_test\REAL_BELT_SPLICE\frame_00035_jpg.rf.cfcbd4ea3415701965f8fedda293fb50.jpg
EXACT_327,EXACT_SHA256,3,datasets\dataset_v2_4defect\train\images\frame_00036_jpg.rf.3be83fc8f3bccb4e2ad56dffd4403d89.jpg | datasets\dataset_v2_5class\train\images\frame_00036_jpg.rf.3be83fc8f3bccb4e2ad56dffd4403d89.jpg | datasets\dataset_v3_clean_background\train\images\frame_00036_jpg.rf.3be83fc8f3bccb4e2ad56dffd4403d89.jpg
EXACT_328,EXACT_SHA256,3,datasets\dataset_v2_4defect\train\images\frame_00036_jpg.rf.3be83fc8f3bccb4e2ad56dffd4403d89_aug_contrast_3.jpg | datasets\dataset_v2_5class\train\images\frame_00036_jpg.rf.3be83fc8f3bccb4e2ad56dffd4403d89_aug_contrast_3.jpg | datasets\dataset_v3_clean_background\train\images\frame_00036_jpg.rf.3be83fc8f3bccb4e2ad56dffd4403d89_aug_contrast_3.jpg
EXACT_329,EXACT_SHA256,3,datasets\dataset_v2_4defect\train\images\frame_00036_jpg.rf.3be83fc8f3bccb4e2ad56dffd4403d89_aug_hflip_0.jpg | datasets\dataset_v2_5class\train\images\frame_00036_jpg.rf.3be83fc8f3bccb4e2ad56dffd4403d89_aug_hflip_0.jpg | datasets\dataset_v3_clean_background\train\images\frame_00036_jpg.rf.3be83fc8f3bccb4e2ad56dffd4403d89_aug_hflip_0.jpg
EXACT_330,EXACT_SHA256,3,datasets\dataset_v2_4defect\train\images\frame_00036_jpg.rf.3be83fc8f3bccb4e2ad56dffd4403d89_aug_hvflip_2.jpg | datasets\dataset_v2_5class\train\images\frame_00036_jpg.rf.3be83fc8f3bccb4e2ad56dffd4403d89_aug_hvflip_2.jpg | datasets\dataset_v3_clean_background\train\images\frame_00036_jpg.rf.3be83fc8f3bccb4e2ad56dffd4403d89_aug_hvflip_2.jpg
EXACT_331,EXACT_SHA256,3,datasets\dataset_v2_4defect\train\images\frame_00036_jpg.rf.3be83fc8f3bccb4e2ad56dffd4403d89_aug_vflip_1.jpg | datasets\dataset_v2_5class\train\images\frame_00036_jpg.rf.3be83fc8f3bccb4e2ad56dffd4403d89_aug_vflip_1.jpg | datasets\dataset_v3_clean_background\train\images\frame_00036_jpg.rf.3be83fc8f3bccb4e2ad56dffd4403d89_aug_vflip_1.jpg
EXACT_332,EXACT_SHA256,3,datasets\dataset_v2_4defect\train\images\frame_00036_jpg.rf.b5090e7cbc15ba1115c848400cbec5e5.jpg | datasets\dataset_v2_5class\train\images\frame_00036_jpg.rf.b5090e7cbc15ba1115c848400cbec5e5.jpg | datasets\dataset_v3_clean_background\train\images\frame_00036_jpg.rf.b5090e7cbc15ba1115c848400cbec5e5.jpg
EXACT_333,EXACT_SHA256,3,datasets\dataset_v2_4defect\train\images\frame_00036_jpg.rf.b5090e7cbc15ba1115c848400cbec5e5_aug_contrast_3.jpg | datasets\dataset_v2_5class\train\images\frame_00036_jpg.rf.b5090e7cbc15ba1115c848400cbec5e5_aug_contrast_3.jpg | datasets\dataset_v3_clean_background\train\images\frame_00036_jpg.rf.b5090e7cbc15ba1115c848400cbec5e5_aug_contrast_3.jpg
EXACT_334,EXACT_SHA256,3,datasets\dataset_v2_4defect\train\images\frame_00036_jpg.rf.b5090e7cbc15ba1115c848400cbec5e5_aug_hflip_0.jpg | datasets\dataset_v2_5class\train\images\frame_00036_jpg.rf.b5090e7cbc15ba1115c848400cbec5e5_aug_hflip_0.jpg | datasets\dataset_v3_clean_background\train\images\frame_00036_jpg.rf.b5090e7cbc15ba1115c848400cbec5e5_aug_hflip_0.jpg
EXACT_335,EXACT_SHA256,3,datasets\dataset_v2_4defect\train\images\frame_00036_jpg.rf.b5090e7cbc15ba1115c848400cbec5e5_aug_hvflip_2.jpg | datasets\dataset_v2_5class\train\images\frame_00036_jpg.rf.b5090e7cbc15ba1115c848400cbec5e5_aug_hvflip_2.jpg | datasets\dataset_v3_clean_background\train\images\frame_00036_jpg.rf.b5090e7cbc15ba1115c848400cbec5e5_aug_hvflip_2.jpg
EXACT_336,EXACT_SHA256,3,datasets\dataset_v2_4defect\train\images\frame_00036_jpg.rf.b5090e7cbc15ba1115c848400cbec5e5_aug_vflip_1.jpg | datasets\dataset_v2_5class\train\images\frame_00036_jpg.rf.b5090e7cbc15ba1115c848400cbec5e5_aug_vflip_1.jpg | datasets\dataset_v3_clean_background\train\images\frame_00036_jpg.rf.b5090e7cbc15ba1115c848400cbec5e5_aug_vflip_1.jpg
EXACT_337,EXACT_SHA256,3,datasets\dataset_v2_4defect\train\images\frame_00037_jpg.rf.4de4c27b6fc798f3759e17ed6f1e79ce.jpg | datasets\dataset_v2_5class\train\images\frame_00037_jpg.rf.4de4c27b6fc798f3759e17ed6f1e79ce.jpg | datasets\dataset_v3_clean_background\train\images\frame_00037_jpg.rf.4de4c27b6fc798f3759e17ed6f1e79ce.jpg
EXACT_338,EXACT_SHA256,3,datasets\dataset_v2_4defect\train\images\frame_00037_jpg.rf.4de4c27b6fc798f3759e17ed6f1e79ce_aug_contrast_1.jpg | datasets\dataset_v2_5class\train\images\frame_00037_jpg.rf.4de4c27b6fc798f3759e17ed6f1e79ce_aug_contrast_1.jpg | datasets\dataset_v3_clean_background\train\images\frame_00037_jpg.rf.4de4c27b6fc798f3759e17ed6f1e79ce_aug_contrast_1.jpg
EXACT_339,EXACT_SHA256,3,datasets\dataset_v2_4defect\train\images\frame_00037_jpg.rf.4de4c27b6fc798f3759e17ed6f1e79ce_aug_hflip_0.jpg | datasets\dataset_v2_5class\train\images\frame_00037_jpg.rf.4de4c27b6fc798f3759e17ed6f1e79ce_aug_hflip_0.jpg | datasets\dataset_v3_clean_background\train\images\frame_00037_jpg.rf.4de4c27b6fc798f3759e17ed6f1e79ce_aug_hflip_0.jpg
EXACT_340,EXACT_SHA256,3,datasets\dataset_v2_4defect\train\images\frame_00037_jpg.rf.79a8c19f99317b2a85e37755f2d27373.jpg | datasets\dataset_v2_5class\train\images\frame_00037_jpg.rf.79a8c19f99317b2a85e37755f2d27373.jpg | datasets\dataset_v3_clean_background\train\images\frame_00037_jpg.rf.79a8c19f99317b2a85e37755f2d27373.jpg
EXACT_341,EXACT_SHA256,3,datasets\dataset_v2_4defect\train\images\frame_00037_jpg.rf.79a8c19f99317b2a85e37755f2d27373_aug_contrast_1.jpg | datasets\dataset_v2_5class\train\images\frame_00037_jpg.rf.79a8c19f99317b2a85e37755f2d27373_aug_contrast_1.jpg | datasets\dataset_v3_clean_background\train\images\frame_00037_jpg.rf.79a8c19f99317b2a85e37755f2d27373_aug_contrast_1.jpg
EXACT_342,EXACT_SHA256,3,datasets\dataset_v2_4defect\train\images\frame_00037_jpg.rf.79a8c19f99317b2a85e37755f2d27373_aug_hflip_0.jpg | datasets\dataset_v2_5class\train\images\frame_00037_jpg.rf.79a8c19f99317b2a85e37755f2d27373_aug_hflip_0.jpg | datasets\dataset_v3_clean_background\train\images\frame_00037_jpg.rf.79a8c19f99317b2a85e37755f2d27373_aug_hflip_0.jpg
EXACT_343,EXACT_SHA256,3,datasets\dataset_v2_4defect\train\images\frame_00038_jpg.rf.2f4b92ce4a36c5ba2fe20a551b480246.jpg | datasets\dataset_v2_5class\train\images\frame_00038_jpg.rf.2f4b92ce4a36c5ba2fe20a551b480246.jpg | datasets\dataset_v3_clean_background\train\images\frame_00038_jpg.rf.2f4b92ce4a36c5ba2fe20a551b480246.jpg
EXACT_344,EXACT_SHA256,3,datasets\dataset_v2_4defect\train\images\frame_00038_jpg.rf.7eb546b40cacf41489785042a2070830.jpg | datasets\dataset_v2_5class\train\images\frame_00038_jpg.rf.7eb546b40cacf41489785042a2070830.jpg | datasets\dataset_v3_clean_background\train\images\frame_00038_jpg.rf.7eb546b40cacf41489785042a2070830.jpg
EXACT_345,EXACT_SHA256,3,datasets\dataset_v2_4defect\train\images\frame_00038_jpg.rf.7eb546b40cacf41489785042a2070830_aug_contrast_1.jpg | datasets\dataset_v2_5class\train\images\frame_00038_jpg.rf.7eb546b40cacf41489785042a2070830_aug_contrast_1.jpg | datasets\dataset_v3_clean_background\train\images\frame_00038_jpg.rf.7eb546b40cacf41489785042a2070830_aug_contrast_1.jpg
EXACT_346,EXACT_SHA256,3,datasets\dataset_v2_4defect\train\images\frame_00038_jpg.rf.7eb546b40cacf41489785042a2070830_aug_hflip_0.jpg | datasets\dataset_v2_5class\train\images\frame_00038_jpg.rf.7eb546b40cacf41489785042a2070830_aug_hflip_0.jpg | datasets\dataset_v3_clean_background\train\images\frame_00038_jpg.rf.7eb546b40cacf41489785042a2070830_aug_hflip_0.jpg
EXACT_347,EXACT_SHA256,3,datasets\dataset_v2_4defect\train\images\frame_00039_jpg.rf.092f645af5ca08938054c6f218791721.jpg | datasets\dataset_v2_5class\train\images\frame_00039_jpg.rf.092f645af5ca08938054c6f218791721.jpg | datasets\dataset_v3_clean_background\train\images\frame_00039_jpg.rf.092f645af5ca08938054c6f218791721.jpg
EXACT_348,EXACT_SHA256,3,datasets\dataset_v2_4defect\train\images\frame_00039_jpg.rf.092f645af5ca08938054c6f218791721_aug_contrast_1.jpg | datasets\dataset_v2_5class\train\images\frame_00039_jpg.rf.092f645af5ca08938054c6f218791721_aug_contrast_1.jpg | datasets\dataset_v3_clean_background\train\images\frame_00039_jpg.rf.092f645af5ca08938054c6f218791721_aug_contrast_1.jpg
EXACT_349,EXACT_SHA256,3,datasets\dataset_v2_4defect\train\images\frame_00039_jpg.rf.092f645af5ca08938054c6f218791721_aug_hflip_0.jpg | datasets\dataset_v2_5class\train\images\frame_00039_jpg.rf.092f645af5ca08938054c6f218791721_aug_hflip_0.jpg | datasets\dataset_v3_clean_background\train\images\frame_00039_jpg.rf.092f645af5ca08938054c6f218791721_aug_hflip_0.jpg
EXACT_350,EXACT_SHA256,3,datasets\dataset_v2_4defect\train\images\frame_00039_jpg.rf.1e2eda719f7bed9b0e07c27e4dca0014.jpg | datasets\dataset_v2_5class\train\images\frame_00039_jpg.rf.1e2eda719f7bed9b0e07c27e4dca0014.jpg | datasets\dataset_v3_clean_background\train\images\frame_00039_jpg.rf.1e2eda719f7bed9b0e07c27e4dca0014.jpg
EXACT_351,EXACT_SHA256,3,datasets\dataset_v2_4defect\train\images\frame_00039_jpg.rf.1e2eda719f7bed9b0e07c27e4dca0014_aug_contrast_2.jpg | datasets\dataset_v2_5class\train\images\frame_00039_jpg.rf.1e2eda719f7bed9b0e07c27e4dca0014_aug_contrast_2.jpg | datasets\dataset_v3_clean_background\train\images\frame_00039_jpg.rf.1e2eda719f7bed9b0e07c27e4dca0014_aug_contrast_2.jpg
EXACT_352,EXACT_SHA256,3,datasets\dataset_v2_4defect\train\images\frame_00039_jpg.rf.1e2eda719f7bed9b0e07c27e4dca0014_aug_hflip_0.jpg | datasets\dataset_v2_5class\train\images\frame_00039_jpg.rf.1e2eda719f7bed9b0e07c27e4dca0014_aug_hflip_0.jpg | datasets\dataset_v3_clean_background\train\images\frame_00039_jpg.rf.1e2eda719f7bed9b0e07c27e4dca0014_aug_hflip_0.jpg
EXACT_353,EXACT_SHA256,3,datasets\dataset_v2_4defect\train\images\frame_00039_jpg.rf.1e2eda719f7bed9b0e07c27e4dca0014_aug_vflip_1.jpg | datasets\dataset_v2_5class\train\images\frame_00039_jpg.rf.1e2eda719f7bed9b0e07c27e4dca0014_aug_vflip_1.jpg | datasets\dataset_v3_clean_background\train\images\frame_00039_jpg.rf.1e2eda719f7bed9b0e07c27e4dca0014_aug_vflip_1.jpg
EXACT_354,EXACT_SHA256,3,datasets\dataset_v2_4defect\train\images\frame_00041_jpg.rf.1993e2f7b2883d8bfd7ce168ff91fffc.jpg | datasets\dataset_v2_5class\train\images\frame_00041_jpg.rf.1993e2f7b2883d8bfd7ce168ff91fffc.jpg | datasets\dataset_v3_clean_background\train\images\frame_00041_jpg.rf.1993e2f7b2883d8bfd7ce168ff91fffc.jpg
EXACT_355,EXACT_SHA256,3,datasets\dataset_v2_4defect\train\images\frame_00041_jpg.rf.e368101da6759a013c2a06b0b8576307.jpg | datasets\dataset_v2_5class\train\images\frame_00041_jpg.rf.e368101da6759a013c2a06b0b8576307.jpg | datasets\dataset_v3_clean_background\train\images\frame_00041_jpg.rf.e368101da6759a013c2a06b0b8576307.jpg
EXACT_356,EXACT_SHA256,3,datasets\dataset_v2_4defect\train\images\frame_00041_jpg.rf.e368101da6759a013c2a06b0b8576307_aug_contrast_1.jpg | datasets\dataset_v2_5class\train\images\frame_00041_jpg.rf.e368101da6759a013c2a06b0b8576307_aug_contrast_1.jpg | datasets\dataset_v3_clean_background\train\images\frame_00041_jpg.rf.e368101da6759a013c2a06b0b8576307_aug_contrast_1.jpg
EXACT_357,EXACT_SHA256,3,datasets\dataset_v2_4defect\train\images\frame_00041_jpg.rf.e368101da6759a013c2a06b0b8576307_aug_hflip_0.jpg | datasets\dataset_v2_5class\train\images\frame_00041_jpg.rf.e368101da6759a013c2a06b0b8576307_aug_hflip_0.jpg | datasets\dataset_v3_clean_background\train\images\frame_00041_jpg.rf.e368101da6759a013c2a06b0b8576307_aug_hflip_0.jpg
EXACT_358,EXACT_SHA256,3,datasets\dataset_v2_4defect\train\images\frame_00042_jpg.rf.7cdc70269d35b5caa73f3a3fec6ab46e.jpg | datasets\dataset_v2_5class\train\images\frame_00042_jpg.rf.7cdc70269d35b5caa73f3a3fec6ab46e.jpg | datasets\dataset_v3_clean_background\train\images\frame_00042_jpg.rf.7cdc70269d35b5caa73f3a3fec6ab46e.jpg
EXACT_359,EXACT_SHA256,3,datasets\dataset_v2_4defect\train\images\frame_00042_jpg.rf.7cdc70269d35b5caa73f3a3fec6ab46e_aug_contrast_1.jpg | datasets\dataset_v2_5class\train\images\frame_00042_jpg.rf.7cdc70269d35b5caa73f3a3fec6ab46e_aug_contrast_1.jpg | datasets\dataset_v3_clean_background\train\images\frame_00042_jpg.rf.7cdc70269d35b5caa73f3a3fec6ab46e_aug_contrast_1.jpg
EXACT_360,EXACT_SHA256,3,datasets\dataset_v2_4defect\train\images\frame_00042_jpg.rf.7cdc70269d35b5caa73f3a3fec6ab46e_aug_hflip_0.jpg | datasets\dataset_v2_5class\train\images\frame_00042_jpg.rf.7cdc70269d35b5caa73f3a3fec6ab46e_aug_hflip_0.jpg | datasets\dataset_v3_clean_background\train\images\frame_00042_jpg.rf.7cdc70269d35b5caa73f3a3fec6ab46e_aug_hflip_0.jpg
EXACT_361,EXACT_SHA256,3,datasets\dataset_v2_4defect\train\images\frame_00042_jpg.rf.b6e2adcab38cc7b604311294b7f58a35.jpg | datasets\dataset_v2_5class\train\images\frame_00042_jpg.rf.b6e2adcab38cc7b604311294b7f58a35.jpg | datasets\dataset_v3_clean_background\train\images\frame_00042_jpg.rf.b6e2adcab38cc7b604311294b7f58a35.jpg
EXACT_362,EXACT_SHA256,3,datasets\dataset_v2_4defect\train\images\frame_00044_jpg.rf.6c75343077cedb31a508f69b503b22c2.jpg | datasets\dataset_v2_5class\train\images\frame_00044_jpg.rf.6c75343077cedb31a508f69b503b22c2.jpg | datasets\dataset_v3_clean_background\train\images\frame_00044_jpg.rf.6c75343077cedb31a508f69b503b22c2.jpg
EXACT_363,EXACT_SHA256,7,datasets\dataset_v2_4defect\train\images\frame_00045_jpg.rf.1ad7ac3267692d24b90701ef60772951.jpg | datasets\dataset_v2_5class\train\images\frame_00045_jpg.rf.1ad7ac3267692d24b90701ef60772951.jpg | datasets\dataset_v3_clean_background\train\images\frame_00045_jpg.rf.1ad7ac3267692d24b90701ef60772951.jpg | demo_images\frame_00045_jpg.rf.1ad7ac3267692d24b90701ef60772951.jpg | golden_test_images\frame_00045_jpg.rf.1ad7ac3267692d24b90701ef60772951.jpg | real_world_test\frame_00045_jpg.rf.1ad7ac3267692d24b90701ef60772951.jpg | real_world_test\REAL_LONGITUDINAL_TEAR\frame_00045_jpg.rf.1ad7ac3267692d24b90701ef60772951.jpg
EXACT_364,EXACT_SHA256,3,datasets\dataset_v2_4defect\train\images\frame_00045_jpg.rf.8504be295d545289b92c7ec8b3942bb3.jpg | datasets\dataset_v2_5class\train\images\frame_00045_jpg.rf.8504be295d545289b92c7ec8b3942bb3.jpg | datasets\dataset_v3_clean_background\train\images\frame_00045_jpg.rf.8504be295d545289b92c7ec8b3942bb3.jpg
EXACT_365,EXACT_SHA256,3,datasets\dataset_v2_4defect\train\images\frame_00045_jpg.rf.8504be295d545289b92c7ec8b3942bb3_aug_contrast_1.jpg | datasets\dataset_v2_5class\train\images\frame_00045_jpg.rf.8504be295d545289b92c7ec8b3942bb3_aug_contrast_1.jpg | datasets\dataset_v3_clean_background\train\images\frame_00045_jpg.rf.8504be295d545289b92c7ec8b3942bb3_aug_contrast_1.jpg
EXACT_366,EXACT_SHA256,3,datasets\dataset_v2_4defect\train\images\frame_00045_jpg.rf.8504be295d545289b92c7ec8b3942bb3_aug_hflip_0.jpg | datasets\dataset_v2_5class\train\images\frame_00045_jpg.rf.8504be295d545289b92c7ec8b3942bb3_aug_hflip_0.jpg | datasets\dataset_v3_clean_background\train\images\frame_00045_jpg.rf.8504be295d545289b92c7ec8b3942bb3_aug_hflip_0.jpg
EXACT_367,EXACT_SHA256,3,datasets\dataset_v2_4defect\train\images\frame_00046_jpg.rf.597aeefe507b74049ce0961ab2e040b8.jpg | datasets\dataset_v2_5class\train\images\frame_00046_jpg.rf.597aeefe507b74049ce0961ab2e040b8.jpg | datasets\dataset_v3_clean_background\train\images\frame_00046_jpg.rf.597aeefe507b74049ce0961ab2e040b8.jpg
EXACT_368,EXACT_SHA256,3,datasets\dataset_v2_4defect\train\images\frame_00046_jpg.rf.597aeefe507b74049ce0961ab2e040b8_aug_contrast_1.jpg | datasets\dataset_v2_5class\train\images\frame_00046_jpg.rf.597aeefe507b74049ce0961ab2e040b8_aug_contrast_1.jpg | datasets\dataset_v3_clean_background\train\images\frame_00046_jpg.rf.597aeefe507b74049ce0961ab2e040b8_aug_contrast_1.jpg
EXACT_369,EXACT_SHA256,3,datasets\dataset_v2_4defect\train\images\frame_00046_jpg.rf.597aeefe507b74049ce0961ab2e040b8_aug_hflip_0.jpg | datasets\dataset_v2_5class\train\images\frame_00046_jpg.rf.597aeefe507b74049ce0961ab2e040b8_aug_hflip_0.jpg | datasets\dataset_v3_clean_background\train\images\frame_00046_jpg.rf.597aeefe507b74049ce0961ab2e040b8_aug_hflip_0.jpg
EXACT_370,EXACT_SHA256,4,datasets\dataset_v2_4defect\train\images\frame_00046_jpg.rf.9075689b3baa501f6d8d9f1d91930a32.jpg | datasets\dataset_v2_5class\train\images\frame_00046_jpg.rf.9075689b3baa501f6d8d9f1d91930a32.jpg | datasets\dataset_v3_clean_background\train\images\frame_00046_jpg.rf.9075689b3baa501f6d8d9f1d91930a32.jpg | known_defect_tests\slight_scratch_3_frame_00046_jpg.rf.9075689b3baa501f6d8d9f1d91930a32.jpg
EXACT_371,EXACT_SHA256,3,datasets\dataset_v2_4defect\train\images\frame_00048_jpg.rf.23cb7d68be09494a137b0ed1a99c9478.jpg | datasets\dataset_v2_5class\train\images\frame_00048_jpg.rf.23cb7d68be09494a137b0ed1a99c9478.jpg | datasets\dataset_v3_clean_background\train\images\frame_00048_jpg.rf.23cb7d68be09494a137b0ed1a99c9478.jpg
EXACT_372,EXACT_SHA256,3,datasets\dataset_v2_4defect\train\images\frame_00048_jpg.rf.a8ea60959ac429d41f306bef4c95eb67.jpg | datasets\dataset_v2_5class\train\images\frame_00048_jpg.rf.a8ea60959ac429d41f306bef4c95eb67.jpg | datasets\dataset_v3_clean_background\train\images\frame_00048_jpg.rf.a8ea60959ac429d41f306bef4c95eb67.jpg
EXACT_373,EXACT_SHA256,3,datasets\dataset_v2_4defect\train\images\frame_00048_jpg.rf.a8ea60959ac429d41f306bef4c95eb67_aug_contrast_1.jpg | datasets\dataset_v2_5class\train\images\frame_00048_jpg.rf.a8ea60959ac429d41f306bef4c95eb67_aug_contrast_1.jpg | datasets\dataset_v3_clean_background\train\images\frame_00048_jpg.rf.a8ea60959ac429d41f306bef4c95eb67_aug_contrast_1.jpg
EXACT_374,EXACT_SHA256,3,datasets\dataset_v2_4defect\train\images\frame_00048_jpg.rf.a8ea60959ac429d41f306bef4c95eb67_aug_hflip_0.jpg | datasets\dataset_v2_5class\train\images\frame_00048_jpg.rf.a8ea60959ac429d41f306bef4c95eb67_aug_hflip_0.jpg | datasets\dataset_v3_clean_background\train\images\frame_00048_jpg.rf.a8ea60959ac429d41f306bef4c95eb67_aug_hflip_0.jpg
EXACT_375,EXACT_SHA256,3,datasets\dataset_v2_4defect\train\images\frame_00049_jpg.rf.1340fe165d1a26e8c38de84989e98d24.jpg | datasets\dataset_v2_5class\train\images\frame_00049_jpg.rf.1340fe165d1a26e8c38de84989e98d24.jpg | datasets\dataset_v3_clean_background\train\images\frame_00049_jpg.rf.1340fe165d1a26e8c38de84989e98d24.jpg
EXACT_376,EXACT_SHA256,3,datasets\dataset_v2_4defect\train\images\frame_00049_jpg.rf.1340fe165d1a26e8c38de84989e98d24_aug_contrast_3.jpg | datasets\dataset_v2_5class\train\images\frame_00049_jpg.rf.1340fe165d1a26e8c38de84989e98d24_aug_contrast_3.jpg | datasets\dataset_v3_clean_background\train\images\frame_00049_jpg.rf.1340fe165d1a26e8c38de84989e98d24_aug_contrast_3.jpg
EXACT_377,EXACT_SHA256,3,datasets\dataset_v2_4defect\train\images\frame_00049_jpg.rf.1340fe165d1a26e8c38de84989e98d24_aug_hflip_0.jpg | datasets\dataset_v2_5class\train\images\frame_00049_jpg.rf.1340fe165d1a26e8c38de84989e98d24_aug_hflip_0.jpg | datasets\dataset_v3_clean_background\train\images\frame_00049_jpg.rf.1340fe165d1a26e8c38de84989e98d24_aug_hflip_0.jpg
EXACT_378,EXACT_SHA256,3,datasets\dataset_v2_4defect\train\images\frame_00049_jpg.rf.1340fe165d1a26e8c38de84989e98d24_aug_hvflip_2.jpg | datasets\dataset_v2_5class\train\images\frame_00049_jpg.rf.1340fe165d1a26e8c38de84989e98d24_aug_hvflip_2.jpg | datasets\dataset_v3_clean_background\train\images\frame_00049_jpg.rf.1340fe165d1a26e8c38de84989e98d24_aug_hvflip_2.jpg
EXACT_379,EXACT_SHA256,3,datasets\dataset_v2_4defect\train\images\frame_00049_jpg.rf.1340fe165d1a26e8c38de84989e98d24_aug_vflip_1.jpg | datasets\dataset_v2_5class\train\images\frame_00049_jpg.rf.1340fe165d1a26e8c38de84989e98d24_aug_vflip_1.jpg | datasets\dataset_v3_clean_background\train\images\frame_00049_jpg.rf.1340fe165d1a26e8c38de84989e98d24_aug_vflip_1.jpg
EXACT_380,EXACT_SHA256,3,datasets\dataset_v2_4defect\train\images\frame_00049_jpg.rf.d7a34499e224d988b7a7d12269c6c2d9.jpg | datasets\dataset_v2_5class\train\images\frame_00049_jpg.rf.d7a34499e224d988b7a7d12269c6c2d9.jpg | datasets\dataset_v3_clean_background\train\images\frame_00049_jpg.rf.d7a34499e224d988b7a7d12269c6c2d9.jpg
EXACT_381,EXACT_SHA256,3,datasets\dataset_v2_4defect\train\images\frame_00050_jpg.rf.67795f75f13c07158bc6193f97812850.jpg | datasets\dataset_v2_5class\train\images\frame_00050_jpg.rf.67795f75f13c07158bc6193f97812850.jpg | datasets\dataset_v3_clean_background\train\images\frame_00050_jpg.rf.67795f75f13c07158bc6193f97812850.jpg
EXACT_382,EXACT_SHA256,3,datasets\dataset_v2_4defect\train\images\frame_00050_jpg.rf.67795f75f13c07158bc6193f97812850_aug_contrast_3.jpg | datasets\dataset_v2_5class\train\images\frame_00050_jpg.rf.67795f75f13c07158bc6193f97812850_aug_contrast_3.jpg | datasets\dataset_v3_clean_background\train\images\frame_00050_jpg.rf.67795f75f13c07158bc6193f97812850_aug_contrast_3.jpg
EXACT_383,EXACT_SHA256,3,datasets\dataset_v2_4defect\train\images\frame_00050_jpg.rf.67795f75f13c07158bc6193f97812850_aug_hflip_0.jpg | datasets\dataset_v2_5class\train\images\frame_00050_jpg.rf.67795f75f13c07158bc6193f97812850_aug_hflip_0.jpg | datasets\dataset_v3_clean_background\train\images\frame_00050_jpg.rf.67795f75f13c07158bc6193f97812850_aug_hflip_0.jpg
EXACT_384,EXACT_SHA256,3,datasets\dataset_v2_4defect\train\images\frame_00050_jpg.rf.67795f75f13c07158bc6193f97812850_aug_hvflip_2.jpg | datasets\dataset_v2_5class\train\images\frame_00050_jpg.rf.67795f75f13c07158bc6193f97812850_aug_hvflip_2.jpg | datasets\dataset_v3_clean_background\train\images\frame_00050_jpg.rf.67795f75f13c07158bc6193f97812850_aug_hvflip_2.jpg
EXACT_385,EXACT_SHA256,3,datasets\dataset_v2_4defect\train\images\frame_00050_jpg.rf.67795f75f13c07158bc6193f97812850_aug_vflip_1.jpg | datasets\dataset_v2_5class\train\images\frame_00050_jpg.rf.67795f75f13c07158bc6193f97812850_aug_vflip_1.jpg | datasets\dataset_v3_clean_background\train\images\frame_00050_jpg.rf.67795f75f13c07158bc6193f97812850_aug_vflip_1.jpg
EXACT_386,EXACT_SHA256,3,datasets\dataset_v2_4defect\train\images\frame_00050_jpg.rf.d0cf41b078a6cc884ae25da9280bfdba.jpg | datasets\dataset_v2_5class\train\images\frame_00050_jpg.rf.d0cf41b078a6cc884ae25da9280bfdba.jpg | datasets\dataset_v3_clean_background\train\images\frame_00050_jpg.rf.d0cf41b078a6cc884ae25da9280bfdba.jpg
EXACT_387,EXACT_SHA256,3,datasets\dataset_v2_4defect\train\images\frame_00051_jpg.rf.19c9e212c43c05eafc0b85e39c0bf6a4.jpg | datasets\dataset_v2_5class\train\images\frame_00051_jpg.rf.19c9e212c43c05eafc0b85e39c0bf6a4.jpg | datasets\dataset_v3_clean_background\train\images\frame_00051_jpg.rf.19c9e212c43c05eafc0b85e39c0bf6a4.jpg
EXACT_388,EXACT_SHA256,3,datasets\dataset_v2_4defect\train\images\frame_00051_jpg.rf.19c9e212c43c05eafc0b85e39c0bf6a4_aug_contrast_3.jpg | datasets\dataset_v2_5class\train\images\frame_00051_jpg.rf.19c9e212c43c05eafc0b85e39c0bf6a4_aug_contrast_3.jpg | datasets\dataset_v3_clean_background\train\images\frame_00051_jpg.rf.19c9e212c43c05eafc0b85e39c0bf6a4_aug_contrast_3.jpg
EXACT_389,EXACT_SHA256,3,datasets\dataset_v2_4defect\train\images\frame_00051_jpg.rf.19c9e212c43c05eafc0b85e39c0bf6a4_aug_hflip_0.jpg | datasets\dataset_v2_5class\train\images\frame_00051_jpg.rf.19c9e212c43c05eafc0b85e39c0bf6a4_aug_hflip_0.jpg | datasets\dataset_v3_clean_background\train\images\frame_00051_jpg.rf.19c9e212c43c05eafc0b85e39c0bf6a4_aug_hflip_0.jpg
EXACT_390,EXACT_SHA256,3,datasets\dataset_v2_4defect\train\images\frame_00051_jpg.rf.19c9e212c43c05eafc0b85e39c0bf6a4_aug_hvflip_2.jpg | datasets\dataset_v2_5class\train\images\frame_00051_jpg.rf.19c9e212c43c05eafc0b85e39c0bf6a4_aug_hvflip_2.jpg | datasets\dataset_v3_clean_background\train\images\frame_00051_jpg.rf.19c9e212c43c05eafc0b85e39c0bf6a4_aug_hvflip_2.jpg
EXACT_391,EXACT_SHA256,3,datasets\dataset_v2_4defect\train\images\frame_00051_jpg.rf.19c9e212c43c05eafc0b85e39c0bf6a4_aug_vflip_1.jpg | datasets\dataset_v2_5class\train\images\frame_00051_jpg.rf.19c9e212c43c05eafc0b85e39c0bf6a4_aug_vflip_1.jpg | datasets\dataset_v3_clean_background\train\images\frame_00051_jpg.rf.19c9e212c43c05eafc0b85e39c0bf6a4_aug_vflip_1.jpg
EXACT_392,EXACT_SHA256,3,datasets\dataset_v2_4defect\train\images\frame_00051_jpg.rf.c63b2cfbe9a1bd63daac7b16a6816015.jpg | datasets\dataset_v2_5class\train\images\frame_00051_jpg.rf.c63b2cfbe9a1bd63daac7b16a6816015.jpg | datasets\dataset_v3_clean_background\train\images\frame_00051_jpg.rf.c63b2cfbe9a1bd63daac7b16a6816015.jpg
EXACT_393,EXACT_SHA256,4,datasets\dataset_v2_4defect\train\images\frame_00052_jpg.rf.28706526d8f19576dc058ac9629bc90a.jpg | datasets\dataset_v2_5class\train\images\frame_00052_jpg.rf.28706526d8f19576dc058ac9629bc90a.jpg | datasets\dataset_v3_clean_background\train\images\frame_00052_jpg.rf.28706526d8f19576dc058ac9629bc90a.jpg | known_defect_tests\deep_scratch_2_frame_00052_jpg.rf.28706526d8f19576dc058ac9629bc90a.jpg
EXACT_394,EXACT_SHA256,3,datasets\dataset_v2_4defect\train\images\frame_00052_jpg.rf.2fdbaefb8e29fb459d6410f6dafa9643.jpg | datasets\dataset_v2_5class\train\images\frame_00052_jpg.rf.2fdbaefb8e29fb459d6410f6dafa9643.jpg | datasets\dataset_v3_clean_background\train\images\frame_00052_jpg.rf.2fdbaefb8e29fb459d6410f6dafa9643.jpg
EXACT_395,EXACT_SHA256,3,datasets\dataset_v2_4defect\train\images\frame_00053_jpg.rf.1ef0c5b33b5b16934882d45b48f37473.jpg | datasets\dataset_v2_5class\train\images\frame_00053_jpg.rf.1ef0c5b33b5b16934882d45b48f37473.jpg | datasets\dataset_v3_clean_background\train\images\frame_00053_jpg.rf.1ef0c5b33b5b16934882d45b48f37473.jpg
EXACT_396,EXACT_SHA256,3,datasets\dataset_v2_4defect\train\images\frame_00053_jpg.rf.1ef0c5b33b5b16934882d45b48f37473_aug_contrast_3.jpg | datasets\dataset_v2_5class\train\images\frame_00053_jpg.rf.1ef0c5b33b5b16934882d45b48f37473_aug_contrast_3.jpg | datasets\dataset_v3_clean_background\train\images\frame_00053_jpg.rf.1ef0c5b33b5b16934882d45b48f37473_aug_contrast_3.jpg
EXACT_397,EXACT_SHA256,3,datasets\dataset_v2_4defect\train\images\frame_00053_jpg.rf.1ef0c5b33b5b16934882d45b48f37473_aug_hflip_0.jpg | datasets\dataset_v2_5class\train\images\frame_00053_jpg.rf.1ef0c5b33b5b16934882d45b48f37473_aug_hflip_0.jpg | datasets\dataset_v3_clean_background\train\images\frame_00053_jpg.rf.1ef0c5b33b5b16934882d45b48f37473_aug_hflip_0.jpg
EXACT_398,EXACT_SHA256,3,datasets\dataset_v2_4defect\train\images\frame_00053_jpg.rf.1ef0c5b33b5b16934882d45b48f37473_aug_hvflip_2.jpg | datasets\dataset_v2_5class\train\images\frame_00053_jpg.rf.1ef0c5b33b5b16934882d45b48f37473_aug_hvflip_2.jpg | datasets\dataset_v3_clean_background\train\images\frame_00053_jpg.rf.1ef0c5b33b5b16934882d45b48f37473_aug_hvflip_2.jpg
EXACT_399,EXACT_SHA256,3,datasets\dataset_v2_4defect\train\images\frame_00053_jpg.rf.1ef0c5b33b5b16934882d45b48f37473_aug_vflip_1.jpg | datasets\dataset_v2_5class\train\images\frame_00053_jpg.rf.1ef0c5b33b5b16934882d45b48f37473_aug_vflip_1.jpg | datasets\dataset_v3_clean_background\train\images\frame_00053_jpg.rf.1ef0c5b33b5b16934882d45b48f37473_aug_vflip_1.jpg
EXACT_400,EXACT_SHA256,3,datasets\dataset_v2_4defect\train\images\frame_00054_jpg.rf.78c8da677437c986af5991985d5736ff.jpg | datasets\dataset_v2_5class\train\images\frame_00054_jpg.rf.78c8da677437c986af5991985d5736ff.jpg | datasets\dataset_v3_clean_background\train\images\frame_00054_jpg.rf.78c8da677437c986af5991985d5736ff.jpg
EXACT_401,EXACT_SHA256,3,datasets\dataset_v2_4defect\train\images\frame_00054_jpg.rf.78c8da677437c986af5991985d5736ff_aug_contrast_3.jpg | datasets\dataset_v2_5class\train\images\frame_00054_jpg.rf.78c8da677437c986af5991985d5736ff_aug_contrast_3.jpg | datasets\dataset_v3_clean_background\train\images\frame_00054_jpg.rf.78c8da677437c986af5991985d5736ff_aug_contrast_3.jpg
EXACT_402,EXACT_SHA256,3,datasets\dataset_v2_4defect\train\images\frame_00054_jpg.rf.78c8da677437c986af5991985d5736ff_aug_hflip_0.jpg | datasets\dataset_v2_5class\train\images\frame_00054_jpg.rf.78c8da677437c986af5991985d5736ff_aug_hflip_0.jpg | datasets\dataset_v3_clean_background\train\images\frame_00054_jpg.rf.78c8da677437c986af5991985d5736ff_aug_hflip_0.jpg
EXACT_403,EXACT_SHA256,3,datasets\dataset_v2_4defect\train\images\frame_00054_jpg.rf.78c8da677437c986af5991985d5736ff_aug_hvflip_2.jpg | datasets\dataset_v2_5class\train\images\frame_00054_jpg.rf.78c8da677437c986af5991985d5736ff_aug_hvflip_2.jpg | datasets\dataset_v3_clean_background\train\images\frame_00054_jpg.rf.78c8da677437c986af5991985d5736ff_aug_hvflip_2.jpg
EXACT_404,EXACT_SHA256,3,datasets\dataset_v2_4defect\train\images\frame_00054_jpg.rf.78c8da677437c986af5991985d5736ff_aug_vflip_1.jpg | datasets\dataset_v2_5class\train\images\frame_00054_jpg.rf.78c8da677437c986af5991985d5736ff_aug_vflip_1.jpg | datasets\dataset_v3_clean_background\train\images\frame_00054_jpg.rf.78c8da677437c986af5991985d5736ff_aug_vflip_1.jpg
EXACT_405,EXACT_SHA256,3,datasets\dataset_v2_4defect\train\images\frame_00054_jpg.rf.f0f1a41f42a859a7be17bf5a39e58f3f.jpg | datasets\dataset_v2_5class\train\images\frame_00054_jpg.rf.f0f1a41f42a859a7be17bf5a39e58f3f.jpg | datasets\dataset_v3_clean_background\train\images\frame_00054_jpg.rf.f0f1a41f42a859a7be17bf5a39e58f3f.jpg
EXACT_406,EXACT_SHA256,4,datasets\dataset_v2_4defect\train\images\frame_00055_jpg.rf.21c7dbe8fddf9f4b645d945f63c435b2.jpg | datasets\dataset_v2_5class\train\images\frame_00055_jpg.rf.21c7dbe8fddf9f4b645d945f63c435b2.jpg | datasets\dataset_v3_clean_background\train\images\frame_00055_jpg.rf.21c7dbe8fddf9f4b645d945f63c435b2.jpg | known_defect_tests\deep_scratch_3_frame_00055_jpg.rf.21c7dbe8fddf9f4b645d945f63c435b2.jpg
EXACT_407,EXACT_SHA256,3,datasets\dataset_v2_4defect\train\images\frame_00055_jpg.rf.e744ec4acd877f1fafac7ac05b9b0cd1.jpg | datasets\dataset_v2_5class\train\images\frame_00055_jpg.rf.e744ec4acd877f1fafac7ac05b9b0cd1.jpg | datasets\dataset_v3_clean_background\train\images\frame_00055_jpg.rf.e744ec4acd877f1fafac7ac05b9b0cd1.jpg
EXACT_408,EXACT_SHA256,3,datasets\dataset_v2_4defect\train\images\frame_00058_jpg.rf.5a36be138357be768bad39e2d7ed488f.jpg | datasets\dataset_v2_5class\train\images\frame_00058_jpg.rf.5a36be138357be768bad39e2d7ed488f.jpg | datasets\dataset_v3_clean_background\train\images\frame_00058_jpg.rf.5a36be138357be768bad39e2d7ed488f.jpg
EXACT_409,EXACT_SHA256,3,datasets\dataset_v2_4defect\train\images\frame_00058_jpg.rf.5a36be138357be768bad39e2d7ed488f_aug_contrast_1.jpg | datasets\dataset_v2_5class\train\images\frame_00058_jpg.rf.5a36be138357be768bad39e2d7ed488f_aug_contrast_1.jpg | datasets\dataset_v3_clean_background\train\images\frame_00058_jpg.rf.5a36be138357be768bad39e2d7ed488f_aug_contrast_1.jpg
EXACT_410,EXACT_SHA256,3,datasets\dataset_v2_4defect\train\images\frame_00058_jpg.rf.5a36be138357be768bad39e2d7ed488f_aug_hflip_0.jpg | datasets\dataset_v2_5class\train\images\frame_00058_jpg.rf.5a36be138357be768bad39e2d7ed488f_aug_hflip_0.jpg | datasets\dataset_v3_clean_background\train\images\frame_00058_jpg.rf.5a36be138357be768bad39e2d7ed488f_aug_hflip_0.jpg
EXACT_411,EXACT_SHA256,3,datasets\dataset_v2_4defect\train\images\frame_00058_jpg.rf.86a3b721a7d5f09de7ccf678457088fd.jpg | datasets\dataset_v2_5class\train\images\frame_00058_jpg.rf.86a3b721a7d5f09de7ccf678457088fd.jpg | datasets\dataset_v3_clean_background\train\images\frame_00058_jpg.rf.86a3b721a7d5f09de7ccf678457088fd.jpg
EXACT_412,EXACT_SHA256,3,datasets\dataset_v2_4defect\train\images\frame_00058_jpg.rf.86a3b721a7d5f09de7ccf678457088fd_aug_contrast_1.jpg | datasets\dataset_v2_5class\train\images\frame_00058_jpg.rf.86a3b721a7d5f09de7ccf678457088fd_aug_contrast_1.jpg | datasets\dataset_v3_clean_background\train\images\frame_00058_jpg.rf.86a3b721a7d5f09de7ccf678457088fd_aug_contrast_1.jpg
EXACT_413,EXACT_SHA256,3,datasets\dataset_v2_4defect\train\images\frame_00058_jpg.rf.86a3b721a7d5f09de7ccf678457088fd_aug_hflip_0.jpg | datasets\dataset_v2_5class\train\images\frame_00058_jpg.rf.86a3b721a7d5f09de7ccf678457088fd_aug_hflip_0.jpg | datasets\dataset_v3_clean_background\train\images\frame_00058_jpg.rf.86a3b721a7d5f09de7ccf678457088fd_aug_hflip_0.jpg
EXACT_414,EXACT_SHA256,3,datasets\dataset_v2_4defect\train\images\frame_00059_jpg.rf.4df64c9b84a5255d1728fa2e53e70fe4.jpg | datasets\dataset_v2_5class\train\images\frame_00059_jpg.rf.4df64c9b84a5255d1728fa2e53e70fe4.jpg | datasets\dataset_v3_clean_background\train\images\frame_00059_jpg.rf.4df64c9b84a5255d1728fa2e53e70fe4.jpg
EXACT_415,EXACT_SHA256,3,datasets\dataset_v2_4defect\train\images\frame_00059_jpg.rf.4df64c9b84a5255d1728fa2e53e70fe4_aug_contrast_1.jpg | datasets\dataset_v2_5class\train\images\frame_00059_jpg.rf.4df64c9b84a5255d1728fa2e53e70fe4_aug_contrast_1.jpg | datasets\dataset_v3_clean_background\train\images\frame_00059_jpg.rf.4df64c9b84a5255d1728fa2e53e70fe4_aug_contrast_1.jpg
EXACT_416,EXACT_SHA256,3,datasets\dataset_v2_4defect\train\images\frame_00059_jpg.rf.4df64c9b84a5255d1728fa2e53e70fe4_aug_hflip_0.jpg | datasets\dataset_v2_5class\train\images\frame_00059_jpg.rf.4df64c9b84a5255d1728fa2e53e70fe4_aug_hflip_0.jpg | datasets\dataset_v3_clean_background\train\images\frame_00059_jpg.rf.4df64c9b84a5255d1728fa2e53e70fe4_aug_hflip_0.jpg
EXACT_417,EXACT_SHA256,3,datasets\dataset_v2_4defect\train\images\frame_00059_jpg.rf.998c9e72058e3d94015fae3d3bf3bf2e.jpg | datasets\dataset_v2_5class\train\images\frame_00059_jpg.rf.998c9e72058e3d94015fae3d3bf3bf2e.jpg | datasets\dataset_v3_clean_background\train\images\frame_00059_jpg.rf.998c9e72058e3d94015fae3d3bf3bf2e.jpg
EXACT_418,EXACT_SHA256,3,datasets\dataset_v2_4defect\train\images\frame_00060_jpg.rf.324847c05762fe6108c52af150fbca48.jpg | datasets\dataset_v2_5class\train\images\frame_00060_jpg.rf.324847c05762fe6108c52af150fbca48.jpg | datasets\dataset_v3_clean_background\train\images\frame_00060_jpg.rf.324847c05762fe6108c52af150fbca48.jpg
EXACT_419,EXACT_SHA256,3,datasets\dataset_v2_4defect\train\images\frame_00060_jpg.rf.c8abec0534e647d6473ecf6f2b040e49.jpg | datasets\dataset_v2_5class\train\images\frame_00060_jpg.rf.c8abec0534e647d6473ecf6f2b040e49.jpg | datasets\dataset_v3_clean_background\train\images\frame_00060_jpg.rf.c8abec0534e647d6473ecf6f2b040e49.jpg
EXACT_420,EXACT_SHA256,3,datasets\dataset_v2_4defect\train\images\frame_00060_jpg.rf.c8abec0534e647d6473ecf6f2b040e49_aug_contrast_1.jpg | datasets\dataset_v2_5class\train\images\frame_00060_jpg.rf.c8abec0534e647d6473ecf6f2b040e49_aug_contrast_1.jpg | datasets\dataset_v3_clean_background\train\images\frame_00060_jpg.rf.c8abec0534e647d6473ecf6f2b040e49_aug_contrast_1.jpg
EXACT_421,EXACT_SHA256,3,datasets\dataset_v2_4defect\train\images\frame_00060_jpg.rf.c8abec0534e647d6473ecf6f2b040e49_aug_hflip_0.jpg | datasets\dataset_v2_5class\train\images\frame_00060_jpg.rf.c8abec0534e647d6473ecf6f2b040e49_aug_hflip_0.jpg | datasets\dataset_v3_clean_background\train\images\frame_00060_jpg.rf.c8abec0534e647d6473ecf6f2b040e49_aug_hflip_0.jpg
EXACT_422,EXACT_SHA256,3,datasets\dataset_v2_4defect\train\images\frame_00061_jpg.rf.85864844781e7c2a28778d0a4e223ab8.jpg | datasets\dataset_v2_5class\train\images\frame_00061_jpg.rf.85864844781e7c2a28778d0a4e223ab8.jpg | datasets\dataset_v3_clean_background\train\images\frame_00061_jpg.rf.85864844781e7c2a28778d0a4e223ab8.jpg
EXACT_423,EXACT_SHA256,3,datasets\dataset_v2_4defect\train\images\frame_00061_jpg.rf.85864844781e7c2a28778d0a4e223ab8_aug_contrast_1.jpg | datasets\dataset_v2_5class\train\images\frame_00061_jpg.rf.85864844781e7c2a28778d0a4e223ab8_aug_contrast_1.jpg | datasets\dataset_v3_clean_background\train\images\frame_00061_jpg.rf.85864844781e7c2a28778d0a4e223ab8_aug_contrast_1.jpg
EXACT_424,EXACT_SHA256,3,datasets\dataset_v2_4defect\train\images\frame_00061_jpg.rf.85864844781e7c2a28778d0a4e223ab8_aug_hflip_0.jpg | datasets\dataset_v2_5class\train\images\frame_00061_jpg.rf.85864844781e7c2a28778d0a4e223ab8_aug_hflip_0.jpg | datasets\dataset_v3_clean_background\train\images\frame_00061_jpg.rf.85864844781e7c2a28778d0a4e223ab8_aug_hflip_0.jpg
EXACT_425,EXACT_SHA256,3,datasets\dataset_v2_4defect\train\images\frame_00062_jpg.rf.97566eabeb1a30e18da65a7addeccc9d.jpg | datasets\dataset_v2_5class\train\images\frame_00062_jpg.rf.97566eabeb1a30e18da65a7addeccc9d.jpg | datasets\dataset_v3_clean_background\train\images\frame_00062_jpg.rf.97566eabeb1a30e18da65a7addeccc9d.jpg
EXACT_426,EXACT_SHA256,3,datasets\dataset_v2_4defect\train\images\frame_00062_jpg.rf.97566eabeb1a30e18da65a7addeccc9d_aug_contrast_1.jpg | datasets\dataset_v2_5class\train\images\frame_00062_jpg.rf.97566eabeb1a30e18da65a7addeccc9d_aug_contrast_1.jpg | datasets\dataset_v3_clean_background\train\images\frame_00062_jpg.rf.97566eabeb1a30e18da65a7addeccc9d_aug_contrast_1.jpg
EXACT_427,EXACT_SHA256,3,datasets\dataset_v2_4defect\train\images\frame_00062_jpg.rf.97566eabeb1a30e18da65a7addeccc9d_aug_hflip_0.jpg | datasets\dataset_v2_5class\train\images\frame_00062_jpg.rf.97566eabeb1a30e18da65a7addeccc9d_aug_hflip_0.jpg | datasets\dataset_v3_clean_background\train\images\frame_00062_jpg.rf.97566eabeb1a30e18da65a7addeccc9d_aug_hflip_0.jpg
EXACT_428,EXACT_SHA256,3,datasets\dataset_v2_4defect\train\images\frame_00063_jpg.rf.6edb9f7894aaa9009613459a65509495.jpg | datasets\dataset_v2_5class\train\images\frame_00063_jpg.rf.6edb9f7894aaa9009613459a65509495.jpg | datasets\dataset_v3_clean_background\train\images\frame_00063_jpg.rf.6edb9f7894aaa9009613459a65509495.jpg
EXACT_429,EXACT_SHA256,3,datasets\dataset_v2_4defect\train\images\frame_00063_jpg.rf.6edb9f7894aaa9009613459a65509495_aug_contrast_1.jpg | datasets\dataset_v2_5class\train\images\frame_00063_jpg.rf.6edb9f7894aaa9009613459a65509495_aug_contrast_1.jpg | datasets\dataset_v3_clean_background\train\images\frame_00063_jpg.rf.6edb9f7894aaa9009613459a65509495_aug_contrast_1.jpg
EXACT_430,EXACT_SHA256,3,datasets\dataset_v2_4defect\train\images\frame_00063_jpg.rf.6edb9f7894aaa9009613459a65509495_aug_hflip_0.jpg | datasets\dataset_v2_5class\train\images\frame_00063_jpg.rf.6edb9f7894aaa9009613459a65509495_aug_hflip_0.jpg | datasets\dataset_v3_clean_background\train\images\frame_00063_jpg.rf.6edb9f7894aaa9009613459a65509495_aug_hflip_0.jpg
EXACT_431,EXACT_SHA256,3,datasets\dataset_v2_4defect\train\images\frame_00063_jpg.rf.e65aa6766890aeed3ab69003190660db.jpg | datasets\dataset_v2_5class\train\images\frame_00063_jpg.rf.e65aa6766890aeed3ab69003190660db.jpg | datasets\dataset_v3_clean_background\train\images\frame_00063_jpg.rf.e65aa6766890aeed3ab69003190660db.jpg
EXACT_432,EXACT_SHA256,3,datasets\dataset_v2_4defect\train\images\frame_00063_jpg.rf.e65aa6766890aeed3ab69003190660db_aug_contrast_1.jpg | datasets\dataset_v2_5class\train\images\frame_00063_jpg.rf.e65aa6766890aeed3ab69003190660db_aug_contrast_1.jpg | datasets\dataset_v3_clean_background\train\images\frame_00063_jpg.rf.e65aa6766890aeed3ab69003190660db_aug_contrast_1.jpg
EXACT_433,EXACT_SHA256,3,datasets\dataset_v2_4defect\train\images\frame_00063_jpg.rf.e65aa6766890aeed3ab69003190660db_aug_hflip_0.jpg | datasets\dataset_v2_5class\train\images\frame_00063_jpg.rf.e65aa6766890aeed3ab69003190660db_aug_hflip_0.jpg | datasets\dataset_v3_clean_background\train\images\frame_00063_jpg.rf.e65aa6766890aeed3ab69003190660db_aug_hflip_0.jpg
EXACT_434,EXACT_SHA256,3,datasets\dataset_v2_4defect\train\images\frame_00065_jpg.rf.7fca657840938c5e9a566a8572598d7e.jpg | datasets\dataset_v2_5class\train\images\frame_00065_jpg.rf.7fca657840938c5e9a566a8572598d7e.jpg | datasets\dataset_v3_clean_background\train\images\frame_00065_jpg.rf.7fca657840938c5e9a566a8572598d7e.jpg
EXACT_435,EXACT_SHA256,3,datasets\dataset_v2_4defect\train\images\frame_00066_jpg.rf.47c7fe3b16ed16593e38c50de8195d8e.jpg | datasets\dataset_v2_5class\train\images\frame_00066_jpg.rf.47c7fe3b16ed16593e38c50de8195d8e.jpg | datasets\dataset_v3_clean_background\train\images\frame_00066_jpg.rf.47c7fe3b16ed16593e38c50de8195d8e.jpg
EXACT_436,EXACT_SHA256,3,datasets\dataset_v2_4defect\train\images\frame_00066_jpg.rf.47c7fe3b16ed16593e38c50de8195d8e_aug_contrast_1.jpg | datasets\dataset_v2_5class\train\images\frame_00066_jpg.rf.47c7fe3b16ed16593e38c50de8195d8e_aug_contrast_1.jpg | datasets\dataset_v3_clean_background\train\images\frame_00066_jpg.rf.47c7fe3b16ed16593e38c50de8195d8e_aug_contrast_1.jpg
EXACT_437,EXACT_SHA256,3,datasets\dataset_v2_4defect\train\images\frame_00066_jpg.rf.47c7fe3b16ed16593e38c50de8195d8e_aug_hflip_0.jpg | datasets\dataset_v2_5class\train\images\frame_00066_jpg.rf.47c7fe3b16ed16593e38c50de8195d8e_aug_hflip_0.jpg | datasets\dataset_v3_clean_background\train\images\frame_00066_jpg.rf.47c7fe3b16ed16593e38c50de8195d8e_aug_hflip_0.jpg
EXACT_438,EXACT_SHA256,3,datasets\dataset_v2_4defect\train\images\frame_00066_jpg.rf.78abbb5a4e03c98ff540cef205566125.jpg | datasets\dataset_v2_5class\train\images\frame_00066_jpg.rf.78abbb5a4e03c98ff540cef205566125.jpg | datasets\dataset_v3_clean_background\train\images\frame_00066_jpg.rf.78abbb5a4e03c98ff540cef205566125.jpg
EXACT_439,EXACT_SHA256,3,datasets\dataset_v2_4defect\train\images\frame_00067_jpg.rf.448ffb66d490adda81ad6094c16df655.jpg | datasets\dataset_v2_5class\train\images\frame_00067_jpg.rf.448ffb66d490adda81ad6094c16df655.jpg | datasets\dataset_v3_clean_background\train\images\frame_00067_jpg.rf.448ffb66d490adda81ad6094c16df655.jpg
EXACT_440,EXACT_SHA256,3,datasets\dataset_v2_4defect\train\images\frame_00067_jpg.rf.448ffb66d490adda81ad6094c16df655_aug_contrast_2.jpg | datasets\dataset_v2_5class\train\images\frame_00067_jpg.rf.448ffb66d490adda81ad6094c16df655_aug_contrast_2.jpg | datasets\dataset_v3_clean_background\train\images\frame_00067_jpg.rf.448ffb66d490adda81ad6094c16df655_aug_contrast_2.jpg
EXACT_441,EXACT_SHA256,3,datasets\dataset_v2_4defect\train\images\frame_00067_jpg.rf.448ffb66d490adda81ad6094c16df655_aug_hflip_0.jpg | datasets\dataset_v2_5class\train\images\frame_00067_jpg.rf.448ffb66d490adda81ad6094c16df655_aug_hflip_0.jpg | datasets\dataset_v3_clean_background\train\images\frame_00067_jpg.rf.448ffb66d490adda81ad6094c16df655_aug_hflip_0.jpg
EXACT_442,EXACT_SHA256,3,datasets\dataset_v2_4defect\train\images\frame_00067_jpg.rf.448ffb66d490adda81ad6094c16df655_aug_vflip_1.jpg | datasets\dataset_v2_5class\train\images\frame_00067_jpg.rf.448ffb66d490adda81ad6094c16df655_aug_vflip_1.jpg | datasets\dataset_v3_clean_background\train\images\frame_00067_jpg.rf.448ffb66d490adda81ad6094c16df655_aug_vflip_1.jpg
EXACT_443,EXACT_SHA256,3,datasets\dataset_v2_4defect\train\images\frame_00067_jpg.rf.a47e9b152181795c356ade04e4b49948.jpg | datasets\dataset_v2_5class\train\images\frame_00067_jpg.rf.a47e9b152181795c356ade04e4b49948.jpg | datasets\dataset_v3_clean_background\train\images\frame_00067_jpg.rf.a47e9b152181795c356ade04e4b49948.jpg
EXACT_444,EXACT_SHA256,3,datasets\dataset_v2_4defect\train\images\frame_00067_jpg.rf.a47e9b152181795c356ade04e4b49948_aug_contrast_1.jpg | datasets\dataset_v2_5class\train\images\frame_00067_jpg.rf.a47e9b152181795c356ade04e4b49948_aug_contrast_1.jpg | datasets\dataset_v3_clean_background\train\images\frame_00067_jpg.rf.a47e9b152181795c356ade04e4b49948_aug_contrast_1.jpg
EXACT_445,EXACT_SHA256,3,datasets\dataset_v2_4defect\train\images\frame_00067_jpg.rf.a47e9b152181795c356ade04e4b49948_aug_hflip_0.jpg | datasets\dataset_v2_5class\train\images\frame_00067_jpg.rf.a47e9b152181795c356ade04e4b49948_aug_hflip_0.jpg | datasets\dataset_v3_clean_background\train\images\frame_00067_jpg.rf.a47e9b152181795c356ade04e4b49948_aug_hflip_0.jpg
EXACT_446,EXACT_SHA256,3,datasets\dataset_v2_4defect\train\images\frame_00068_jpg.rf.5fafc057bb33fcb16dec1aeeb8041644.jpg | datasets\dataset_v2_5class\train\images\frame_00068_jpg.rf.5fafc057bb33fcb16dec1aeeb8041644.jpg | datasets\dataset_v3_clean_background\train\images\frame_00068_jpg.rf.5fafc057bb33fcb16dec1aeeb8041644.jpg
EXACT_447,EXACT_SHA256,3,datasets\dataset_v2_4defect\train\images\frame_00068_jpg.rf.5fafc057bb33fcb16dec1aeeb8041644_aug_contrast_1.jpg | datasets\dataset_v2_5class\train\images\frame_00068_jpg.rf.5fafc057bb33fcb16dec1aeeb8041644_aug_contrast_1.jpg | datasets\dataset_v3_clean_background\train\images\frame_00068_jpg.rf.5fafc057bb33fcb16dec1aeeb8041644_aug_contrast_1.jpg
EXACT_448,EXACT_SHA256,3,datasets\dataset_v2_4defect\train\images\frame_00068_jpg.rf.5fafc057bb33fcb16dec1aeeb8041644_aug_hflip_0.jpg | datasets\dataset_v2_5class\train\images\frame_00068_jpg.rf.5fafc057bb33fcb16dec1aeeb8041644_aug_hflip_0.jpg | datasets\dataset_v3_clean_background\train\images\frame_00068_jpg.rf.5fafc057bb33fcb16dec1aeeb8041644_aug_hflip_0.jpg
EXACT_449,EXACT_SHA256,4,datasets\dataset_v2_4defect\train\images\frame_00068_jpg.rf.7da2953212e752b7957050e8ee29e21a.jpg | datasets\dataset_v2_5class\train\images\frame_00068_jpg.rf.7da2953212e752b7957050e8ee29e21a.jpg | datasets\dataset_v3_clean_background\train\images\frame_00068_jpg.rf.7da2953212e752b7957050e8ee29e21a.jpg | known_defect_tests\deep_scratch_4_frame_00068_jpg.rf.7da2953212e752b7957050e8ee29e21a.jpg
EXACT_450,EXACT_SHA256,3,datasets\dataset_v2_4defect\train\images\frame_00070_jpg.rf.3a50940319e25dd49af096ecb6339cf2.jpg | datasets\dataset_v2_5class\train\images\frame_00070_jpg.rf.3a50940319e25dd49af096ecb6339cf2.jpg | datasets\dataset_v3_clean_background\train\images\frame_00070_jpg.rf.3a50940319e25dd49af096ecb6339cf2.jpg
EXACT_451,EXACT_SHA256,3,datasets\dataset_v2_4defect\train\images\frame_00070_jpg.rf.3a50940319e25dd49af096ecb6339cf2_aug_contrast_1.jpg | datasets\dataset_v2_5class\train\images\frame_00070_jpg.rf.3a50940319e25dd49af096ecb6339cf2_aug_contrast_1.jpg | datasets\dataset_v3_clean_background\train\images\frame_00070_jpg.rf.3a50940319e25dd49af096ecb6339cf2_aug_contrast_1.jpg
EXACT_452,EXACT_SHA256,3,datasets\dataset_v2_4defect\train\images\frame_00070_jpg.rf.3a50940319e25dd49af096ecb6339cf2_aug_hflip_0.jpg | datasets\dataset_v2_5class\train\images\frame_00070_jpg.rf.3a50940319e25dd49af096ecb6339cf2_aug_hflip_0.jpg | datasets\dataset_v3_clean_background\train\images\frame_00070_jpg.rf.3a50940319e25dd49af096ecb6339cf2_aug_hflip_0.jpg
EXACT_453,EXACT_SHA256,3,datasets\dataset_v2_4defect\train\images\frame_00072_jpg.rf.17f52449f1addb0f6c6582bddc7799c5.jpg | datasets\dataset_v2_5class\train\images\frame_00072_jpg.rf.17f52449f1addb0f6c6582bddc7799c5.jpg | datasets\dataset_v3_clean_background\train\images\frame_00072_jpg.rf.17f52449f1addb0f6c6582bddc7799c5.jpg
EXACT_454,EXACT_SHA256,3,datasets\dataset_v2_4defect\train\images\frame_00075_jpg.rf.7a628860e24f79d1b0c9d8665706213b.jpg | datasets\dataset_v2_5class\train\images\frame_00075_jpg.rf.7a628860e24f79d1b0c9d8665706213b.jpg | datasets\dataset_v3_clean_background\train\images\frame_00075_jpg.rf.7a628860e24f79d1b0c9d8665706213b.jpg
EXACT_455,EXACT_SHA256,3,datasets\dataset_v2_4defect\train\images\frame_00075_jpg.rf.7a628860e24f79d1b0c9d8665706213b_aug_contrast_3.jpg | datasets\dataset_v2_5class\train\images\frame_00075_jpg.rf.7a628860e24f79d1b0c9d8665706213b_aug_contrast_3.jpg | datasets\dataset_v3_clean_background\train\images\frame_00075_jpg.rf.7a628860e24f79d1b0c9d8665706213b_aug_contrast_3.jpg
EXACT_456,EXACT_SHA256,3,datasets\dataset_v2_4defect\train\images\frame_00075_jpg.rf.7a628860e24f79d1b0c9d8665706213b_aug_hflip_0.jpg | datasets\dataset_v2_5class\train\images\frame_00075_jpg.rf.7a628860e24f79d1b0c9d8665706213b_aug_hflip_0.jpg | datasets\dataset_v3_clean_background\train\images\frame_00075_jpg.rf.7a628860e24f79d1b0c9d8665706213b_aug_hflip_0.jpg
EXACT_457,EXACT_SHA256,3,datasets\dataset_v2_4defect\train\images\frame_00075_jpg.rf.7a628860e24f79d1b0c9d8665706213b_aug_hvflip_2.jpg | datasets\dataset_v2_5class\train\images\frame_00075_jpg.rf.7a628860e24f79d1b0c9d8665706213b_aug_hvflip_2.jpg | datasets\dataset_v3_clean_background\train\images\frame_00075_jpg.rf.7a628860e24f79d1b0c9d8665706213b_aug_hvflip_2.jpg
EXACT_458,EXACT_SHA256,3,datasets\dataset_v2_4defect\train\images\frame_00075_jpg.rf.7a628860e24f79d1b0c9d8665706213b_aug_vflip_1.jpg | datasets\dataset_v2_5class\train\images\frame_00075_jpg.rf.7a628860e24f79d1b0c9d8665706213b_aug_vflip_1.jpg | datasets\dataset_v3_clean_background\train\images\frame_00075_jpg.rf.7a628860e24f79d1b0c9d8665706213b_aug_vflip_1.jpg
EXACT_459,EXACT_SHA256,3,datasets\dataset_v2_4defect\train\images\frame_00081_jpg.rf.13c937a9496ad418b622d7e96cd22321.jpg | datasets\dataset_v2_5class\train\images\frame_00081_jpg.rf.13c937a9496ad418b622d7e96cd22321.jpg | datasets\dataset_v3_clean_background\train\images\frame_00081_jpg.rf.13c937a9496ad418b622d7e96cd22321.jpg
EXACT_460,EXACT_SHA256,3,datasets\dataset_v2_4defect\train\images\frame_00081_jpg.rf.13c937a9496ad418b622d7e96cd22321_aug_contrast_1.jpg | datasets\dataset_v2_5class\train\images\frame_00081_jpg.rf.13c937a9496ad418b622d7e96cd22321_aug_contrast_1.jpg | datasets\dataset_v3_clean_background\train\images\frame_00081_jpg.rf.13c937a9496ad418b622d7e96cd22321_aug_contrast_1.jpg
EXACT_461,EXACT_SHA256,3,datasets\dataset_v2_4defect\train\images\frame_00081_jpg.rf.13c937a9496ad418b622d7e96cd22321_aug_hflip_0.jpg | datasets\dataset_v2_5class\train\images\frame_00081_jpg.rf.13c937a9496ad418b622d7e96cd22321_aug_hflip_0.jpg | datasets\dataset_v3_clean_background\train\images\frame_00081_jpg.rf.13c937a9496ad418b622d7e96cd22321_aug_hflip_0.jpg
EXACT_462,EXACT_SHA256,3,datasets\dataset_v2_4defect\train\images\frame_00082_jpg.rf.b55769a1a71678c24222d1535b1b459a.jpg | datasets\dataset_v2_5class\train\images\frame_00082_jpg.rf.b55769a1a71678c24222d1535b1b459a.jpg | datasets\dataset_v3_clean_background\train\images\frame_00082_jpg.rf.b55769a1a71678c24222d1535b1b459a.jpg
EXACT_463,EXACT_SHA256,3,datasets\dataset_v2_4defect\train\images\frame_00082_jpg.rf.b55769a1a71678c24222d1535b1b459a_aug_contrast_1.jpg | datasets\dataset_v2_5class\train\images\frame_00082_jpg.rf.b55769a1a71678c24222d1535b1b459a_aug_contrast_1.jpg | datasets\dataset_v3_clean_background\train\images\frame_00082_jpg.rf.b55769a1a71678c24222d1535b1b459a_aug_contrast_1.jpg
EXACT_464,EXACT_SHA256,3,datasets\dataset_v2_4defect\train\images\frame_00082_jpg.rf.b55769a1a71678c24222d1535b1b459a_aug_hflip_0.jpg | datasets\dataset_v2_5class\train\images\frame_00082_jpg.rf.b55769a1a71678c24222d1535b1b459a_aug_hflip_0.jpg | datasets\dataset_v3_clean_background\train\images\frame_00082_jpg.rf.b55769a1a71678c24222d1535b1b459a_aug_hflip_0.jpg
EXACT_465,EXACT_SHA256,3,datasets\dataset_v2_4defect\train\images\frame_00082_jpg.rf.e1a9120632f64dc9053b4253ce80d389.jpg | datasets\dataset_v2_5class\train\images\frame_00082_jpg.rf.e1a9120632f64dc9053b4253ce80d389.jpg | datasets\dataset_v3_clean_background\train\images\frame_00082_jpg.rf.e1a9120632f64dc9053b4253ce80d389.jpg
EXACT_466,EXACT_SHA256,3,datasets\dataset_v2_4defect\train\images\frame_00082_jpg.rf.e1a9120632f64dc9053b4253ce80d389_aug_contrast_2.jpg | datasets\dataset_v2_5class\train\images\frame_00082_jpg.rf.e1a9120632f64dc9053b4253ce80d389_aug_contrast_2.jpg | datasets\dataset_v3_clean_background\train\images\frame_00082_jpg.rf.e1a9120632f64dc9053b4253ce80d389_aug_contrast_2.jpg
EXACT_467,EXACT_SHA256,3,datasets\dataset_v2_4defect\train\images\frame_00082_jpg.rf.e1a9120632f64dc9053b4253ce80d389_aug_hflip_0.jpg | datasets\dataset_v2_5class\train\images\frame_00082_jpg.rf.e1a9120632f64dc9053b4253ce80d389_aug_hflip_0.jpg | datasets\dataset_v3_clean_background\train\images\frame_00082_jpg.rf.e1a9120632f64dc9053b4253ce80d389_aug_hflip_0.jpg
EXACT_468,EXACT_SHA256,3,datasets\dataset_v2_4defect\train\images\frame_00082_jpg.rf.e1a9120632f64dc9053b4253ce80d389_aug_vflip_1.jpg | datasets\dataset_v2_5class\train\images\frame_00082_jpg.rf.e1a9120632f64dc9053b4253ce80d389_aug_vflip_1.jpg | datasets\dataset_v3_clean_background\train\images\frame_00082_jpg.rf.e1a9120632f64dc9053b4253ce80d389_aug_vflip_1.jpg
EXACT_469,EXACT_SHA256,3,datasets\dataset_v2_4defect\train\images\frame_00084_jpg.rf.1e13157f9f2a95c41ad0aac9720e7bc7.jpg | datasets\dataset_v2_5class\train\images\frame_00084_jpg.rf.1e13157f9f2a95c41ad0aac9720e7bc7.jpg | datasets\dataset_v3_clean_background\train\images\frame_00084_jpg.rf.1e13157f9f2a95c41ad0aac9720e7bc7.jpg
EXACT_470,EXACT_SHA256,3,datasets\dataset_v2_4defect\train\images\frame_00084_jpg.rf.1e13157f9f2a95c41ad0aac9720e7bc7_aug_contrast_1.jpg | datasets\dataset_v2_5class\train\images\frame_00084_jpg.rf.1e13157f9f2a95c41ad0aac9720e7bc7_aug_contrast_1.jpg | datasets\dataset_v3_clean_background\train\images\frame_00084_jpg.rf.1e13157f9f2a95c41ad0aac9720e7bc7_aug_contrast_1.jpg
EXACT_471,EXACT_SHA256,3,datasets\dataset_v2_4defect\train\images\frame_00084_jpg.rf.1e13157f9f2a95c41ad0aac9720e7bc7_aug_hflip_0.jpg | datasets\dataset_v2_5class\train\images\frame_00084_jpg.rf.1e13157f9f2a95c41ad0aac9720e7bc7_aug_hflip_0.jpg | datasets\dataset_v3_clean_background\train\images\frame_00084_jpg.rf.1e13157f9f2a95c41ad0aac9720e7bc7_aug_hflip_0.jpg
EXACT_472,EXACT_SHA256,3,datasets\dataset_v2_4defect\train\images\frame_00086_jpg.rf.3c8b35ab4c525cea0f49e92dfefd4ecf.jpg | datasets\dataset_v2_5class\train\images\frame_00086_jpg.rf.3c8b35ab4c525cea0f49e92dfefd4ecf.jpg | datasets\dataset_v3_clean_background\train\images\frame_00086_jpg.rf.3c8b35ab4c525cea0f49e92dfefd4ecf.jpg
EXACT_473,EXACT_SHA256,3,datasets\dataset_v2_4defect\train\images\frame_00086_jpg.rf.3c8b35ab4c525cea0f49e92dfefd4ecf_aug_contrast_1.jpg | datasets\dataset_v2_5class\train\images\frame_00086_jpg.rf.3c8b35ab4c525cea0f49e92dfefd4ecf_aug_contrast_1.jpg | datasets\dataset_v3_clean_background\train\images\frame_00086_jpg.rf.3c8b35ab4c525cea0f49e92dfefd4ecf_aug_contrast_1.jpg
EXACT_474,EXACT_SHA256,3,datasets\dataset_v2_4defect\train\images\frame_00086_jpg.rf.3c8b35ab4c525cea0f49e92dfefd4ecf_aug_hflip_0.jpg | datasets\dataset_v2_5class\train\images\frame_00086_jpg.rf.3c8b35ab4c525cea0f49e92dfefd4ecf_aug_hflip_0.jpg | datasets\dataset_v3_clean_background\train\images\frame_00086_jpg.rf.3c8b35ab4c525cea0f49e92dfefd4ecf_aug_hflip_0.jpg
EXACT_475,EXACT_SHA256,3,datasets\dataset_v2_4defect\train\images\frame_00088_jpg.rf.3a1860ff9ad2dc53b01415d56b45f0c2.jpg | datasets\dataset_v2_5class\train\images\frame_00088_jpg.rf.3a1860ff9ad2dc53b01415d56b45f0c2.jpg | datasets\dataset_v3_clean_background\train\images\frame_00088_jpg.rf.3a1860ff9ad2dc53b01415d56b45f0c2.jpg
EXACT_476,EXACT_SHA256,3,datasets\dataset_v2_4defect\train\images\frame_00088_jpg.rf.87e59ab061d8b683f58916681b17a43c.jpg | datasets\dataset_v2_5class\train\images\frame_00088_jpg.rf.87e59ab061d8b683f58916681b17a43c.jpg | datasets\dataset_v3_clean_background\train\images\frame_00088_jpg.rf.87e59ab061d8b683f58916681b17a43c.jpg
EXACT_477,EXACT_SHA256,3,datasets\dataset_v2_4defect\train\images\frame_00088_jpg.rf.87e59ab061d8b683f58916681b17a43c_aug_contrast_1.jpg | datasets\dataset_v2_5class\train\images\frame_00088_jpg.rf.87e59ab061d8b683f58916681b17a43c_aug_contrast_1.jpg | datasets\dataset_v3_clean_background\train\images\frame_00088_jpg.rf.87e59ab061d8b683f58916681b17a43c_aug_contrast_1.jpg
EXACT_478,EXACT_SHA256,3,datasets\dataset_v2_4defect\train\images\frame_00088_jpg.rf.87e59ab061d8b683f58916681b17a43c_aug_hflip_0.jpg | datasets\dataset_v2_5class\train\images\frame_00088_jpg.rf.87e59ab061d8b683f58916681b17a43c_aug_hflip_0.jpg | datasets\dataset_v3_clean_background\train\images\frame_00088_jpg.rf.87e59ab061d8b683f58916681b17a43c_aug_hflip_0.jpg
EXACT_479,EXACT_SHA256,3,datasets\dataset_v2_4defect\train\images\frame_00089_jpg.rf.3c4ac6448477b80b330e60b97e25f284.jpg | datasets\dataset_v2_5class\train\images\frame_00089_jpg.rf.3c4ac6448477b80b330e60b97e25f284.jpg | datasets\dataset_v3_clean_background\train\images\frame_00089_jpg.rf.3c4ac6448477b80b330e60b97e25f284.jpg
EXACT_480,EXACT_SHA256,3,datasets\dataset_v2_4defect\train\images\frame_00089_jpg.rf.3c4ac6448477b80b330e60b97e25f284_aug_contrast_1.jpg | datasets\dataset_v2_5class\train\images\frame_00089_jpg.rf.3c4ac6448477b80b330e60b97e25f284_aug_contrast_1.jpg | datasets\dataset_v3_clean_background\train\images\frame_00089_jpg.rf.3c4ac6448477b80b330e60b97e25f284_aug_contrast_1.jpg
EXACT_481,EXACT_SHA256,3,datasets\dataset_v2_4defect\train\images\frame_00089_jpg.rf.3c4ac6448477b80b330e60b97e25f284_aug_hflip_0.jpg | datasets\dataset_v2_5class\train\images\frame_00089_jpg.rf.3c4ac6448477b80b330e60b97e25f284_aug_hflip_0.jpg | datasets\dataset_v3_clean_background\train\images\frame_00089_jpg.rf.3c4ac6448477b80b330e60b97e25f284_aug_hflip_0.jpg
EXACT_482,EXACT_SHA256,3,datasets\dataset_v2_4defect\train\images\frame_00092_jpg.rf.0a3ea5f53c60ab61308d1ff9635957a9.jpg | datasets\dataset_v2_5class\train\images\frame_00092_jpg.rf.0a3ea5f53c60ab61308d1ff9635957a9.jpg | datasets\dataset_v3_clean_background\train\images\frame_00092_jpg.rf.0a3ea5f53c60ab61308d1ff9635957a9.jpg
EXACT_483,EXACT_SHA256,3,datasets\dataset_v2_4defect\train\images\frame_00093_jpg.rf.326afc4876d0513be704b8a69f59a987.jpg | datasets\dataset_v2_5class\train\images\frame_00093_jpg.rf.326afc4876d0513be704b8a69f59a987.jpg | datasets\dataset_v3_clean_background\train\images\frame_00093_jpg.rf.326afc4876d0513be704b8a69f59a987.jpg
EXACT_484,EXACT_SHA256,3,datasets\dataset_v2_4defect\train\images\frame_00093_jpg.rf.326afc4876d0513be704b8a69f59a987_aug_contrast_1.jpg | datasets\dataset_v2_5class\train\images\frame_00093_jpg.rf.326afc4876d0513be704b8a69f59a987_aug_contrast_1.jpg | datasets\dataset_v3_clean_background\train\images\frame_00093_jpg.rf.326afc4876d0513be704b8a69f59a987_aug_contrast_1.jpg
EXACT_485,EXACT_SHA256,3,datasets\dataset_v2_4defect\train\images\frame_00093_jpg.rf.326afc4876d0513be704b8a69f59a987_aug_hflip_0.jpg | datasets\dataset_v2_5class\train\images\frame_00093_jpg.rf.326afc4876d0513be704b8a69f59a987_aug_hflip_0.jpg | datasets\dataset_v3_clean_background\train\images\frame_00093_jpg.rf.326afc4876d0513be704b8a69f59a987_aug_hflip_0.jpg
EXACT_486,EXACT_SHA256,3,datasets\dataset_v2_4defect\train\images\frame_00095_jpg.rf.73fd9b14aedf960eb29fe942e586744c.jpg | datasets\dataset_v2_5class\train\images\frame_00095_jpg.rf.73fd9b14aedf960eb29fe942e586744c.jpg | datasets\dataset_v3_clean_background\train\images\frame_00095_jpg.rf.73fd9b14aedf960eb29fe942e586744c.jpg
EXACT_487,EXACT_SHA256,3,datasets\dataset_v2_4defect\train\images\frame_00096_jpg.rf.8edcb31f47a77839cec1bf5c64ece661.jpg | datasets\dataset_v2_5class\train\images\frame_00096_jpg.rf.8edcb31f47a77839cec1bf5c64ece661.jpg | datasets\dataset_v3_clean_background\train\images\frame_00096_jpg.rf.8edcb31f47a77839cec1bf5c64ece661.jpg
EXACT_488,EXACT_SHA256,3,datasets\dataset_v2_4defect\train\images\frame_00096_jpg.rf.8edcb31f47a77839cec1bf5c64ece661_aug_contrast_1.jpg | datasets\dataset_v2_5class\train\images\frame_00096_jpg.rf.8edcb31f47a77839cec1bf5c64ece661_aug_contrast_1.jpg | datasets\dataset_v3_clean_background\train\images\frame_00096_jpg.rf.8edcb31f47a77839cec1bf5c64ece661_aug_contrast_1.jpg
EXACT_489,EXACT_SHA256,3,datasets\dataset_v2_4defect\train\images\frame_00096_jpg.rf.8edcb31f47a77839cec1bf5c64ece661_aug_hflip_0.jpg | datasets\dataset_v2_5class\train\images\frame_00096_jpg.rf.8edcb31f47a77839cec1bf5c64ece661_aug_hflip_0.jpg | datasets\dataset_v3_clean_background\train\images\frame_00096_jpg.rf.8edcb31f47a77839cec1bf5c64ece661_aug_hflip_0.jpg
EXACT_490,EXACT_SHA256,3,datasets\dataset_v2_4defect\train\images\frame_00097_jpg.rf.089abcc0aa4be83c175a4f0bad602d3c.jpg | datasets\dataset_v2_5class\train\images\frame_00097_jpg.rf.089abcc0aa4be83c175a4f0bad602d3c.jpg | datasets\dataset_v3_clean_background\train\images\frame_00097_jpg.rf.089abcc0aa4be83c175a4f0bad602d3c.jpg
EXACT_491,EXACT_SHA256,3,datasets\dataset_v2_4defect\train\images\frame_00097_jpg.rf.2f7676c8ebbeacd07eef050597643b59.jpg | datasets\dataset_v2_5class\train\images\frame_00097_jpg.rf.2f7676c8ebbeacd07eef050597643b59.jpg | datasets\dataset_v3_clean_background\train\images\frame_00097_jpg.rf.2f7676c8ebbeacd07eef050597643b59.jpg
EXACT_492,EXACT_SHA256,3,datasets\dataset_v2_4defect\train\images\frame_00098_jpg.rf.e2f184e14e5c49e4918a3b8f897ea584.jpg | datasets\dataset_v2_5class\train\images\frame_00098_jpg.rf.e2f184e14e5c49e4918a3b8f897ea584.jpg | datasets\dataset_v3_clean_background\train\images\frame_00098_jpg.rf.e2f184e14e5c49e4918a3b8f897ea584.jpg
EXACT_493,EXACT_SHA256,3,datasets\dataset_v2_4defect\train\images\frame_00099_jpg.rf.86c700d67db41c386ca3cdb733eb54c1.jpg | datasets\dataset_v2_5class\train\images\frame_00099_jpg.rf.86c700d67db41c386ca3cdb733eb54c1.jpg | datasets\dataset_v3_clean_background\train\images\frame_00099_jpg.rf.86c700d67db41c386ca3cdb733eb54c1.jpg
EXACT_494,EXACT_SHA256,3,datasets\dataset_v2_4defect\train\images\frame_00100_jpg.rf.9b26930109b8d694df8cc71cd78f0633.jpg | datasets\dataset_v2_5class\train\images\frame_00100_jpg.rf.9b26930109b8d694df8cc71cd78f0633.jpg | datasets\dataset_v3_clean_background\train\images\frame_00100_jpg.rf.9b26930109b8d694df8cc71cd78f0633.jpg
EXACT_495,EXACT_SHA256,3,datasets\dataset_v2_4defect\train\images\frame_00101_jpg.rf.006cb43f0d59b252a0bda660dccb2177.jpg | datasets\dataset_v2_5class\train\images\frame_00101_jpg.rf.006cb43f0d59b252a0bda660dccb2177.jpg | datasets\dataset_v3_clean_background\train\images\frame_00101_jpg.rf.006cb43f0d59b252a0bda660dccb2177.jpg
EXACT_496,EXACT_SHA256,3,datasets\dataset_v2_4defect\train\images\frame_00103_jpg.rf.00b324ab7c066d8f8d7f6322599b3941.jpg | datasets\dataset_v2_5class\train\images\frame_00103_jpg.rf.00b324ab7c066d8f8d7f6322599b3941.jpg | datasets\dataset_v3_clean_background\train\images\frame_00103_jpg.rf.00b324ab7c066d8f8d7f6322599b3941.jpg
EXACT_497,EXACT_SHA256,3,datasets\dataset_v2_4defect\train\images\frame_00103_jpg.rf.00b324ab7c066d8f8d7f6322599b3941_aug_contrast_3.jpg | datasets\dataset_v2_5class\train\images\frame_00103_jpg.rf.00b324ab7c066d8f8d7f6322599b3941_aug_contrast_3.jpg | datasets\dataset_v3_clean_background\train\images\frame_00103_jpg.rf.00b324ab7c066d8f8d7f6322599b3941_aug_contrast_3.jpg
EXACT_498,EXACT_SHA256,3,datasets\dataset_v2_4defect\train\images\frame_00103_jpg.rf.00b324ab7c066d8f8d7f6322599b3941_aug_hflip_0.jpg | datasets\dataset_v2_5class\train\images\frame_00103_jpg.rf.00b324ab7c066d8f8d7f6322599b3941_aug_hflip_0.jpg | datasets\dataset_v3_clean_background\train\images\frame_00103_jpg.rf.00b324ab7c066d8f8d7f6322599b3941_aug_hflip_0.jpg
EXACT_499,EXACT_SHA256,3,datasets\dataset_v2_4defect\train\images\frame_00103_jpg.rf.00b324ab7c066d8f8d7f6322599b3941_aug_hvflip_2.jpg | datasets\dataset_v2_5class\train\images\frame_00103_jpg.rf.00b324ab7c066d8f8d7f6322599b3941_aug_hvflip_2.jpg | datasets\dataset_v3_clean_background\train\images\frame_00103_jpg.rf.00b324ab7c066d8f8d7f6322599b3941_aug_hvflip_2.jpg
EXACT_500,EXACT_SHA256,3,datasets\dataset_v2_4defect\train\images\frame_00103_jpg.rf.00b324ab7c066d8f8d7f6322599b3941_aug_vflip_1.jpg | datasets\dataset_v2_5class\train\images\frame_00103_jpg.rf.00b324ab7c066d8f8d7f6322599b3941_aug_vflip_1.jpg | datasets\dataset_v3_clean_background\train\images\frame_00103_jpg.rf.00b324ab7c066d8f8d7f6322599b3941_aug_vflip_1.jpg
EXACT_501,EXACT_SHA256,3,datasets\dataset_v2_4defect\train\images\frame_00104_jpg.rf.9c59e812c20eda7a8f1049ae5bc1fb0e.jpg | datasets\dataset_v2_5class\train\images\frame_00104_jpg.rf.9c59e812c20eda7a8f1049ae5bc1fb0e.jpg | datasets\dataset_v3_clean_background\train\images\frame_00104_jpg.rf.9c59e812c20eda7a8f1049ae5bc1fb0e.jpg
EXACT_502,EXACT_SHA256,3,datasets\dataset_v2_4defect\train\images\frame_00106_jpg.rf.66c01adefaa664049888e17a96463474.jpg | datasets\dataset_v2_5class\train\images\frame_00106_jpg.rf.66c01adefaa664049888e17a96463474.jpg | datasets\dataset_v3_clean_background\train\images\frame_00106_jpg.rf.66c01adefaa664049888e17a96463474.jpg
EXACT_503,EXACT_SHA256,3,datasets\dataset_v2_4defect\train\images\frame_00106_jpg.rf.66c01adefaa664049888e17a96463474_aug_contrast_1.jpg | datasets\dataset_v2_5class\train\images\frame_00106_jpg.rf.66c01adefaa664049888e17a96463474_aug_contrast_1.jpg | datasets\dataset_v3_clean_background\train\images\frame_00106_jpg.rf.66c01adefaa664049888e17a96463474_aug_contrast_1.jpg
EXACT_504,EXACT_SHA256,3,datasets\dataset_v2_4defect\train\images\frame_00106_jpg.rf.66c01adefaa664049888e17a96463474_aug_hflip_0.jpg | datasets\dataset_v2_5class\train\images\frame_00106_jpg.rf.66c01adefaa664049888e17a96463474_aug_hflip_0.jpg | datasets\dataset_v3_clean_background\train\images\frame_00106_jpg.rf.66c01adefaa664049888e17a96463474_aug_hflip_0.jpg
EXACT_505,EXACT_SHA256,3,datasets\dataset_v2_4defect\train\images\frame_00106_jpg.rf.d74973aeb96a2286e2ff0af46547676d.jpg | datasets\dataset_v2_5class\train\images\frame_00106_jpg.rf.d74973aeb96a2286e2ff0af46547676d.jpg | datasets\dataset_v3_clean_background\train\images\frame_00106_jpg.rf.d74973aeb96a2286e2ff0af46547676d.jpg
EXACT_506,EXACT_SHA256,3,datasets\dataset_v2_4defect\train\images\frame_00107_jpg.rf.cefbb6849466e2fe63487d8f67cbbf83.jpg | datasets\dataset_v2_5class\train\images\frame_00107_jpg.rf.cefbb6849466e2fe63487d8f67cbbf83.jpg | datasets\dataset_v3_clean_background\train\images\frame_00107_jpg.rf.cefbb6849466e2fe63487d8f67cbbf83.jpg
EXACT_507,EXACT_SHA256,3,datasets\dataset_v2_4defect\train\images\frame_00108_jpg.rf.a1d24cc58c7bca2b3967c9b335d4aa1a.jpg | datasets\dataset_v2_5class\train\images\frame_00108_jpg.rf.a1d24cc58c7bca2b3967c9b335d4aa1a.jpg | datasets\dataset_v3_clean_background\train\images\frame_00108_jpg.rf.a1d24cc58c7bca2b3967c9b335d4aa1a.jpg
EXACT_508,EXACT_SHA256,3,datasets\dataset_v2_4defect\train\images\frame_00109_jpg.rf.b63ab4e3efb3483cfe7d129650b66942.jpg | datasets\dataset_v2_5class\train\images\frame_00109_jpg.rf.b63ab4e3efb3483cfe7d129650b66942.jpg | datasets\dataset_v3_clean_background\train\images\frame_00109_jpg.rf.b63ab4e3efb3483cfe7d129650b66942.jpg
EXACT_509,EXACT_SHA256,3,datasets\dataset_v2_4defect\train\images\frame_00109_jpg.rf.b63ab4e3efb3483cfe7d129650b66942_aug_contrast_1.jpg | datasets\dataset_v2_5class\train\images\frame_00109_jpg.rf.b63ab4e3efb3483cfe7d129650b66942_aug_contrast_1.jpg | datasets\dataset_v3_clean_background\train\images\frame_00109_jpg.rf.b63ab4e3efb3483cfe7d129650b66942_aug_contrast_1.jpg
EXACT_510,EXACT_SHA256,3,datasets\dataset_v2_4defect\train\images\frame_00109_jpg.rf.b63ab4e3efb3483cfe7d129650b66942_aug_hflip_0.jpg | datasets\dataset_v2_5class\train\images\frame_00109_jpg.rf.b63ab4e3efb3483cfe7d129650b66942_aug_hflip_0.jpg | datasets\dataset_v3_clean_background\train\images\frame_00109_jpg.rf.b63ab4e3efb3483cfe7d129650b66942_aug_hflip_0.jpg
EXACT_511,EXACT_SHA256,3,datasets\dataset_v2_4defect\train\images\frame_00110_jpg.rf.42313121e547feec62a2f7cdb015bda2.jpg | datasets\dataset_v2_5class\train\images\frame_00110_jpg.rf.42313121e547feec62a2f7cdb015bda2.jpg | datasets\dataset_v3_clean_background\train\images\frame_00110_jpg.rf.42313121e547feec62a2f7cdb015bda2.jpg
EXACT_512,EXACT_SHA256,3,datasets\dataset_v2_4defect\train\images\frame_00111_jpg.rf.a639ac443daad7b5631a22d5b1490fa6.jpg | datasets\dataset_v2_5class\train\images\frame_00111_jpg.rf.a639ac443daad7b5631a22d5b1490fa6.jpg | datasets\dataset_v3_clean_background\train\images\frame_00111_jpg.rf.a639ac443daad7b5631a22d5b1490fa6.jpg
EXACT_513,EXACT_SHA256,3,datasets\dataset_v2_4defect\train\images\frame_00112_jpg.rf.84315d186bf506f996d73d0b32082171.jpg | datasets\dataset_v2_5class\train\images\frame_00112_jpg.rf.84315d186bf506f996d73d0b32082171.jpg | datasets\dataset_v3_clean_background\train\images\frame_00112_jpg.rf.84315d186bf506f996d73d0b32082171.jpg
EXACT_514,EXACT_SHA256,3,datasets\dataset_v2_4defect\train\images\frame_00113_jpg.rf.3c24baa5375ef67e96377d9a4487b941.jpg | datasets\dataset_v2_5class\train\images\frame_00113_jpg.rf.3c24baa5375ef67e96377d9a4487b941.jpg | datasets\dataset_v3_clean_background\train\images\frame_00113_jpg.rf.3c24baa5375ef67e96377d9a4487b941.jpg
EXACT_515,EXACT_SHA256,3,datasets\dataset_v2_4defect\train\images\frame_00113_jpg.rf.3c24baa5375ef67e96377d9a4487b941_aug_contrast_1.jpg | datasets\dataset_v2_5class\train\images\frame_00113_jpg.rf.3c24baa5375ef67e96377d9a4487b941_aug_contrast_1.jpg | datasets\dataset_v3_clean_background\train\images\frame_00113_jpg.rf.3c24baa5375ef67e96377d9a4487b941_aug_contrast_1.jpg
EXACT_516,EXACT_SHA256,3,datasets\dataset_v2_4defect\train\images\frame_00113_jpg.rf.3c24baa5375ef67e96377d9a4487b941_aug_hflip_0.jpg | datasets\dataset_v2_5class\train\images\frame_00113_jpg.rf.3c24baa5375ef67e96377d9a4487b941_aug_hflip_0.jpg | datasets\dataset_v3_clean_background\train\images\frame_00113_jpg.rf.3c24baa5375ef67e96377d9a4487b941_aug_hflip_0.jpg
EXACT_517,EXACT_SHA256,3,datasets\dataset_v2_4defect\train\images\frame_00114_jpg.rf.2d6e2d15d616071c2bc3641ee2bf01ef.jpg | datasets\dataset_v2_5class\train\images\frame_00114_jpg.rf.2d6e2d15d616071c2bc3641ee2bf01ef.jpg | datasets\dataset_v3_clean_background\train\images\frame_00114_jpg.rf.2d6e2d15d616071c2bc3641ee2bf01ef.jpg
EXACT_518,EXACT_SHA256,3,datasets\dataset_v2_4defect\train\images\frame_00114_jpg.rf.2d6e2d15d616071c2bc3641ee2bf01ef_aug_contrast_2.jpg | datasets\dataset_v2_5class\train\images\frame_00114_jpg.rf.2d6e2d15d616071c2bc3641ee2bf01ef_aug_contrast_2.jpg | datasets\dataset_v3_clean_background\train\images\frame_00114_jpg.rf.2d6e2d15d616071c2bc3641ee2bf01ef_aug_contrast_2.jpg
EXACT_519,EXACT_SHA256,3,datasets\dataset_v2_4defect\train\images\frame_00114_jpg.rf.2d6e2d15d616071c2bc3641ee2bf01ef_aug_hflip_0.jpg | datasets\dataset_v2_5class\train\images\frame_00114_jpg.rf.2d6e2d15d616071c2bc3641ee2bf01ef_aug_hflip_0.jpg | datasets\dataset_v3_clean_background\train\images\frame_00114_jpg.rf.2d6e2d15d616071c2bc3641ee2bf01ef_aug_hflip_0.jpg
EXACT_520,EXACT_SHA256,3,datasets\dataset_v2_4defect\train\images\frame_00114_jpg.rf.2d6e2d15d616071c2bc3641ee2bf01ef_aug_vflip_1.jpg | datasets\dataset_v2_5class\train\images\frame_00114_jpg.rf.2d6e2d15d616071c2bc3641ee2bf01ef_aug_vflip_1.jpg | datasets\dataset_v3_clean_background\train\images\frame_00114_jpg.rf.2d6e2d15d616071c2bc3641ee2bf01ef_aug_vflip_1.jpg
EXACT_521,EXACT_SHA256,3,datasets\dataset_v2_4defect\train\images\frame_00114_jpg.rf.bf68c9ffe229d1310914a1b699898b03.jpg | datasets\dataset_v2_5class\train\images\frame_00114_jpg.rf.bf68c9ffe229d1310914a1b699898b03.jpg | datasets\dataset_v3_clean_background\train\images\frame_00114_jpg.rf.bf68c9ffe229d1310914a1b699898b03.jpg
EXACT_522,EXACT_SHA256,3,datasets\dataset_v2_4defect\train\images\frame_00115_jpg.rf.28b4796023ae92201ed0b6b52dcef9a5.jpg | datasets\dataset_v2_5class\train\images\frame_00115_jpg.rf.28b4796023ae92201ed0b6b52dcef9a5.jpg | datasets\dataset_v3_clean_background\train\images\frame_00115_jpg.rf.28b4796023ae92201ed0b6b52dcef9a5.jpg
EXACT_523,EXACT_SHA256,3,datasets\dataset_v2_4defect\train\images\frame_00115_jpg.rf.28b4796023ae92201ed0b6b52dcef9a5_aug_contrast_1.jpg | datasets\dataset_v2_5class\train\images\frame_00115_jpg.rf.28b4796023ae92201ed0b6b52dcef9a5_aug_contrast_1.jpg | datasets\dataset_v3_clean_background\train\images\frame_00115_jpg.rf.28b4796023ae92201ed0b6b52dcef9a5_aug_contrast_1.jpg
EXACT_524,EXACT_SHA256,3,datasets\dataset_v2_4defect\train\images\frame_00115_jpg.rf.28b4796023ae92201ed0b6b52dcef9a5_aug_hflip_0.jpg | datasets\dataset_v2_5class\train\images\frame_00115_jpg.rf.28b4796023ae92201ed0b6b52dcef9a5_aug_hflip_0.jpg | datasets\dataset_v3_clean_background\train\images\frame_00115_jpg.rf.28b4796023ae92201ed0b6b52dcef9a5_aug_hflip_0.jpg
EXACT_525,EXACT_SHA256,3,datasets\dataset_v2_4defect\train\images\frame_00116_jpg.rf.08b34aaaa777a3d5d55fa22ff11b14de.jpg | datasets\dataset_v2_5class\train\images\frame_00116_jpg.rf.08b34aaaa777a3d5d55fa22ff11b14de.jpg | datasets\dataset_v3_clean_background\train\images\frame_00116_jpg.rf.08b34aaaa777a3d5d55fa22ff11b14de.jpg
EXACT_526,EXACT_SHA256,3,datasets\dataset_v2_4defect\train\images\frame_00116_jpg.rf.08b34aaaa777a3d5d55fa22ff11b14de_aug_contrast_1.jpg | datasets\dataset_v2_5class\train\images\frame_00116_jpg.rf.08b34aaaa777a3d5d55fa22ff11b14de_aug_contrast_1.jpg | datasets\dataset_v3_clean_background\train\images\frame_00116_jpg.rf.08b34aaaa777a3d5d55fa22ff11b14de_aug_contrast_1.jpg
EXACT_527,EXACT_SHA256,3,datasets\dataset_v2_4defect\train\images\frame_00116_jpg.rf.08b34aaaa777a3d5d55fa22ff11b14de_aug_hflip_0.jpg | datasets\dataset_v2_5class\train\images\frame_00116_jpg.rf.08b34aaaa777a3d5d55fa22ff11b14de_aug_hflip_0.jpg | datasets\dataset_v3_clean_background\train\images\frame_00116_jpg.rf.08b34aaaa777a3d5d55fa22ff11b14de_aug_hflip_0.jpg
EXACT_528,EXACT_SHA256,3,datasets\dataset_v2_4defect\train\images\frame_00116_jpg.rf.2521d7902c18a521c6c9c8a56f2b5618.jpg | datasets\dataset_v2_5class\train\images\frame_00116_jpg.rf.2521d7902c18a521c6c9c8a56f2b5618.jpg | datasets\dataset_v3_clean_background\train\images\frame_00116_jpg.rf.2521d7902c18a521c6c9c8a56f2b5618.jpg
EXACT_529,EXACT_SHA256,3,datasets\dataset_v2_4defect\train\images\frame_00117_jpg.rf.dc8b15753471ed38160b14b362032076.jpg | datasets\dataset_v2_5class\train\images\frame_00117_jpg.rf.dc8b15753471ed38160b14b362032076.jpg | datasets\dataset_v3_clean_background\train\images\frame_00117_jpg.rf.dc8b15753471ed38160b14b362032076.jpg
EXACT_530,EXACT_SHA256,3,datasets\dataset_v2_4defect\train\images\frame_00117_jpg.rf.dc8b15753471ed38160b14b362032076_aug_contrast_1.jpg | datasets\dataset_v2_5class\train\images\frame_00117_jpg.rf.dc8b15753471ed38160b14b362032076_aug_contrast_1.jpg | datasets\dataset_v3_clean_background\train\images\frame_00117_jpg.rf.dc8b15753471ed38160b14b362032076_aug_contrast_1.jpg
EXACT_531,EXACT_SHA256,3,datasets\dataset_v2_4defect\train\images\frame_00117_jpg.rf.dc8b15753471ed38160b14b362032076_aug_hflip_0.jpg | datasets\dataset_v2_5class\train\images\frame_00117_jpg.rf.dc8b15753471ed38160b14b362032076_aug_hflip_0.jpg | datasets\dataset_v3_clean_background\train\images\frame_00117_jpg.rf.dc8b15753471ed38160b14b362032076_aug_hflip_0.jpg
EXACT_532,EXACT_SHA256,3,datasets\dataset_v2_4defect\train\images\frame_00119_jpg.rf.289a50dfca24fa6b302d90498165896d.jpg | datasets\dataset_v2_5class\train\images\frame_00119_jpg.rf.289a50dfca24fa6b302d90498165896d.jpg | datasets\dataset_v3_clean_background\train\images\frame_00119_jpg.rf.289a50dfca24fa6b302d90498165896d.jpg
EXACT_533,EXACT_SHA256,3,datasets\dataset_v2_4defect\train\images\frame_00119_jpg.rf.3775ae1353159f616a1e6d4188664454.jpg | datasets\dataset_v2_5class\train\images\frame_00119_jpg.rf.3775ae1353159f616a1e6d4188664454.jpg | datasets\dataset_v3_clean_background\train\images\frame_00119_jpg.rf.3775ae1353159f616a1e6d4188664454.jpg
EXACT_534,EXACT_SHA256,3,datasets\dataset_v2_4defect\train\images\frame_00120_jpg.rf.821de776cd8844174eeee71eb0400c3a.jpg | datasets\dataset_v2_5class\train\images\frame_00120_jpg.rf.821de776cd8844174eeee71eb0400c3a.jpg | datasets\dataset_v3_clean_background\train\images\frame_00120_jpg.rf.821de776cd8844174eeee71eb0400c3a.jpg
EXACT_535,EXACT_SHA256,3,datasets\dataset_v2_4defect\train\images\frame_00120_jpg.rf.821de776cd8844174eeee71eb0400c3a_aug_contrast_1.jpg | datasets\dataset_v2_5class\train\images\frame_00120_jpg.rf.821de776cd8844174eeee71eb0400c3a_aug_contrast_1.jpg | datasets\dataset_v3_clean_background\train\images\frame_00120_jpg.rf.821de776cd8844174eeee71eb0400c3a_aug_contrast_1.jpg
EXACT_536,EXACT_SHA256,3,datasets\dataset_v2_4defect\train\images\frame_00120_jpg.rf.821de776cd8844174eeee71eb0400c3a_aug_hflip_0.jpg | datasets\dataset_v2_5class\train\images\frame_00120_jpg.rf.821de776cd8844174eeee71eb0400c3a_aug_hflip_0.jpg | datasets\dataset_v3_clean_background\train\images\frame_00120_jpg.rf.821de776cd8844174eeee71eb0400c3a_aug_hflip_0.jpg
EXACT_537,EXACT_SHA256,5,datasets\dataset_v2_4defect\train\images\frame_00121_jpg.rf.35938fe6d80f1299c994e9cb2adbac77.jpg | datasets\dataset_v2_5class\train\images\frame_00121_jpg.rf.35938fe6d80f1299c994e9cb2adbac77.jpg | datasets\dataset_v3_clean_background\train\images\frame_00121_jpg.rf.35938fe6d80f1299c994e9cb2adbac77.jpg | known_defect_tests\deep_scratch_5_frame_00121_jpg.rf.35938fe6d80f1299c994e9cb2adbac77.jpg | known_defect_tests\slight_scratch_4_frame_00121_jpg.rf.35938fe6d80f1299c994e9cb2adbac77.jpg
EXACT_538,EXACT_SHA256,3,datasets\dataset_v2_4defect\train\images\frame_00121_jpg.rf.e676092e667ba16cc8dbaea2e3f6e68e.jpg | datasets\dataset_v2_5class\train\images\frame_00121_jpg.rf.e676092e667ba16cc8dbaea2e3f6e68e.jpg | datasets\dataset_v3_clean_background\train\images\frame_00121_jpg.rf.e676092e667ba16cc8dbaea2e3f6e68e.jpg
EXACT_539,EXACT_SHA256,3,datasets\dataset_v2_4defect\train\images\frame_00122_jpg.rf.2b6e6a949ebb789b76b27f54547b6100.jpg | datasets\dataset_v2_5class\train\images\frame_00122_jpg.rf.2b6e6a949ebb789b76b27f54547b6100.jpg | datasets\dataset_v3_clean_background\train\images\frame_00122_jpg.rf.2b6e6a949ebb789b76b27f54547b6100.jpg
EXACT_540,EXACT_SHA256,3,datasets\dataset_v2_4defect\train\images\frame_00122_jpg.rf.ef82374d953643dc00d5b2e740175659.jpg | datasets\dataset_v2_5class\train\images\frame_00122_jpg.rf.ef82374d953643dc00d5b2e740175659.jpg | datasets\dataset_v3_clean_background\train\images\frame_00122_jpg.rf.ef82374d953643dc00d5b2e740175659.jpg
EXACT_541,EXACT_SHA256,3,datasets\dataset_v2_4defect\train\images\frame_00123_jpg.rf.6f84b5a6de9b5a3127558f24371d6f55.jpg | datasets\dataset_v2_5class\train\images\frame_00123_jpg.rf.6f84b5a6de9b5a3127558f24371d6f55.jpg | datasets\dataset_v3_clean_background\train\images\frame_00123_jpg.rf.6f84b5a6de9b5a3127558f24371d6f55.jpg
EXACT_542,EXACT_SHA256,3,datasets\dataset_v2_4defect\train\images\frame_00124_jpg.rf.db15bd75394c65b38849062d916baa6a.jpg | datasets\dataset_v2_5class\train\images\frame_00124_jpg.rf.db15bd75394c65b38849062d916baa6a.jpg | datasets\dataset_v3_clean_background\train\images\frame_00124_jpg.rf.db15bd75394c65b38849062d916baa6a.jpg
EXACT_543,EXACT_SHA256,3,datasets\dataset_v2_4defect\train\images\frame_00124_jpg.rf.db15bd75394c65b38849062d916baa6a_aug_contrast_1.jpg | datasets\dataset_v2_5class\train\images\frame_00124_jpg.rf.db15bd75394c65b38849062d916baa6a_aug_contrast_1.jpg | datasets\dataset_v3_clean_background\train\images\frame_00124_jpg.rf.db15bd75394c65b38849062d916baa6a_aug_contrast_1.jpg
EXACT_544,EXACT_SHA256,3,datasets\dataset_v2_4defect\train\images\frame_00124_jpg.rf.db15bd75394c65b38849062d916baa6a_aug_hflip_0.jpg | datasets\dataset_v2_5class\train\images\frame_00124_jpg.rf.db15bd75394c65b38849062d916baa6a_aug_hflip_0.jpg | datasets\dataset_v3_clean_background\train\images\frame_00124_jpg.rf.db15bd75394c65b38849062d916baa6a_aug_hflip_0.jpg
EXACT_545,EXACT_SHA256,3,datasets\dataset_v2_4defect\train\images\frame_00125_jpg.rf.153e3a52cb2f528a1a9e830cc16c1d08.jpg | datasets\dataset_v2_5class\train\images\frame_00125_jpg.rf.153e3a52cb2f528a1a9e830cc16c1d08.jpg | datasets\dataset_v3_clean_background\train\images\frame_00125_jpg.rf.153e3a52cb2f528a1a9e830cc16c1d08.jpg
EXACT_546,EXACT_SHA256,3,datasets\dataset_v2_4defect\train\images\frame_00125_jpg.rf.153e3a52cb2f528a1a9e830cc16c1d08_aug_contrast_3.jpg | datasets\dataset_v2_5class\train\images\frame_00125_jpg.rf.153e3a52cb2f528a1a9e830cc16c1d08_aug_contrast_3.jpg | datasets\dataset_v3_clean_background\train\images\frame_00125_jpg.rf.153e3a52cb2f528a1a9e830cc16c1d08_aug_contrast_3.jpg
EXACT_547,EXACT_SHA256,3,datasets\dataset_v2_4defect\train\images\frame_00125_jpg.rf.153e3a52cb2f528a1a9e830cc16c1d08_aug_hflip_0.jpg | datasets\dataset_v2_5class\train\images\frame_00125_jpg.rf.153e3a52cb2f528a1a9e830cc16c1d08_aug_hflip_0.jpg | datasets\dataset_v3_clean_background\train\images\frame_00125_jpg.rf.153e3a52cb2f528a1a9e830cc16c1d08_aug_hflip_0.jpg
EXACT_548,EXACT_SHA256,3,datasets\dataset_v2_4defect\train\images\frame_00125_jpg.rf.153e3a52cb2f528a1a9e830cc16c1d08_aug_hvflip_2.jpg | datasets\dataset_v2_5class\train\images\frame_00125_jpg.rf.153e3a52cb2f528a1a9e830cc16c1d08_aug_hvflip_2.jpg | datasets\dataset_v3_clean_background\train\images\frame_00125_jpg.rf.153e3a52cb2f528a1a9e830cc16c1d08_aug_hvflip_2.jpg
EXACT_549,EXACT_SHA256,3,datasets\dataset_v2_4defect\train\images\frame_00125_jpg.rf.153e3a52cb2f528a1a9e830cc16c1d08_aug_vflip_1.jpg | datasets\dataset_v2_5class\train\images\frame_00125_jpg.rf.153e3a52cb2f528a1a9e830cc16c1d08_aug_vflip_1.jpg | datasets\dataset_v3_clean_background\train\images\frame_00125_jpg.rf.153e3a52cb2f528a1a9e830cc16c1d08_aug_vflip_1.jpg
EXACT_550,EXACT_SHA256,3,datasets\dataset_v2_4defect\train\images\frame_00126_jpg.rf.f2050ff5ea4bd64e8a4ffd0f4ace0ce2.jpg | datasets\dataset_v2_5class\train\images\frame_00126_jpg.rf.f2050ff5ea4bd64e8a4ffd0f4ace0ce2.jpg | datasets\dataset_v3_clean_background\train\images\frame_00126_jpg.rf.f2050ff5ea4bd64e8a4ffd0f4ace0ce2.jpg
EXACT_551,EXACT_SHA256,3,datasets\dataset_v2_4defect\train\images\frame_00126_jpg.rf.f2050ff5ea4bd64e8a4ffd0f4ace0ce2_aug_contrast_3.jpg | datasets\dataset_v2_5class\train\images\frame_00126_jpg.rf.f2050ff5ea4bd64e8a4ffd0f4ace0ce2_aug_contrast_3.jpg | datasets\dataset_v3_clean_background\train\images\frame_00126_jpg.rf.f2050ff5ea4bd64e8a4ffd0f4ace0ce2_aug_contrast_3.jpg
EXACT_552,EXACT_SHA256,3,datasets\dataset_v2_4defect\train\images\frame_00126_jpg.rf.f2050ff5ea4bd64e8a4ffd0f4ace0ce2_aug_hflip_0.jpg | datasets\dataset_v2_5class\train\images\frame_00126_jpg.rf.f2050ff5ea4bd64e8a4ffd0f4ace0ce2_aug_hflip_0.jpg | datasets\dataset_v3_clean_background\train\images\frame_00126_jpg.rf.f2050ff5ea4bd64e8a4ffd0f4ace0ce2_aug_hflip_0.jpg
EXACT_553,EXACT_SHA256,3,datasets\dataset_v2_4defect\train\images\frame_00126_jpg.rf.f2050ff5ea4bd64e8a4ffd0f4ace0ce2_aug_hvflip_2.jpg | datasets\dataset_v2_5class\train\images\frame_00126_jpg.rf.f2050ff5ea4bd64e8a4ffd0f4ace0ce2_aug_hvflip_2.jpg | datasets\dataset_v3_clean_background\train\images\frame_00126_jpg.rf.f2050ff5ea4bd64e8a4ffd0f4ace0ce2_aug_hvflip_2.jpg
EXACT_554,EXACT_SHA256,3,datasets\dataset_v2_4defect\train\images\frame_00126_jpg.rf.f2050ff5ea4bd64e8a4ffd0f4ace0ce2_aug_vflip_1.jpg | datasets\dataset_v2_5class\train\images\frame_00126_jpg.rf.f2050ff5ea4bd64e8a4ffd0f4ace0ce2_aug_vflip_1.jpg | datasets\dataset_v3_clean_background\train\images\frame_00126_jpg.rf.f2050ff5ea4bd64e8a4ffd0f4ace0ce2_aug_vflip_1.jpg
EXACT_555,EXACT_SHA256,3,datasets\dataset_v2_4defect\train\images\frame_00128_jpg.rf.338fdca7701bd7c0e61f430a67dda654.jpg | datasets\dataset_v2_5class\train\images\frame_00128_jpg.rf.338fdca7701bd7c0e61f430a67dda654.jpg | datasets\dataset_v3_clean_background\train\images\frame_00128_jpg.rf.338fdca7701bd7c0e61f430a67dda654.jpg
EXACT_556,EXACT_SHA256,4,datasets\dataset_v2_4defect\train\images\frame_00129_jpg.rf.7719d1d835cab947ea466cdf7469001a.jpg | datasets\dataset_v2_5class\train\images\frame_00129_jpg.rf.7719d1d835cab947ea466cdf7469001a.jpg | datasets\dataset_v3_clean_background\train\images\frame_00129_jpg.rf.7719d1d835cab947ea466cdf7469001a.jpg | known_defect_tests\slight_scratch_5_frame_00129_jpg.rf.7719d1d835cab947ea466cdf7469001a.jpg
EXACT_557,EXACT_SHA256,3,datasets\dataset_v2_4defect\train\images\frame_00130_jpg.rf.4411bebdb5be05dc67be5bddfe26f88b.jpg | datasets\dataset_v2_5class\train\images\frame_00130_jpg.rf.4411bebdb5be05dc67be5bddfe26f88b.jpg | datasets\dataset_v3_clean_background\train\images\frame_00130_jpg.rf.4411bebdb5be05dc67be5bddfe26f88b.jpg
EXACT_558,EXACT_SHA256,3,datasets\dataset_v2_4defect\train\images\frame_00130_jpg.rf.4411bebdb5be05dc67be5bddfe26f88b_aug_contrast_1.jpg | datasets\dataset_v2_5class\train\images\frame_00130_jpg.rf.4411bebdb5be05dc67be5bddfe26f88b_aug_contrast_1.jpg | datasets\dataset_v3_clean_background\train\images\frame_00130_jpg.rf.4411bebdb5be05dc67be5bddfe26f88b_aug_contrast_1.jpg
EXACT_559,EXACT_SHA256,3,datasets\dataset_v2_4defect\train\images\frame_00130_jpg.rf.4411bebdb5be05dc67be5bddfe26f88b_aug_hflip_0.jpg | datasets\dataset_v2_5class\train\images\frame_00130_jpg.rf.4411bebdb5be05dc67be5bddfe26f88b_aug_hflip_0.jpg | datasets\dataset_v3_clean_background\train\images\frame_00130_jpg.rf.4411bebdb5be05dc67be5bddfe26f88b_aug_hflip_0.jpg
EXACT_560,EXACT_SHA256,3,datasets\dataset_v2_4defect\train\images\frame_00131_jpg.rf.8aff8c3afc6564a1e458acb76f1fb0bb.jpg | datasets\dataset_v2_5class\train\images\frame_00131_jpg.rf.8aff8c3afc6564a1e458acb76f1fb0bb.jpg | datasets\dataset_v3_clean_background\train\images\frame_00131_jpg.rf.8aff8c3afc6564a1e458acb76f1fb0bb.jpg
EXACT_561,EXACT_SHA256,3,datasets\dataset_v2_4defect\train\images\frame_00131_jpg.rf.8aff8c3afc6564a1e458acb76f1fb0bb_aug_contrast_1.jpg | datasets\dataset_v2_5class\train\images\frame_00131_jpg.rf.8aff8c3afc6564a1e458acb76f1fb0bb_aug_contrast_1.jpg | datasets\dataset_v3_clean_background\train\images\frame_00131_jpg.rf.8aff8c3afc6564a1e458acb76f1fb0bb_aug_contrast_1.jpg
EXACT_562,EXACT_SHA256,3,datasets\dataset_v2_4defect\train\images\frame_00131_jpg.rf.8aff8c3afc6564a1e458acb76f1fb0bb_aug_hflip_0.jpg | datasets\dataset_v2_5class\train\images\frame_00131_jpg.rf.8aff8c3afc6564a1e458acb76f1fb0bb_aug_hflip_0.jpg | datasets\dataset_v3_clean_background\train\images\frame_00131_jpg.rf.8aff8c3afc6564a1e458acb76f1fb0bb_aug_hflip_0.jpg
EXACT_563,EXACT_SHA256,3,datasets\dataset_v2_4defect\train\images\frame_00132_jpg.rf.816b54bff7d7c1db1cffa085f95eb41f.jpg | datasets\dataset_v2_5class\train\images\frame_00132_jpg.rf.816b54bff7d7c1db1cffa085f95eb41f.jpg | datasets\dataset_v3_clean_background\train\images\frame_00132_jpg.rf.816b54bff7d7c1db1cffa085f95eb41f.jpg
EXACT_564,EXACT_SHA256,3,datasets\dataset_v2_4defect\train\images\frame_00132_jpg.rf.816b54bff7d7c1db1cffa085f95eb41f_aug_contrast_1.jpg | datasets\dataset_v2_5class\train\images\frame_00132_jpg.rf.816b54bff7d7c1db1cffa085f95eb41f_aug_contrast_1.jpg | datasets\dataset_v3_clean_background\train\images\frame_00132_jpg.rf.816b54bff7d7c1db1cffa085f95eb41f_aug_contrast_1.jpg
EXACT_565,EXACT_SHA256,3,datasets\dataset_v2_4defect\train\images\frame_00132_jpg.rf.816b54bff7d7c1db1cffa085f95eb41f_aug_hflip_0.jpg | datasets\dataset_v2_5class\train\images\frame_00132_jpg.rf.816b54bff7d7c1db1cffa085f95eb41f_aug_hflip_0.jpg | datasets\dataset_v3_clean_background\train\images\frame_00132_jpg.rf.816b54bff7d7c1db1cffa085f95eb41f_aug_hflip_0.jpg
EXACT_566,EXACT_SHA256,3,datasets\dataset_v2_4defect\train\images\frame_00134_jpg.rf.92113ddaeb18d60c3d074b0bbe4f9c70.jpg | datasets\dataset_v2_5class\train\images\frame_00134_jpg.rf.92113ddaeb18d60c3d074b0bbe4f9c70.jpg | datasets\dataset_v3_clean_background\train\images\frame_00134_jpg.rf.92113ddaeb18d60c3d074b0bbe4f9c70.jpg
EXACT_567,EXACT_SHA256,3,datasets\dataset_v2_4defect\train\images\frame_00135_jpg.rf.fd7c6c2f8a055276d7da5d1fb3c8e0a5.jpg | datasets\dataset_v2_5class\train\images\frame_00135_jpg.rf.fd7c6c2f8a055276d7da5d1fb3c8e0a5.jpg | datasets\dataset_v3_clean_background\train\images\frame_00135_jpg.rf.fd7c6c2f8a055276d7da5d1fb3c8e0a5.jpg
EXACT_568,EXACT_SHA256,3,datasets\dataset_v2_4defect\train\images\frame_00135_jpg.rf.fd7c6c2f8a055276d7da5d1fb3c8e0a5_aug_contrast_1.jpg | datasets\dataset_v2_5class\train\images\frame_00135_jpg.rf.fd7c6c2f8a055276d7da5d1fb3c8e0a5_aug_contrast_1.jpg | datasets\dataset_v3_clean_background\train\images\frame_00135_jpg.rf.fd7c6c2f8a055276d7da5d1fb3c8e0a5_aug_contrast_1.jpg
EXACT_569,EXACT_SHA256,3,datasets\dataset_v2_4defect\train\images\frame_00135_jpg.rf.fd7c6c2f8a055276d7da5d1fb3c8e0a5_aug_hflip_0.jpg | datasets\dataset_v2_5class\train\images\frame_00135_jpg.rf.fd7c6c2f8a055276d7da5d1fb3c8e0a5_aug_hflip_0.jpg | datasets\dataset_v3_clean_background\train\images\frame_00135_jpg.rf.fd7c6c2f8a055276d7da5d1fb3c8e0a5_aug_hflip_0.jpg
EXACT_570,EXACT_SHA256,3,datasets\dataset_v2_4defect\train\images\frame_00136_jpg.rf.0933f4c60a61ddd751562e77d012647a.jpg | datasets\dataset_v2_5class\train\images\frame_00136_jpg.rf.0933f4c60a61ddd751562e77d012647a.jpg | datasets\dataset_v3_clean_background\train\images\frame_00136_jpg.rf.0933f4c60a61ddd751562e77d012647a.jpg
EXACT_571,EXACT_SHA256,3,datasets\dataset_v2_4defect\train\images\frame_00136_jpg.rf.0933f4c60a61ddd751562e77d012647a_aug_contrast_1.jpg | datasets\dataset_v2_5class\train\images\frame_00136_jpg.rf.0933f4c60a61ddd751562e77d012647a_aug_contrast_1.jpg | datasets\dataset_v3_clean_background\train\images\frame_00136_jpg.rf.0933f4c60a61ddd751562e77d012647a_aug_contrast_1.jpg
EXACT_572,EXACT_SHA256,3,datasets\dataset_v2_4defect\train\images\frame_00136_jpg.rf.0933f4c60a61ddd751562e77d012647a_aug_hflip_0.jpg | datasets\dataset_v2_5class\train\images\frame_00136_jpg.rf.0933f4c60a61ddd751562e77d012647a_aug_hflip_0.jpg | datasets\dataset_v3_clean_background\train\images\frame_00136_jpg.rf.0933f4c60a61ddd751562e77d012647a_aug_hflip_0.jpg
EXACT_573,EXACT_SHA256,3,datasets\dataset_v2_4defect\train\images\frame_00137_jpg.rf.5a218ff005e1500e85dd867ea1794ea2.jpg | datasets\dataset_v2_5class\train\images\frame_00137_jpg.rf.5a218ff005e1500e85dd867ea1794ea2.jpg | datasets\dataset_v3_clean_background\train\images\frame_00137_jpg.rf.5a218ff005e1500e85dd867ea1794ea2.jpg
EXACT_574,EXACT_SHA256,3,datasets\dataset_v2_4defect\train\images\frame_00139_jpg.rf.d8ac4ec538406e8c87b94eb32823b952.jpg | datasets\dataset_v2_5class\train\images\frame_00139_jpg.rf.d8ac4ec538406e8c87b94eb32823b952.jpg | datasets\dataset_v3_clean_background\train\images\frame_00139_jpg.rf.d8ac4ec538406e8c87b94eb32823b952.jpg
EXACT_575,EXACT_SHA256,3,datasets\dataset_v2_4defect\train\images\frame_00139_jpg.rf.d8ac4ec538406e8c87b94eb32823b952_aug_contrast_1.jpg | datasets\dataset_v2_5class\train\images\frame_00139_jpg.rf.d8ac4ec538406e8c87b94eb32823b952_aug_contrast_1.jpg | datasets\dataset_v3_clean_background\train\images\frame_00139_jpg.rf.d8ac4ec538406e8c87b94eb32823b952_aug_contrast_1.jpg
EXACT_576,EXACT_SHA256,3,datasets\dataset_v2_4defect\train\images\frame_00139_jpg.rf.d8ac4ec538406e8c87b94eb32823b952_aug_hflip_0.jpg | datasets\dataset_v2_5class\train\images\frame_00139_jpg.rf.d8ac4ec538406e8c87b94eb32823b952_aug_hflip_0.jpg | datasets\dataset_v3_clean_background\train\images\frame_00139_jpg.rf.d8ac4ec538406e8c87b94eb32823b952_aug_hflip_0.jpg
EXACT_577,EXACT_SHA256,3,datasets\dataset_v2_4defect\train\images\frame_00140_jpg.rf.3ad545e80ef4a9a51eb58094c30d4a6d.jpg | datasets\dataset_v2_5class\train\images\frame_00140_jpg.rf.3ad545e80ef4a9a51eb58094c30d4a6d.jpg | datasets\dataset_v3_clean_background\train\images\frame_00140_jpg.rf.3ad545e80ef4a9a51eb58094c30d4a6d.jpg
EXACT_578,EXACT_SHA256,3,datasets\dataset_v2_4defect\train\images\frame_00140_jpg.rf.3ad545e80ef4a9a51eb58094c30d4a6d_aug_contrast_1.jpg | datasets\dataset_v2_5class\train\images\frame_00140_jpg.rf.3ad545e80ef4a9a51eb58094c30d4a6d_aug_contrast_1.jpg | datasets\dataset_v3_clean_background\train\images\frame_00140_jpg.rf.3ad545e80ef4a9a51eb58094c30d4a6d_aug_contrast_1.jpg
EXACT_579,EXACT_SHA256,3,datasets\dataset_v2_4defect\train\images\frame_00140_jpg.rf.3ad545e80ef4a9a51eb58094c30d4a6d_aug_hflip_0.jpg | datasets\dataset_v2_5class\train\images\frame_00140_jpg.rf.3ad545e80ef4a9a51eb58094c30d4a6d_aug_hflip_0.jpg | datasets\dataset_v3_clean_background\train\images\frame_00140_jpg.rf.3ad545e80ef4a9a51eb58094c30d4a6d_aug_hflip_0.jpg
EXACT_580,EXACT_SHA256,3,datasets\dataset_v2_4defect\train\images\frame_00142_jpg.rf.751e6f668859a76a907abedd6bcbfb86.jpg | datasets\dataset_v2_5class\train\images\frame_00142_jpg.rf.751e6f668859a76a907abedd6bcbfb86.jpg | datasets\dataset_v3_clean_background\train\images\frame_00142_jpg.rf.751e6f668859a76a907abedd6bcbfb86.jpg
EXACT_581,EXACT_SHA256,3,datasets\dataset_v2_4defect\train\images\frame_00143_jpg.rf.9c6a5ee5fe86522f3bc13bd72dbd4c0c.jpg | datasets\dataset_v2_5class\train\images\frame_00143_jpg.rf.9c6a5ee5fe86522f3bc13bd72dbd4c0c.jpg | datasets\dataset_v3_clean_background\train\images\frame_00143_jpg.rf.9c6a5ee5fe86522f3bc13bd72dbd4c0c.jpg
EXACT_582,EXACT_SHA256,3,datasets\dataset_v2_4defect\train\images\frame_00144_jpg.rf.e488a3770777cb5c16cfa762da095123.jpg | datasets\dataset_v2_5class\train\images\frame_00144_jpg.rf.e488a3770777cb5c16cfa762da095123.jpg | datasets\dataset_v3_clean_background\train\images\frame_00144_jpg.rf.e488a3770777cb5c16cfa762da095123.jpg
EXACT_583,EXACT_SHA256,3,datasets\dataset_v2_4defect\train\images\frame_00145_jpg.rf.28de6b4f1cefd6f0fcad1fa00844e109.jpg | datasets\dataset_v2_5class\train\images\frame_00145_jpg.rf.28de6b4f1cefd6f0fcad1fa00844e109.jpg | datasets\dataset_v3_clean_background\train\images\frame_00145_jpg.rf.28de6b4f1cefd6f0fcad1fa00844e109.jpg
EXACT_584,EXACT_SHA256,3,datasets\dataset_v2_4defect\train\images\frame_00145_jpg.rf.58a2422cfe0072c619318830fefe1def.jpg | datasets\dataset_v2_5class\train\images\frame_00145_jpg.rf.58a2422cfe0072c619318830fefe1def.jpg | datasets\dataset_v3_clean_background\train\images\frame_00145_jpg.rf.58a2422cfe0072c619318830fefe1def.jpg
EXACT_585,EXACT_SHA256,3,datasets\dataset_v2_4defect\train\images\frame_00146_jpg.rf.df0fa335770dd8f74ca8300eae3c3d5b.jpg | datasets\dataset_v2_5class\train\images\frame_00146_jpg.rf.df0fa335770dd8f74ca8300eae3c3d5b.jpg | datasets\dataset_v3_clean_background\train\images\frame_00146_jpg.rf.df0fa335770dd8f74ca8300eae3c3d5b.jpg
EXACT_586,EXACT_SHA256,3,datasets\dataset_v2_4defect\train\images\frame_00147_jpg.rf.4236fd5c421b244e3cc621b0456cbd53.jpg | datasets\dataset_v2_5class\train\images\frame_00147_jpg.rf.4236fd5c421b244e3cc621b0456cbd53.jpg | datasets\dataset_v3_clean_background\train\images\frame_00147_jpg.rf.4236fd5c421b244e3cc621b0456cbd53.jpg
EXACT_587,EXACT_SHA256,3,datasets\dataset_v2_4defect\train\images\frame_00147_jpg.rf.5bc5557c0a6e941e902bb80f6c6606de.jpg | datasets\dataset_v2_5class\train\images\frame_00147_jpg.rf.5bc5557c0a6e941e902bb80f6c6606de.jpg | datasets\dataset_v3_clean_background\train\images\frame_00147_jpg.rf.5bc5557c0a6e941e902bb80f6c6606de.jpg
EXACT_588,EXACT_SHA256,3,datasets\dataset_v2_4defect\train\images\frame_00148_jpg.rf.2fd6b369120cfd16452b387e733b49c1.jpg | datasets\dataset_v2_5class\train\images\frame_00148_jpg.rf.2fd6b369120cfd16452b387e733b49c1.jpg | datasets\dataset_v3_clean_background\train\images\frame_00148_jpg.rf.2fd6b369120cfd16452b387e733b49c1.jpg
EXACT_589,EXACT_SHA256,3,datasets\dataset_v2_4defect\train\images\frame_00150_jpg.rf.0419ef8dc161183eed7cdedd3924f394.jpg | datasets\dataset_v2_5class\train\images\frame_00150_jpg.rf.0419ef8dc161183eed7cdedd3924f394.jpg | datasets\dataset_v3_clean_background\train\images\frame_00150_jpg.rf.0419ef8dc161183eed7cdedd3924f394.jpg
EXACT_590,EXACT_SHA256,3,datasets\dataset_v2_4defect\train\images\frame_00150_jpg.rf.0419ef8dc161183eed7cdedd3924f394_aug_contrast_3.jpg | datasets\dataset_v2_5class\train\images\frame_00150_jpg.rf.0419ef8dc161183eed7cdedd3924f394_aug_contrast_3.jpg | datasets\dataset_v3_clean_background\train\images\frame_00150_jpg.rf.0419ef8dc161183eed7cdedd3924f394_aug_contrast_3.jpg
EXACT_591,EXACT_SHA256,3,datasets\dataset_v2_4defect\train\images\frame_00150_jpg.rf.0419ef8dc161183eed7cdedd3924f394_aug_hflip_0.jpg | datasets\dataset_v2_5class\train\images\frame_00150_jpg.rf.0419ef8dc161183eed7cdedd3924f394_aug_hflip_0.jpg | datasets\dataset_v3_clean_background\train\images\frame_00150_jpg.rf.0419ef8dc161183eed7cdedd3924f394_aug_hflip_0.jpg
EXACT_592,EXACT_SHA256,3,datasets\dataset_v2_4defect\train\images\frame_00150_jpg.rf.0419ef8dc161183eed7cdedd3924f394_aug_hvflip_2.jpg | datasets\dataset_v2_5class\train\images\frame_00150_jpg.rf.0419ef8dc161183eed7cdedd3924f394_aug_hvflip_2.jpg | datasets\dataset_v3_clean_background\train\images\frame_00150_jpg.rf.0419ef8dc161183eed7cdedd3924f394_aug_hvflip_2.jpg
EXACT_593,EXACT_SHA256,3,datasets\dataset_v2_4defect\train\images\frame_00150_jpg.rf.0419ef8dc161183eed7cdedd3924f394_aug_vflip_1.jpg | datasets\dataset_v2_5class\train\images\frame_00150_jpg.rf.0419ef8dc161183eed7cdedd3924f394_aug_vflip_1.jpg | datasets\dataset_v3_clean_background\train\images\frame_00150_jpg.rf.0419ef8dc161183eed7cdedd3924f394_aug_vflip_1.jpg
EXACT_594,EXACT_SHA256,3,datasets\dataset_v2_4defect\train\images\frame_00152_jpg.rf.32e8dd7fe006593b41c591457823536d.jpg | datasets\dataset_v2_5class\train\images\frame_00152_jpg.rf.32e8dd7fe006593b41c591457823536d.jpg | datasets\dataset_v3_clean_background\train\images\frame_00152_jpg.rf.32e8dd7fe006593b41c591457823536d.jpg
EXACT_595,EXACT_SHA256,3,datasets\dataset_v2_4defect\train\images\frame_00152_jpg.rf.32e8dd7fe006593b41c591457823536d_aug_contrast_3.jpg | datasets\dataset_v2_5class\train\images\frame_00152_jpg.rf.32e8dd7fe006593b41c591457823536d_aug_contrast_3.jpg | datasets\dataset_v3_clean_background\train\images\frame_00152_jpg.rf.32e8dd7fe006593b41c591457823536d_aug_contrast_3.jpg
EXACT_596,EXACT_SHA256,3,datasets\dataset_v2_4defect\train\images\frame_00152_jpg.rf.32e8dd7fe006593b41c591457823536d_aug_hflip_0.jpg | datasets\dataset_v2_5class\train\images\frame_00152_jpg.rf.32e8dd7fe006593b41c591457823536d_aug_hflip_0.jpg | datasets\dataset_v3_clean_background\train\images\frame_00152_jpg.rf.32e8dd7fe006593b41c591457823536d_aug_hflip_0.jpg
EXACT_597,EXACT_SHA256,3,datasets\dataset_v2_4defect\train\images\frame_00152_jpg.rf.32e8dd7fe006593b41c591457823536d_aug_hvflip_2.jpg | datasets\dataset_v2_5class\train\images\frame_00152_jpg.rf.32e8dd7fe006593b41c591457823536d_aug_hvflip_2.jpg | datasets\dataset_v3_clean_background\train\images\frame_00152_jpg.rf.32e8dd7fe006593b41c591457823536d_aug_hvflip_2.jpg
EXACT_598,EXACT_SHA256,3,datasets\dataset_v2_4defect\train\images\frame_00152_jpg.rf.32e8dd7fe006593b41c591457823536d_aug_vflip_1.jpg | datasets\dataset_v2_5class\train\images\frame_00152_jpg.rf.32e8dd7fe006593b41c591457823536d_aug_vflip_1.jpg | datasets\dataset_v3_clean_background\train\images\frame_00152_jpg.rf.32e8dd7fe006593b41c591457823536d_aug_vflip_1.jpg
EXACT_599,EXACT_SHA256,3,datasets\dataset_v2_4defect\train\images\frame_00153_jpg.rf.707036da6ca2753f6575ae8811cb6ac7.jpg | datasets\dataset_v2_5class\train\images\frame_00153_jpg.rf.707036da6ca2753f6575ae8811cb6ac7.jpg | datasets\dataset_v3_clean_background\train\images\frame_00153_jpg.rf.707036da6ca2753f6575ae8811cb6ac7.jpg
EXACT_600,EXACT_SHA256,3,datasets\dataset_v2_4defect\train\images\frame_00154_jpg.rf.c313582698cd5a6c4c5ed510ca972a11.jpg | datasets\dataset_v2_5class\train\images\frame_00154_jpg.rf.c313582698cd5a6c4c5ed510ca972a11.jpg | datasets\dataset_v3_clean_background\train\images\frame_00154_jpg.rf.c313582698cd5a6c4c5ed510ca972a11.jpg
EXACT_601,EXACT_SHA256,3,datasets\dataset_v2_4defect\train\images\frame_00154_jpg.rf.c313582698cd5a6c4c5ed510ca972a11_aug_contrast_2.jpg | datasets\dataset_v2_5class\train\images\frame_00154_jpg.rf.c313582698cd5a6c4c5ed510ca972a11_aug_contrast_2.jpg | datasets\dataset_v3_clean_background\train\images\frame_00154_jpg.rf.c313582698cd5a6c4c5ed510ca972a11_aug_contrast_2.jpg
EXACT_602,EXACT_SHA256,3,datasets\dataset_v2_4defect\train\images\frame_00154_jpg.rf.c313582698cd5a6c4c5ed510ca972a11_aug_hflip_0.jpg | datasets\dataset_v2_5class\train\images\frame_00154_jpg.rf.c313582698cd5a6c4c5ed510ca972a11_aug_hflip_0.jpg | datasets\dataset_v3_clean_background\train\images\frame_00154_jpg.rf.c313582698cd5a6c4c5ed510ca972a11_aug_hflip_0.jpg
EXACT_603,EXACT_SHA256,3,datasets\dataset_v2_4defect\train\images\frame_00154_jpg.rf.c313582698cd5a6c4c5ed510ca972a11_aug_vflip_1.jpg | datasets\dataset_v2_5class\train\images\frame_00154_jpg.rf.c313582698cd5a6c4c5ed510ca972a11_aug_vflip_1.jpg | datasets\dataset_v3_clean_background\train\images\frame_00154_jpg.rf.c313582698cd5a6c4c5ed510ca972a11_aug_vflip_1.jpg
EXACT_604,EXACT_SHA256,3,datasets\dataset_v2_4defect\train\images\frame_00159_jpg.rf.048cfb46cc697add6524c0c93f10cdb4.jpg | datasets\dataset_v2_5class\train\images\frame_00159_jpg.rf.048cfb46cc697add6524c0c93f10cdb4.jpg | datasets\dataset_v3_clean_background\train\images\frame_00159_jpg.rf.048cfb46cc697add6524c0c93f10cdb4.jpg
EXACT_605,EXACT_SHA256,3,datasets\dataset_v2_4defect\train\images\frame_00159_jpg.rf.048cfb46cc697add6524c0c93f10cdb4_aug_contrast_1.jpg | datasets\dataset_v2_5class\train\images\frame_00159_jpg.rf.048cfb46cc697add6524c0c93f10cdb4_aug_contrast_1.jpg | datasets\dataset_v3_clean_background\train\images\frame_00159_jpg.rf.048cfb46cc697add6524c0c93f10cdb4_aug_contrast_1.jpg
EXACT_606,EXACT_SHA256,3,datasets\dataset_v2_4defect\train\images\frame_00159_jpg.rf.048cfb46cc697add6524c0c93f10cdb4_aug_hflip_0.jpg | datasets\dataset_v2_5class\train\images\frame_00159_jpg.rf.048cfb46cc697add6524c0c93f10cdb4_aug_hflip_0.jpg | datasets\dataset_v3_clean_background\train\images\frame_00159_jpg.rf.048cfb46cc697add6524c0c93f10cdb4_aug_hflip_0.jpg
EXACT_607,EXACT_SHA256,3,datasets\dataset_v2_4defect\train\images\frame_00160_jpg.rf.6fdaf96f7a535b33727923cacc37f4f2.jpg | datasets\dataset_v2_5class\train\images\frame_00160_jpg.rf.6fdaf96f7a535b33727923cacc37f4f2.jpg | datasets\dataset_v3_clean_background\train\images\frame_00160_jpg.rf.6fdaf96f7a535b33727923cacc37f4f2.jpg
EXACT_608,EXACT_SHA256,3,datasets\dataset_v2_4defect\train\images\frame_00160_jpg.rf.6fdaf96f7a535b33727923cacc37f4f2_aug_contrast_1.jpg | datasets\dataset_v2_5class\train\images\frame_00160_jpg.rf.6fdaf96f7a535b33727923cacc37f4f2_aug_contrast_1.jpg | datasets\dataset_v3_clean_background\train\images\frame_00160_jpg.rf.6fdaf96f7a535b33727923cacc37f4f2_aug_contrast_1.jpg
EXACT_609,EXACT_SHA256,3,datasets\dataset_v2_4defect\train\images\frame_00160_jpg.rf.6fdaf96f7a535b33727923cacc37f4f2_aug_hflip_0.jpg | datasets\dataset_v2_5class\train\images\frame_00160_jpg.rf.6fdaf96f7a535b33727923cacc37f4f2_aug_hflip_0.jpg | datasets\dataset_v3_clean_background\train\images\frame_00160_jpg.rf.6fdaf96f7a535b33727923cacc37f4f2_aug_hflip_0.jpg
EXACT_610,EXACT_SHA256,3,datasets\dataset_v2_4defect\train\images\frame_00162_jpg.rf.a3c042652dab6bdd9631f2c0ec9d25e9.jpg | datasets\dataset_v2_5class\train\images\frame_00162_jpg.rf.a3c042652dab6bdd9631f2c0ec9d25e9.jpg | datasets\dataset_v3_clean_background\train\images\frame_00162_jpg.rf.a3c042652dab6bdd9631f2c0ec9d25e9.jpg
EXACT_611,EXACT_SHA256,3,datasets\dataset_v2_4defect\train\images\frame_00163_jpg.rf.b893a064c6aad478d69a8cc1526403f7.jpg | datasets\dataset_v2_5class\train\images\frame_00163_jpg.rf.b893a064c6aad478d69a8cc1526403f7.jpg | datasets\dataset_v3_clean_background\train\images\frame_00163_jpg.rf.b893a064c6aad478d69a8cc1526403f7.jpg
EXACT_612,EXACT_SHA256,3,datasets\dataset_v2_4defect\train\images\frame_00164_jpg.rf.91aac27898ea9af3e7768c28165fdd05.jpg | datasets\dataset_v2_5class\train\images\frame_00164_jpg.rf.91aac27898ea9af3e7768c28165fdd05.jpg | datasets\dataset_v3_clean_background\train\images\frame_00164_jpg.rf.91aac27898ea9af3e7768c28165fdd05.jpg
EXACT_613,EXACT_SHA256,3,datasets\dataset_v2_4defect\train\images\frame_00165_jpg.rf.7246e72ad9e3e06494919fa0c79f81b9.jpg | datasets\dataset_v2_5class\train\images\frame_00165_jpg.rf.7246e72ad9e3e06494919fa0c79f81b9.jpg | datasets\dataset_v3_clean_background\train\images\frame_00165_jpg.rf.7246e72ad9e3e06494919fa0c79f81b9.jpg
EXACT_614,EXACT_SHA256,3,datasets\dataset_v2_4defect\train\images\frame_00165_jpg.rf.7246e72ad9e3e06494919fa0c79f81b9_aug_contrast_1.jpg | datasets\dataset_v2_5class\train\images\frame_00165_jpg.rf.7246e72ad9e3e06494919fa0c79f81b9_aug_contrast_1.jpg | datasets\dataset_v3_clean_background\train\images\frame_00165_jpg.rf.7246e72ad9e3e06494919fa0c79f81b9_aug_contrast_1.jpg
EXACT_615,EXACT_SHA256,3,datasets\dataset_v2_4defect\train\images\frame_00165_jpg.rf.7246e72ad9e3e06494919fa0c79f81b9_aug_hflip_0.jpg | datasets\dataset_v2_5class\train\images\frame_00165_jpg.rf.7246e72ad9e3e06494919fa0c79f81b9_aug_hflip_0.jpg | datasets\dataset_v3_clean_background\train\images\frame_00165_jpg.rf.7246e72ad9e3e06494919fa0c79f81b9_aug_hflip_0.jpg
EXACT_616,EXACT_SHA256,3,datasets\dataset_v2_4defect\train\images\frame_00166_jpg.rf.dc3328eb47af679023dceaba3836fa05.jpg | datasets\dataset_v2_5class\train\images\frame_00166_jpg.rf.dc3328eb47af679023dceaba3836fa05.jpg | datasets\dataset_v3_clean_background\train\images\frame_00166_jpg.rf.dc3328eb47af679023dceaba3836fa05.jpg
EXACT_617,EXACT_SHA256,3,datasets\dataset_v2_4defect\train\images\frame_00166_jpg.rf.dc3328eb47af679023dceaba3836fa05_aug_contrast_1.jpg | datasets\dataset_v2_5class\train\images\frame_00166_jpg.rf.dc3328eb47af679023dceaba3836fa05_aug_contrast_1.jpg | datasets\dataset_v3_clean_background\train\images\frame_00166_jpg.rf.dc3328eb47af679023dceaba3836fa05_aug_contrast_1.jpg
EXACT_618,EXACT_SHA256,3,datasets\dataset_v2_4defect\train\images\frame_00166_jpg.rf.dc3328eb47af679023dceaba3836fa05_aug_hflip_0.jpg | datasets\dataset_v2_5class\train\images\frame_00166_jpg.rf.dc3328eb47af679023dceaba3836fa05_aug_hflip_0.jpg | datasets\dataset_v3_clean_background\train\images\frame_00166_jpg.rf.dc3328eb47af679023dceaba3836fa05_aug_hflip_0.jpg
EXACT_619,EXACT_SHA256,3,datasets\dataset_v2_4defect\train\images\frame_00167_jpg.rf.cf80e56149b05215cb319fb294984ac0.jpg | datasets\dataset_v2_5class\train\images\frame_00167_jpg.rf.cf80e56149b05215cb319fb294984ac0.jpg | datasets\dataset_v3_clean_background\train\images\frame_00167_jpg.rf.cf80e56149b05215cb319fb294984ac0.jpg
EXACT_620,EXACT_SHA256,3,datasets\dataset_v2_4defect\train\images\frame_00167_jpg.rf.cf80e56149b05215cb319fb294984ac0_aug_contrast_1.jpg | datasets\dataset_v2_5class\train\images\frame_00167_jpg.rf.cf80e56149b05215cb319fb294984ac0_aug_contrast_1.jpg | datasets\dataset_v3_clean_background\train\images\frame_00167_jpg.rf.cf80e56149b05215cb319fb294984ac0_aug_contrast_1.jpg
EXACT_621,EXACT_SHA256,3,datasets\dataset_v2_4defect\train\images\frame_00167_jpg.rf.cf80e56149b05215cb319fb294984ac0_aug_hflip_0.jpg | datasets\dataset_v2_5class\train\images\frame_00167_jpg.rf.cf80e56149b05215cb319fb294984ac0_aug_hflip_0.jpg | datasets\dataset_v3_clean_background\train\images\frame_00167_jpg.rf.cf80e56149b05215cb319fb294984ac0_aug_hflip_0.jpg
EXACT_622,EXACT_SHA256,3,datasets\dataset_v2_4defect\train\images\frame_00168_jpg.rf.333b5ba14e9140750064385ce45259a1.jpg | datasets\dataset_v2_5class\train\images\frame_00168_jpg.rf.333b5ba14e9140750064385ce45259a1.jpg | datasets\dataset_v3_clean_background\train\images\frame_00168_jpg.rf.333b5ba14e9140750064385ce45259a1.jpg
EXACT_623,EXACT_SHA256,3,datasets\dataset_v2_4defect\train\images\frame_00168_jpg.rf.dad4ea37b0a2c85d0abde14ee8b09756.jpg | datasets\dataset_v2_5class\train\images\frame_00168_jpg.rf.dad4ea37b0a2c85d0abde14ee8b09756.jpg | datasets\dataset_v3_clean_background\train\images\frame_00168_jpg.rf.dad4ea37b0a2c85d0abde14ee8b09756.jpg
EXACT_624,EXACT_SHA256,3,datasets\dataset_v2_4defect\train\images\frame_00168_jpg.rf.dad4ea37b0a2c85d0abde14ee8b09756_aug_contrast_1.jpg | datasets\dataset_v2_5class\train\images\frame_00168_jpg.rf.dad4ea37b0a2c85d0abde14ee8b09756_aug_contrast_1.jpg | datasets\dataset_v3_clean_background\train\images\frame_00168_jpg.rf.dad4ea37b0a2c85d0abde14ee8b09756_aug_contrast_1.jpg
EXACT_625,EXACT_SHA256,3,datasets\dataset_v2_4defect\train\images\frame_00168_jpg.rf.dad4ea37b0a2c85d0abde14ee8b09756_aug_hflip_0.jpg | datasets\dataset_v2_5class\train\images\frame_00168_jpg.rf.dad4ea37b0a2c85d0abde14ee8b09756_aug_hflip_0.jpg | datasets\dataset_v3_clean_background\train\images\frame_00168_jpg.rf.dad4ea37b0a2c85d0abde14ee8b09756_aug_hflip_0.jpg
EXACT_626,EXACT_SHA256,3,datasets\dataset_v2_4defect\train\images\frame_00169_jpg.rf.e0c9b8472edebea23f2f59f68f047cd1.jpg | datasets\dataset_v2_5class\train\images\frame_00169_jpg.rf.e0c9b8472edebea23f2f59f68f047cd1.jpg | datasets\dataset_v3_clean_background\train\images\frame_00169_jpg.rf.e0c9b8472edebea23f2f59f68f047cd1.jpg
EXACT_627,EXACT_SHA256,3,datasets\dataset_v2_4defect\train\images\frame_00169_jpg.rf.e0c9b8472edebea23f2f59f68f047cd1_aug_contrast_1.jpg | datasets\dataset_v2_5class\train\images\frame_00169_jpg.rf.e0c9b8472edebea23f2f59f68f047cd1_aug_contrast_1.jpg | datasets\dataset_v3_clean_background\train\images\frame_00169_jpg.rf.e0c9b8472edebea23f2f59f68f047cd1_aug_contrast_1.jpg
EXACT_628,EXACT_SHA256,3,datasets\dataset_v2_4defect\train\images\frame_00169_jpg.rf.e0c9b8472edebea23f2f59f68f047cd1_aug_hflip_0.jpg | datasets\dataset_v2_5class\train\images\frame_00169_jpg.rf.e0c9b8472edebea23f2f59f68f047cd1_aug_hflip_0.jpg | datasets\dataset_v3_clean_background\train\images\frame_00169_jpg.rf.e0c9b8472edebea23f2f59f68f047cd1_aug_hflip_0.jpg
EXACT_629,EXACT_SHA256,3,datasets\dataset_v2_4defect\train\images\frame_00171_jpg.rf.a7666719014b7aa5853970a38eb03ca0.jpg | datasets\dataset_v2_5class\train\images\frame_00171_jpg.rf.a7666719014b7aa5853970a38eb03ca0.jpg | datasets\dataset_v3_clean_background\train\images\frame_00171_jpg.rf.a7666719014b7aa5853970a38eb03ca0.jpg
EXACT_630,EXACT_SHA256,3,datasets\dataset_v2_4defect\train\images\frame_00171_jpg.rf.a7666719014b7aa5853970a38eb03ca0_aug_contrast_3.jpg | datasets\dataset_v2_5class\train\images\frame_00171_jpg.rf.a7666719014b7aa5853970a38eb03ca0_aug_contrast_3.jpg | datasets\dataset_v3_clean_background\train\images\frame_00171_jpg.rf.a7666719014b7aa5853970a38eb03ca0_aug_contrast_3.jpg
EXACT_631,EXACT_SHA256,3,datasets\dataset_v2_4defect\train\images\frame_00171_jpg.rf.a7666719014b7aa5853970a38eb03ca0_aug_hflip_0.jpg | datasets\dataset_v2_5class\train\images\frame_00171_jpg.rf.a7666719014b7aa5853970a38eb03ca0_aug_hflip_0.jpg | datasets\dataset_v3_clean_background\train\images\frame_00171_jpg.rf.a7666719014b7aa5853970a38eb03ca0_aug_hflip_0.jpg
EXACT_632,EXACT_SHA256,3,datasets\dataset_v2_4defect\train\images\frame_00171_jpg.rf.a7666719014b7aa5853970a38eb03ca0_aug_hvflip_2.jpg | datasets\dataset_v2_5class\train\images\frame_00171_jpg.rf.a7666719014b7aa5853970a38eb03ca0_aug_hvflip_2.jpg | datasets\dataset_v3_clean_background\train\images\frame_00171_jpg.rf.a7666719014b7aa5853970a38eb03ca0_aug_hvflip_2.jpg
EXACT_633,EXACT_SHA256,3,datasets\dataset_v2_4defect\train\images\frame_00171_jpg.rf.a7666719014b7aa5853970a38eb03ca0_aug_vflip_1.jpg | datasets\dataset_v2_5class\train\images\frame_00171_jpg.rf.a7666719014b7aa5853970a38eb03ca0_aug_vflip_1.jpg | datasets\dataset_v3_clean_background\train\images\frame_00171_jpg.rf.a7666719014b7aa5853970a38eb03ca0_aug_vflip_1.jpg
EXACT_634,EXACT_SHA256,3,datasets\dataset_v2_4defect\train\images\frame_00172_jpg.rf.656aae0267003eb4c94d5957e4068a2a.jpg | datasets\dataset_v2_5class\train\images\frame_00172_jpg.rf.656aae0267003eb4c94d5957e4068a2a.jpg | datasets\dataset_v3_clean_background\train\images\frame_00172_jpg.rf.656aae0267003eb4c94d5957e4068a2a.jpg
EXACT_635,EXACT_SHA256,3,datasets\dataset_v2_4defect\train\images\frame_00173_jpg.rf.93e2d903951a07f8b9b14bd4ce3188da.jpg | datasets\dataset_v2_5class\train\images\frame_00173_jpg.rf.93e2d903951a07f8b9b14bd4ce3188da.jpg | datasets\dataset_v3_clean_background\train\images\frame_00173_jpg.rf.93e2d903951a07f8b9b14bd4ce3188da.jpg
EXACT_636,EXACT_SHA256,3,datasets\dataset_v2_4defect\train\images\frame_00173_jpg.rf.93e2d903951a07f8b9b14bd4ce3188da_aug_contrast_3.jpg | datasets\dataset_v2_5class\train\images\frame_00173_jpg.rf.93e2d903951a07f8b9b14bd4ce3188da_aug_contrast_3.jpg | datasets\dataset_v3_clean_background\train\images\frame_00173_jpg.rf.93e2d903951a07f8b9b14bd4ce3188da_aug_contrast_3.jpg
EXACT_637,EXACT_SHA256,3,datasets\dataset_v2_4defect\train\images\frame_00173_jpg.rf.93e2d903951a07f8b9b14bd4ce3188da_aug_hflip_0.jpg | datasets\dataset_v2_5class\train\images\frame_00173_jpg.rf.93e2d903951a07f8b9b14bd4ce3188da_aug_hflip_0.jpg | datasets\dataset_v3_clean_background\train\images\frame_00173_jpg.rf.93e2d903951a07f8b9b14bd4ce3188da_aug_hflip_0.jpg
EXACT_638,EXACT_SHA256,3,datasets\dataset_v2_4defect\train\images\frame_00173_jpg.rf.93e2d903951a07f8b9b14bd4ce3188da_aug_hvflip_2.jpg | datasets\dataset_v2_5class\train\images\frame_00173_jpg.rf.93e2d903951a07f8b9b14bd4ce3188da_aug_hvflip_2.jpg | datasets\dataset_v3_clean_background\train\images\frame_00173_jpg.rf.93e2d903951a07f8b9b14bd4ce3188da_aug_hvflip_2.jpg
EXACT_639,EXACT_SHA256,3,datasets\dataset_v2_4defect\train\images\frame_00173_jpg.rf.93e2d903951a07f8b9b14bd4ce3188da_aug_vflip_1.jpg | datasets\dataset_v2_5class\train\images\frame_00173_jpg.rf.93e2d903951a07f8b9b14bd4ce3188da_aug_vflip_1.jpg | datasets\dataset_v3_clean_background\train\images\frame_00173_jpg.rf.93e2d903951a07f8b9b14bd4ce3188da_aug_vflip_1.jpg
EXACT_640,EXACT_SHA256,3,datasets\dataset_v2_4defect\train\images\frame_00174_jpg.rf.8b39e7837b983cd5e687c04e04c06aa0.jpg | datasets\dataset_v2_5class\train\images\frame_00174_jpg.rf.8b39e7837b983cd5e687c04e04c06aa0.jpg | datasets\dataset_v3_clean_background\train\images\frame_00174_jpg.rf.8b39e7837b983cd5e687c04e04c06aa0.jpg
EXACT_641,EXACT_SHA256,3,datasets\dataset_v2_4defect\train\images\frame_00174_jpg.rf.8b39e7837b983cd5e687c04e04c06aa0_aug_contrast_3.jpg | datasets\dataset_v2_5class\train\images\frame_00174_jpg.rf.8b39e7837b983cd5e687c04e04c06aa0_aug_contrast_3.jpg | datasets\dataset_v3_clean_background\train\images\frame_00174_jpg.rf.8b39e7837b983cd5e687c04e04c06aa0_aug_contrast_3.jpg
EXACT_642,EXACT_SHA256,3,datasets\dataset_v2_4defect\train\images\frame_00174_jpg.rf.8b39e7837b983cd5e687c04e04c06aa0_aug_hflip_0.jpg | datasets\dataset_v2_5class\train\images\frame_00174_jpg.rf.8b39e7837b983cd5e687c04e04c06aa0_aug_hflip_0.jpg | datasets\dataset_v3_clean_background\train\images\frame_00174_jpg.rf.8b39e7837b983cd5e687c04e04c06aa0_aug_hflip_0.jpg
EXACT_643,EXACT_SHA256,3,datasets\dataset_v2_4defect\train\images\frame_00174_jpg.rf.8b39e7837b983cd5e687c04e04c06aa0_aug_hvflip_2.jpg | datasets\dataset_v2_5class\train\images\frame_00174_jpg.rf.8b39e7837b983cd5e687c04e04c06aa0_aug_hvflip_2.jpg | datasets\dataset_v3_clean_background\train\images\frame_00174_jpg.rf.8b39e7837b983cd5e687c04e04c06aa0_aug_hvflip_2.jpg
EXACT_644,EXACT_SHA256,3,datasets\dataset_v2_4defect\train\images\frame_00174_jpg.rf.8b39e7837b983cd5e687c04e04c06aa0_aug_vflip_1.jpg | datasets\dataset_v2_5class\train\images\frame_00174_jpg.rf.8b39e7837b983cd5e687c04e04c06aa0_aug_vflip_1.jpg | datasets\dataset_v3_clean_background\train\images\frame_00174_jpg.rf.8b39e7837b983cd5e687c04e04c06aa0_aug_vflip_1.jpg
EXACT_645,EXACT_SHA256,3,datasets\dataset_v2_4defect\train\images\frame_00200_jpg.rf.9db1c2ac8395ee080261e131d25b5b02.jpg | datasets\dataset_v2_5class\train\images\frame_00200_jpg.rf.9db1c2ac8395ee080261e131d25b5b02.jpg | datasets\dataset_v3_clean_background\train\images\frame_00200_jpg.rf.9db1c2ac8395ee080261e131d25b5b02.jpg
EXACT_646,EXACT_SHA256,3,datasets\dataset_v2_4defect\train\images\frame_00200_jpg.rf.9db1c2ac8395ee080261e131d25b5b02_aug_contrast_3.jpg | datasets\dataset_v2_5class\train\images\frame_00200_jpg.rf.9db1c2ac8395ee080261e131d25b5b02_aug_contrast_3.jpg | datasets\dataset_v3_clean_background\train\images\frame_00200_jpg.rf.9db1c2ac8395ee080261e131d25b5b02_aug_contrast_3.jpg
EXACT_647,EXACT_SHA256,3,datasets\dataset_v2_4defect\train\images\frame_00200_jpg.rf.9db1c2ac8395ee080261e131d25b5b02_aug_hflip_0.jpg | datasets\dataset_v2_5class\train\images\frame_00200_jpg.rf.9db1c2ac8395ee080261e131d25b5b02_aug_hflip_0.jpg | datasets\dataset_v3_clean_background\train\images\frame_00200_jpg.rf.9db1c2ac8395ee080261e131d25b5b02_aug_hflip_0.jpg
EXACT_648,EXACT_SHA256,3,datasets\dataset_v2_4defect\train\images\frame_00200_jpg.rf.9db1c2ac8395ee080261e131d25b5b02_aug_hvflip_2.jpg | datasets\dataset_v2_5class\train\images\frame_00200_jpg.rf.9db1c2ac8395ee080261e131d25b5b02_aug_hvflip_2.jpg | datasets\dataset_v3_clean_background\train\images\frame_00200_jpg.rf.9db1c2ac8395ee080261e131d25b5b02_aug_hvflip_2.jpg
EXACT_649,EXACT_SHA256,3,datasets\dataset_v2_4defect\train\images\frame_00200_jpg.rf.9db1c2ac8395ee080261e131d25b5b02_aug_vflip_1.jpg | datasets\dataset_v2_5class\train\images\frame_00200_jpg.rf.9db1c2ac8395ee080261e131d25b5b02_aug_vflip_1.jpg | datasets\dataset_v3_clean_background\train\images\frame_00200_jpg.rf.9db1c2ac8395ee080261e131d25b5b02_aug_vflip_1.jpg
EXACT_650,EXACT_SHA256,3,datasets\dataset_v2_4defect\train\images\frame_00201_jpg.rf.cd3cffac3073a90239f19dc48b4d2ab1.jpg | datasets\dataset_v2_5class\train\images\frame_00201_jpg.rf.cd3cffac3073a90239f19dc48b4d2ab1.jpg | datasets\dataset_v3_clean_background\train\images\frame_00201_jpg.rf.cd3cffac3073a90239f19dc48b4d2ab1.jpg
EXACT_651,EXACT_SHA256,3,datasets\dataset_v2_4defect\train\images\frame_00202_jpg.rf.6599e94d4c7baaa74e8df514c068cf03.jpg | datasets\dataset_v2_5class\train\images\frame_00202_jpg.rf.6599e94d4c7baaa74e8df514c068cf03.jpg | datasets\dataset_v3_clean_background\train\images\frame_00202_jpg.rf.6599e94d4c7baaa74e8df514c068cf03.jpg
EXACT_652,EXACT_SHA256,3,datasets\dataset_v2_4defect\train\images\frame_00203_jpg.rf.9f5131940ce58b66e884df068812f646.jpg | datasets\dataset_v2_5class\train\images\frame_00203_jpg.rf.9f5131940ce58b66e884df068812f646.jpg | datasets\dataset_v3_clean_background\train\images\frame_00203_jpg.rf.9f5131940ce58b66e884df068812f646.jpg
EXACT_653,EXACT_SHA256,3,datasets\dataset_v2_4defect\train\images\frame_00204_jpg.rf.e8490fb86590212e9505c58bd7aa7093.jpg | datasets\dataset_v2_5class\train\images\frame_00204_jpg.rf.e8490fb86590212e9505c58bd7aa7093.jpg | datasets\dataset_v3_clean_background\train\images\frame_00204_jpg.rf.e8490fb86590212e9505c58bd7aa7093.jpg
EXACT_654,EXACT_SHA256,3,datasets\dataset_v2_4defect\train\images\frame_00204_jpg.rf.e9ef6b3587b3b8c80144677043a54774.jpg | datasets\dataset_v2_5class\train\images\frame_00204_jpg.rf.e9ef6b3587b3b8c80144677043a54774.jpg | datasets\dataset_v3_clean_background\train\images\frame_00204_jpg.rf.e9ef6b3587b3b8c80144677043a54774.jpg
EXACT_655,EXACT_SHA256,3,datasets\dataset_v2_4defect\train\images\frame_00205_jpg.rf.573a80c098c957e897664f79900e9771.jpg | datasets\dataset_v2_5class\train\images\frame_00205_jpg.rf.573a80c098c957e897664f79900e9771.jpg | datasets\dataset_v3_clean_background\train\images\frame_00205_jpg.rf.573a80c098c957e897664f79900e9771.jpg
EXACT_656,EXACT_SHA256,3,datasets\dataset_v2_4defect\train\images\frame_00205_jpg.rf.573a80c098c957e897664f79900e9771_aug_contrast_2.jpg | datasets\dataset_v2_5class\train\images\frame_00205_jpg.rf.573a80c098c957e897664f79900e9771_aug_contrast_2.jpg | datasets\dataset_v3_clean_background\train\images\frame_00205_jpg.rf.573a80c098c957e897664f79900e9771_aug_contrast_2.jpg
EXACT_657,EXACT_SHA256,3,datasets\dataset_v2_4defect\train\images\frame_00205_jpg.rf.573a80c098c957e897664f79900e9771_aug_hflip_0.jpg | datasets\dataset_v2_5class\train\images\frame_00205_jpg.rf.573a80c098c957e897664f79900e9771_aug_hflip_0.jpg | datasets\dataset_v3_clean_background\train\images\frame_00205_jpg.rf.573a80c098c957e897664f79900e9771_aug_hflip_0.jpg
EXACT_658,EXACT_SHA256,3,datasets\dataset_v2_4defect\train\images\frame_00205_jpg.rf.573a80c098c957e897664f79900e9771_aug_vflip_1.jpg | datasets\dataset_v2_5class\train\images\frame_00205_jpg.rf.573a80c098c957e897664f79900e9771_aug_vflip_1.jpg | datasets\dataset_v3_clean_background\train\images\frame_00205_jpg.rf.573a80c098c957e897664f79900e9771_aug_vflip_1.jpg
EXACT_659,EXACT_SHA256,3,datasets\dataset_v2_4defect\train\images\frame_00206_jpg.rf.fd65fe11860aa73db1408e7ca9a93cae.jpg | datasets\dataset_v2_5class\train\images\frame_00206_jpg.rf.fd65fe11860aa73db1408e7ca9a93cae.jpg | datasets\dataset_v3_clean_background\train\images\frame_00206_jpg.rf.fd65fe11860aa73db1408e7ca9a93cae.jpg
EXACT_660,EXACT_SHA256,3,datasets\dataset_v2_4defect\train\images\frame_00206_jpg.rf.fd65fe11860aa73db1408e7ca9a93cae_aug_contrast_2.jpg | datasets\dataset_v2_5class\train\images\frame_00206_jpg.rf.fd65fe11860aa73db1408e7ca9a93cae_aug_contrast_2.jpg | datasets\dataset_v3_clean_background\train\images\frame_00206_jpg.rf.fd65fe11860aa73db1408e7ca9a93cae_aug_contrast_2.jpg
EXACT_661,EXACT_SHA256,3,datasets\dataset_v2_4defect\train\images\frame_00206_jpg.rf.fd65fe11860aa73db1408e7ca9a93cae_aug_hflip_0.jpg | datasets\dataset_v2_5class\train\images\frame_00206_jpg.rf.fd65fe11860aa73db1408e7ca9a93cae_aug_hflip_0.jpg | datasets\dataset_v3_clean_background\train\images\frame_00206_jpg.rf.fd65fe11860aa73db1408e7ca9a93cae_aug_hflip_0.jpg
EXACT_662,EXACT_SHA256,3,datasets\dataset_v2_4defect\train\images\frame_00206_jpg.rf.fd65fe11860aa73db1408e7ca9a93cae_aug_vflip_1.jpg | datasets\dataset_v2_5class\train\images\frame_00206_jpg.rf.fd65fe11860aa73db1408e7ca9a93cae_aug_vflip_1.jpg | datasets\dataset_v3_clean_background\train\images\frame_00206_jpg.rf.fd65fe11860aa73db1408e7ca9a93cae_aug_vflip_1.jpg
EXACT_663,EXACT_SHA256,3,datasets\dataset_v2_4defect\train\images\frame_00208_jpg.rf.79c33d7732bf695d3b3ada855a240d55.jpg | datasets\dataset_v2_5class\train\images\frame_00208_jpg.rf.79c33d7732bf695d3b3ada855a240d55.jpg | datasets\dataset_v3_clean_background\train\images\frame_00208_jpg.rf.79c33d7732bf695d3b3ada855a240d55.jpg
EXACT_664,EXACT_SHA256,3,datasets\dataset_v2_4defect\train\images\frame_00208_jpg.rf.79c33d7732bf695d3b3ada855a240d55_aug_contrast_2.jpg | datasets\dataset_v2_5class\train\images\frame_00208_jpg.rf.79c33d7732bf695d3b3ada855a240d55_aug_contrast_2.jpg | datasets\dataset_v3_clean_background\train\images\frame_00208_jpg.rf.79c33d7732bf695d3b3ada855a240d55_aug_contrast_2.jpg
EXACT_665,EXACT_SHA256,3,datasets\dataset_v2_4defect\train\images\frame_00208_jpg.rf.79c33d7732bf695d3b3ada855a240d55_aug_hflip_0.jpg | datasets\dataset_v2_5class\train\images\frame_00208_jpg.rf.79c33d7732bf695d3b3ada855a240d55_aug_hflip_0.jpg | datasets\dataset_v3_clean_background\train\images\frame_00208_jpg.rf.79c33d7732bf695d3b3ada855a240d55_aug_hflip_0.jpg
EXACT_666,EXACT_SHA256,3,datasets\dataset_v2_4defect\train\images\frame_00208_jpg.rf.79c33d7732bf695d3b3ada855a240d55_aug_vflip_1.jpg | datasets\dataset_v2_5class\train\images\frame_00208_jpg.rf.79c33d7732bf695d3b3ada855a240d55_aug_vflip_1.jpg | datasets\dataset_v3_clean_background\train\images\frame_00208_jpg.rf.79c33d7732bf695d3b3ada855a240d55_aug_vflip_1.jpg
EXACT_667,EXACT_SHA256,3,datasets\dataset_v2_4defect\train\images\frame_00210_jpg.rf.4f9c0d21a022bfc7dcee12b8e8d59cf5.jpg | datasets\dataset_v2_5class\train\images\frame_00210_jpg.rf.4f9c0d21a022bfc7dcee12b8e8d59cf5.jpg | datasets\dataset_v3_clean_background\train\images\frame_00210_jpg.rf.4f9c0d21a022bfc7dcee12b8e8d59cf5.jpg
EXACT_668,EXACT_SHA256,3,datasets\dataset_v2_4defect\train\images\frame_00210_jpg.rf.4f9c0d21a022bfc7dcee12b8e8d59cf5_aug_contrast_1.jpg | datasets\dataset_v2_5class\train\images\frame_00210_jpg.rf.4f9c0d21a022bfc7dcee12b8e8d59cf5_aug_contrast_1.jpg | datasets\dataset_v3_clean_background\train\images\frame_00210_jpg.rf.4f9c0d21a022bfc7dcee12b8e8d59cf5_aug_contrast_1.jpg
EXACT_669,EXACT_SHA256,3,datasets\dataset_v2_4defect\train\images\frame_00210_jpg.rf.4f9c0d21a022bfc7dcee12b8e8d59cf5_aug_hflip_0.jpg | datasets\dataset_v2_5class\train\images\frame_00210_jpg.rf.4f9c0d21a022bfc7dcee12b8e8d59cf5_aug_hflip_0.jpg | datasets\dataset_v3_clean_background\train\images\frame_00210_jpg.rf.4f9c0d21a022bfc7dcee12b8e8d59cf5_aug_hflip_0.jpg
EXACT_670,EXACT_SHA256,3,datasets\dataset_v2_4defect\train\images\frame_00211_jpg.rf.87abcf75c80cadd5d9698cf317255561.jpg | datasets\dataset_v2_5class\train\images\frame_00211_jpg.rf.87abcf75c80cadd5d9698cf317255561.jpg | datasets\dataset_v3_clean_background\train\images\frame_00211_jpg.rf.87abcf75c80cadd5d9698cf317255561.jpg
EXACT_671,EXACT_SHA256,3,datasets\dataset_v2_4defect\train\images\frame_00211_jpg.rf.a092ba411fab532e10e2677d4ddbb338.jpg | datasets\dataset_v2_5class\train\images\frame_00211_jpg.rf.a092ba411fab532e10e2677d4ddbb338.jpg | datasets\dataset_v3_clean_background\train\images\frame_00211_jpg.rf.a092ba411fab532e10e2677d4ddbb338.jpg
EXACT_672,EXACT_SHA256,3,datasets\dataset_v2_4defect\train\images\frame_00213_jpg.rf.7fe7845109982ae1702fedf079c9555d.jpg | datasets\dataset_v2_5class\train\images\frame_00213_jpg.rf.7fe7845109982ae1702fedf079c9555d.jpg | datasets\dataset_v3_clean_background\train\images\frame_00213_jpg.rf.7fe7845109982ae1702fedf079c9555d.jpg
EXACT_673,EXACT_SHA256,3,datasets\dataset_v2_4defect\train\images\frame_00214_jpg.rf.4ab0fa0081ef838a5b1b632e687e0d10.jpg | datasets\dataset_v2_5class\train\images\frame_00214_jpg.rf.4ab0fa0081ef838a5b1b632e687e0d10.jpg | datasets\dataset_v3_clean_background\train\images\frame_00214_jpg.rf.4ab0fa0081ef838a5b1b632e687e0d10.jpg
EXACT_674,EXACT_SHA256,3,datasets\dataset_v2_4defect\train\images\frame_00214_jpg.rf.4ab0fa0081ef838a5b1b632e687e0d10_aug_contrast_3.jpg | datasets\dataset_v2_5class\train\images\frame_00214_jpg.rf.4ab0fa0081ef838a5b1b632e687e0d10_aug_contrast_3.jpg | datasets\dataset_v3_clean_background\train\images\frame_00214_jpg.rf.4ab0fa0081ef838a5b1b632e687e0d10_aug_contrast_3.jpg
EXACT_675,EXACT_SHA256,3,datasets\dataset_v2_4defect\train\images\frame_00214_jpg.rf.4ab0fa0081ef838a5b1b632e687e0d10_aug_hflip_0.jpg | datasets\dataset_v2_5class\train\images\frame_00214_jpg.rf.4ab0fa0081ef838a5b1b632e687e0d10_aug_hflip_0.jpg | datasets\dataset_v3_clean_background\train\images\frame_00214_jpg.rf.4ab0fa0081ef838a5b1b632e687e0d10_aug_hflip_0.jpg
EXACT_676,EXACT_SHA256,3,datasets\dataset_v2_4defect\train\images\frame_00214_jpg.rf.4ab0fa0081ef838a5b1b632e687e0d10_aug_hvflip_2.jpg | datasets\dataset_v2_5class\train\images\frame_00214_jpg.rf.4ab0fa0081ef838a5b1b632e687e0d10_aug_hvflip_2.jpg | datasets\dataset_v3_clean_background\train\images\frame_00214_jpg.rf.4ab0fa0081ef838a5b1b632e687e0d10_aug_hvflip_2.jpg
EXACT_677,EXACT_SHA256,3,datasets\dataset_v2_4defect\train\images\frame_00214_jpg.rf.4ab0fa0081ef838a5b1b632e687e0d10_aug_vflip_1.jpg | datasets\dataset_v2_5class\train\images\frame_00214_jpg.rf.4ab0fa0081ef838a5b1b632e687e0d10_aug_vflip_1.jpg | datasets\dataset_v3_clean_background\train\images\frame_00214_jpg.rf.4ab0fa0081ef838a5b1b632e687e0d10_aug_vflip_1.jpg
EXACT_678,EXACT_SHA256,3,datasets\dataset_v2_4defect\train\images\frame_00215_jpg.rf.0d7a44cc074f3934dd19e60d6edc61f8.jpg | datasets\dataset_v2_5class\train\images\frame_00215_jpg.rf.0d7a44cc074f3934dd19e60d6edc61f8.jpg | datasets\dataset_v3_clean_background\train\images\frame_00215_jpg.rf.0d7a44cc074f3934dd19e60d6edc61f8.jpg
EXACT_679,EXACT_SHA256,3,datasets\dataset_v2_4defect\train\images\frame_00216_jpg.rf.99ebfe9235e40e3e99e5b6d5a2c549fb.jpg | datasets\dataset_v2_5class\train\images\frame_00216_jpg.rf.99ebfe9235e40e3e99e5b6d5a2c549fb.jpg | datasets\dataset_v3_clean_background\train\images\frame_00216_jpg.rf.99ebfe9235e40e3e99e5b6d5a2c549fb.jpg
EXACT_680,EXACT_SHA256,3,datasets\dataset_v2_4defect\train\images\frame_00217_jpg.rf.8a6f29de683f48dc20b97d6d94df145a.jpg | datasets\dataset_v2_5class\train\images\frame_00217_jpg.rf.8a6f29de683f48dc20b97d6d94df145a.jpg | datasets\dataset_v3_clean_background\train\images\frame_00217_jpg.rf.8a6f29de683f48dc20b97d6d94df145a.jpg
EXACT_681,EXACT_SHA256,3,datasets\dataset_v2_4defect\train\images\frame_00217_jpg.rf.8a6f29de683f48dc20b97d6d94df145a_aug_contrast_2.jpg | datasets\dataset_v2_5class\train\images\frame_00217_jpg.rf.8a6f29de683f48dc20b97d6d94df145a_aug_contrast_2.jpg | datasets\dataset_v3_clean_background\train\images\frame_00217_jpg.rf.8a6f29de683f48dc20b97d6d94df145a_aug_contrast_2.jpg
EXACT_682,EXACT_SHA256,3,datasets\dataset_v2_4defect\train\images\frame_00217_jpg.rf.8a6f29de683f48dc20b97d6d94df145a_aug_hflip_0.jpg | datasets\dataset_v2_5class\train\images\frame_00217_jpg.rf.8a6f29de683f48dc20b97d6d94df145a_aug_hflip_0.jpg | datasets\dataset_v3_clean_background\train\images\frame_00217_jpg.rf.8a6f29de683f48dc20b97d6d94df145a_aug_hflip_0.jpg
EXACT_683,EXACT_SHA256,3,datasets\dataset_v2_4defect\train\images\frame_00217_jpg.rf.8a6f29de683f48dc20b97d6d94df145a_aug_vflip_1.jpg | datasets\dataset_v2_5class\train\images\frame_00217_jpg.rf.8a6f29de683f48dc20b97d6d94df145a_aug_vflip_1.jpg | datasets\dataset_v3_clean_background\train\images\frame_00217_jpg.rf.8a6f29de683f48dc20b97d6d94df145a_aug_vflip_1.jpg
EXACT_684,EXACT_SHA256,3,datasets\dataset_v2_4defect\train\images\frame_00218_jpg.rf.86c1526286c4ae762eb5d2d9c06309aa.jpg | datasets\dataset_v2_5class\train\images\frame_00218_jpg.rf.86c1526286c4ae762eb5d2d9c06309aa.jpg | datasets\dataset_v3_clean_background\train\images\frame_00218_jpg.rf.86c1526286c4ae762eb5d2d9c06309aa.jpg
EXACT_685,EXACT_SHA256,3,datasets\dataset_v2_4defect\train\images\frame_00218_jpg.rf.86c1526286c4ae762eb5d2d9c06309aa_aug_contrast_2.jpg | datasets\dataset_v2_5class\train\images\frame_00218_jpg.rf.86c1526286c4ae762eb5d2d9c06309aa_aug_contrast_2.jpg | datasets\dataset_v3_clean_background\train\images\frame_00218_jpg.rf.86c1526286c4ae762eb5d2d9c06309aa_aug_contrast_2.jpg
EXACT_686,EXACT_SHA256,3,datasets\dataset_v2_4defect\train\images\frame_00218_jpg.rf.86c1526286c4ae762eb5d2d9c06309aa_aug_hflip_0.jpg | datasets\dataset_v2_5class\train\images\frame_00218_jpg.rf.86c1526286c4ae762eb5d2d9c06309aa_aug_hflip_0.jpg | datasets\dataset_v3_clean_background\train\images\frame_00218_jpg.rf.86c1526286c4ae762eb5d2d9c06309aa_aug_hflip_0.jpg
EXACT_687,EXACT_SHA256,3,datasets\dataset_v2_4defect\train\images\frame_00218_jpg.rf.86c1526286c4ae762eb5d2d9c06309aa_aug_vflip_1.jpg | datasets\dataset_v2_5class\train\images\frame_00218_jpg.rf.86c1526286c4ae762eb5d2d9c06309aa_aug_vflip_1.jpg | datasets\dataset_v3_clean_background\train\images\frame_00218_jpg.rf.86c1526286c4ae762eb5d2d9c06309aa_aug_vflip_1.jpg
EXACT_688,EXACT_SHA256,3,datasets\dataset_v2_4defect\train\images\frame_00218_jpg.rf.a19cc2cab3588d166d926aa4ad0f00f9.jpg | datasets\dataset_v2_5class\train\images\frame_00218_jpg.rf.a19cc2cab3588d166d926aa4ad0f00f9.jpg | datasets\dataset_v3_clean_background\train\images\frame_00218_jpg.rf.a19cc2cab3588d166d926aa4ad0f00f9.jpg
EXACT_689,EXACT_SHA256,3,datasets\dataset_v2_4defect\train\images\frame_00220_jpg.rf.fd5657702260f3c6c360c7c99e161cce.jpg | datasets\dataset_v2_5class\train\images\frame_00220_jpg.rf.fd5657702260f3c6c360c7c99e161cce.jpg | datasets\dataset_v3_clean_background\train\images\frame_00220_jpg.rf.fd5657702260f3c6c360c7c99e161cce.jpg
EXACT_690,EXACT_SHA256,3,datasets\dataset_v2_4defect\train\images\frame_00220_jpg.rf.fd5657702260f3c6c360c7c99e161cce_aug_contrast_1.jpg | datasets\dataset_v2_5class\train\images\frame_00220_jpg.rf.fd5657702260f3c6c360c7c99e161cce_aug_contrast_1.jpg | datasets\dataset_v3_clean_background\train\images\frame_00220_jpg.rf.fd5657702260f3c6c360c7c99e161cce_aug_contrast_1.jpg
EXACT_691,EXACT_SHA256,3,datasets\dataset_v2_4defect\train\images\frame_00220_jpg.rf.fd5657702260f3c6c360c7c99e161cce_aug_hflip_0.jpg | datasets\dataset_v2_5class\train\images\frame_00220_jpg.rf.fd5657702260f3c6c360c7c99e161cce_aug_hflip_0.jpg | datasets\dataset_v3_clean_background\train\images\frame_00220_jpg.rf.fd5657702260f3c6c360c7c99e161cce_aug_hflip_0.jpg
EXACT_692,EXACT_SHA256,3,datasets\dataset_v2_4defect\train\images\frame_00221_jpg.rf.31026b1b0b2887dc846f786f03824f91.jpg | datasets\dataset_v2_5class\train\images\frame_00221_jpg.rf.31026b1b0b2887dc846f786f03824f91.jpg | datasets\dataset_v3_clean_background\train\images\frame_00221_jpg.rf.31026b1b0b2887dc846f786f03824f91.jpg
EXACT_693,EXACT_SHA256,3,datasets\dataset_v2_4defect\train\images\frame_00221_jpg.rf.31026b1b0b2887dc846f786f03824f91_aug_contrast_1.jpg | datasets\dataset_v2_5class\train\images\frame_00221_jpg.rf.31026b1b0b2887dc846f786f03824f91_aug_contrast_1.jpg | datasets\dataset_v3_clean_background\train\images\frame_00221_jpg.rf.31026b1b0b2887dc846f786f03824f91_aug_contrast_1.jpg
EXACT_694,EXACT_SHA256,3,datasets\dataset_v2_4defect\train\images\frame_00221_jpg.rf.31026b1b0b2887dc846f786f03824f91_aug_hflip_0.jpg | datasets\dataset_v2_5class\train\images\frame_00221_jpg.rf.31026b1b0b2887dc846f786f03824f91_aug_hflip_0.jpg | datasets\dataset_v3_clean_background\train\images\frame_00221_jpg.rf.31026b1b0b2887dc846f786f03824f91_aug_hflip_0.jpg
EXACT_695,EXACT_SHA256,3,datasets\dataset_v2_4defect\train\images\frame_00223_jpg.rf.6b4c6511e53a25296685d949c17549f7.jpg | datasets\dataset_v2_5class\train\images\frame_00223_jpg.rf.6b4c6511e53a25296685d949c17549f7.jpg | datasets\dataset_v3_clean_background\train\images\frame_00223_jpg.rf.6b4c6511e53a25296685d949c17549f7.jpg
EXACT_696,EXACT_SHA256,3,datasets\dataset_v2_4defect\train\images\frame_00223_jpg.rf.6b4c6511e53a25296685d949c17549f7_aug_contrast_2.jpg | datasets\dataset_v2_5class\train\images\frame_00223_jpg.rf.6b4c6511e53a25296685d949c17549f7_aug_contrast_2.jpg | datasets\dataset_v3_clean_background\train\images\frame_00223_jpg.rf.6b4c6511e53a25296685d949c17549f7_aug_contrast_2.jpg
EXACT_697,EXACT_SHA256,3,datasets\dataset_v2_4defect\train\images\frame_00223_jpg.rf.6b4c6511e53a25296685d949c17549f7_aug_hflip_0.jpg | datasets\dataset_v2_5class\train\images\frame_00223_jpg.rf.6b4c6511e53a25296685d949c17549f7_aug_hflip_0.jpg | datasets\dataset_v3_clean_background\train\images\frame_00223_jpg.rf.6b4c6511e53a25296685d949c17549f7_aug_hflip_0.jpg
EXACT_698,EXACT_SHA256,3,datasets\dataset_v2_4defect\train\images\frame_00223_jpg.rf.6b4c6511e53a25296685d949c17549f7_aug_vflip_1.jpg | datasets\dataset_v2_5class\train\images\frame_00223_jpg.rf.6b4c6511e53a25296685d949c17549f7_aug_vflip_1.jpg | datasets\dataset_v3_clean_background\train\images\frame_00223_jpg.rf.6b4c6511e53a25296685d949c17549f7_aug_vflip_1.jpg
EXACT_699,EXACT_SHA256,3,datasets\dataset_v2_4defect\train\images\frame_00224_jpg.rf.ead25eb5185721f2bee86d873028012e.jpg | datasets\dataset_v2_5class\train\images\frame_00224_jpg.rf.ead25eb5185721f2bee86d873028012e.jpg | datasets\dataset_v3_clean_background\train\images\frame_00224_jpg.rf.ead25eb5185721f2bee86d873028012e.jpg
EXACT_700,EXACT_SHA256,3,datasets\dataset_v2_4defect\train\images\frame_00224_jpg.rf.ead25eb5185721f2bee86d873028012e_aug_contrast_2.jpg | datasets\dataset_v2_5class\train\images\frame_00224_jpg.rf.ead25eb5185721f2bee86d873028012e_aug_contrast_2.jpg | datasets\dataset_v3_clean_background\train\images\frame_00224_jpg.rf.ead25eb5185721f2bee86d873028012e_aug_contrast_2.jpg
EXACT_701,EXACT_SHA256,3,datasets\dataset_v2_4defect\train\images\frame_00224_jpg.rf.ead25eb5185721f2bee86d873028012e_aug_hflip_0.jpg | datasets\dataset_v2_5class\train\images\frame_00224_jpg.rf.ead25eb5185721f2bee86d873028012e_aug_hflip_0.jpg | datasets\dataset_v3_clean_background\train\images\frame_00224_jpg.rf.ead25eb5185721f2bee86d873028012e_aug_hflip_0.jpg
EXACT_702,EXACT_SHA256,3,datasets\dataset_v2_4defect\train\images\frame_00224_jpg.rf.ead25eb5185721f2bee86d873028012e_aug_vflip_1.jpg | datasets\dataset_v2_5class\train\images\frame_00224_jpg.rf.ead25eb5185721f2bee86d873028012e_aug_vflip_1.jpg | datasets\dataset_v3_clean_background\train\images\frame_00224_jpg.rf.ead25eb5185721f2bee86d873028012e_aug_vflip_1.jpg
EXACT_703,EXACT_SHA256,3,datasets\dataset_v2_4defect\train\images\frame_00225_jpg.rf.2973ef16c8adffa6629d2ca4d55d69ee.jpg | datasets\dataset_v2_5class\train\images\frame_00225_jpg.rf.2973ef16c8adffa6629d2ca4d55d69ee.jpg | datasets\dataset_v3_clean_background\train\images\frame_00225_jpg.rf.2973ef16c8adffa6629d2ca4d55d69ee.jpg
EXACT_704,EXACT_SHA256,3,datasets\dataset_v2_4defect\train\images\frame_00225_jpg.rf.2973ef16c8adffa6629d2ca4d55d69ee_aug_contrast_2.jpg | datasets\dataset_v2_5class\train\images\frame_00225_jpg.rf.2973ef16c8adffa6629d2ca4d55d69ee_aug_contrast_2.jpg | datasets\dataset_v3_clean_background\train\images\frame_00225_jpg.rf.2973ef16c8adffa6629d2ca4d55d69ee_aug_contrast_2.jpg
EXACT_705,EXACT_SHA256,3,datasets\dataset_v2_4defect\train\images\frame_00225_jpg.rf.2973ef16c8adffa6629d2ca4d55d69ee_aug_hflip_0.jpg | datasets\dataset_v2_5class\train\images\frame_00225_jpg.rf.2973ef16c8adffa6629d2ca4d55d69ee_aug_hflip_0.jpg | datasets\dataset_v3_clean_background\train\images\frame_00225_jpg.rf.2973ef16c8adffa6629d2ca4d55d69ee_aug_hflip_0.jpg
EXACT_706,EXACT_SHA256,3,datasets\dataset_v2_4defect\train\images\frame_00225_jpg.rf.2973ef16c8adffa6629d2ca4d55d69ee_aug_vflip_1.jpg | datasets\dataset_v2_5class\train\images\frame_00225_jpg.rf.2973ef16c8adffa6629d2ca4d55d69ee_aug_vflip_1.jpg | datasets\dataset_v3_clean_background\train\images\frame_00225_jpg.rf.2973ef16c8adffa6629d2ca4d55d69ee_aug_vflip_1.jpg
EXACT_707,EXACT_SHA256,3,datasets\dataset_v2_4defect\train\images\frame_00226_jpg.rf.b73032569d5c7b4046923242be6a223f.jpg | datasets\dataset_v2_5class\train\images\frame_00226_jpg.rf.b73032569d5c7b4046923242be6a223f.jpg | datasets\dataset_v3_clean_background\train\images\frame_00226_jpg.rf.b73032569d5c7b4046923242be6a223f.jpg
EXACT_708,EXACT_SHA256,3,datasets\dataset_v2_4defect\train\images\frame_00227_jpg.rf.91588165b3a0ebb8b637b194bba4fb26.jpg | datasets\dataset_v2_5class\train\images\frame_00227_jpg.rf.91588165b3a0ebb8b637b194bba4fb26.jpg | datasets\dataset_v3_clean_background\train\images\frame_00227_jpg.rf.91588165b3a0ebb8b637b194bba4fb26.jpg
EXACT_709,EXACT_SHA256,3,datasets\dataset_v2_4defect\train\images\frame_00228_jpg.rf.4a2e4b229c5b78d6a5d6ca12d8fa6de1.jpg | datasets\dataset_v2_5class\train\images\frame_00228_jpg.rf.4a2e4b229c5b78d6a5d6ca12d8fa6de1.jpg | datasets\dataset_v3_clean_background\train\images\frame_00228_jpg.rf.4a2e4b229c5b78d6a5d6ca12d8fa6de1.jpg
EXACT_710,EXACT_SHA256,3,datasets\dataset_v2_4defect\train\images\frame_00228_jpg.rf.4a2e4b229c5b78d6a5d6ca12d8fa6de1_aug_contrast_1.jpg | datasets\dataset_v2_5class\train\images\frame_00228_jpg.rf.4a2e4b229c5b78d6a5d6ca12d8fa6de1_aug_contrast_1.jpg | datasets\dataset_v3_clean_background\train\images\frame_00228_jpg.rf.4a2e4b229c5b78d6a5d6ca12d8fa6de1_aug_contrast_1.jpg
EXACT_711,EXACT_SHA256,3,datasets\dataset_v2_4defect\train\images\frame_00228_jpg.rf.4a2e4b229c5b78d6a5d6ca12d8fa6de1_aug_hflip_0.jpg | datasets\dataset_v2_5class\train\images\frame_00228_jpg.rf.4a2e4b229c5b78d6a5d6ca12d8fa6de1_aug_hflip_0.jpg | datasets\dataset_v3_clean_background\train\images\frame_00228_jpg.rf.4a2e4b229c5b78d6a5d6ca12d8fa6de1_aug_hflip_0.jpg
EXACT_712,EXACT_SHA256,3,datasets\dataset_v2_4defect\train\images\frame_00229_jpg.rf.a15904a5f8cdab10c0301bcae5d4ab1a.jpg | datasets\dataset_v2_5class\train\images\frame_00229_jpg.rf.a15904a5f8cdab10c0301bcae5d4ab1a.jpg | datasets\dataset_v3_clean_background\train\images\frame_00229_jpg.rf.a15904a5f8cdab10c0301bcae5d4ab1a.jpg
EXACT_713,EXACT_SHA256,3,datasets\dataset_v2_4defect\train\images\frame_00229_jpg.rf.a15904a5f8cdab10c0301bcae5d4ab1a_aug_contrast_1.jpg | datasets\dataset_v2_5class\train\images\frame_00229_jpg.rf.a15904a5f8cdab10c0301bcae5d4ab1a_aug_contrast_1.jpg | datasets\dataset_v3_clean_background\train\images\frame_00229_jpg.rf.a15904a5f8cdab10c0301bcae5d4ab1a_aug_contrast_1.jpg
EXACT_714,EXACT_SHA256,3,datasets\dataset_v2_4defect\train\images\frame_00229_jpg.rf.a15904a5f8cdab10c0301bcae5d4ab1a_aug_hflip_0.jpg | datasets\dataset_v2_5class\train\images\frame_00229_jpg.rf.a15904a5f8cdab10c0301bcae5d4ab1a_aug_hflip_0.jpg | datasets\dataset_v3_clean_background\train\images\frame_00229_jpg.rf.a15904a5f8cdab10c0301bcae5d4ab1a_aug_hflip_0.jpg
EXACT_715,EXACT_SHA256,3,datasets\dataset_v2_4defect\train\images\frame_00230_jpg.rf.77092d9205048332004e18390047d6bf.jpg | datasets\dataset_v2_5class\train\images\frame_00230_jpg.rf.77092d9205048332004e18390047d6bf.jpg | datasets\dataset_v3_clean_background\train\images\frame_00230_jpg.rf.77092d9205048332004e18390047d6bf.jpg
EXACT_716,EXACT_SHA256,3,datasets\dataset_v2_4defect\train\images\frame_00230_jpg.rf.77092d9205048332004e18390047d6bf_aug_contrast_1.jpg | datasets\dataset_v2_5class\train\images\frame_00230_jpg.rf.77092d9205048332004e18390047d6bf_aug_contrast_1.jpg | datasets\dataset_v3_clean_background\train\images\frame_00230_jpg.rf.77092d9205048332004e18390047d6bf_aug_contrast_1.jpg
EXACT_717,EXACT_SHA256,3,datasets\dataset_v2_4defect\train\images\frame_00230_jpg.rf.77092d9205048332004e18390047d6bf_aug_hflip_0.jpg | datasets\dataset_v2_5class\train\images\frame_00230_jpg.rf.77092d9205048332004e18390047d6bf_aug_hflip_0.jpg | datasets\dataset_v3_clean_background\train\images\frame_00230_jpg.rf.77092d9205048332004e18390047d6bf_aug_hflip_0.jpg
EXACT_718,EXACT_SHA256,3,datasets\dataset_v2_4defect\train\images\frame_00232_jpg.rf.584ccc3d4a230f5c6e924d5424b123d4.jpg | datasets\dataset_v2_5class\train\images\frame_00232_jpg.rf.584ccc3d4a230f5c6e924d5424b123d4.jpg | datasets\dataset_v3_clean_background\train\images\frame_00232_jpg.rf.584ccc3d4a230f5c6e924d5424b123d4.jpg
EXACT_719,EXACT_SHA256,3,datasets\dataset_v2_4defect\train\images\frame_00232_jpg.rf.584ccc3d4a230f5c6e924d5424b123d4_aug_contrast_2.jpg | datasets\dataset_v2_5class\train\images\frame_00232_jpg.rf.584ccc3d4a230f5c6e924d5424b123d4_aug_contrast_2.jpg | datasets\dataset_v3_clean_background\train\images\frame_00232_jpg.rf.584ccc3d4a230f5c6e924d5424b123d4_aug_contrast_2.jpg
EXACT_720,EXACT_SHA256,3,datasets\dataset_v2_4defect\train\images\frame_00232_jpg.rf.584ccc3d4a230f5c6e924d5424b123d4_aug_hflip_0.jpg | datasets\dataset_v2_5class\train\images\frame_00232_jpg.rf.584ccc3d4a230f5c6e924d5424b123d4_aug_hflip_0.jpg | datasets\dataset_v3_clean_background\train\images\frame_00232_jpg.rf.584ccc3d4a230f5c6e924d5424b123d4_aug_hflip_0.jpg
EXACT_721,EXACT_SHA256,3,datasets\dataset_v2_4defect\train\images\frame_00232_jpg.rf.584ccc3d4a230f5c6e924d5424b123d4_aug_vflip_1.jpg | datasets\dataset_v2_5class\train\images\frame_00232_jpg.rf.584ccc3d4a230f5c6e924d5424b123d4_aug_vflip_1.jpg | datasets\dataset_v3_clean_background\train\images\frame_00232_jpg.rf.584ccc3d4a230f5c6e924d5424b123d4_aug_vflip_1.jpg
EXACT_722,EXACT_SHA256,3,datasets\dataset_v2_4defect\train\images\frame_00233_jpg.rf.c76fee29bed0cd15dd1be940a132adf8.jpg | datasets\dataset_v2_5class\train\images\frame_00233_jpg.rf.c76fee29bed0cd15dd1be940a132adf8.jpg | datasets\dataset_v3_clean_background\train\images\frame_00233_jpg.rf.c76fee29bed0cd15dd1be940a132adf8.jpg
EXACT_723,EXACT_SHA256,3,datasets\dataset_v2_4defect\train\images\frame_00233_jpg.rf.c76fee29bed0cd15dd1be940a132adf8_aug_contrast_1.jpg | datasets\dataset_v2_5class\train\images\frame_00233_jpg.rf.c76fee29bed0cd15dd1be940a132adf8_aug_contrast_1.jpg | datasets\dataset_v3_clean_background\train\images\frame_00233_jpg.rf.c76fee29bed0cd15dd1be940a132adf8_aug_contrast_1.jpg
EXACT_724,EXACT_SHA256,3,datasets\dataset_v2_4defect\train\images\frame_00233_jpg.rf.c76fee29bed0cd15dd1be940a132adf8_aug_hflip_0.jpg | datasets\dataset_v2_5class\train\images\frame_00233_jpg.rf.c76fee29bed0cd15dd1be940a132adf8_aug_hflip_0.jpg | datasets\dataset_v3_clean_background\train\images\frame_00233_jpg.rf.c76fee29bed0cd15dd1be940a132adf8_aug_hflip_0.jpg
EXACT_725,EXACT_SHA256,3,datasets\dataset_v2_4defect\train\images\frame_00234_jpg.rf.2589a2fb7d4b6a2cb5b1d3b167f65b34.jpg | datasets\dataset_v2_5class\train\images\frame_00234_jpg.rf.2589a2fb7d4b6a2cb5b1d3b167f65b34.jpg | datasets\dataset_v3_clean_background\train\images\frame_00234_jpg.rf.2589a2fb7d4b6a2cb5b1d3b167f65b34.jpg
EXACT_726,EXACT_SHA256,3,datasets\dataset_v2_4defect\train\images\frame_00234_jpg.rf.2589a2fb7d4b6a2cb5b1d3b167f65b34_aug_contrast_2.jpg | datasets\dataset_v2_5class\train\images\frame_00234_jpg.rf.2589a2fb7d4b6a2cb5b1d3b167f65b34_aug_contrast_2.jpg | datasets\dataset_v3_clean_background\train\images\frame_00234_jpg.rf.2589a2fb7d4b6a2cb5b1d3b167f65b34_aug_contrast_2.jpg
EXACT_727,EXACT_SHA256,3,datasets\dataset_v2_4defect\train\images\frame_00234_jpg.rf.2589a2fb7d4b6a2cb5b1d3b167f65b34_aug_hflip_0.jpg | datasets\dataset_v2_5class\train\images\frame_00234_jpg.rf.2589a2fb7d4b6a2cb5b1d3b167f65b34_aug_hflip_0.jpg | datasets\dataset_v3_clean_background\train\images\frame_00234_jpg.rf.2589a2fb7d4b6a2cb5b1d3b167f65b34_aug_hflip_0.jpg
EXACT_728,EXACT_SHA256,3,datasets\dataset_v2_4defect\train\images\frame_00234_jpg.rf.2589a2fb7d4b6a2cb5b1d3b167f65b34_aug_vflip_1.jpg | datasets\dataset_v2_5class\train\images\frame_00234_jpg.rf.2589a2fb7d4b6a2cb5b1d3b167f65b34_aug_vflip_1.jpg | datasets\dataset_v3_clean_background\train\images\frame_00234_jpg.rf.2589a2fb7d4b6a2cb5b1d3b167f65b34_aug_vflip_1.jpg
EXACT_729,EXACT_SHA256,3,datasets\dataset_v2_4defect\train\images\frame_00234_jpg.rf.99360b072b65e0d3b9bb20ab111f4853.jpg | datasets\dataset_v2_5class\train\images\frame_00234_jpg.rf.99360b072b65e0d3b9bb20ab111f4853.jpg | datasets\dataset_v3_clean_background\train\images\frame_00234_jpg.rf.99360b072b65e0d3b9bb20ab111f4853.jpg
EXACT_730,EXACT_SHA256,3,datasets\dataset_v2_4defect\train\images\frame_00235_jpg.rf.b91f64501d8aa0280c67f55e7f27eb09.jpg | datasets\dataset_v2_5class\train\images\frame_00235_jpg.rf.b91f64501d8aa0280c67f55e7f27eb09.jpg | datasets\dataset_v3_clean_background\train\images\frame_00235_jpg.rf.b91f64501d8aa0280c67f55e7f27eb09.jpg
EXACT_731,EXACT_SHA256,3,datasets\dataset_v2_4defect\train\images\frame_00236_jpg.rf.6efa869239ec0a88fcf514f1750f3265.jpg | datasets\dataset_v2_5class\train\images\frame_00236_jpg.rf.6efa869239ec0a88fcf514f1750f3265.jpg | datasets\dataset_v3_clean_background\train\images\frame_00236_jpg.rf.6efa869239ec0a88fcf514f1750f3265.jpg
EXACT_732,EXACT_SHA256,3,datasets\dataset_v2_4defect\train\images\frame_00236_jpg.rf.6efa869239ec0a88fcf514f1750f3265_aug_contrast_1.jpg | datasets\dataset_v2_5class\train\images\frame_00236_jpg.rf.6efa869239ec0a88fcf514f1750f3265_aug_contrast_1.jpg | datasets\dataset_v3_clean_background\train\images\frame_00236_jpg.rf.6efa869239ec0a88fcf514f1750f3265_aug_contrast_1.jpg
EXACT_733,EXACT_SHA256,3,datasets\dataset_v2_4defect\train\images\frame_00236_jpg.rf.6efa869239ec0a88fcf514f1750f3265_aug_hflip_0.jpg | datasets\dataset_v2_5class\train\images\frame_00236_jpg.rf.6efa869239ec0a88fcf514f1750f3265_aug_hflip_0.jpg | datasets\dataset_v3_clean_background\train\images\frame_00236_jpg.rf.6efa869239ec0a88fcf514f1750f3265_aug_hflip_0.jpg
EXACT_734,EXACT_SHA256,3,datasets\dataset_v2_4defect\train\images\frame_00239_jpg.rf.e06f3cca97dae392c4b77e95eb2cea17.jpg | datasets\dataset_v2_5class\train\images\frame_00239_jpg.rf.e06f3cca97dae392c4b77e95eb2cea17.jpg | datasets\dataset_v3_clean_background\train\images\frame_00239_jpg.rf.e06f3cca97dae392c4b77e95eb2cea17.jpg
EXACT_735,EXACT_SHA256,3,datasets\dataset_v2_4defect\train\images\frame_00240_jpg.rf.a977c646f6364a33cda27295f0d07b2b.jpg | datasets\dataset_v2_5class\train\images\frame_00240_jpg.rf.a977c646f6364a33cda27295f0d07b2b.jpg | datasets\dataset_v3_clean_background\train\images\frame_00240_jpg.rf.a977c646f6364a33cda27295f0d07b2b.jpg
EXACT_736,EXACT_SHA256,3,datasets\dataset_v2_4defect\train\images\frame_00241_jpg.rf.dca375dd71e22a5877969725d4c0e444.jpg | datasets\dataset_v2_5class\train\images\frame_00241_jpg.rf.dca375dd71e22a5877969725d4c0e444.jpg | datasets\dataset_v3_clean_background\train\images\frame_00241_jpg.rf.dca375dd71e22a5877969725d4c0e444.jpg
EXACT_737,EXACT_SHA256,3,datasets\dataset_v2_4defect\train\images\frame_00241_jpg.rf.fb2fa19df85427701f04d5b530290a35.jpg | datasets\dataset_v2_5class\train\images\frame_00241_jpg.rf.fb2fa19df85427701f04d5b530290a35.jpg | datasets\dataset_v3_clean_background\train\images\frame_00241_jpg.rf.fb2fa19df85427701f04d5b530290a35.jpg
EXACT_738,EXACT_SHA256,3,datasets\dataset_v2_4defect\train\images\frame_00242_jpg.rf.5203fc02faa0fef7fdd6d25f409847cc.jpg | datasets\dataset_v2_5class\train\images\frame_00242_jpg.rf.5203fc02faa0fef7fdd6d25f409847cc.jpg | datasets\dataset_v3_clean_background\train\images\frame_00242_jpg.rf.5203fc02faa0fef7fdd6d25f409847cc.jpg
EXACT_739,EXACT_SHA256,3,datasets\dataset_v2_4defect\train\images\frame_00243_jpg.rf.196b67d888970adf2a879da3ea56116a.jpg | datasets\dataset_v2_5class\train\images\frame_00243_jpg.rf.196b67d888970adf2a879da3ea56116a.jpg | datasets\dataset_v3_clean_background\train\images\frame_00243_jpg.rf.196b67d888970adf2a879da3ea56116a.jpg
EXACT_740,EXACT_SHA256,3,datasets\dataset_v2_4defect\train\images\frame_00243_jpg.rf.196b67d888970adf2a879da3ea56116a_aug_contrast_3.jpg | datasets\dataset_v2_5class\train\images\frame_00243_jpg.rf.196b67d888970adf2a879da3ea56116a_aug_contrast_3.jpg | datasets\dataset_v3_clean_background\train\images\frame_00243_jpg.rf.196b67d888970adf2a879da3ea56116a_aug_contrast_3.jpg
EXACT_741,EXACT_SHA256,3,datasets\dataset_v2_4defect\train\images\frame_00243_jpg.rf.196b67d888970adf2a879da3ea56116a_aug_hflip_0.jpg | datasets\dataset_v2_5class\train\images\frame_00243_jpg.rf.196b67d888970adf2a879da3ea56116a_aug_hflip_0.jpg | datasets\dataset_v3_clean_background\train\images\frame_00243_jpg.rf.196b67d888970adf2a879da3ea56116a_aug_hflip_0.jpg
EXACT_742,EXACT_SHA256,3,datasets\dataset_v2_4defect\train\images\frame_00243_jpg.rf.196b67d888970adf2a879da3ea56116a_aug_hvflip_2.jpg | datasets\dataset_v2_5class\train\images\frame_00243_jpg.rf.196b67d888970adf2a879da3ea56116a_aug_hvflip_2.jpg | datasets\dataset_v3_clean_background\train\images\frame_00243_jpg.rf.196b67d888970adf2a879da3ea56116a_aug_hvflip_2.jpg
EXACT_743,EXACT_SHA256,3,datasets\dataset_v2_4defect\train\images\frame_00243_jpg.rf.196b67d888970adf2a879da3ea56116a_aug_vflip_1.jpg | datasets\dataset_v2_5class\train\images\frame_00243_jpg.rf.196b67d888970adf2a879da3ea56116a_aug_vflip_1.jpg | datasets\dataset_v3_clean_background\train\images\frame_00243_jpg.rf.196b67d888970adf2a879da3ea56116a_aug_vflip_1.jpg
EXACT_744,EXACT_SHA256,3,datasets\dataset_v2_4defect\train\images\frame_00244_jpg.rf.ed695baa857c86d7ae0daf8c2d72c81a.jpg | datasets\dataset_v2_5class\train\images\frame_00244_jpg.rf.ed695baa857c86d7ae0daf8c2d72c81a.jpg | datasets\dataset_v3_clean_background\train\images\frame_00244_jpg.rf.ed695baa857c86d7ae0daf8c2d72c81a.jpg
EXACT_745,EXACT_SHA256,3,datasets\dataset_v2_4defect\train\images\frame_00244_jpg.rf.ed695baa857c86d7ae0daf8c2d72c81a_aug_contrast_3.jpg | datasets\dataset_v2_5class\train\images\frame_00244_jpg.rf.ed695baa857c86d7ae0daf8c2d72c81a_aug_contrast_3.jpg | datasets\dataset_v3_clean_background\train\images\frame_00244_jpg.rf.ed695baa857c86d7ae0daf8c2d72c81a_aug_contrast_3.jpg
EXACT_746,EXACT_SHA256,3,datasets\dataset_v2_4defect\train\images\frame_00244_jpg.rf.ed695baa857c86d7ae0daf8c2d72c81a_aug_hflip_0.jpg | datasets\dataset_v2_5class\train\images\frame_00244_jpg.rf.ed695baa857c86d7ae0daf8c2d72c81a_aug_hflip_0.jpg | datasets\dataset_v3_clean_background\train\images\frame_00244_jpg.rf.ed695baa857c86d7ae0daf8c2d72c81a_aug_hflip_0.jpg
EXACT_747,EXACT_SHA256,3,datasets\dataset_v2_4defect\train\images\frame_00244_jpg.rf.ed695baa857c86d7ae0daf8c2d72c81a_aug_hvflip_2.jpg | datasets\dataset_v2_5class\train\images\frame_00244_jpg.rf.ed695baa857c86d7ae0daf8c2d72c81a_aug_hvflip_2.jpg | datasets\dataset_v3_clean_background\train\images\frame_00244_jpg.rf.ed695baa857c86d7ae0daf8c2d72c81a_aug_hvflip_2.jpg
EXACT_748,EXACT_SHA256,3,datasets\dataset_v2_4defect\train\images\frame_00244_jpg.rf.ed695baa857c86d7ae0daf8c2d72c81a_aug_vflip_1.jpg | datasets\dataset_v2_5class\train\images\frame_00244_jpg.rf.ed695baa857c86d7ae0daf8c2d72c81a_aug_vflip_1.jpg | datasets\dataset_v3_clean_background\train\images\frame_00244_jpg.rf.ed695baa857c86d7ae0daf8c2d72c81a_aug_vflip_1.jpg
EXACT_749,EXACT_SHA256,3,datasets\dataset_v2_4defect\train\images\frame_00246_jpg.rf.1e0ee8aa28963ced72ccf5b118172fb7.jpg | datasets\dataset_v2_5class\train\images\frame_00246_jpg.rf.1e0ee8aa28963ced72ccf5b118172fb7.jpg | datasets\dataset_v3_clean_background\train\images\frame_00246_jpg.rf.1e0ee8aa28963ced72ccf5b118172fb7.jpg
EXACT_750,EXACT_SHA256,3,datasets\dataset_v2_4defect\train\images\frame_00248_jpg.rf.0d0442bf9fc098fdba64373cd7f8690d.jpg | datasets\dataset_v2_5class\train\images\frame_00248_jpg.rf.0d0442bf9fc098fdba64373cd7f8690d.jpg | datasets\dataset_v3_clean_background\train\images\frame_00248_jpg.rf.0d0442bf9fc098fdba64373cd7f8690d.jpg
EXACT_751,EXACT_SHA256,3,datasets\dataset_v2_4defect\train\images\frame_00248_jpg.rf.0d0442bf9fc098fdba64373cd7f8690d_aug_contrast_2.jpg | datasets\dataset_v2_5class\train\images\frame_00248_jpg.rf.0d0442bf9fc098fdba64373cd7f8690d_aug_contrast_2.jpg | datasets\dataset_v3_clean_background\train\images\frame_00248_jpg.rf.0d0442bf9fc098fdba64373cd7f8690d_aug_contrast_2.jpg
EXACT_752,EXACT_SHA256,3,datasets\dataset_v2_4defect\train\images\frame_00248_jpg.rf.0d0442bf9fc098fdba64373cd7f8690d_aug_hflip_0.jpg | datasets\dataset_v2_5class\train\images\frame_00248_jpg.rf.0d0442bf9fc098fdba64373cd7f8690d_aug_hflip_0.jpg | datasets\dataset_v3_clean_background\train\images\frame_00248_jpg.rf.0d0442bf9fc098fdba64373cd7f8690d_aug_hflip_0.jpg
EXACT_753,EXACT_SHA256,3,datasets\dataset_v2_4defect\train\images\frame_00248_jpg.rf.0d0442bf9fc098fdba64373cd7f8690d_aug_vflip_1.jpg | datasets\dataset_v2_5class\train\images\frame_00248_jpg.rf.0d0442bf9fc098fdba64373cd7f8690d_aug_vflip_1.jpg | datasets\dataset_v3_clean_background\train\images\frame_00248_jpg.rf.0d0442bf9fc098fdba64373cd7f8690d_aug_vflip_1.jpg
EXACT_754,EXACT_SHA256,3,datasets\dataset_v2_4defect\train\images\frame_00250_jpg.rf.09379da488d02f01e178e2999661a8ac.jpg | datasets\dataset_v2_5class\train\images\frame_00250_jpg.rf.09379da488d02f01e178e2999661a8ac.jpg | datasets\dataset_v3_clean_background\train\images\frame_00250_jpg.rf.09379da488d02f01e178e2999661a8ac.jpg
EXACT_755,EXACT_SHA256,3,datasets\dataset_v2_4defect\train\images\frame_00250_jpg.rf.09379da488d02f01e178e2999661a8ac_aug_contrast_1.jpg | datasets\dataset_v2_5class\train\images\frame_00250_jpg.rf.09379da488d02f01e178e2999661a8ac_aug_contrast_1.jpg | datasets\dataset_v3_clean_background\train\images\frame_00250_jpg.rf.09379da488d02f01e178e2999661a8ac_aug_contrast_1.jpg
EXACT_756,EXACT_SHA256,3,datasets\dataset_v2_4defect\train\images\frame_00250_jpg.rf.09379da488d02f01e178e2999661a8ac_aug_hflip_0.jpg | datasets\dataset_v2_5class\train\images\frame_00250_jpg.rf.09379da488d02f01e178e2999661a8ac_aug_hflip_0.jpg | datasets\dataset_v3_clean_background\train\images\frame_00250_jpg.rf.09379da488d02f01e178e2999661a8ac_aug_hflip_0.jpg
EXACT_757,EXACT_SHA256,3,datasets\dataset_v2_4defect\train\images\frame_00250_jpg.rf.84728941c209a1cf92bde0d5be6de5ba.jpg | datasets\dataset_v2_5class\train\images\frame_00250_jpg.rf.84728941c209a1cf92bde0d5be6de5ba.jpg | datasets\dataset_v3_clean_background\train\images\frame_00250_jpg.rf.84728941c209a1cf92bde0d5be6de5ba.jpg
EXACT_758,EXACT_SHA256,3,datasets\dataset_v2_4defect\train\images\frame_00251_jpg.rf.893e3d754317e6e0978a2347bb4bf113.jpg | datasets\dataset_v2_5class\train\images\frame_00251_jpg.rf.893e3d754317e6e0978a2347bb4bf113.jpg | datasets\dataset_v3_clean_background\train\images\frame_00251_jpg.rf.893e3d754317e6e0978a2347bb4bf113.jpg
EXACT_759,EXACT_SHA256,3,datasets\dataset_v2_4defect\train\images\frame_00251_jpg.rf.893e3d754317e6e0978a2347bb4bf113_aug_contrast_1.jpg | datasets\dataset_v2_5class\train\images\frame_00251_jpg.rf.893e3d754317e6e0978a2347bb4bf113_aug_contrast_1.jpg | datasets\dataset_v3_clean_background\train\images\frame_00251_jpg.rf.893e3d754317e6e0978a2347bb4bf113_aug_contrast_1.jpg
EXACT_760,EXACT_SHA256,3,datasets\dataset_v2_4defect\train\images\frame_00251_jpg.rf.893e3d754317e6e0978a2347bb4bf113_aug_hflip_0.jpg | datasets\dataset_v2_5class\train\images\frame_00251_jpg.rf.893e3d754317e6e0978a2347bb4bf113_aug_hflip_0.jpg | datasets\dataset_v3_clean_background\train\images\frame_00251_jpg.rf.893e3d754317e6e0978a2347bb4bf113_aug_hflip_0.jpg
EXACT_761,EXACT_SHA256,3,datasets\dataset_v2_4defect\train\images\frame_00252_jpg.rf.2104f1ab13c064ee11afe87ccfc2f58a.jpg | datasets\dataset_v2_5class\train\images\frame_00252_jpg.rf.2104f1ab13c064ee11afe87ccfc2f58a.jpg | datasets\dataset_v3_clean_background\train\images\frame_00252_jpg.rf.2104f1ab13c064ee11afe87ccfc2f58a.jpg
EXACT_762,EXACT_SHA256,3,datasets\dataset_v2_4defect\train\images\frame_00252_jpg.rf.70c0022389de44dbb30ddbdb3ff569ea.jpg | datasets\dataset_v2_5class\train\images\frame_00252_jpg.rf.70c0022389de44dbb30ddbdb3ff569ea.jpg | datasets\dataset_v3_clean_background\train\images\frame_00252_jpg.rf.70c0022389de44dbb30ddbdb3ff569ea.jpg
EXACT_763,EXACT_SHA256,3,datasets\dataset_v2_4defect\train\images\frame_00252_jpg.rf.70c0022389de44dbb30ddbdb3ff569ea_aug_contrast_1.jpg | datasets\dataset_v2_5class\train\images\frame_00252_jpg.rf.70c0022389de44dbb30ddbdb3ff569ea_aug_contrast_1.jpg | datasets\dataset_v3_clean_background\train\images\frame_00252_jpg.rf.70c0022389de44dbb30ddbdb3ff569ea_aug_contrast_1.jpg
EXACT_764,EXACT_SHA256,3,datasets\dataset_v2_4defect\train\images\frame_00252_jpg.rf.70c0022389de44dbb30ddbdb3ff569ea_aug_hflip_0.jpg | datasets\dataset_v2_5class\train\images\frame_00252_jpg.rf.70c0022389de44dbb30ddbdb3ff569ea_aug_hflip_0.jpg | datasets\dataset_v3_clean_background\train\images\frame_00252_jpg.rf.70c0022389de44dbb30ddbdb3ff569ea_aug_hflip_0.jpg
EXACT_765,EXACT_SHA256,3,datasets\dataset_v2_4defect\train\images\frame_00253_jpg.rf.b72939094379c48469d10c4cfe41d23f.jpg | datasets\dataset_v2_5class\train\images\frame_00253_jpg.rf.b72939094379c48469d10c4cfe41d23f.jpg | datasets\dataset_v3_clean_background\train\images\frame_00253_jpg.rf.b72939094379c48469d10c4cfe41d23f.jpg
EXACT_766,EXACT_SHA256,3,datasets\dataset_v2_4defect\train\images\frame_00254_jpg.rf.2e9883bea9dff64b70121d262a345ab0.jpg | datasets\dataset_v2_5class\train\images\frame_00254_jpg.rf.2e9883bea9dff64b70121d262a345ab0.jpg | datasets\dataset_v3_clean_background\train\images\frame_00254_jpg.rf.2e9883bea9dff64b70121d262a345ab0.jpg
EXACT_767,EXACT_SHA256,3,datasets\dataset_v2_4defect\train\images\frame_00254_jpg.rf.2e9883bea9dff64b70121d262a345ab0_aug_contrast_1.jpg | datasets\dataset_v2_5class\train\images\frame_00254_jpg.rf.2e9883bea9dff64b70121d262a345ab0_aug_contrast_1.jpg | datasets\dataset_v3_clean_background\train\images\frame_00254_jpg.rf.2e9883bea9dff64b70121d262a345ab0_aug_contrast_1.jpg
EXACT_768,EXACT_SHA256,3,datasets\dataset_v2_4defect\train\images\frame_00254_jpg.rf.2e9883bea9dff64b70121d262a345ab0_aug_hflip_0.jpg | datasets\dataset_v2_5class\train\images\frame_00254_jpg.rf.2e9883bea9dff64b70121d262a345ab0_aug_hflip_0.jpg | datasets\dataset_v3_clean_background\train\images\frame_00254_jpg.rf.2e9883bea9dff64b70121d262a345ab0_aug_hflip_0.jpg
EXACT_769,EXACT_SHA256,3,datasets\dataset_v2_4defect\train\images\frame_00255_jpg.rf.3702829bf03c073677d55730ab175aab.jpg | datasets\dataset_v2_5class\train\images\frame_00255_jpg.rf.3702829bf03c073677d55730ab175aab.jpg | datasets\dataset_v3_clean_background\train\images\frame_00255_jpg.rf.3702829bf03c073677d55730ab175aab.jpg
EXACT_770,EXACT_SHA256,3,datasets\dataset_v2_4defect\train\images\frame_00256_jpg.rf.f478e23cd47a36e77ce3fdfe3039e4a3.jpg | datasets\dataset_v2_5class\train\images\frame_00256_jpg.rf.f478e23cd47a36e77ce3fdfe3039e4a3.jpg | datasets\dataset_v3_clean_background\train\images\frame_00256_jpg.rf.f478e23cd47a36e77ce3fdfe3039e4a3.jpg
EXACT_771,EXACT_SHA256,3,datasets\dataset_v2_4defect\train\images\frame_00256_jpg.rf.f478e23cd47a36e77ce3fdfe3039e4a3_aug_contrast_1.jpg | datasets\dataset_v2_5class\train\images\frame_00256_jpg.rf.f478e23cd47a36e77ce3fdfe3039e4a3_aug_contrast_1.jpg | datasets\dataset_v3_clean_background\train\images\frame_00256_jpg.rf.f478e23cd47a36e77ce3fdfe3039e4a3_aug_contrast_1.jpg
EXACT_772,EXACT_SHA256,3,datasets\dataset_v2_4defect\train\images\frame_00256_jpg.rf.f478e23cd47a36e77ce3fdfe3039e4a3_aug_hflip_0.jpg | datasets\dataset_v2_5class\train\images\frame_00256_jpg.rf.f478e23cd47a36e77ce3fdfe3039e4a3_aug_hflip_0.jpg | datasets\dataset_v3_clean_background\train\images\frame_00256_jpg.rf.f478e23cd47a36e77ce3fdfe3039e4a3_aug_hflip_0.jpg
EXACT_773,EXACT_SHA256,3,datasets\dataset_v2_4defect\train\images\frame_00257_jpg.rf.089b51cce94a843bf7842e86f5737b95.jpg | datasets\dataset_v2_5class\train\images\frame_00257_jpg.rf.089b51cce94a843bf7842e86f5737b95.jpg | datasets\dataset_v3_clean_background\train\images\frame_00257_jpg.rf.089b51cce94a843bf7842e86f5737b95.jpg
EXACT_774,EXACT_SHA256,3,datasets\dataset_v2_4defect\train\images\frame_00257_jpg.rf.089b51cce94a843bf7842e86f5737b95_aug_contrast_1.jpg | datasets\dataset_v2_5class\train\images\frame_00257_jpg.rf.089b51cce94a843bf7842e86f5737b95_aug_contrast_1.jpg | datasets\dataset_v3_clean_background\train\images\frame_00257_jpg.rf.089b51cce94a843bf7842e86f5737b95_aug_contrast_1.jpg
EXACT_775,EXACT_SHA256,3,datasets\dataset_v2_4defect\train\images\frame_00257_jpg.rf.089b51cce94a843bf7842e86f5737b95_aug_hflip_0.jpg | datasets\dataset_v2_5class\train\images\frame_00257_jpg.rf.089b51cce94a843bf7842e86f5737b95_aug_hflip_0.jpg | datasets\dataset_v3_clean_background\train\images\frame_00257_jpg.rf.089b51cce94a843bf7842e86f5737b95_aug_hflip_0.jpg
EXACT_776,EXACT_SHA256,3,datasets\dataset_v2_4defect\train\images\frame_00258_jpg.rf.8495302627c08f50516bdb7cbad66c3c.jpg | datasets\dataset_v2_5class\train\images\frame_00258_jpg.rf.8495302627c08f50516bdb7cbad66c3c.jpg | datasets\dataset_v3_clean_background\train\images\frame_00258_jpg.rf.8495302627c08f50516bdb7cbad66c3c.jpg
EXACT_777,EXACT_SHA256,3,datasets\dataset_v2_4defect\train\images\frame_00259_jpg.rf.42d1a8eaa7282f73d5cdf53115d8ea28.jpg | datasets\dataset_v2_5class\train\images\frame_00259_jpg.rf.42d1a8eaa7282f73d5cdf53115d8ea28.jpg | datasets\dataset_v3_clean_background\train\images\frame_00259_jpg.rf.42d1a8eaa7282f73d5cdf53115d8ea28.jpg
EXACT_778,EXACT_SHA256,3,datasets\dataset_v2_4defect\train\images\frame_00260_jpg.rf.081b26a80a4862628943ea49abf7545e.jpg | datasets\dataset_v2_5class\train\images\frame_00260_jpg.rf.081b26a80a4862628943ea49abf7545e.jpg | datasets\dataset_v3_clean_background\train\images\frame_00260_jpg.rf.081b26a80a4862628943ea49abf7545e.jpg
EXACT_779,EXACT_SHA256,3,datasets\dataset_v2_4defect\train\images\frame_00262_jpg.rf.17f62de077eac04c6467f356500ff063.jpg | datasets\dataset_v2_5class\train\images\frame_00262_jpg.rf.17f62de077eac04c6467f356500ff063.jpg | datasets\dataset_v3_clean_background\train\images\frame_00262_jpg.rf.17f62de077eac04c6467f356500ff063.jpg
EXACT_780,EXACT_SHA256,3,datasets\dataset_v2_4defect\train\images\frame_00262_jpg.rf.c7b6c9f6252a09d7782579194403bf9c.jpg | datasets\dataset_v2_5class\train\images\frame_00262_jpg.rf.c7b6c9f6252a09d7782579194403bf9c.jpg | datasets\dataset_v3_clean_background\train\images\frame_00262_jpg.rf.c7b6c9f6252a09d7782579194403bf9c.jpg
EXACT_781,EXACT_SHA256,3,datasets\dataset_v2_4defect\train\images\frame_00263_jpg.rf.1badb537291d9a32bd59c13d59f387d3.jpg | datasets\dataset_v2_5class\train\images\frame_00263_jpg.rf.1badb537291d9a32bd59c13d59f387d3.jpg | datasets\dataset_v3_clean_background\train\images\frame_00263_jpg.rf.1badb537291d9a32bd59c13d59f387d3.jpg
EXACT_782,EXACT_SHA256,3,datasets\dataset_v2_4defect\train\images\frame_00266_jpg.rf.501f204c049787fd32a74c1ae299d3e4.jpg | datasets\dataset_v2_5class\train\images\frame_00266_jpg.rf.501f204c049787fd32a74c1ae299d3e4.jpg | datasets\dataset_v3_clean_background\train\images\frame_00266_jpg.rf.501f204c049787fd32a74c1ae299d3e4.jpg
EXACT_783,EXACT_SHA256,3,datasets\dataset_v2_4defect\train\images\frame_00266_jpg.rf.501f204c049787fd32a74c1ae299d3e4_aug_contrast_1.jpg | datasets\dataset_v2_5class\train\images\frame_00266_jpg.rf.501f204c049787fd32a74c1ae299d3e4_aug_contrast_1.jpg | datasets\dataset_v3_clean_background\train\images\frame_00266_jpg.rf.501f204c049787fd32a74c1ae299d3e4_aug_contrast_1.jpg
EXACT_784,EXACT_SHA256,3,datasets\dataset_v2_4defect\train\images\frame_00266_jpg.rf.501f204c049787fd32a74c1ae299d3e4_aug_hflip_0.jpg | datasets\dataset_v2_5class\train\images\frame_00266_jpg.rf.501f204c049787fd32a74c1ae299d3e4_aug_hflip_0.jpg | datasets\dataset_v3_clean_background\train\images\frame_00266_jpg.rf.501f204c049787fd32a74c1ae299d3e4_aug_hflip_0.jpg
EXACT_785,EXACT_SHA256,3,datasets\dataset_v2_4defect\train\images\frame_00267_jpg.rf.106ab0c01ab76edb3d85cf62d2e01470.jpg | datasets\dataset_v2_5class\train\images\frame_00267_jpg.rf.106ab0c01ab76edb3d85cf62d2e01470.jpg | datasets\dataset_v3_clean_background\train\images\frame_00267_jpg.rf.106ab0c01ab76edb3d85cf62d2e01470.jpg
EXACT_786,EXACT_SHA256,3,datasets\dataset_v2_4defect\train\images\frame_00268_jpg.rf.a82fe1d138dad79c98072b02ad93910c.jpg | datasets\dataset_v2_5class\train\images\frame_00268_jpg.rf.a82fe1d138dad79c98072b02ad93910c.jpg | datasets\dataset_v3_clean_background\train\images\frame_00268_jpg.rf.a82fe1d138dad79c98072b02ad93910c.jpg
EXACT_787,EXACT_SHA256,3,datasets\dataset_v2_4defect\train\images\frame_00269_jpg.rf.040839432cf33ee42b3a40fafc49d7d2.jpg | datasets\dataset_v2_5class\train\images\frame_00269_jpg.rf.040839432cf33ee42b3a40fafc49d7d2.jpg | datasets\dataset_v3_clean_background\train\images\frame_00269_jpg.rf.040839432cf33ee42b3a40fafc49d7d2.jpg
EXACT_788,EXACT_SHA256,3,datasets\dataset_v2_4defect\train\images\frame_00269_jpg.rf.040839432cf33ee42b3a40fafc49d7d2_aug_contrast_2.jpg | datasets\dataset_v2_5class\train\images\frame_00269_jpg.rf.040839432cf33ee42b3a40fafc49d7d2_aug_contrast_2.jpg | datasets\dataset_v3_clean_background\train\images\frame_00269_jpg.rf.040839432cf33ee42b3a40fafc49d7d2_aug_contrast_2.jpg
EXACT_789,EXACT_SHA256,3,datasets\dataset_v2_4defect\train\images\frame_00269_jpg.rf.040839432cf33ee42b3a40fafc49d7d2_aug_hflip_0.jpg | datasets\dataset_v2_5class\train\images\frame_00269_jpg.rf.040839432cf33ee42b3a40fafc49d7d2_aug_hflip_0.jpg | datasets\dataset_v3_clean_background\train\images\frame_00269_jpg.rf.040839432cf33ee42b3a40fafc49d7d2_aug_hflip_0.jpg
EXACT_790,EXACT_SHA256,3,datasets\dataset_v2_4defect\train\images\frame_00269_jpg.rf.040839432cf33ee42b3a40fafc49d7d2_aug_vflip_1.jpg | datasets\dataset_v2_5class\train\images\frame_00269_jpg.rf.040839432cf33ee42b3a40fafc49d7d2_aug_vflip_1.jpg | datasets\dataset_v3_clean_background\train\images\frame_00269_jpg.rf.040839432cf33ee42b3a40fafc49d7d2_aug_vflip_1.jpg
EXACT_791,EXACT_SHA256,3,datasets\dataset_v2_4defect\train\images\frame_00270_jpg.rf.100f7c2de6a2745b6dcb03fc74e1e093.jpg | datasets\dataset_v2_5class\train\images\frame_00270_jpg.rf.100f7c2de6a2745b6dcb03fc74e1e093.jpg | datasets\dataset_v3_clean_background\train\images\frame_00270_jpg.rf.100f7c2de6a2745b6dcb03fc74e1e093.jpg
EXACT_792,EXACT_SHA256,3,datasets\dataset_v2_4defect\train\images\frame_00270_jpg.rf.b3197b894a59cc2aec6f8122e789579a.jpg | datasets\dataset_v2_5class\train\images\frame_00270_jpg.rf.b3197b894a59cc2aec6f8122e789579a.jpg | datasets\dataset_v3_clean_background\train\images\frame_00270_jpg.rf.b3197b894a59cc2aec6f8122e789579a.jpg
EXACT_793,EXACT_SHA256,3,datasets\dataset_v2_4defect\train\images\frame_00272_jpg.rf.33f3f21fda69cf5e5a88b48394bb0649.jpg | datasets\dataset_v2_5class\train\images\frame_00272_jpg.rf.33f3f21fda69cf5e5a88b48394bb0649.jpg | datasets\dataset_v3_clean_background\train\images\frame_00272_jpg.rf.33f3f21fda69cf5e5a88b48394bb0649.jpg
EXACT_794,EXACT_SHA256,3,datasets\dataset_v2_4defect\train\images\frame_00272_jpg.rf.33f3f21fda69cf5e5a88b48394bb0649_aug_contrast_1.jpg | datasets\dataset_v2_5class\train\images\frame_00272_jpg.rf.33f3f21fda69cf5e5a88b48394bb0649_aug_contrast_1.jpg | datasets\dataset_v3_clean_background\train\images\frame_00272_jpg.rf.33f3f21fda69cf5e5a88b48394bb0649_aug_contrast_1.jpg
EXACT_795,EXACT_SHA256,3,datasets\dataset_v2_4defect\train\images\frame_00272_jpg.rf.33f3f21fda69cf5e5a88b48394bb0649_aug_hflip_0.jpg | datasets\dataset_v2_5class\train\images\frame_00272_jpg.rf.33f3f21fda69cf5e5a88b48394bb0649_aug_hflip_0.jpg | datasets\dataset_v3_clean_background\train\images\frame_00272_jpg.rf.33f3f21fda69cf5e5a88b48394bb0649_aug_hflip_0.jpg
EXACT_796,EXACT_SHA256,3,datasets\dataset_v2_4defect\train\images\frame_00273_jpg.rf.8c4712e3982ecb5ad4ee34310110faf8.jpg | datasets\dataset_v2_5class\train\images\frame_00273_jpg.rf.8c4712e3982ecb5ad4ee34310110faf8.jpg | datasets\dataset_v3_clean_background\train\images\frame_00273_jpg.rf.8c4712e3982ecb5ad4ee34310110faf8.jpg
EXACT_797,EXACT_SHA256,3,datasets\dataset_v2_4defect\train\images\frame_00273_jpg.rf.8c4712e3982ecb5ad4ee34310110faf8_aug_contrast_1.jpg | datasets\dataset_v2_5class\train\images\frame_00273_jpg.rf.8c4712e3982ecb5ad4ee34310110faf8_aug_contrast_1.jpg | datasets\dataset_v3_clean_background\train\images\frame_00273_jpg.rf.8c4712e3982ecb5ad4ee34310110faf8_aug_contrast_1.jpg
EXACT_798,EXACT_SHA256,3,datasets\dataset_v2_4defect\train\images\frame_00273_jpg.rf.8c4712e3982ecb5ad4ee34310110faf8_aug_hflip_0.jpg | datasets\dataset_v2_5class\train\images\frame_00273_jpg.rf.8c4712e3982ecb5ad4ee34310110faf8_aug_hflip_0.jpg | datasets\dataset_v3_clean_background\train\images\frame_00273_jpg.rf.8c4712e3982ecb5ad4ee34310110faf8_aug_hflip_0.jpg
EXACT_799,EXACT_SHA256,3,datasets\dataset_v2_4defect\train\images\frame_00274_jpg.rf.f01f44b160bc0d5f7ce20e409cf6267d.jpg | datasets\dataset_v2_5class\train\images\frame_00274_jpg.rf.f01f44b160bc0d5f7ce20e409cf6267d.jpg | datasets\dataset_v3_clean_background\train\images\frame_00274_jpg.rf.f01f44b160bc0d5f7ce20e409cf6267d.jpg
EXACT_800,EXACT_SHA256,3,datasets\dataset_v2_4defect\train\images\frame_00274_jpg.rf.f01f44b160bc0d5f7ce20e409cf6267d_aug_contrast_1.jpg | datasets\dataset_v2_5class\train\images\frame_00274_jpg.rf.f01f44b160bc0d5f7ce20e409cf6267d_aug_contrast_1.jpg | datasets\dataset_v3_clean_background\train\images\frame_00274_jpg.rf.f01f44b160bc0d5f7ce20e409cf6267d_aug_contrast_1.jpg
EXACT_801,EXACT_SHA256,3,datasets\dataset_v2_4defect\train\images\frame_00274_jpg.rf.f01f44b160bc0d5f7ce20e409cf6267d_aug_hflip_0.jpg | datasets\dataset_v2_5class\train\images\frame_00274_jpg.rf.f01f44b160bc0d5f7ce20e409cf6267d_aug_hflip_0.jpg | datasets\dataset_v3_clean_background\train\images\frame_00274_jpg.rf.f01f44b160bc0d5f7ce20e409cf6267d_aug_hflip_0.jpg
EXACT_802,EXACT_SHA256,3,datasets\dataset_v2_4defect\train\images\frame_00283_jpg.rf.d95f85774473f3f7d61919510dbe0a9b.jpg | datasets\dataset_v2_5class\train\images\frame_00283_jpg.rf.d95f85774473f3f7d61919510dbe0a9b.jpg | datasets\dataset_v3_clean_background\train\images\frame_00283_jpg.rf.d95f85774473f3f7d61919510dbe0a9b.jpg
EXACT_803,EXACT_SHA256,3,datasets\dataset_v2_4defect\train\images\frame_00283_jpg.rf.d95f85774473f3f7d61919510dbe0a9b_aug_contrast_2.jpg | datasets\dataset_v2_5class\train\images\frame_00283_jpg.rf.d95f85774473f3f7d61919510dbe0a9b_aug_contrast_2.jpg | datasets\dataset_v3_clean_background\train\images\frame_00283_jpg.rf.d95f85774473f3f7d61919510dbe0a9b_aug_contrast_2.jpg
EXACT_804,EXACT_SHA256,3,datasets\dataset_v2_4defect\train\images\frame_00283_jpg.rf.d95f85774473f3f7d61919510dbe0a9b_aug_hflip_0.jpg | datasets\dataset_v2_5class\train\images\frame_00283_jpg.rf.d95f85774473f3f7d61919510dbe0a9b_aug_hflip_0.jpg | datasets\dataset_v3_clean_background\train\images\frame_00283_jpg.rf.d95f85774473f3f7d61919510dbe0a9b_aug_hflip_0.jpg
EXACT_805,EXACT_SHA256,3,datasets\dataset_v2_4defect\train\images\frame_00283_jpg.rf.d95f85774473f3f7d61919510dbe0a9b_aug_vflip_1.jpg | datasets\dataset_v2_5class\train\images\frame_00283_jpg.rf.d95f85774473f3f7d61919510dbe0a9b_aug_vflip_1.jpg | datasets\dataset_v3_clean_background\train\images\frame_00283_jpg.rf.d95f85774473f3f7d61919510dbe0a9b_aug_vflip_1.jpg
EXACT_806,EXACT_SHA256,3,datasets\dataset_v2_4defect\train\images\frame_00284_jpg.rf.86a72dcc9f48a4fb912d6739bb390e30.jpg | datasets\dataset_v2_5class\train\images\frame_00284_jpg.rf.86a72dcc9f48a4fb912d6739bb390e30.jpg | datasets\dataset_v3_clean_background\train\images\frame_00284_jpg.rf.86a72dcc9f48a4fb912d6739bb390e30.jpg
EXACT_807,EXACT_SHA256,3,datasets\dataset_v2_4defect\train\images\frame_00284_jpg.rf.86a72dcc9f48a4fb912d6739bb390e30_aug_contrast_1.jpg | datasets\dataset_v2_5class\train\images\frame_00284_jpg.rf.86a72dcc9f48a4fb912d6739bb390e30_aug_contrast_1.jpg | datasets\dataset_v3_clean_background\train\images\frame_00284_jpg.rf.86a72dcc9f48a4fb912d6739bb390e30_aug_contrast_1.jpg
EXACT_808,EXACT_SHA256,3,datasets\dataset_v2_4defect\train\images\frame_00284_jpg.rf.86a72dcc9f48a4fb912d6739bb390e30_aug_hflip_0.jpg | datasets\dataset_v2_5class\train\images\frame_00284_jpg.rf.86a72dcc9f48a4fb912d6739bb390e30_aug_hflip_0.jpg | datasets\dataset_v3_clean_background\train\images\frame_00284_jpg.rf.86a72dcc9f48a4fb912d6739bb390e30_aug_hflip_0.jpg
EXACT_809,EXACT_SHA256,3,datasets\dataset_v2_4defect\train\images\frame_00285_jpg.rf.1dc217d617760bdb0e9a04999960999c.jpg | datasets\dataset_v2_5class\train\images\frame_00285_jpg.rf.1dc217d617760bdb0e9a04999960999c.jpg | datasets\dataset_v3_clean_background\train\images\frame_00285_jpg.rf.1dc217d617760bdb0e9a04999960999c.jpg
EXACT_810,EXACT_SHA256,3,datasets\dataset_v2_4defect\train\images\frame_00285_jpg.rf.1dc217d617760bdb0e9a04999960999c_aug_contrast_1.jpg | datasets\dataset_v2_5class\train\images\frame_00285_jpg.rf.1dc217d617760bdb0e9a04999960999c_aug_contrast_1.jpg | datasets\dataset_v3_clean_background\train\images\frame_00285_jpg.rf.1dc217d617760bdb0e9a04999960999c_aug_contrast_1.jpg
EXACT_811,EXACT_SHA256,3,datasets\dataset_v2_4defect\train\images\frame_00285_jpg.rf.1dc217d617760bdb0e9a04999960999c_aug_hflip_0.jpg | datasets\dataset_v2_5class\train\images\frame_00285_jpg.rf.1dc217d617760bdb0e9a04999960999c_aug_hflip_0.jpg | datasets\dataset_v3_clean_background\train\images\frame_00285_jpg.rf.1dc217d617760bdb0e9a04999960999c_aug_hflip_0.jpg
EXACT_812,EXACT_SHA256,3,datasets\dataset_v2_4defect\train\images\frame_00287_jpg.rf.3c52efabe4d4d7fe7dc7c3a9afe75ff3.jpg | datasets\dataset_v2_5class\train\images\frame_00287_jpg.rf.3c52efabe4d4d7fe7dc7c3a9afe75ff3.jpg | datasets\dataset_v3_clean_background\train\images\frame_00287_jpg.rf.3c52efabe4d4d7fe7dc7c3a9afe75ff3.jpg
EXACT_813,EXACT_SHA256,3,datasets\dataset_v2_4defect\train\images\frame_00287_jpg.rf.3c52efabe4d4d7fe7dc7c3a9afe75ff3_aug_contrast_1.jpg | datasets\dataset_v2_5class\train\images\frame_00287_jpg.rf.3c52efabe4d4d7fe7dc7c3a9afe75ff3_aug_contrast_1.jpg | datasets\dataset_v3_clean_background\train\images\frame_00287_jpg.rf.3c52efabe4d4d7fe7dc7c3a9afe75ff3_aug_contrast_1.jpg
EXACT_814,EXACT_SHA256,3,datasets\dataset_v2_4defect\train\images\frame_00287_jpg.rf.3c52efabe4d4d7fe7dc7c3a9afe75ff3_aug_hflip_0.jpg | datasets\dataset_v2_5class\train\images\frame_00287_jpg.rf.3c52efabe4d4d7fe7dc7c3a9afe75ff3_aug_hflip_0.jpg | datasets\dataset_v3_clean_background\train\images\frame_00287_jpg.rf.3c52efabe4d4d7fe7dc7c3a9afe75ff3_aug_hflip_0.jpg
EXACT_815,EXACT_SHA256,3,datasets\dataset_v2_4defect\train\images\frame_00288_jpg.rf.130a4c33afeeff83082db5650cc50ff2.jpg | datasets\dataset_v2_5class\train\images\frame_00288_jpg.rf.130a4c33afeeff83082db5650cc50ff2.jpg | datasets\dataset_v3_clean_background\train\images\frame_00288_jpg.rf.130a4c33afeeff83082db5650cc50ff2.jpg
EXACT_816,EXACT_SHA256,3,datasets\dataset_v2_4defect\train\images\frame_00290_jpg.rf.9465c7ab98a485bbb88d83a7583a532d.jpg | datasets\dataset_v2_5class\train\images\frame_00290_jpg.rf.9465c7ab98a485bbb88d83a7583a532d.jpg | datasets\dataset_v3_clean_background\train\images\frame_00290_jpg.rf.9465c7ab98a485bbb88d83a7583a532d.jpg
EXACT_817,EXACT_SHA256,3,datasets\dataset_v2_4defect\train\images\frame_00291_jpg.rf.ddc2f95b905b817159bfafe99c9d910e.jpg | datasets\dataset_v2_5class\train\images\frame_00291_jpg.rf.ddc2f95b905b817159bfafe99c9d910e.jpg | datasets\dataset_v3_clean_background\train\images\frame_00291_jpg.rf.ddc2f95b905b817159bfafe99c9d910e.jpg
EXACT_818,EXACT_SHA256,3,datasets\dataset_v2_4defect\train\images\frame_00291_jpg.rf.ddc2f95b905b817159bfafe99c9d910e_aug_contrast_3.jpg | datasets\dataset_v2_5class\train\images\frame_00291_jpg.rf.ddc2f95b905b817159bfafe99c9d910e_aug_contrast_3.jpg | datasets\dataset_v3_clean_background\train\images\frame_00291_jpg.rf.ddc2f95b905b817159bfafe99c9d910e_aug_contrast_3.jpg
EXACT_819,EXACT_SHA256,3,datasets\dataset_v2_4defect\train\images\frame_00291_jpg.rf.ddc2f95b905b817159bfafe99c9d910e_aug_hflip_0.jpg | datasets\dataset_v2_5class\train\images\frame_00291_jpg.rf.ddc2f95b905b817159bfafe99c9d910e_aug_hflip_0.jpg | datasets\dataset_v3_clean_background\train\images\frame_00291_jpg.rf.ddc2f95b905b817159bfafe99c9d910e_aug_hflip_0.jpg
EXACT_820,EXACT_SHA256,3,datasets\dataset_v2_4defect\train\images\frame_00291_jpg.rf.ddc2f95b905b817159bfafe99c9d910e_aug_hvflip_2.jpg | datasets\dataset_v2_5class\train\images\frame_00291_jpg.rf.ddc2f95b905b817159bfafe99c9d910e_aug_hvflip_2.jpg | datasets\dataset_v3_clean_background\train\images\frame_00291_jpg.rf.ddc2f95b905b817159bfafe99c9d910e_aug_hvflip_2.jpg
EXACT_821,EXACT_SHA256,3,datasets\dataset_v2_4defect\train\images\frame_00291_jpg.rf.ddc2f95b905b817159bfafe99c9d910e_aug_vflip_1.jpg | datasets\dataset_v2_5class\train\images\frame_00291_jpg.rf.ddc2f95b905b817159bfafe99c9d910e_aug_vflip_1.jpg | datasets\dataset_v3_clean_background\train\images\frame_00291_jpg.rf.ddc2f95b905b817159bfafe99c9d910e_aug_vflip_1.jpg
EXACT_822,EXACT_SHA256,3,datasets\dataset_v2_4defect\train\images\frame_00293_jpg.rf.d2f7e378f4455106077b75ed6643cc26.jpg | datasets\dataset_v2_5class\train\images\frame_00293_jpg.rf.d2f7e378f4455106077b75ed6643cc26.jpg | datasets\dataset_v3_clean_background\train\images\frame_00293_jpg.rf.d2f7e378f4455106077b75ed6643cc26.jpg
EXACT_823,EXACT_SHA256,3,datasets\dataset_v2_4defect\train\images\frame_00294_jpg.rf.56b00f3f19a6ff3888d890571593a43d.jpg | datasets\dataset_v2_5class\train\images\frame_00294_jpg.rf.56b00f3f19a6ff3888d890571593a43d.jpg | datasets\dataset_v3_clean_background\train\images\frame_00294_jpg.rf.56b00f3f19a6ff3888d890571593a43d.jpg
EXACT_824,EXACT_SHA256,3,datasets\dataset_v2_4defect\train\images\frame_00294_jpg.rf.56b00f3f19a6ff3888d890571593a43d_aug_contrast_1.jpg | datasets\dataset_v2_5class\train\images\frame_00294_jpg.rf.56b00f3f19a6ff3888d890571593a43d_aug_contrast_1.jpg | datasets\dataset_v3_clean_background\train\images\frame_00294_jpg.rf.56b00f3f19a6ff3888d890571593a43d_aug_contrast_1.jpg
EXACT_825,EXACT_SHA256,3,datasets\dataset_v2_4defect\train\images\frame_00294_jpg.rf.56b00f3f19a6ff3888d890571593a43d_aug_hflip_0.jpg | datasets\dataset_v2_5class\train\images\frame_00294_jpg.rf.56b00f3f19a6ff3888d890571593a43d_aug_hflip_0.jpg | datasets\dataset_v3_clean_background\train\images\frame_00294_jpg.rf.56b00f3f19a6ff3888d890571593a43d_aug_hflip_0.jpg
EXACT_826,EXACT_SHA256,3,datasets\dataset_v2_4defect\train\images\frame_00295_jpg.rf.73cb1309239696b8ecfba78d6a3248fe.jpg | datasets\dataset_v2_5class\train\images\frame_00295_jpg.rf.73cb1309239696b8ecfba78d6a3248fe.jpg | datasets\dataset_v3_clean_background\train\images\frame_00295_jpg.rf.73cb1309239696b8ecfba78d6a3248fe.jpg
EXACT_827,EXACT_SHA256,3,datasets\dataset_v2_4defect\train\images\frame_00295_jpg.rf.73cb1309239696b8ecfba78d6a3248fe_aug_contrast_2.jpg | datasets\dataset_v2_5class\train\images\frame_00295_jpg.rf.73cb1309239696b8ecfba78d6a3248fe_aug_contrast_2.jpg | datasets\dataset_v3_clean_background\train\images\frame_00295_jpg.rf.73cb1309239696b8ecfba78d6a3248fe_aug_contrast_2.jpg
EXACT_828,EXACT_SHA256,3,datasets\dataset_v2_4defect\train\images\frame_00295_jpg.rf.73cb1309239696b8ecfba78d6a3248fe_aug_hflip_0.jpg | datasets\dataset_v2_5class\train\images\frame_00295_jpg.rf.73cb1309239696b8ecfba78d6a3248fe_aug_hflip_0.jpg | datasets\dataset_v3_clean_background\train\images\frame_00295_jpg.rf.73cb1309239696b8ecfba78d6a3248fe_aug_hflip_0.jpg
EXACT_829,EXACT_SHA256,3,datasets\dataset_v2_4defect\train\images\frame_00295_jpg.rf.73cb1309239696b8ecfba78d6a3248fe_aug_vflip_1.jpg | datasets\dataset_v2_5class\train\images\frame_00295_jpg.rf.73cb1309239696b8ecfba78d6a3248fe_aug_vflip_1.jpg | datasets\dataset_v3_clean_background\train\images\frame_00295_jpg.rf.73cb1309239696b8ecfba78d6a3248fe_aug_vflip_1.jpg
EXACT_830,EXACT_SHA256,3,datasets\dataset_v2_4defect\train\images\frame_00297_jpg.rf.0a4a1da94de8cf082cc7eeedf504eeeb.jpg | datasets\dataset_v2_5class\train\images\frame_00297_jpg.rf.0a4a1da94de8cf082cc7eeedf504eeeb.jpg | datasets\dataset_v3_clean_background\train\images\frame_00297_jpg.rf.0a4a1da94de8cf082cc7eeedf504eeeb.jpg
EXACT_831,EXACT_SHA256,3,datasets\dataset_v2_4defect\train\images\frame_00297_jpg.rf.0a4a1da94de8cf082cc7eeedf504eeeb_aug_contrast_2.jpg | datasets\dataset_v2_5class\train\images\frame_00297_jpg.rf.0a4a1da94de8cf082cc7eeedf504eeeb_aug_contrast_2.jpg | datasets\dataset_v3_clean_background\train\images\frame_00297_jpg.rf.0a4a1da94de8cf082cc7eeedf504eeeb_aug_contrast_2.jpg
EXACT_832,EXACT_SHA256,3,datasets\dataset_v2_4defect\train\images\frame_00297_jpg.rf.0a4a1da94de8cf082cc7eeedf504eeeb_aug_hflip_0.jpg | datasets\dataset_v2_5class\train\images\frame_00297_jpg.rf.0a4a1da94de8cf082cc7eeedf504eeeb_aug_hflip_0.jpg | datasets\dataset_v3_clean_background\train\images\frame_00297_jpg.rf.0a4a1da94de8cf082cc7eeedf504eeeb_aug_hflip_0.jpg
EXACT_833,EXACT_SHA256,3,datasets\dataset_v2_4defect\train\images\frame_00297_jpg.rf.0a4a1da94de8cf082cc7eeedf504eeeb_aug_vflip_1.jpg | datasets\dataset_v2_5class\train\images\frame_00297_jpg.rf.0a4a1da94de8cf082cc7eeedf504eeeb_aug_vflip_1.jpg | datasets\dataset_v3_clean_background\train\images\frame_00297_jpg.rf.0a4a1da94de8cf082cc7eeedf504eeeb_aug_vflip_1.jpg
EXACT_834,EXACT_SHA256,3,datasets\dataset_v2_4defect\train\images\frame_00299_jpg.rf.58913378fb97f6cd1ec19984ed1b552b.jpg | datasets\dataset_v2_5class\train\images\frame_00299_jpg.rf.58913378fb97f6cd1ec19984ed1b552b.jpg | datasets\dataset_v3_clean_background\train\images\frame_00299_jpg.rf.58913378fb97f6cd1ec19984ed1b552b.jpg
EXACT_835,EXACT_SHA256,3,datasets\dataset_v2_4defect\train\images\frame_00299_jpg.rf.58913378fb97f6cd1ec19984ed1b552b_aug_contrast_1.jpg | datasets\dataset_v2_5class\train\images\frame_00299_jpg.rf.58913378fb97f6cd1ec19984ed1b552b_aug_contrast_1.jpg | datasets\dataset_v3_clean_background\train\images\frame_00299_jpg.rf.58913378fb97f6cd1ec19984ed1b552b_aug_contrast_1.jpg
EXACT_836,EXACT_SHA256,3,datasets\dataset_v2_4defect\train\images\frame_00299_jpg.rf.58913378fb97f6cd1ec19984ed1b552b_aug_hflip_0.jpg | datasets\dataset_v2_5class\train\images\frame_00299_jpg.rf.58913378fb97f6cd1ec19984ed1b552b_aug_hflip_0.jpg | datasets\dataset_v3_clean_background\train\images\frame_00299_jpg.rf.58913378fb97f6cd1ec19984ed1b552b_aug_hflip_0.jpg
EXACT_837,EXACT_SHA256,3,datasets\dataset_v2_4defect\train\images\frame_00301_jpg.rf.253162d181cb9d95f1c65a3e39308e23.jpg | datasets\dataset_v2_5class\train\images\frame_00301_jpg.rf.253162d181cb9d95f1c65a3e39308e23.jpg | datasets\dataset_v3_clean_background\train\images\frame_00301_jpg.rf.253162d181cb9d95f1c65a3e39308e23.jpg
EXACT_838,EXACT_SHA256,3,datasets\dataset_v2_4defect\train\images\frame_00301_jpg.rf.253162d181cb9d95f1c65a3e39308e23_aug_contrast_1.jpg | datasets\dataset_v2_5class\train\images\frame_00301_jpg.rf.253162d181cb9d95f1c65a3e39308e23_aug_contrast_1.jpg | datasets\dataset_v3_clean_background\train\images\frame_00301_jpg.rf.253162d181cb9d95f1c65a3e39308e23_aug_contrast_1.jpg
EXACT_839,EXACT_SHA256,3,datasets\dataset_v2_4defect\train\images\frame_00301_jpg.rf.253162d181cb9d95f1c65a3e39308e23_aug_hflip_0.jpg | datasets\dataset_v2_5class\train\images\frame_00301_jpg.rf.253162d181cb9d95f1c65a3e39308e23_aug_hflip_0.jpg | datasets\dataset_v3_clean_background\train\images\frame_00301_jpg.rf.253162d181cb9d95f1c65a3e39308e23_aug_hflip_0.jpg
EXACT_840,EXACT_SHA256,3,datasets\dataset_v2_4defect\train\images\frame_00302_jpg.rf.3561df1687fbdf91d9217ca0009adb74.jpg | datasets\dataset_v2_5class\train\images\frame_00302_jpg.rf.3561df1687fbdf91d9217ca0009adb74.jpg | datasets\dataset_v3_clean_background\train\images\frame_00302_jpg.rf.3561df1687fbdf91d9217ca0009adb74.jpg
EXACT_841,EXACT_SHA256,3,datasets\dataset_v2_4defect\train\images\frame_00302_jpg.rf.3561df1687fbdf91d9217ca0009adb74_aug_contrast_2.jpg | datasets\dataset_v2_5class\train\images\frame_00302_jpg.rf.3561df1687fbdf91d9217ca0009adb74_aug_contrast_2.jpg | datasets\dataset_v3_clean_background\train\images\frame_00302_jpg.rf.3561df1687fbdf91d9217ca0009adb74_aug_contrast_2.jpg
EXACT_842,EXACT_SHA256,3,datasets\dataset_v2_4defect\train\images\frame_00302_jpg.rf.3561df1687fbdf91d9217ca0009adb74_aug_hflip_0.jpg | datasets\dataset_v2_5class\train\images\frame_00302_jpg.rf.3561df1687fbdf91d9217ca0009adb74_aug_hflip_0.jpg | datasets\dataset_v3_clean_background\train\images\frame_00302_jpg.rf.3561df1687fbdf91d9217ca0009adb74_aug_hflip_0.jpg
EXACT_843,EXACT_SHA256,3,datasets\dataset_v2_4defect\train\images\frame_00302_jpg.rf.3561df1687fbdf91d9217ca0009adb74_aug_vflip_1.jpg | datasets\dataset_v2_5class\train\images\frame_00302_jpg.rf.3561df1687fbdf91d9217ca0009adb74_aug_vflip_1.jpg | datasets\dataset_v3_clean_background\train\images\frame_00302_jpg.rf.3561df1687fbdf91d9217ca0009adb74_aug_vflip_1.jpg
EXACT_844,EXACT_SHA256,3,datasets\dataset_v2_4defect\train\images\frame_00304_jpg.rf.207920f57db81fe221bf24a796de7ba5.jpg | datasets\dataset_v2_5class\train\images\frame_00304_jpg.rf.207920f57db81fe221bf24a796de7ba5.jpg | datasets\dataset_v3_clean_background\train\images\frame_00304_jpg.rf.207920f57db81fe221bf24a796de7ba5.jpg
EXACT_845,EXACT_SHA256,3,datasets\dataset_v2_4defect\train\images\frame_00304_jpg.rf.207920f57db81fe221bf24a796de7ba5_aug_contrast_1.jpg | datasets\dataset_v2_5class\train\images\frame_00304_jpg.rf.207920f57db81fe221bf24a796de7ba5_aug_contrast_1.jpg | datasets\dataset_v3_clean_background\train\images\frame_00304_jpg.rf.207920f57db81fe221bf24a796de7ba5_aug_contrast_1.jpg
EXACT_846,EXACT_SHA256,3,datasets\dataset_v2_4defect\train\images\frame_00304_jpg.rf.207920f57db81fe221bf24a796de7ba5_aug_hflip_0.jpg | datasets\dataset_v2_5class\train\images\frame_00304_jpg.rf.207920f57db81fe221bf24a796de7ba5_aug_hflip_0.jpg | datasets\dataset_v3_clean_background\train\images\frame_00304_jpg.rf.207920f57db81fe221bf24a796de7ba5_aug_hflip_0.jpg
EXACT_847,EXACT_SHA256,3,datasets\dataset_v2_4defect\train\images\frame_00306_jpg.rf.72655df170ca7e2abbec878e77a8f0a4.jpg | datasets\dataset_v2_5class\train\images\frame_00306_jpg.rf.72655df170ca7e2abbec878e77a8f0a4.jpg | datasets\dataset_v3_clean_background\train\images\frame_00306_jpg.rf.72655df170ca7e2abbec878e77a8f0a4.jpg
EXACT_848,EXACT_SHA256,3,datasets\dataset_v2_4defect\train\images\frame_00306_jpg.rf.f03ea60f2bcc91eabb22775ccc6eea38.jpg | datasets\dataset_v2_5class\train\images\frame_00306_jpg.rf.f03ea60f2bcc91eabb22775ccc6eea38.jpg | datasets\dataset_v3_clean_background\train\images\frame_00306_jpg.rf.f03ea60f2bcc91eabb22775ccc6eea38.jpg
EXACT_849,EXACT_SHA256,3,datasets\dataset_v2_4defect\train\images\frame_00308_jpg.rf.1876a1558e76506ec7f5f859dab8eaf6.jpg | datasets\dataset_v2_5class\train\images\frame_00308_jpg.rf.1876a1558e76506ec7f5f859dab8eaf6.jpg | datasets\dataset_v3_clean_background\train\images\frame_00308_jpg.rf.1876a1558e76506ec7f5f859dab8eaf6.jpg
EXACT_850,EXACT_SHA256,3,datasets\dataset_v2_4defect\train\images\frame_00310_jpg.rf.14d327f2549a0a5b93f50bae259473d1.jpg | datasets\dataset_v2_5class\train\images\frame_00310_jpg.rf.14d327f2549a0a5b93f50bae259473d1.jpg | datasets\dataset_v3_clean_background\train\images\frame_00310_jpg.rf.14d327f2549a0a5b93f50bae259473d1.jpg
EXACT_851,EXACT_SHA256,3,datasets\dataset_v2_4defect\train\images\frame_00310_jpg.rf.14d327f2549a0a5b93f50bae259473d1_aug_contrast_3.jpg | datasets\dataset_v2_5class\train\images\frame_00310_jpg.rf.14d327f2549a0a5b93f50bae259473d1_aug_contrast_3.jpg | datasets\dataset_v3_clean_background\train\images\frame_00310_jpg.rf.14d327f2549a0a5b93f50bae259473d1_aug_contrast_3.jpg
EXACT_852,EXACT_SHA256,3,datasets\dataset_v2_4defect\train\images\frame_00310_jpg.rf.14d327f2549a0a5b93f50bae259473d1_aug_hflip_0.jpg | datasets\dataset_v2_5class\train\images\frame_00310_jpg.rf.14d327f2549a0a5b93f50bae259473d1_aug_hflip_0.jpg | datasets\dataset_v3_clean_background\train\images\frame_00310_jpg.rf.14d327f2549a0a5b93f50bae259473d1_aug_hflip_0.jpg
EXACT_853,EXACT_SHA256,3,datasets\dataset_v2_4defect\train\images\frame_00310_jpg.rf.14d327f2549a0a5b93f50bae259473d1_aug_hvflip_2.jpg | datasets\dataset_v2_5class\train\images\frame_00310_jpg.rf.14d327f2549a0a5b93f50bae259473d1_aug_hvflip_2.jpg | datasets\dataset_v3_clean_background\train\images\frame_00310_jpg.rf.14d327f2549a0a5b93f50bae259473d1_aug_hvflip_2.jpg
EXACT_854,EXACT_SHA256,3,datasets\dataset_v2_4defect\train\images\frame_00310_jpg.rf.14d327f2549a0a5b93f50bae259473d1_aug_vflip_1.jpg | datasets\dataset_v2_5class\train\images\frame_00310_jpg.rf.14d327f2549a0a5b93f50bae259473d1_aug_vflip_1.jpg | datasets\dataset_v3_clean_background\train\images\frame_00310_jpg.rf.14d327f2549a0a5b93f50bae259473d1_aug_vflip_1.jpg
EXACT_855,EXACT_SHA256,3,datasets\dataset_v2_4defect\train\images\frame_00310_jpg.rf.fd07abab66750fc44e47a4eebcd2798c.jpg | datasets\dataset_v2_5class\train\images\frame_00310_jpg.rf.fd07abab66750fc44e47a4eebcd2798c.jpg | datasets\dataset_v3_clean_background\train\images\frame_00310_jpg.rf.fd07abab66750fc44e47a4eebcd2798c.jpg
EXACT_856,EXACT_SHA256,3,datasets\dataset_v2_4defect\train\images\frame_00313_jpg.rf.06ecf93cabd3c886c090ef9ee6a4dcd0.jpg | datasets\dataset_v2_5class\train\images\frame_00313_jpg.rf.06ecf93cabd3c886c090ef9ee6a4dcd0.jpg | datasets\dataset_v3_clean_background\train\images\frame_00313_jpg.rf.06ecf93cabd3c886c090ef9ee6a4dcd0.jpg
EXACT_857,EXACT_SHA256,3,datasets\dataset_v2_4defect\train\images\frame_00313_jpg.rf.f50e311dd4a20248f796a5d651e36cb0.jpg | datasets\dataset_v2_5class\train\images\frame_00313_jpg.rf.f50e311dd4a20248f796a5d651e36cb0.jpg | datasets\dataset_v3_clean_background\train\images\frame_00313_jpg.rf.f50e311dd4a20248f796a5d651e36cb0.jpg
EXACT_858,EXACT_SHA256,3,datasets\dataset_v2_4defect\train\images\frame_00313_jpg.rf.f50e311dd4a20248f796a5d651e36cb0_aug_contrast_2.jpg | datasets\dataset_v2_5class\train\images\frame_00313_jpg.rf.f50e311dd4a20248f796a5d651e36cb0_aug_contrast_2.jpg | datasets\dataset_v3_clean_background\train\images\frame_00313_jpg.rf.f50e311dd4a20248f796a5d651e36cb0_aug_contrast_2.jpg
EXACT_859,EXACT_SHA256,3,datasets\dataset_v2_4defect\train\images\frame_00313_jpg.rf.f50e311dd4a20248f796a5d651e36cb0_aug_hflip_0.jpg | datasets\dataset_v2_5class\train\images\frame_00313_jpg.rf.f50e311dd4a20248f796a5d651e36cb0_aug_hflip_0.jpg | datasets\dataset_v3_clean_background\train\images\frame_00313_jpg.rf.f50e311dd4a20248f796a5d651e36cb0_aug_hflip_0.jpg
EXACT_860,EXACT_SHA256,3,datasets\dataset_v2_4defect\train\images\frame_00313_jpg.rf.f50e311dd4a20248f796a5d651e36cb0_aug_vflip_1.jpg | datasets\dataset_v2_5class\train\images\frame_00313_jpg.rf.f50e311dd4a20248f796a5d651e36cb0_aug_vflip_1.jpg | datasets\dataset_v3_clean_background\train\images\frame_00313_jpg.rf.f50e311dd4a20248f796a5d651e36cb0_aug_vflip_1.jpg
EXACT_861,EXACT_SHA256,3,datasets\dataset_v2_4defect\train\images\frame_00320_jpg.rf.b9dac8090ddbfa2ea88e555b3c8391d9.jpg | datasets\dataset_v2_5class\train\images\frame_00320_jpg.rf.b9dac8090ddbfa2ea88e555b3c8391d9.jpg | datasets\dataset_v3_clean_background\train\images\frame_00320_jpg.rf.b9dac8090ddbfa2ea88e555b3c8391d9.jpg
EXACT_862,EXACT_SHA256,3,datasets\dataset_v2_4defect\train\images\frame_00323_jpg.rf.02afbff569d60b46f9c2e7ce494c3ce0.jpg | datasets\dataset_v2_5class\train\images\frame_00323_jpg.rf.02afbff569d60b46f9c2e7ce494c3ce0.jpg | datasets\dataset_v3_clean_background\train\images\frame_00323_jpg.rf.02afbff569d60b46f9c2e7ce494c3ce0.jpg
EXACT_863,EXACT_SHA256,3,datasets\dataset_v2_4defect\train\images\frame_00323_jpg.rf.02afbff569d60b46f9c2e7ce494c3ce0_aug_contrast_1.jpg | datasets\dataset_v2_5class\train\images\frame_00323_jpg.rf.02afbff569d60b46f9c2e7ce494c3ce0_aug_contrast_1.jpg | datasets\dataset_v3_clean_background\train\images\frame_00323_jpg.rf.02afbff569d60b46f9c2e7ce494c3ce0_aug_contrast_1.jpg
EXACT_864,EXACT_SHA256,3,datasets\dataset_v2_4defect\train\images\frame_00323_jpg.rf.02afbff569d60b46f9c2e7ce494c3ce0_aug_hflip_0.jpg | datasets\dataset_v2_5class\train\images\frame_00323_jpg.rf.02afbff569d60b46f9c2e7ce494c3ce0_aug_hflip_0.jpg | datasets\dataset_v3_clean_background\train\images\frame_00323_jpg.rf.02afbff569d60b46f9c2e7ce494c3ce0_aug_hflip_0.jpg
EXACT_865,EXACT_SHA256,3,datasets\dataset_v2_4defect\train\images\frame_00324_jpg.rf.6b40fb38c333a1914c0de0ab2033aa1c.jpg | datasets\dataset_v2_5class\train\images\frame_00324_jpg.rf.6b40fb38c333a1914c0de0ab2033aa1c.jpg | datasets\dataset_v3_clean_background\train\images\frame_00324_jpg.rf.6b40fb38c333a1914c0de0ab2033aa1c.jpg
EXACT_866,EXACT_SHA256,3,datasets\dataset_v2_4defect\train\images\frame_00324_jpg.rf.6ec322afc65f7a414bba0b5b2e324c47.jpg | datasets\dataset_v2_5class\train\images\frame_00324_jpg.rf.6ec322afc65f7a414bba0b5b2e324c47.jpg | datasets\dataset_v3_clean_background\train\images\frame_00324_jpg.rf.6ec322afc65f7a414bba0b5b2e324c47.jpg
EXACT_867,EXACT_SHA256,3,datasets\dataset_v2_4defect\train\images\frame_00325_jpg.rf.76efdf919f818222fcdf6dedb6c0d8bc.jpg | datasets\dataset_v2_5class\train\images\frame_00325_jpg.rf.76efdf919f818222fcdf6dedb6c0d8bc.jpg | datasets\dataset_v3_clean_background\train\images\frame_00325_jpg.rf.76efdf919f818222fcdf6dedb6c0d8bc.jpg
EXACT_868,EXACT_SHA256,3,datasets\dataset_v2_4defect\train\images\frame_00325_jpg.rf.76efdf919f818222fcdf6dedb6c0d8bc_aug_contrast_1.jpg | datasets\dataset_v2_5class\train\images\frame_00325_jpg.rf.76efdf919f818222fcdf6dedb6c0d8bc_aug_contrast_1.jpg | datasets\dataset_v3_clean_background\train\images\frame_00325_jpg.rf.76efdf919f818222fcdf6dedb6c0d8bc_aug_contrast_1.jpg
EXACT_869,EXACT_SHA256,3,datasets\dataset_v2_4defect\train\images\frame_00325_jpg.rf.76efdf919f818222fcdf6dedb6c0d8bc_aug_hflip_0.jpg | datasets\dataset_v2_5class\train\images\frame_00325_jpg.rf.76efdf919f818222fcdf6dedb6c0d8bc_aug_hflip_0.jpg | datasets\dataset_v3_clean_background\train\images\frame_00325_jpg.rf.76efdf919f818222fcdf6dedb6c0d8bc_aug_hflip_0.jpg
EXACT_870,EXACT_SHA256,3,datasets\dataset_v2_4defect\train\images\frame_00334_jpg.rf.9f064ea934e0c7214b4d3f4226703337.jpg | datasets\dataset_v2_5class\train\images\frame_00334_jpg.rf.9f064ea934e0c7214b4d3f4226703337.jpg | datasets\dataset_v3_clean_background\train\images\frame_00334_jpg.rf.9f064ea934e0c7214b4d3f4226703337.jpg
EXACT_871,EXACT_SHA256,3,datasets\dataset_v2_4defect\train\images\frame_00339_jpg.rf.e90432e295ee79f2506e5e6dd4726f1d.jpg | datasets\dataset_v2_5class\train\images\frame_00339_jpg.rf.e90432e295ee79f2506e5e6dd4726f1d.jpg | datasets\dataset_v3_clean_background\train\images\frame_00339_jpg.rf.e90432e295ee79f2506e5e6dd4726f1d.jpg
EXACT_872,EXACT_SHA256,3,datasets\dataset_v2_4defect\train\images\frame_00360_jpg.rf.ea20bf7c5e8ab7501f16abac75b20866.jpg | datasets\dataset_v2_5class\train\images\frame_00360_jpg.rf.ea20bf7c5e8ab7501f16abac75b20866.jpg | datasets\dataset_v3_clean_background\train\images\frame_00360_jpg.rf.ea20bf7c5e8ab7501f16abac75b20866.jpg
EXACT_873,EXACT_SHA256,3,datasets\dataset_v2_4defect\train\images\frame_20260504_001426_418414_jpg.rf.161c709ef1bd88450caf793a1dd2d5d2.jpg | datasets\dataset_v2_5class\train\images\frame_20260504_001426_418414_jpg.rf.161c709ef1bd88450caf793a1dd2d5d2.jpg | datasets\dataset_v3_clean_background\train\images\frame_20260504_001426_418414_jpg.rf.161c709ef1bd88450caf793a1dd2d5d2.jpg
EXACT_874,EXACT_SHA256,3,datasets\dataset_v2_4defect\train\images\frame_20260504_001426_418414_jpg.rf.161c709ef1bd88450caf793a1dd2d5d2_aug_contrast_2.jpg | datasets\dataset_v2_5class\train\images\frame_20260504_001426_418414_jpg.rf.161c709ef1bd88450caf793a1dd2d5d2_aug_contrast_2.jpg | datasets\dataset_v3_clean_background\train\images\frame_20260504_001426_418414_jpg.rf.161c709ef1bd88450caf793a1dd2d5d2_aug_contrast_2.jpg
EXACT_875,EXACT_SHA256,3,datasets\dataset_v2_4defect\train\images\frame_20260504_001426_418414_jpg.rf.161c709ef1bd88450caf793a1dd2d5d2_aug_hflip_0.jpg | datasets\dataset_v2_5class\train\images\frame_20260504_001426_418414_jpg.rf.161c709ef1bd88450caf793a1dd2d5d2_aug_hflip_0.jpg | datasets\dataset_v3_clean_background\train\images\frame_20260504_001426_418414_jpg.rf.161c709ef1bd88450caf793a1dd2d5d2_aug_hflip_0.jpg
EXACT_876,EXACT_SHA256,3,datasets\dataset_v2_4defect\train\images\frame_20260504_001426_418414_jpg.rf.161c709ef1bd88450caf793a1dd2d5d2_aug_vflip_1.jpg | datasets\dataset_v2_5class\train\images\frame_20260504_001426_418414_jpg.rf.161c709ef1bd88450caf793a1dd2d5d2_aug_vflip_1.jpg | datasets\dataset_v3_clean_background\train\images\frame_20260504_001426_418414_jpg.rf.161c709ef1bd88450caf793a1dd2d5d2_aug_vflip_1.jpg
EXACT_877,EXACT_SHA256,3,datasets\dataset_v2_4defect\train\images\frame_20260504_001427_194997_jpg.rf.c120e9b8ef8efb9d1278dbd5c44b0bbe.jpg | datasets\dataset_v2_5class\train\images\frame_20260504_001427_194997_jpg.rf.c120e9b8ef8efb9d1278dbd5c44b0bbe.jpg | datasets\dataset_v3_clean_background\train\images\frame_20260504_001427_194997_jpg.rf.c120e9b8ef8efb9d1278dbd5c44b0bbe.jpg
EXACT_878,EXACT_SHA256,3,datasets\dataset_v2_4defect\train\images\frame_20260504_001427_194997_jpg.rf.c120e9b8ef8efb9d1278dbd5c44b0bbe_aug_contrast_2.jpg | datasets\dataset_v2_5class\train\images\frame_20260504_001427_194997_jpg.rf.c120e9b8ef8efb9d1278dbd5c44b0bbe_aug_contrast_2.jpg | datasets\dataset_v3_clean_background\train\images\frame_20260504_001427_194997_jpg.rf.c120e9b8ef8efb9d1278dbd5c44b0bbe_aug_contrast_2.jpg
EXACT_879,EXACT_SHA256,3,datasets\dataset_v2_4defect\train\images\frame_20260504_001427_194997_jpg.rf.c120e9b8ef8efb9d1278dbd5c44b0bbe_aug_hflip_0.jpg | datasets\dataset_v2_5class\train\images\frame_20260504_001427_194997_jpg.rf.c120e9b8ef8efb9d1278dbd5c44b0bbe_aug_hflip_0.jpg | datasets\dataset_v3_clean_background\train\images\frame_20260504_001427_194997_jpg.rf.c120e9b8ef8efb9d1278dbd5c44b0bbe_aug_hflip_0.jpg
EXACT_880,EXACT_SHA256,3,datasets\dataset_v2_4defect\train\images\frame_20260504_001427_194997_jpg.rf.c120e9b8ef8efb9d1278dbd5c44b0bbe_aug_vflip_1.jpg | datasets\dataset_v2_5class\train\images\frame_20260504_001427_194997_jpg.rf.c120e9b8ef8efb9d1278dbd5c44b0bbe_aug_vflip_1.jpg | datasets\dataset_v3_clean_background\train\images\frame_20260504_001427_194997_jpg.rf.c120e9b8ef8efb9d1278dbd5c44b0bbe_aug_vflip_1.jpg
EXACT_881,EXACT_SHA256,3,datasets\dataset_v2_4defect\train\images\frame_20260504_001428_139165_jpg.rf.6919eb4a4d94d18f19961c12d1b181cf.jpg | datasets\dataset_v2_5class\train\images\frame_20260504_001428_139165_jpg.rf.6919eb4a4d94d18f19961c12d1b181cf.jpg | datasets\dataset_v3_clean_background\train\images\frame_20260504_001428_139165_jpg.rf.6919eb4a4d94d18f19961c12d1b181cf.jpg
EXACT_882,EXACT_SHA256,3,datasets\dataset_v2_4defect\train\images\frame_20260504_001428_139165_jpg.rf.6919eb4a4d94d18f19961c12d1b181cf_aug_contrast_2.jpg | datasets\dataset_v2_5class\train\images\frame_20260504_001428_139165_jpg.rf.6919eb4a4d94d18f19961c12d1b181cf_aug_contrast_2.jpg | datasets\dataset_v3_clean_background\train\images\frame_20260504_001428_139165_jpg.rf.6919eb4a4d94d18f19961c12d1b181cf_aug_contrast_2.jpg
EXACT_883,EXACT_SHA256,3,datasets\dataset_v2_4defect\train\images\frame_20260504_001428_139165_jpg.rf.6919eb4a4d94d18f19961c12d1b181cf_aug_hflip_0.jpg | datasets\dataset_v2_5class\train\images\frame_20260504_001428_139165_jpg.rf.6919eb4a4d94d18f19961c12d1b181cf_aug_hflip_0.jpg | datasets\dataset_v3_clean_background\train\images\frame_20260504_001428_139165_jpg.rf.6919eb4a4d94d18f19961c12d1b181cf_aug_hflip_0.jpg
EXACT_884,EXACT_SHA256,3,datasets\dataset_v2_4defect\train\images\frame_20260504_001428_139165_jpg.rf.6919eb4a4d94d18f19961c12d1b181cf_aug_vflip_1.jpg | datasets\dataset_v2_5class\train\images\frame_20260504_001428_139165_jpg.rf.6919eb4a4d94d18f19961c12d1b181cf_aug_vflip_1.jpg | datasets\dataset_v3_clean_background\train\images\frame_20260504_001428_139165_jpg.rf.6919eb4a4d94d18f19961c12d1b181cf_aug_vflip_1.jpg
EXACT_885,EXACT_SHA256,3,datasets\dataset_v2_4defect\train\images\frame_20260504_001428_997880_jpg.rf.ffb58c3abd33fdafd1b5bc9c71c4bf90.jpg | datasets\dataset_v2_5class\train\images\frame_20260504_001428_997880_jpg.rf.ffb58c3abd33fdafd1b5bc9c71c4bf90.jpg | datasets\dataset_v3_clean_background\train\images\frame_20260504_001428_997880_jpg.rf.ffb58c3abd33fdafd1b5bc9c71c4bf90.jpg
EXACT_886,EXACT_SHA256,3,datasets\dataset_v2_4defect\train\images\frame_20260504_001428_997880_jpg.rf.ffb58c3abd33fdafd1b5bc9c71c4bf90_aug_contrast_2.jpg | datasets\dataset_v2_5class\train\images\frame_20260504_001428_997880_jpg.rf.ffb58c3abd33fdafd1b5bc9c71c4bf90_aug_contrast_2.jpg | datasets\dataset_v3_clean_background\train\images\frame_20260504_001428_997880_jpg.rf.ffb58c3abd33fdafd1b5bc9c71c4bf90_aug_contrast_2.jpg
EXACT_887,EXACT_SHA256,3,datasets\dataset_v2_4defect\train\images\frame_20260504_001428_997880_jpg.rf.ffb58c3abd33fdafd1b5bc9c71c4bf90_aug_hflip_0.jpg | datasets\dataset_v2_5class\train\images\frame_20260504_001428_997880_jpg.rf.ffb58c3abd33fdafd1b5bc9c71c4bf90_aug_hflip_0.jpg | datasets\dataset_v3_clean_background\train\images\frame_20260504_001428_997880_jpg.rf.ffb58c3abd33fdafd1b5bc9c71c4bf90_aug_hflip_0.jpg
EXACT_888,EXACT_SHA256,3,datasets\dataset_v2_4defect\train\images\frame_20260504_001428_997880_jpg.rf.ffb58c3abd33fdafd1b5bc9c71c4bf90_aug_vflip_1.jpg | datasets\dataset_v2_5class\train\images\frame_20260504_001428_997880_jpg.rf.ffb58c3abd33fdafd1b5bc9c71c4bf90_aug_vflip_1.jpg | datasets\dataset_v3_clean_background\train\images\frame_20260504_001428_997880_jpg.rf.ffb58c3abd33fdafd1b5bc9c71c4bf90_aug_vflip_1.jpg
EXACT_889,EXACT_SHA256,3,datasets\dataset_v2_4defect\train\images\frame_20260504_001430_293195_jpg.rf.72b04e3058dd21b8fa6af7fd40ad0261.jpg | datasets\dataset_v2_5class\train\images\frame_20260504_001430_293195_jpg.rf.72b04e3058dd21b8fa6af7fd40ad0261.jpg | datasets\dataset_v3_clean_background\train\images\frame_20260504_001430_293195_jpg.rf.72b04e3058dd21b8fa6af7fd40ad0261.jpg
EXACT_890,EXACT_SHA256,3,datasets\dataset_v2_4defect\train\images\frame_20260504_001430_293195_jpg.rf.72b04e3058dd21b8fa6af7fd40ad0261_aug_contrast_2.jpg | datasets\dataset_v2_5class\train\images\frame_20260504_001430_293195_jpg.rf.72b04e3058dd21b8fa6af7fd40ad0261_aug_contrast_2.jpg | datasets\dataset_v3_clean_background\train\images\frame_20260504_001430_293195_jpg.rf.72b04e3058dd21b8fa6af7fd40ad0261_aug_contrast_2.jpg
EXACT_891,EXACT_SHA256,3,datasets\dataset_v2_4defect\train\images\frame_20260504_001430_293195_jpg.rf.72b04e3058dd21b8fa6af7fd40ad0261_aug_hflip_0.jpg | datasets\dataset_v2_5class\train\images\frame_20260504_001430_293195_jpg.rf.72b04e3058dd21b8fa6af7fd40ad0261_aug_hflip_0.jpg | datasets\dataset_v3_clean_background\train\images\frame_20260504_001430_293195_jpg.rf.72b04e3058dd21b8fa6af7fd40ad0261_aug_hflip_0.jpg
EXACT_892,EXACT_SHA256,3,datasets\dataset_v2_4defect\train\images\frame_20260504_001430_293195_jpg.rf.72b04e3058dd21b8fa6af7fd40ad0261_aug_vflip_1.jpg | datasets\dataset_v2_5class\train\images\frame_20260504_001430_293195_jpg.rf.72b04e3058dd21b8fa6af7fd40ad0261_aug_vflip_1.jpg | datasets\dataset_v3_clean_background\train\images\frame_20260504_001430_293195_jpg.rf.72b04e3058dd21b8fa6af7fd40ad0261_aug_vflip_1.jpg
EXACT_893,EXACT_SHA256,3,datasets\dataset_v2_4defect\train\images\frame_20260504_001431_208607_jpg.rf.a0a3672eef9af93716af13a483dbd162.jpg | datasets\dataset_v2_5class\train\images\frame_20260504_001431_208607_jpg.rf.a0a3672eef9af93716af13a483dbd162.jpg | datasets\dataset_v3_clean_background\train\images\frame_20260504_001431_208607_jpg.rf.a0a3672eef9af93716af13a483dbd162.jpg
EXACT_894,EXACT_SHA256,3,datasets\dataset_v2_4defect\train\images\frame_20260504_001431_208607_jpg.rf.a0a3672eef9af93716af13a483dbd162_aug_contrast_2.jpg | datasets\dataset_v2_5class\train\images\frame_20260504_001431_208607_jpg.rf.a0a3672eef9af93716af13a483dbd162_aug_contrast_2.jpg | datasets\dataset_v3_clean_background\train\images\frame_20260504_001431_208607_jpg.rf.a0a3672eef9af93716af13a483dbd162_aug_contrast_2.jpg
EXACT_895,EXACT_SHA256,3,datasets\dataset_v2_4defect\train\images\frame_20260504_001431_208607_jpg.rf.a0a3672eef9af93716af13a483dbd162_aug_hflip_0.jpg | datasets\dataset_v2_5class\train\images\frame_20260504_001431_208607_jpg.rf.a0a3672eef9af93716af13a483dbd162_aug_hflip_0.jpg | datasets\dataset_v3_clean_background\train\images\frame_20260504_001431_208607_jpg.rf.a0a3672eef9af93716af13a483dbd162_aug_hflip_0.jpg
EXACT_896,EXACT_SHA256,3,datasets\dataset_v2_4defect\train\images\frame_20260504_001431_208607_jpg.rf.a0a3672eef9af93716af13a483dbd162_aug_vflip_1.jpg | datasets\dataset_v2_5class\train\images\frame_20260504_001431_208607_jpg.rf.a0a3672eef9af93716af13a483dbd162_aug_vflip_1.jpg | datasets\dataset_v3_clean_background\train\images\frame_20260504_001431_208607_jpg.rf.a0a3672eef9af93716af13a483dbd162_aug_vflip_1.jpg
EXACT_897,EXACT_SHA256,3,datasets\dataset_v2_4defect\train\images\frame_20260504_001432_273343_jpg.rf.40f508fad80025b65e6a826779a7ab93.jpg | datasets\dataset_v2_5class\train\images\frame_20260504_001432_273343_jpg.rf.40f508fad80025b65e6a826779a7ab93.jpg | datasets\dataset_v3_clean_background\train\images\frame_20260504_001432_273343_jpg.rf.40f508fad80025b65e6a826779a7ab93.jpg
EXACT_898,EXACT_SHA256,3,datasets\dataset_v2_4defect\train\images\frame_20260504_001432_273343_jpg.rf.40f508fad80025b65e6a826779a7ab93_aug_contrast_2.jpg | datasets\dataset_v2_5class\train\images\frame_20260504_001432_273343_jpg.rf.40f508fad80025b65e6a826779a7ab93_aug_contrast_2.jpg | datasets\dataset_v3_clean_background\train\images\frame_20260504_001432_273343_jpg.rf.40f508fad80025b65e6a826779a7ab93_aug_contrast_2.jpg
EXACT_899,EXACT_SHA256,3,datasets\dataset_v2_4defect\train\images\frame_20260504_001432_273343_jpg.rf.40f508fad80025b65e6a826779a7ab93_aug_hflip_0.jpg | datasets\dataset_v2_5class\train\images\frame_20260504_001432_273343_jpg.rf.40f508fad80025b65e6a826779a7ab93_aug_hflip_0.jpg | datasets\dataset_v3_clean_background\train\images\frame_20260504_001432_273343_jpg.rf.40f508fad80025b65e6a826779a7ab93_aug_hflip_0.jpg
EXACT_900,EXACT_SHA256,3,datasets\dataset_v2_4defect\train\images\frame_20260504_001432_273343_jpg.rf.40f508fad80025b65e6a826779a7ab93_aug_vflip_1.jpg | datasets\dataset_v2_5class\train\images\frame_20260504_001432_273343_jpg.rf.40f508fad80025b65e6a826779a7ab93_aug_vflip_1.jpg | datasets\dataset_v3_clean_background\train\images\frame_20260504_001432_273343_jpg.rf.40f508fad80025b65e6a826779a7ab93_aug_vflip_1.jpg
EXACT_901,EXACT_SHA256,3,datasets\dataset_v2_4defect\train\images\frame_20260504_001433_181294_jpg.rf.119e5ca3e09c5febbff720673bf43e12.jpg | datasets\dataset_v2_5class\train\images\frame_20260504_001433_181294_jpg.rf.119e5ca3e09c5febbff720673bf43e12.jpg | datasets\dataset_v3_clean_background\train\images\frame_20260504_001433_181294_jpg.rf.119e5ca3e09c5febbff720673bf43e12.jpg
EXACT_902,EXACT_SHA256,3,datasets\dataset_v2_4defect\train\images\frame_20260504_001438_044448_jpg.rf.8f76c6fbc3935e0f25cec922cd082db7.jpg | datasets\dataset_v2_5class\train\images\frame_20260504_001438_044448_jpg.rf.8f76c6fbc3935e0f25cec922cd082db7.jpg | datasets\dataset_v3_clean_background\train\images\frame_20260504_001438_044448_jpg.rf.8f76c6fbc3935e0f25cec922cd082db7.jpg
EXACT_903,EXACT_SHA256,3,datasets\dataset_v2_4defect\train\images\frame_20260504_001438_044448_jpg.rf.8f76c6fbc3935e0f25cec922cd082db7_aug_contrast_2.jpg | datasets\dataset_v2_5class\train\images\frame_20260504_001438_044448_jpg.rf.8f76c6fbc3935e0f25cec922cd082db7_aug_contrast_2.jpg | datasets\dataset_v3_clean_background\train\images\frame_20260504_001438_044448_jpg.rf.8f76c6fbc3935e0f25cec922cd082db7_aug_contrast_2.jpg
EXACT_904,EXACT_SHA256,3,datasets\dataset_v2_4defect\train\images\frame_20260504_001438_044448_jpg.rf.8f76c6fbc3935e0f25cec922cd082db7_aug_hflip_0.jpg | datasets\dataset_v2_5class\train\images\frame_20260504_001438_044448_jpg.rf.8f76c6fbc3935e0f25cec922cd082db7_aug_hflip_0.jpg | datasets\dataset_v3_clean_background\train\images\frame_20260504_001438_044448_jpg.rf.8f76c6fbc3935e0f25cec922cd082db7_aug_hflip_0.jpg
EXACT_905,EXACT_SHA256,3,datasets\dataset_v2_4defect\train\images\frame_20260504_001438_044448_jpg.rf.8f76c6fbc3935e0f25cec922cd082db7_aug_vflip_1.jpg | datasets\dataset_v2_5class\train\images\frame_20260504_001438_044448_jpg.rf.8f76c6fbc3935e0f25cec922cd082db7_aug_vflip_1.jpg | datasets\dataset_v3_clean_background\train\images\frame_20260504_001438_044448_jpg.rf.8f76c6fbc3935e0f25cec922cd082db7_aug_vflip_1.jpg
EXACT_906,EXACT_SHA256,3,datasets\dataset_v2_4defect\train\images\frame_20260504_001439_991865_jpg.rf.e635d61d04b96eba5456a5dbbaf7132f.jpg | datasets\dataset_v2_5class\train\images\frame_20260504_001439_991865_jpg.rf.e635d61d04b96eba5456a5dbbaf7132f.jpg | datasets\dataset_v3_clean_background\train\images\frame_20260504_001439_991865_jpg.rf.e635d61d04b96eba5456a5dbbaf7132f.jpg
EXACT_907,EXACT_SHA256,3,datasets\dataset_v2_4defect\train\images\frame_20260504_001439_991865_jpg.rf.e635d61d04b96eba5456a5dbbaf7132f_aug_contrast_2.jpg | datasets\dataset_v2_5class\train\images\frame_20260504_001439_991865_jpg.rf.e635d61d04b96eba5456a5dbbaf7132f_aug_contrast_2.jpg | datasets\dataset_v3_clean_background\train\images\frame_20260504_001439_991865_jpg.rf.e635d61d04b96eba5456a5dbbaf7132f_aug_contrast_2.jpg
EXACT_908,EXACT_SHA256,3,datasets\dataset_v2_4defect\train\images\frame_20260504_001439_991865_jpg.rf.e635d61d04b96eba5456a5dbbaf7132f_aug_hflip_0.jpg | datasets\dataset_v2_5class\train\images\frame_20260504_001439_991865_jpg.rf.e635d61d04b96eba5456a5dbbaf7132f_aug_hflip_0.jpg | datasets\dataset_v3_clean_background\train\images\frame_20260504_001439_991865_jpg.rf.e635d61d04b96eba5456a5dbbaf7132f_aug_hflip_0.jpg
EXACT_909,EXACT_SHA256,3,datasets\dataset_v2_4defect\train\images\frame_20260504_001439_991865_jpg.rf.e635d61d04b96eba5456a5dbbaf7132f_aug_vflip_1.jpg | datasets\dataset_v2_5class\train\images\frame_20260504_001439_991865_jpg.rf.e635d61d04b96eba5456a5dbbaf7132f_aug_vflip_1.jpg | datasets\dataset_v3_clean_background\train\images\frame_20260504_001439_991865_jpg.rf.e635d61d04b96eba5456a5dbbaf7132f_aug_vflip_1.jpg
EXACT_910,EXACT_SHA256,3,datasets\dataset_v2_4defect\train\images\frame_20260504_001440_968717_jpg.rf.36cffe7128ee4282b86d411b03fb4a3c.jpg | datasets\dataset_v2_5class\train\images\frame_20260504_001440_968717_jpg.rf.36cffe7128ee4282b86d411b03fb4a3c.jpg | datasets\dataset_v3_clean_background\train\images\frame_20260504_001440_968717_jpg.rf.36cffe7128ee4282b86d411b03fb4a3c.jpg
EXACT_911,EXACT_SHA256,3,datasets\dataset_v2_4defect\train\images\frame_20260504_001440_968717_jpg.rf.36cffe7128ee4282b86d411b03fb4a3c_aug_contrast_2.jpg | datasets\dataset_v2_5class\train\images\frame_20260504_001440_968717_jpg.rf.36cffe7128ee4282b86d411b03fb4a3c_aug_contrast_2.jpg | datasets\dataset_v3_clean_background\train\images\frame_20260504_001440_968717_jpg.rf.36cffe7128ee4282b86d411b03fb4a3c_aug_contrast_2.jpg
EXACT_912,EXACT_SHA256,3,datasets\dataset_v2_4defect\train\images\frame_20260504_001440_968717_jpg.rf.36cffe7128ee4282b86d411b03fb4a3c_aug_hflip_0.jpg | datasets\dataset_v2_5class\train\images\frame_20260504_001440_968717_jpg.rf.36cffe7128ee4282b86d411b03fb4a3c_aug_hflip_0.jpg | datasets\dataset_v3_clean_background\train\images\frame_20260504_001440_968717_jpg.rf.36cffe7128ee4282b86d411b03fb4a3c_aug_hflip_0.jpg
EXACT_913,EXACT_SHA256,3,datasets\dataset_v2_4defect\train\images\frame_20260504_001440_968717_jpg.rf.36cffe7128ee4282b86d411b03fb4a3c_aug_vflip_1.jpg | datasets\dataset_v2_5class\train\images\frame_20260504_001440_968717_jpg.rf.36cffe7128ee4282b86d411b03fb4a3c_aug_vflip_1.jpg | datasets\dataset_v3_clean_background\train\images\frame_20260504_001440_968717_jpg.rf.36cffe7128ee4282b86d411b03fb4a3c_aug_vflip_1.jpg
EXACT_914,EXACT_SHA256,3,datasets\dataset_v2_4defect\train\images\frame_20260504_001441_961350_jpg.rf.aebad6485a90033e8aafb8473b255733.jpg | datasets\dataset_v2_5class\train\images\frame_20260504_001441_961350_jpg.rf.aebad6485a90033e8aafb8473b255733.jpg | datasets\dataset_v3_clean_background\train\images\frame_20260504_001441_961350_jpg.rf.aebad6485a90033e8aafb8473b255733.jpg
EXACT_915,EXACT_SHA256,3,datasets\dataset_v2_4defect\train\images\frame_20260504_001441_961350_jpg.rf.aebad6485a90033e8aafb8473b255733_aug_contrast_1.jpg | datasets\dataset_v2_5class\train\images\frame_20260504_001441_961350_jpg.rf.aebad6485a90033e8aafb8473b255733_aug_contrast_1.jpg | datasets\dataset_v3_clean_background\train\images\frame_20260504_001441_961350_jpg.rf.aebad6485a90033e8aafb8473b255733_aug_contrast_1.jpg
EXACT_916,EXACT_SHA256,3,datasets\dataset_v2_4defect\train\images\frame_20260504_001441_961350_jpg.rf.aebad6485a90033e8aafb8473b255733_aug_hflip_0.jpg | datasets\dataset_v2_5class\train\images\frame_20260504_001441_961350_jpg.rf.aebad6485a90033e8aafb8473b255733_aug_hflip_0.jpg | datasets\dataset_v3_clean_background\train\images\frame_20260504_001441_961350_jpg.rf.aebad6485a90033e8aafb8473b255733_aug_hflip_0.jpg
EXACT_917,EXACT_SHA256,3,datasets\dataset_v2_4defect\train\images\frame_20260504_001442_973718_jpg.rf.90d4f9f9ea14388c79734122d099959d.jpg | datasets\dataset_v2_5class\train\images\frame_20260504_001442_973718_jpg.rf.90d4f9f9ea14388c79734122d099959d.jpg | datasets\dataset_v3_clean_background\train\images\frame_20260504_001442_973718_jpg.rf.90d4f9f9ea14388c79734122d099959d.jpg
EXACT_918,EXACT_SHA256,3,datasets\dataset_v2_4defect\train\images\frame_20260504_001442_973718_jpg.rf.90d4f9f9ea14388c79734122d099959d_aug_contrast_1.jpg | datasets\dataset_v2_5class\train\images\frame_20260504_001442_973718_jpg.rf.90d4f9f9ea14388c79734122d099959d_aug_contrast_1.jpg | datasets\dataset_v3_clean_background\train\images\frame_20260504_001442_973718_jpg.rf.90d4f9f9ea14388c79734122d099959d_aug_contrast_1.jpg
EXACT_919,EXACT_SHA256,3,datasets\dataset_v2_4defect\train\images\frame_20260504_001442_973718_jpg.rf.90d4f9f9ea14388c79734122d099959d_aug_hflip_0.jpg | datasets\dataset_v2_5class\train\images\frame_20260504_001442_973718_jpg.rf.90d4f9f9ea14388c79734122d099959d_aug_hflip_0.jpg | datasets\dataset_v3_clean_background\train\images\frame_20260504_001442_973718_jpg.rf.90d4f9f9ea14388c79734122d099959d_aug_hflip_0.jpg
EXACT_920,EXACT_SHA256,3,datasets\dataset_v2_4defect\train\images\frame_20260504_001443_963840_jpg.rf.791ffd9b275f42be102838619f9c3a4f.jpg | datasets\dataset_v2_5class\train\images\frame_20260504_001443_963840_jpg.rf.791ffd9b275f42be102838619f9c3a4f.jpg | datasets\dataset_v3_clean_background\train\images\frame_20260504_001443_963840_jpg.rf.791ffd9b275f42be102838619f9c3a4f.jpg
EXACT_921,EXACT_SHA256,3,datasets\dataset_v2_4defect\train\images\frame_20260504_001445_047434_jpg.rf.1fd76942948d19edb8efa98b10b9b4a5.jpg | datasets\dataset_v2_5class\train\images\frame_20260504_001445_047434_jpg.rf.1fd76942948d19edb8efa98b10b9b4a5.jpg | datasets\dataset_v3_clean_background\train\images\frame_20260504_001445_047434_jpg.rf.1fd76942948d19edb8efa98b10b9b4a5.jpg
EXACT_922,EXACT_SHA256,3,datasets\dataset_v2_4defect\train\images\frame_20260504_001445_047434_jpg.rf.1fd76942948d19edb8efa98b10b9b4a5_aug_contrast_3.jpg | datasets\dataset_v2_5class\train\images\frame_20260504_001445_047434_jpg.rf.1fd76942948d19edb8efa98b10b9b4a5_aug_contrast_3.jpg | datasets\dataset_v3_clean_background\train\images\frame_20260504_001445_047434_jpg.rf.1fd76942948d19edb8efa98b10b9b4a5_aug_contrast_3.jpg
EXACT_923,EXACT_SHA256,3,datasets\dataset_v2_4defect\train\images\frame_20260504_001445_047434_jpg.rf.1fd76942948d19edb8efa98b10b9b4a5_aug_hflip_0.jpg | datasets\dataset_v2_5class\train\images\frame_20260504_001445_047434_jpg.rf.1fd76942948d19edb8efa98b10b9b4a5_aug_hflip_0.jpg | datasets\dataset_v3_clean_background\train\images\frame_20260504_001445_047434_jpg.rf.1fd76942948d19edb8efa98b10b9b4a5_aug_hflip_0.jpg
EXACT_924,EXACT_SHA256,3,datasets\dataset_v2_4defect\train\images\frame_20260504_001445_047434_jpg.rf.1fd76942948d19edb8efa98b10b9b4a5_aug_hvflip_2.jpg | datasets\dataset_v2_5class\train\images\frame_20260504_001445_047434_jpg.rf.1fd76942948d19edb8efa98b10b9b4a5_aug_hvflip_2.jpg | datasets\dataset_v3_clean_background\train\images\frame_20260504_001445_047434_jpg.rf.1fd76942948d19edb8efa98b10b9b4a5_aug_hvflip_2.jpg
EXACT_925,EXACT_SHA256,3,datasets\dataset_v2_4defect\train\images\frame_20260504_001445_047434_jpg.rf.1fd76942948d19edb8efa98b10b9b4a5_aug_vflip_1.jpg | datasets\dataset_v2_5class\train\images\frame_20260504_001445_047434_jpg.rf.1fd76942948d19edb8efa98b10b9b4a5_aug_vflip_1.jpg | datasets\dataset_v3_clean_background\train\images\frame_20260504_001445_047434_jpg.rf.1fd76942948d19edb8efa98b10b9b4a5_aug_vflip_1.jpg
EXACT_926,EXACT_SHA256,3,datasets\dataset_v2_4defect\train\images\frame_20260504_001448_939978_jpg.rf.7bf0c76ea72908b43a9992a6835b52fc.jpg | datasets\dataset_v2_5class\train\images\frame_20260504_001448_939978_jpg.rf.7bf0c76ea72908b43a9992a6835b52fc.jpg | datasets\dataset_v3_clean_background\train\images\frame_20260504_001448_939978_jpg.rf.7bf0c76ea72908b43a9992a6835b52fc.jpg
EXACT_927,EXACT_SHA256,3,datasets\dataset_v2_4defect\train\images\frame_20260504_001448_939978_jpg.rf.7bf0c76ea72908b43a9992a6835b52fc_aug_contrast_3.jpg | datasets\dataset_v2_5class\train\images\frame_20260504_001448_939978_jpg.rf.7bf0c76ea72908b43a9992a6835b52fc_aug_contrast_3.jpg | datasets\dataset_v3_clean_background\train\images\frame_20260504_001448_939978_jpg.rf.7bf0c76ea72908b43a9992a6835b52fc_aug_contrast_3.jpg
EXACT_928,EXACT_SHA256,3,datasets\dataset_v2_4defect\train\images\frame_20260504_001448_939978_jpg.rf.7bf0c76ea72908b43a9992a6835b52fc_aug_hflip_0.jpg | datasets\dataset_v2_5class\train\images\frame_20260504_001448_939978_jpg.rf.7bf0c76ea72908b43a9992a6835b52fc_aug_hflip_0.jpg | datasets\dataset_v3_clean_background\train\images\frame_20260504_001448_939978_jpg.rf.7bf0c76ea72908b43a9992a6835b52fc_aug_hflip_0.jpg
EXACT_929,EXACT_SHA256,3,datasets\dataset_v2_4defect\train\images\frame_20260504_001448_939978_jpg.rf.7bf0c76ea72908b43a9992a6835b52fc_aug_hvflip_2.jpg | datasets\dataset_v2_5class\train\images\frame_20260504_001448_939978_jpg.rf.7bf0c76ea72908b43a9992a6835b52fc_aug_hvflip_2.jpg | datasets\dataset_v3_clean_background\train\images\frame_20260504_001448_939978_jpg.rf.7bf0c76ea72908b43a9992a6835b52fc_aug_hvflip_2.jpg
EXACT_930,EXACT_SHA256,3,datasets\dataset_v2_4defect\train\images\frame_20260504_001448_939978_jpg.rf.7bf0c76ea72908b43a9992a6835b52fc_aug_vflip_1.jpg | datasets\dataset_v2_5class\train\images\frame_20260504_001448_939978_jpg.rf.7bf0c76ea72908b43a9992a6835b52fc_aug_vflip_1.jpg | datasets\dataset_v3_clean_background\train\images\frame_20260504_001448_939978_jpg.rf.7bf0c76ea72908b43a9992a6835b52fc_aug_vflip_1.jpg
EXACT_931,EXACT_SHA256,3,datasets\dataset_v2_4defect\train\images\frame_20260504_001452_040040_jpg.rf.18d7d5655e4dd4ae51f2216eab0a746a.jpg | datasets\dataset_v2_5class\train\images\frame_20260504_001452_040040_jpg.rf.18d7d5655e4dd4ae51f2216eab0a746a.jpg | datasets\dataset_v3_clean_background\train\images\frame_20260504_001452_040040_jpg.rf.18d7d5655e4dd4ae51f2216eab0a746a.jpg
EXACT_932,EXACT_SHA256,3,datasets\dataset_v2_4defect\train\images\frame_20260504_001452_040040_jpg.rf.18d7d5655e4dd4ae51f2216eab0a746a_aug_contrast_2.jpg | datasets\dataset_v2_5class\train\images\frame_20260504_001452_040040_jpg.rf.18d7d5655e4dd4ae51f2216eab0a746a_aug_contrast_2.jpg | datasets\dataset_v3_clean_background\train\images\frame_20260504_001452_040040_jpg.rf.18d7d5655e4dd4ae51f2216eab0a746a_aug_contrast_2.jpg
EXACT_933,EXACT_SHA256,3,datasets\dataset_v2_4defect\train\images\frame_20260504_001452_040040_jpg.rf.18d7d5655e4dd4ae51f2216eab0a746a_aug_hflip_0.jpg | datasets\dataset_v2_5class\train\images\frame_20260504_001452_040040_jpg.rf.18d7d5655e4dd4ae51f2216eab0a746a_aug_hflip_0.jpg | datasets\dataset_v3_clean_background\train\images\frame_20260504_001452_040040_jpg.rf.18d7d5655e4dd4ae51f2216eab0a746a_aug_hflip_0.jpg
EXACT_934,EXACT_SHA256,3,datasets\dataset_v2_4defect\train\images\frame_20260504_001452_040040_jpg.rf.18d7d5655e4dd4ae51f2216eab0a746a_aug_vflip_1.jpg | datasets\dataset_v2_5class\train\images\frame_20260504_001452_040040_jpg.rf.18d7d5655e4dd4ae51f2216eab0a746a_aug_vflip_1.jpg | datasets\dataset_v3_clean_background\train\images\frame_20260504_001452_040040_jpg.rf.18d7d5655e4dd4ae51f2216eab0a746a_aug_vflip_1.jpg
EXACT_935,EXACT_SHA256,3,datasets\dataset_v2_4defect\train\images\frame_20260504_001453_094795_jpg.rf.965b1f19600269ad921f53f2648c46a9.jpg | datasets\dataset_v2_5class\train\images\frame_20260504_001453_094795_jpg.rf.965b1f19600269ad921f53f2648c46a9.jpg | datasets\dataset_v3_clean_background\train\images\frame_20260504_001453_094795_jpg.rf.965b1f19600269ad921f53f2648c46a9.jpg
EXACT_936,EXACT_SHA256,3,datasets\dataset_v2_4defect\train\images\frame_20260504_001455_947952_jpg.rf.a59f4518711a13185bc4b021c761c130.jpg | datasets\dataset_v2_5class\train\images\frame_20260504_001455_947952_jpg.rf.a59f4518711a13185bc4b021c761c130.jpg | datasets\dataset_v3_clean_background\train\images\frame_20260504_001455_947952_jpg.rf.a59f4518711a13185bc4b021c761c130.jpg
EXACT_937,EXACT_SHA256,3,datasets\dataset_v2_4defect\train\images\frame_20260504_001455_947952_jpg.rf.a59f4518711a13185bc4b021c761c130_aug_contrast_2.jpg | datasets\dataset_v2_5class\train\images\frame_20260504_001455_947952_jpg.rf.a59f4518711a13185bc4b021c761c130_aug_contrast_2.jpg | datasets\dataset_v3_clean_background\train\images\frame_20260504_001455_947952_jpg.rf.a59f4518711a13185bc4b021c761c130_aug_contrast_2.jpg
EXACT_938,EXACT_SHA256,3,datasets\dataset_v2_4defect\train\images\frame_20260504_001455_947952_jpg.rf.a59f4518711a13185bc4b021c761c130_aug_hflip_0.jpg | datasets\dataset_v2_5class\train\images\frame_20260504_001455_947952_jpg.rf.a59f4518711a13185bc4b021c761c130_aug_hflip_0.jpg | datasets\dataset_v3_clean_background\train\images\frame_20260504_001455_947952_jpg.rf.a59f4518711a13185bc4b021c761c130_aug_hflip_0.jpg
EXACT_939,EXACT_SHA256,3,datasets\dataset_v2_4defect\train\images\frame_20260504_001455_947952_jpg.rf.a59f4518711a13185bc4b021c761c130_aug_vflip_1.jpg | datasets\dataset_v2_5class\train\images\frame_20260504_001455_947952_jpg.rf.a59f4518711a13185bc4b021c761c130_aug_vflip_1.jpg | datasets\dataset_v3_clean_background\train\images\frame_20260504_001455_947952_jpg.rf.a59f4518711a13185bc4b021c761c130_aug_vflip_1.jpg
EXACT_940,EXACT_SHA256,3,datasets\dataset_v2_4defect\train\images\frame_20260504_001459_046383_jpg.rf.9e74d9fd5028709eff76c5804d3ffbc3.jpg | datasets\dataset_v2_5class\train\images\frame_20260504_001459_046383_jpg.rf.9e74d9fd5028709eff76c5804d3ffbc3.jpg | datasets\dataset_v3_clean_background\train\images\frame_20260504_001459_046383_jpg.rf.9e74d9fd5028709eff76c5804d3ffbc3.jpg
EXACT_941,EXACT_SHA256,3,datasets\dataset_v2_4defect\train\images\frame_20260504_001500_053336_jpg.rf.a8505f41ddbfeeb79f8839ade894a2c1.jpg | datasets\dataset_v2_5class\train\images\frame_20260504_001500_053336_jpg.rf.a8505f41ddbfeeb79f8839ade894a2c1.jpg | datasets\dataset_v3_clean_background\train\images\frame_20260504_001500_053336_jpg.rf.a8505f41ddbfeeb79f8839ade894a2c1.jpg
EXACT_942,EXACT_SHA256,3,datasets\dataset_v2_4defect\train\images\frame_20260504_001500_986995_jpg.rf.137e077228e57924f663b0fc7ab37f2c.jpg | datasets\dataset_v2_5class\train\images\frame_20260504_001500_986995_jpg.rf.137e077228e57924f663b0fc7ab37f2c.jpg | datasets\dataset_v3_clean_background\train\images\frame_20260504_001500_986995_jpg.rf.137e077228e57924f663b0fc7ab37f2c.jpg
EXACT_943,EXACT_SHA256,3,datasets\dataset_v2_4defect\train\images\frame_20260504_001500_986995_jpg.rf.137e077228e57924f663b0fc7ab37f2c_aug_contrast_1.jpg | datasets\dataset_v2_5class\train\images\frame_20260504_001500_986995_jpg.rf.137e077228e57924f663b0fc7ab37f2c_aug_contrast_1.jpg | datasets\dataset_v3_clean_background\train\images\frame_20260504_001500_986995_jpg.rf.137e077228e57924f663b0fc7ab37f2c_aug_contrast_1.jpg
EXACT_944,EXACT_SHA256,3,datasets\dataset_v2_4defect\train\images\frame_20260504_001500_986995_jpg.rf.137e077228e57924f663b0fc7ab37f2c_aug_hflip_0.jpg | datasets\dataset_v2_5class\train\images\frame_20260504_001500_986995_jpg.rf.137e077228e57924f663b0fc7ab37f2c_aug_hflip_0.jpg | datasets\dataset_v3_clean_background\train\images\frame_20260504_001500_986995_jpg.rf.137e077228e57924f663b0fc7ab37f2c_aug_hflip_0.jpg
EXACT_945,EXACT_SHA256,3,datasets\dataset_v2_4defect\train\images\frame_20260504_001502_987492_jpg.rf.ea59c6a8e3d6142a6de006250a1f59ff.jpg | datasets\dataset_v2_5class\train\images\frame_20260504_001502_987492_jpg.rf.ea59c6a8e3d6142a6de006250a1f59ff.jpg | datasets\dataset_v3_clean_background\train\images\frame_20260504_001502_987492_jpg.rf.ea59c6a8e3d6142a6de006250a1f59ff.jpg
EXACT_946,EXACT_SHA256,3,datasets\dataset_v2_4defect\train\images\frame_20260504_001506_013874_jpg.rf.505f8f14ab8c2fd9a7fa0609dcc8f890.jpg | datasets\dataset_v2_5class\train\images\frame_20260504_001506_013874_jpg.rf.505f8f14ab8c2fd9a7fa0609dcc8f890.jpg | datasets\dataset_v3_clean_background\train\images\frame_20260504_001506_013874_jpg.rf.505f8f14ab8c2fd9a7fa0609dcc8f890.jpg
EXACT_947,EXACT_SHA256,3,datasets\dataset_v2_4defect\train\images\frame_20260504_001506_013874_jpg.rf.505f8f14ab8c2fd9a7fa0609dcc8f890_aug_contrast_1.jpg | datasets\dataset_v2_5class\train\images\frame_20260504_001506_013874_jpg.rf.505f8f14ab8c2fd9a7fa0609dcc8f890_aug_contrast_1.jpg | datasets\dataset_v3_clean_background\train\images\frame_20260504_001506_013874_jpg.rf.505f8f14ab8c2fd9a7fa0609dcc8f890_aug_contrast_1.jpg
EXACT_948,EXACT_SHA256,3,datasets\dataset_v2_4defect\train\images\frame_20260504_001506_013874_jpg.rf.505f8f14ab8c2fd9a7fa0609dcc8f890_aug_hflip_0.jpg | datasets\dataset_v2_5class\train\images\frame_20260504_001506_013874_jpg.rf.505f8f14ab8c2fd9a7fa0609dcc8f890_aug_hflip_0.jpg | datasets\dataset_v3_clean_background\train\images\frame_20260504_001506_013874_jpg.rf.505f8f14ab8c2fd9a7fa0609dcc8f890_aug_hflip_0.jpg
EXACT_949,EXACT_SHA256,3,datasets\dataset_v2_4defect\train\images\frame_20260504_001508_000036_jpg.rf.efb61e2418a00773b1f1ece1ade28d53.jpg | datasets\dataset_v2_5class\train\images\frame_20260504_001508_000036_jpg.rf.efb61e2418a00773b1f1ece1ade28d53.jpg | datasets\dataset_v3_clean_background\train\images\frame_20260504_001508_000036_jpg.rf.efb61e2418a00773b1f1ece1ade28d53.jpg
EXACT_950,EXACT_SHA256,3,datasets\dataset_v2_4defect\train\images\frame_20260504_001508_000036_jpg.rf.efb61e2418a00773b1f1ece1ade28d53_aug_contrast_1.jpg | datasets\dataset_v2_5class\train\images\frame_20260504_001508_000036_jpg.rf.efb61e2418a00773b1f1ece1ade28d53_aug_contrast_1.jpg | datasets\dataset_v3_clean_background\train\images\frame_20260504_001508_000036_jpg.rf.efb61e2418a00773b1f1ece1ade28d53_aug_contrast_1.jpg
EXACT_951,EXACT_SHA256,3,datasets\dataset_v2_4defect\train\images\frame_20260504_001508_000036_jpg.rf.efb61e2418a00773b1f1ece1ade28d53_aug_hflip_0.jpg | datasets\dataset_v2_5class\train\images\frame_20260504_001508_000036_jpg.rf.efb61e2418a00773b1f1ece1ade28d53_aug_hflip_0.jpg | datasets\dataset_v3_clean_background\train\images\frame_20260504_001508_000036_jpg.rf.efb61e2418a00773b1f1ece1ade28d53_aug_hflip_0.jpg
EXACT_952,EXACT_SHA256,3,datasets\dataset_v2_4defect\train\images\frame_20260504_001508_967870_jpg.rf.b7771161e87c3437f792f3e372614fa0.jpg | datasets\dataset_v2_5class\train\images\frame_20260504_001508_967870_jpg.rf.b7771161e87c3437f792f3e372614fa0.jpg | datasets\dataset_v3_clean_background\train\images\frame_20260504_001508_967870_jpg.rf.b7771161e87c3437f792f3e372614fa0.jpg
EXACT_953,EXACT_SHA256,3,datasets\dataset_v2_4defect\train\images\frame_20260504_001509_988740_jpg.rf.03c9d782be7db917b7aaca7aeb339782.jpg | datasets\dataset_v2_5class\train\images\frame_20260504_001509_988740_jpg.rf.03c9d782be7db917b7aaca7aeb339782.jpg | datasets\dataset_v3_clean_background\train\images\frame_20260504_001509_988740_jpg.rf.03c9d782be7db917b7aaca7aeb339782.jpg
EXACT_954,EXACT_SHA256,3,datasets\dataset_v2_4defect\train\images\frame_20260504_001512_057324_jpg.rf.4c796b5db2f5f181c065f179bf92452e.jpg | datasets\dataset_v2_5class\train\images\frame_20260504_001512_057324_jpg.rf.4c796b5db2f5f181c065f179bf92452e.jpg | datasets\dataset_v3_clean_background\train\images\frame_20260504_001512_057324_jpg.rf.4c796b5db2f5f181c065f179bf92452e.jpg
EXACT_955,EXACT_SHA256,3,datasets\dataset_v2_4defect\train\images\frame_20260504_001513_018302_jpg.rf.f7516e8158c1e059f9d729290f1cadd1.jpg | datasets\dataset_v2_5class\train\images\frame_20260504_001513_018302_jpg.rf.f7516e8158c1e059f9d729290f1cadd1.jpg | datasets\dataset_v3_clean_background\train\images\frame_20260504_001513_018302_jpg.rf.f7516e8158c1e059f9d729290f1cadd1.jpg
EXACT_956,EXACT_SHA256,3,datasets\dataset_v2_4defect\train\images\frame_20260504_001513_018302_jpg.rf.f7516e8158c1e059f9d729290f1cadd1_aug_contrast_1.jpg | datasets\dataset_v2_5class\train\images\frame_20260504_001513_018302_jpg.rf.f7516e8158c1e059f9d729290f1cadd1_aug_contrast_1.jpg | datasets\dataset_v3_clean_background\train\images\frame_20260504_001513_018302_jpg.rf.f7516e8158c1e059f9d729290f1cadd1_aug_contrast_1.jpg
EXACT_957,EXACT_SHA256,3,datasets\dataset_v2_4defect\train\images\frame_20260504_001513_018302_jpg.rf.f7516e8158c1e059f9d729290f1cadd1_aug_hflip_0.jpg | datasets\dataset_v2_5class\train\images\frame_20260504_001513_018302_jpg.rf.f7516e8158c1e059f9d729290f1cadd1_aug_hflip_0.jpg | datasets\dataset_v3_clean_background\train\images\frame_20260504_001513_018302_jpg.rf.f7516e8158c1e059f9d729290f1cadd1_aug_hflip_0.jpg
EXACT_958,EXACT_SHA256,3,datasets\dataset_v2_4defect\train\images\frame_20260504_001514_079555_jpg.rf.37495c3e65cc5b3de1175ca91421b6fb.jpg | datasets\dataset_v2_5class\train\images\frame_20260504_001514_079555_jpg.rf.37495c3e65cc5b3de1175ca91421b6fb.jpg | datasets\dataset_v3_clean_background\train\images\frame_20260504_001514_079555_jpg.rf.37495c3e65cc5b3de1175ca91421b6fb.jpg
EXACT_959,EXACT_SHA256,3,datasets\dataset_v2_4defect\train\images\frame_20260504_001516_192421_jpg.rf.47ba6e82dc7c892129965266c47dab0f.jpg | datasets\dataset_v2_5class\train\images\frame_20260504_001516_192421_jpg.rf.47ba6e82dc7c892129965266c47dab0f.jpg | datasets\dataset_v3_clean_background\train\images\frame_20260504_001516_192421_jpg.rf.47ba6e82dc7c892129965266c47dab0f.jpg
EXACT_960,EXACT_SHA256,3,datasets\dataset_v2_4defect\train\images\frame_20260504_001516_192421_jpg.rf.47ba6e82dc7c892129965266c47dab0f_aug_contrast_1.jpg | datasets\dataset_v2_5class\train\images\frame_20260504_001516_192421_jpg.rf.47ba6e82dc7c892129965266c47dab0f_aug_contrast_1.jpg | datasets\dataset_v3_clean_background\train\images\frame_20260504_001516_192421_jpg.rf.47ba6e82dc7c892129965266c47dab0f_aug_contrast_1.jpg
EXACT_961,EXACT_SHA256,3,datasets\dataset_v2_4defect\train\images\frame_20260504_001516_192421_jpg.rf.47ba6e82dc7c892129965266c47dab0f_aug_hflip_0.jpg | datasets\dataset_v2_5class\train\images\frame_20260504_001516_192421_jpg.rf.47ba6e82dc7c892129965266c47dab0f_aug_hflip_0.jpg | datasets\dataset_v3_clean_background\train\images\frame_20260504_001516_192421_jpg.rf.47ba6e82dc7c892129965266c47dab0f_aug_hflip_0.jpg
EXACT_962,EXACT_SHA256,3,datasets\dataset_v2_4defect\train\images\frame_20260504_001518_018720_jpg.rf.d2415578a54771e59fb429ad4e6afdc9.jpg | datasets\dataset_v2_5class\train\images\frame_20260504_001518_018720_jpg.rf.d2415578a54771e59fb429ad4e6afdc9.jpg | datasets\dataset_v3_clean_background\train\images\frame_20260504_001518_018720_jpg.rf.d2415578a54771e59fb429ad4e6afdc9.jpg
EXACT_963,EXACT_SHA256,3,datasets\dataset_v2_4defect\train\images\frame_20260504_001526_048751_jpg.rf.2c23b4910b8a85aef1cc9ab7898e8a63.jpg | datasets\dataset_v2_5class\train\images\frame_20260504_001526_048751_jpg.rf.2c23b4910b8a85aef1cc9ab7898e8a63.jpg | datasets\dataset_v3_clean_background\train\images\frame_20260504_001526_048751_jpg.rf.2c23b4910b8a85aef1cc9ab7898e8a63.jpg
EXACT_964,EXACT_SHA256,3,datasets\dataset_v2_4defect\train\images\frame_20260504_001529_004005_jpg.rf.4f6e236adf04f26b539c1779b2781794.jpg | datasets\dataset_v2_5class\train\images\frame_20260504_001529_004005_jpg.rf.4f6e236adf04f26b539c1779b2781794.jpg | datasets\dataset_v3_clean_background\train\images\frame_20260504_001529_004005_jpg.rf.4f6e236adf04f26b539c1779b2781794.jpg
EXACT_965,EXACT_SHA256,3,datasets\dataset_v2_4defect\train\images\frame_20260504_001530_072063_jpg.rf.f4c1202042ea105fc6517cd283fdcc3c.jpg | datasets\dataset_v2_5class\train\images\frame_20260504_001530_072063_jpg.rf.f4c1202042ea105fc6517cd283fdcc3c.jpg | datasets\dataset_v3_clean_background\train\images\frame_20260504_001530_072063_jpg.rf.f4c1202042ea105fc6517cd283fdcc3c.jpg
EXACT_966,EXACT_SHA256,3,datasets\dataset_v2_4defect\train\images\frame_20260504_001530_072063_jpg.rf.f4c1202042ea105fc6517cd283fdcc3c_aug_contrast_2.jpg | datasets\dataset_v2_5class\train\images\frame_20260504_001530_072063_jpg.rf.f4c1202042ea105fc6517cd283fdcc3c_aug_contrast_2.jpg | datasets\dataset_v3_clean_background\train\images\frame_20260504_001530_072063_jpg.rf.f4c1202042ea105fc6517cd283fdcc3c_aug_contrast_2.jpg
EXACT_967,EXACT_SHA256,3,datasets\dataset_v2_4defect\train\images\frame_20260504_001530_072063_jpg.rf.f4c1202042ea105fc6517cd283fdcc3c_aug_hflip_0.jpg | datasets\dataset_v2_5class\train\images\frame_20260504_001530_072063_jpg.rf.f4c1202042ea105fc6517cd283fdcc3c_aug_hflip_0.jpg | datasets\dataset_v3_clean_background\train\images\frame_20260504_001530_072063_jpg.rf.f4c1202042ea105fc6517cd283fdcc3c_aug_hflip_0.jpg
EXACT_968,EXACT_SHA256,3,datasets\dataset_v2_4defect\train\images\frame_20260504_001530_072063_jpg.rf.f4c1202042ea105fc6517cd283fdcc3c_aug_vflip_1.jpg | datasets\dataset_v2_5class\train\images\frame_20260504_001530_072063_jpg.rf.f4c1202042ea105fc6517cd283fdcc3c_aug_vflip_1.jpg | datasets\dataset_v3_clean_background\train\images\frame_20260504_001530_072063_jpg.rf.f4c1202042ea105fc6517cd283fdcc3c_aug_vflip_1.jpg
EXACT_969,EXACT_SHA256,3,datasets\dataset_v2_4defect\train\images\frame_20260504_001530_996480_jpg.rf.79076124b49cc1e78d71bf932343f671.jpg | datasets\dataset_v2_5class\train\images\frame_20260504_001530_996480_jpg.rf.79076124b49cc1e78d71bf932343f671.jpg | datasets\dataset_v3_clean_background\train\images\frame_20260504_001530_996480_jpg.rf.79076124b49cc1e78d71bf932343f671.jpg
EXACT_970,EXACT_SHA256,3,datasets\dataset_v2_4defect\train\images\frame_20260504_001530_996480_jpg.rf.79076124b49cc1e78d71bf932343f671_aug_contrast_1.jpg | datasets\dataset_v2_5class\train\images\frame_20260504_001530_996480_jpg.rf.79076124b49cc1e78d71bf932343f671_aug_contrast_1.jpg | datasets\dataset_v3_clean_background\train\images\frame_20260504_001530_996480_jpg.rf.79076124b49cc1e78d71bf932343f671_aug_contrast_1.jpg
EXACT_971,EXACT_SHA256,3,datasets\dataset_v2_4defect\train\images\frame_20260504_001530_996480_jpg.rf.79076124b49cc1e78d71bf932343f671_aug_hflip_0.jpg | datasets\dataset_v2_5class\train\images\frame_20260504_001530_996480_jpg.rf.79076124b49cc1e78d71bf932343f671_aug_hflip_0.jpg | datasets\dataset_v3_clean_background\train\images\frame_20260504_001530_996480_jpg.rf.79076124b49cc1e78d71bf932343f671_aug_hflip_0.jpg
EXACT_972,EXACT_SHA256,3,datasets\dataset_v2_4defect\train\images\frame_20260504_001532_107976_jpg.rf.e2256b7b504ab5419bc49e378fe15c04.jpg | datasets\dataset_v2_5class\train\images\frame_20260504_001532_107976_jpg.rf.e2256b7b504ab5419bc49e378fe15c04.jpg | datasets\dataset_v3_clean_background\train\images\frame_20260504_001532_107976_jpg.rf.e2256b7b504ab5419bc49e378fe15c04.jpg
EXACT_973,EXACT_SHA256,3,datasets\dataset_v2_4defect\train\images\frame_20260504_001532_107976_jpg.rf.e2256b7b504ab5419bc49e378fe15c04_aug_contrast_1.jpg | datasets\dataset_v2_5class\train\images\frame_20260504_001532_107976_jpg.rf.e2256b7b504ab5419bc49e378fe15c04_aug_contrast_1.jpg | datasets\dataset_v3_clean_background\train\images\frame_20260504_001532_107976_jpg.rf.e2256b7b504ab5419bc49e378fe15c04_aug_contrast_1.jpg
EXACT_974,EXACT_SHA256,3,datasets\dataset_v2_4defect\train\images\frame_20260504_001532_107976_jpg.rf.e2256b7b504ab5419bc49e378fe15c04_aug_hflip_0.jpg | datasets\dataset_v2_5class\train\images\frame_20260504_001532_107976_jpg.rf.e2256b7b504ab5419bc49e378fe15c04_aug_hflip_0.jpg | datasets\dataset_v3_clean_background\train\images\frame_20260504_001532_107976_jpg.rf.e2256b7b504ab5419bc49e378fe15c04_aug_hflip_0.jpg
EXACT_975,EXACT_SHA256,3,datasets\dataset_v2_4defect\train\images\frame_20260504_001533_079628_jpg.rf.54a1f6294ab3d89ab46808bf151cbf93.jpg | datasets\dataset_v2_5class\train\images\frame_20260504_001533_079628_jpg.rf.54a1f6294ab3d89ab46808bf151cbf93.jpg | datasets\dataset_v3_clean_background\train\images\frame_20260504_001533_079628_jpg.rf.54a1f6294ab3d89ab46808bf151cbf93.jpg
EXACT_976,EXACT_SHA256,3,datasets\dataset_v2_4defect\train\images\frame_20260504_001534_122536_jpg.rf.ccb51e749bead969d37c4cbeea5d6bcc.jpg | datasets\dataset_v2_5class\train\images\frame_20260504_001534_122536_jpg.rf.ccb51e749bead969d37c4cbeea5d6bcc.jpg | datasets\dataset_v3_clean_background\train\images\frame_20260504_001534_122536_jpg.rf.ccb51e749bead969d37c4cbeea5d6bcc.jpg
EXACT_977,EXACT_SHA256,3,datasets\dataset_v2_4defect\train\images\frame_20260504_001534_122536_jpg.rf.ccb51e749bead969d37c4cbeea5d6bcc_aug_contrast_3.jpg | datasets\dataset_v2_5class\train\images\frame_20260504_001534_122536_jpg.rf.ccb51e749bead969d37c4cbeea5d6bcc_aug_contrast_3.jpg | datasets\dataset_v3_clean_background\train\images\frame_20260504_001534_122536_jpg.rf.ccb51e749bead969d37c4cbeea5d6bcc_aug_contrast_3.jpg
EXACT_978,EXACT_SHA256,3,datasets\dataset_v2_4defect\train\images\frame_20260504_001534_122536_jpg.rf.ccb51e749bead969d37c4cbeea5d6bcc_aug_hflip_0.jpg | datasets\dataset_v2_5class\train\images\frame_20260504_001534_122536_jpg.rf.ccb51e749bead969d37c4cbeea5d6bcc_aug_hflip_0.jpg | datasets\dataset_v3_clean_background\train\images\frame_20260504_001534_122536_jpg.rf.ccb51e749bead969d37c4cbeea5d6bcc_aug_hflip_0.jpg
EXACT_979,EXACT_SHA256,3,datasets\dataset_v2_4defect\train\images\frame_20260504_001534_122536_jpg.rf.ccb51e749bead969d37c4cbeea5d6bcc_aug_hvflip_2.jpg | datasets\dataset_v2_5class\train\images\frame_20260504_001534_122536_jpg.rf.ccb51e749bead969d37c4cbeea5d6bcc_aug_hvflip_2.jpg | datasets\dataset_v3_clean_background\train\images\frame_20260504_001534_122536_jpg.rf.ccb51e749bead969d37c4cbeea5d6bcc_aug_hvflip_2.jpg
EXACT_980,EXACT_SHA256,3,datasets\dataset_v2_4defect\train\images\frame_20260504_001534_122536_jpg.rf.ccb51e749bead969d37c4cbeea5d6bcc_aug_vflip_1.jpg | datasets\dataset_v2_5class\train\images\frame_20260504_001534_122536_jpg.rf.ccb51e749bead969d37c4cbeea5d6bcc_aug_vflip_1.jpg | datasets\dataset_v3_clean_background\train\images\frame_20260504_001534_122536_jpg.rf.ccb51e749bead969d37c4cbeea5d6bcc_aug_vflip_1.jpg
EXACT_981,EXACT_SHA256,3,datasets\dataset_v2_4defect\train\images\frame_20260504_001535_094204_jpg.rf.b23399b9cf29dcc58822f0587ea5034c.jpg | datasets\dataset_v2_5class\train\images\frame_20260504_001535_094204_jpg.rf.b23399b9cf29dcc58822f0587ea5034c.jpg | datasets\dataset_v3_clean_background\train\images\frame_20260504_001535_094204_jpg.rf.b23399b9cf29dcc58822f0587ea5034c.jpg
EXACT_982,EXACT_SHA256,3,datasets\dataset_v2_4defect\train\images\frame_20260504_001537_025726_jpg.rf.ec97a516259791d37b4e847ca318d5f5.jpg | datasets\dataset_v2_5class\train\images\frame_20260504_001537_025726_jpg.rf.ec97a516259791d37b4e847ca318d5f5.jpg | datasets\dataset_v3_clean_background\train\images\frame_20260504_001537_025726_jpg.rf.ec97a516259791d37b4e847ca318d5f5.jpg
EXACT_983,EXACT_SHA256,3,datasets\dataset_v2_4defect\train\images\frame_20260504_001542_022112_jpg.rf.d9f923c3e7e4ce971f13a2270957bd51.jpg | datasets\dataset_v2_5class\train\images\frame_20260504_001542_022112_jpg.rf.d9f923c3e7e4ce971f13a2270957bd51.jpg | datasets\dataset_v3_clean_background\train\images\frame_20260504_001542_022112_jpg.rf.d9f923c3e7e4ce971f13a2270957bd51.jpg
EXACT_984,EXACT_SHA256,3,datasets\dataset_v2_4defect\train\images\frame_20260504_001544_003810_jpg.rf.c1c19fbf1fe20e1fa38152a624690169.jpg | datasets\dataset_v2_5class\train\images\frame_20260504_001544_003810_jpg.rf.c1c19fbf1fe20e1fa38152a624690169.jpg | datasets\dataset_v3_clean_background\train\images\frame_20260504_001544_003810_jpg.rf.c1c19fbf1fe20e1fa38152a624690169.jpg
EXACT_985,EXACT_SHA256,3,datasets\dataset_v2_4defect\train\images\frame_20260504_001544_003810_jpg.rf.c1c19fbf1fe20e1fa38152a624690169_aug_contrast_1.jpg | datasets\dataset_v2_5class\train\images\frame_20260504_001544_003810_jpg.rf.c1c19fbf1fe20e1fa38152a624690169_aug_contrast_1.jpg | datasets\dataset_v3_clean_background\train\images\frame_20260504_001544_003810_jpg.rf.c1c19fbf1fe20e1fa38152a624690169_aug_contrast_1.jpg
EXACT_986,EXACT_SHA256,3,datasets\dataset_v2_4defect\train\images\frame_20260504_001544_003810_jpg.rf.c1c19fbf1fe20e1fa38152a624690169_aug_hflip_0.jpg | datasets\dataset_v2_5class\train\images\frame_20260504_001544_003810_jpg.rf.c1c19fbf1fe20e1fa38152a624690169_aug_hflip_0.jpg | datasets\dataset_v3_clean_background\train\images\frame_20260504_001544_003810_jpg.rf.c1c19fbf1fe20e1fa38152a624690169_aug_hflip_0.jpg
EXACT_987,EXACT_SHA256,3,datasets\dataset_v2_4defect\train\images\frame_20260504_001545_043138_jpg.rf.a204ab3dbdb152a48315b19067e521d8.jpg | datasets\dataset_v2_5class\train\images\frame_20260504_001545_043138_jpg.rf.a204ab3dbdb152a48315b19067e521d8.jpg | datasets\dataset_v3_clean_background\train\images\frame_20260504_001545_043138_jpg.rf.a204ab3dbdb152a48315b19067e521d8.jpg
EXACT_988,EXACT_SHA256,3,datasets\dataset_v2_4defect\train\images\frame_20260504_001545_043138_jpg.rf.a204ab3dbdb152a48315b19067e521d8_aug_contrast_2.jpg | datasets\dataset_v2_5class\train\images\frame_20260504_001545_043138_jpg.rf.a204ab3dbdb152a48315b19067e521d8_aug_contrast_2.jpg | datasets\dataset_v3_clean_background\train\images\frame_20260504_001545_043138_jpg.rf.a204ab3dbdb152a48315b19067e521d8_aug_contrast_2.jpg
EXACT_989,EXACT_SHA256,3,datasets\dataset_v2_4defect\train\images\frame_20260504_001545_043138_jpg.rf.a204ab3dbdb152a48315b19067e521d8_aug_hflip_0.jpg | datasets\dataset_v2_5class\train\images\frame_20260504_001545_043138_jpg.rf.a204ab3dbdb152a48315b19067e521d8_aug_hflip_0.jpg | datasets\dataset_v3_clean_background\train\images\frame_20260504_001545_043138_jpg.rf.a204ab3dbdb152a48315b19067e521d8_aug_hflip_0.jpg
EXACT_990,EXACT_SHA256,3,datasets\dataset_v2_4defect\train\images\frame_20260504_001545_043138_jpg.rf.a204ab3dbdb152a48315b19067e521d8_aug_vflip_1.jpg | datasets\dataset_v2_5class\train\images\frame_20260504_001545_043138_jpg.rf.a204ab3dbdb152a48315b19067e521d8_aug_vflip_1.jpg | datasets\dataset_v3_clean_background\train\images\frame_20260504_001545_043138_jpg.rf.a204ab3dbdb152a48315b19067e521d8_aug_vflip_1.jpg
EXACT_991,EXACT_SHA256,3,datasets\dataset_v2_4defect\train\images\frame_20260504_001546_021033_jpg.rf.ab254af675da1ec558b09b0ab306214b.jpg | datasets\dataset_v2_5class\train\images\frame_20260504_001546_021033_jpg.rf.ab254af675da1ec558b09b0ab306214b.jpg | datasets\dataset_v3_clean_background\train\images\frame_20260504_001546_021033_jpg.rf.ab254af675da1ec558b09b0ab306214b.jpg
EXACT_992,EXACT_SHA256,3,datasets\dataset_v2_4defect\train\images\frame_20260504_001547_038102_jpg.rf.308d6a3ba2b03895f1128f376357827f.jpg | datasets\dataset_v2_5class\train\images\frame_20260504_001547_038102_jpg.rf.308d6a3ba2b03895f1128f376357827f.jpg | datasets\dataset_v3_clean_background\train\images\frame_20260504_001547_038102_jpg.rf.308d6a3ba2b03895f1128f376357827f.jpg
EXACT_993,EXACT_SHA256,3,datasets\dataset_v2_4defect\train\images\frame_20260504_001547_038102_jpg.rf.308d6a3ba2b03895f1128f376357827f_aug_contrast_1.jpg | datasets\dataset_v2_5class\train\images\frame_20260504_001547_038102_jpg.rf.308d6a3ba2b03895f1128f376357827f_aug_contrast_1.jpg | datasets\dataset_v3_clean_background\train\images\frame_20260504_001547_038102_jpg.rf.308d6a3ba2b03895f1128f376357827f_aug_contrast_1.jpg
EXACT_994,EXACT_SHA256,3,datasets\dataset_v2_4defect\train\images\frame_20260504_001547_038102_jpg.rf.308d6a3ba2b03895f1128f376357827f_aug_hflip_0.jpg | datasets\dataset_v2_5class\train\images\frame_20260504_001547_038102_jpg.rf.308d6a3ba2b03895f1128f376357827f_aug_hflip_0.jpg | datasets\dataset_v3_clean_background\train\images\frame_20260504_001547_038102_jpg.rf.308d6a3ba2b03895f1128f376357827f_aug_hflip_0.jpg
EXACT_995,EXACT_SHA256,3,datasets\dataset_v2_4defect\train\images\frame_20260504_001549_078762_jpg.rf.4c9b6a416fb4d0d4d54b9f63c4bc5d6f.jpg | datasets\dataset_v2_5class\train\images\frame_20260504_001549_078762_jpg.rf.4c9b6a416fb4d0d4d54b9f63c4bc5d6f.jpg | datasets\dataset_v3_clean_background\train\images\frame_20260504_001549_078762_jpg.rf.4c9b6a416fb4d0d4d54b9f63c4bc5d6f.jpg
EXACT_996,EXACT_SHA256,3,datasets\dataset_v2_4defect\train\images\frame_20260504_001549_078762_jpg.rf.4c9b6a416fb4d0d4d54b9f63c4bc5d6f_aug_contrast_3.jpg | datasets\dataset_v2_5class\train\images\frame_20260504_001549_078762_jpg.rf.4c9b6a416fb4d0d4d54b9f63c4bc5d6f_aug_contrast_3.jpg | datasets\dataset_v3_clean_background\train\images\frame_20260504_001549_078762_jpg.rf.4c9b6a416fb4d0d4d54b9f63c4bc5d6f_aug_contrast_3.jpg
EXACT_997,EXACT_SHA256,3,datasets\dataset_v2_4defect\train\images\frame_20260504_001549_078762_jpg.rf.4c9b6a416fb4d0d4d54b9f63c4bc5d6f_aug_hflip_0.jpg | datasets\dataset_v2_5class\train\images\frame_20260504_001549_078762_jpg.rf.4c9b6a416fb4d0d4d54b9f63c4bc5d6f_aug_hflip_0.jpg | datasets\dataset_v3_clean_background\train\images\frame_20260504_001549_078762_jpg.rf.4c9b6a416fb4d0d4d54b9f63c4bc5d6f_aug_hflip_0.jpg
EXACT_998,EXACT_SHA256,3,datasets\dataset_v2_4defect\train\images\frame_20260504_001549_078762_jpg.rf.4c9b6a416fb4d0d4d54b9f63c4bc5d6f_aug_hvflip_2.jpg | datasets\dataset_v2_5class\train\images\frame_20260504_001549_078762_jpg.rf.4c9b6a416fb4d0d4d54b9f63c4bc5d6f_aug_hvflip_2.jpg | datasets\dataset_v3_clean_background\train\images\frame_20260504_001549_078762_jpg.rf.4c9b6a416fb4d0d4d54b9f63c4bc5d6f_aug_hvflip_2.jpg
EXACT_999,EXACT_SHA256,3,datasets\dataset_v2_4defect\train\images\frame_20260504_001549_078762_jpg.rf.4c9b6a416fb4d0d4d54b9f63c4bc5d6f_aug_vflip_1.jpg | datasets\dataset_v2_5class\train\images\frame_20260504_001549_078762_jpg.rf.4c9b6a416fb4d0d4d54b9f63c4bc5d6f_aug_vflip_1.jpg | datasets\dataset_v3_clean_background\train\images\frame_20260504_001549_078762_jpg.rf.4c9b6a416fb4d0d4d54b9f63c4bc5d6f_aug_vflip_1.jpg
EXACT_1000,EXACT_SHA256,3,datasets\dataset_v2_4defect\train\images\frame_20260504_001550_044144_jpg.rf.691e57613f81c56eb9e6314e8cef8683.jpg | datasets\dataset_v2_5class\train\images\frame_20260504_001550_044144_jpg.rf.691e57613f81c56eb9e6314e8cef8683.jpg | datasets\dataset_v3_clean_background\train\images\frame_20260504_001550_044144_jpg.rf.691e57613f81c56eb9e6314e8cef8683.jpg
EXACT_1001,EXACT_SHA256,3,datasets\dataset_v2_4defect\train\images\frame_20260504_001550_044144_jpg.rf.691e57613f81c56eb9e6314e8cef8683_aug_contrast_1.jpg | datasets\dataset_v2_5class\train\images\frame_20260504_001550_044144_jpg.rf.691e57613f81c56eb9e6314e8cef8683_aug_contrast_1.jpg | datasets\dataset_v3_clean_background\train\images\frame_20260504_001550_044144_jpg.rf.691e57613f81c56eb9e6314e8cef8683_aug_contrast_1.jpg
EXACT_1002,EXACT_SHA256,3,datasets\dataset_v2_4defect\train\images\frame_20260504_001550_044144_jpg.rf.691e57613f81c56eb9e6314e8cef8683_aug_hflip_0.jpg | datasets\dataset_v2_5class\train\images\frame_20260504_001550_044144_jpg.rf.691e57613f81c56eb9e6314e8cef8683_aug_hflip_0.jpg | datasets\dataset_v3_clean_background\train\images\frame_20260504_001550_044144_jpg.rf.691e57613f81c56eb9e6314e8cef8683_aug_hflip_0.jpg
EXACT_1003,EXACT_SHA256,3,datasets\dataset_v2_4defect\train\images\frame_20260504_001551_068015_jpg.rf.2eae1557a440a3106f20cad67bc9714f.jpg | datasets\dataset_v2_5class\train\images\frame_20260504_001551_068015_jpg.rf.2eae1557a440a3106f20cad67bc9714f.jpg | datasets\dataset_v3_clean_background\train\images\frame_20260504_001551_068015_jpg.rf.2eae1557a440a3106f20cad67bc9714f.jpg
EXACT_1004,EXACT_SHA256,3,datasets\dataset_v2_4defect\train\images\frame_20260504_001552_051405_jpg.rf.fbe3c6f052dd7cd37e34610d9f0fb500.jpg | datasets\dataset_v2_5class\train\images\frame_20260504_001552_051405_jpg.rf.fbe3c6f052dd7cd37e34610d9f0fb500.jpg | datasets\dataset_v3_clean_background\train\images\frame_20260504_001552_051405_jpg.rf.fbe3c6f052dd7cd37e34610d9f0fb500.jpg
EXACT_1005,EXACT_SHA256,3,datasets\dataset_v2_4defect\train\images\frame_20260504_001553_104920_jpg.rf.06910f1fa4eef6889b1ae7cbc7dfe8a1.jpg | datasets\dataset_v2_5class\train\images\frame_20260504_001553_104920_jpg.rf.06910f1fa4eef6889b1ae7cbc7dfe8a1.jpg | datasets\dataset_v3_clean_background\train\images\frame_20260504_001553_104920_jpg.rf.06910f1fa4eef6889b1ae7cbc7dfe8a1.jpg
EXACT_1006,EXACT_SHA256,3,datasets\dataset_v2_4defect\train\images\frame_20260504_001553_104920_jpg.rf.06910f1fa4eef6889b1ae7cbc7dfe8a1_aug_contrast_3.jpg | datasets\dataset_v2_5class\train\images\frame_20260504_001553_104920_jpg.rf.06910f1fa4eef6889b1ae7cbc7dfe8a1_aug_contrast_3.jpg | datasets\dataset_v3_clean_background\train\images\frame_20260504_001553_104920_jpg.rf.06910f1fa4eef6889b1ae7cbc7dfe8a1_aug_contrast_3.jpg
EXACT_1007,EXACT_SHA256,3,datasets\dataset_v2_4defect\train\images\frame_20260504_001553_104920_jpg.rf.06910f1fa4eef6889b1ae7cbc7dfe8a1_aug_hflip_0.jpg | datasets\dataset_v2_5class\train\images\frame_20260504_001553_104920_jpg.rf.06910f1fa4eef6889b1ae7cbc7dfe8a1_aug_hflip_0.jpg | datasets\dataset_v3_clean_background\train\images\frame_20260504_001553_104920_jpg.rf.06910f1fa4eef6889b1ae7cbc7dfe8a1_aug_hflip_0.jpg
EXACT_1008,EXACT_SHA256,3,datasets\dataset_v2_4defect\train\images\frame_20260504_001553_104920_jpg.rf.06910f1fa4eef6889b1ae7cbc7dfe8a1_aug_hvflip_2.jpg | datasets\dataset_v2_5class\train\images\frame_20260504_001553_104920_jpg.rf.06910f1fa4eef6889b1ae7cbc7dfe8a1_aug_hvflip_2.jpg | datasets\dataset_v3_clean_background\train\images\frame_20260504_001553_104920_jpg.rf.06910f1fa4eef6889b1ae7cbc7dfe8a1_aug_hvflip_2.jpg
EXACT_1009,EXACT_SHA256,3,datasets\dataset_v2_4defect\train\images\frame_20260504_001553_104920_jpg.rf.06910f1fa4eef6889b1ae7cbc7dfe8a1_aug_vflip_1.jpg | datasets\dataset_v2_5class\train\images\frame_20260504_001553_104920_jpg.rf.06910f1fa4eef6889b1ae7cbc7dfe8a1_aug_vflip_1.jpg | datasets\dataset_v3_clean_background\train\images\frame_20260504_001553_104920_jpg.rf.06910f1fa4eef6889b1ae7cbc7dfe8a1_aug_vflip_1.jpg
EXACT_1010,EXACT_SHA256,3,datasets\dataset_v2_4defect\train\images\frame_20260504_001554_019290_jpg.rf.cca280432ec81191b9cd2866d2c093cc.jpg | datasets\dataset_v2_5class\train\images\frame_20260504_001554_019290_jpg.rf.cca280432ec81191b9cd2866d2c093cc.jpg | datasets\dataset_v3_clean_background\train\images\frame_20260504_001554_019290_jpg.rf.cca280432ec81191b9cd2866d2c093cc.jpg
EXACT_1011,EXACT_SHA256,3,datasets\dataset_v2_4defect\train\images\frame_20260504_001556_054329_jpg.rf.be72c461d23c71e9a1bbf6f247c5de1e.jpg | datasets\dataset_v2_5class\train\images\frame_20260504_001556_054329_jpg.rf.be72c461d23c71e9a1bbf6f247c5de1e.jpg | datasets\dataset_v3_clean_background\train\images\frame_20260504_001556_054329_jpg.rf.be72c461d23c71e9a1bbf6f247c5de1e.jpg
EXACT_1012,EXACT_SHA256,3,datasets\dataset_v2_4defect\train\images\frame_20260504_001556_054329_jpg.rf.be72c461d23c71e9a1bbf6f247c5de1e_aug_contrast_1.jpg | datasets\dataset_v2_5class\train\images\frame_20260504_001556_054329_jpg.rf.be72c461d23c71e9a1bbf6f247c5de1e_aug_contrast_1.jpg | datasets\dataset_v3_clean_background\train\images\frame_20260504_001556_054329_jpg.rf.be72c461d23c71e9a1bbf6f247c5de1e_aug_contrast_1.jpg
EXACT_1013,EXACT_SHA256,3,datasets\dataset_v2_4defect\train\images\frame_20260504_001556_054329_jpg.rf.be72c461d23c71e9a1bbf6f247c5de1e_aug_hflip_0.jpg | datasets\dataset_v2_5class\train\images\frame_20260504_001556_054329_jpg.rf.be72c461d23c71e9a1bbf6f247c5de1e_aug_hflip_0.jpg | datasets\dataset_v3_clean_background\train\images\frame_20260504_001556_054329_jpg.rf.be72c461d23c71e9a1bbf6f247c5de1e_aug_hflip_0.jpg
EXACT_1014,EXACT_SHA256,3,datasets\dataset_v2_4defect\train\images\frame_20260504_001558_022123_jpg.rf.842536e8ea30804bb731c12ca4f9b32b.jpg | datasets\dataset_v2_5class\train\images\frame_20260504_001558_022123_jpg.rf.842536e8ea30804bb731c12ca4f9b32b.jpg | datasets\dataset_v3_clean_background\train\images\frame_20260504_001558_022123_jpg.rf.842536e8ea30804bb731c12ca4f9b32b.jpg
EXACT_1015,EXACT_SHA256,3,datasets\dataset_v2_4defect\train\images\frame_20260504_001559_002976_jpg.rf.b215b6c01d001c983283cfa261478325.jpg | datasets\dataset_v2_5class\train\images\frame_20260504_001559_002976_jpg.rf.b215b6c01d001c983283cfa261478325.jpg | datasets\dataset_v3_clean_background\train\images\frame_20260504_001559_002976_jpg.rf.b215b6c01d001c983283cfa261478325.jpg
EXACT_1016,EXACT_SHA256,3,datasets\dataset_v2_4defect\train\images\frame_20260504_001600_027709_jpg.rf.365e507d864b730408367403afe69659.jpg | datasets\dataset_v2_5class\train\images\frame_20260504_001600_027709_jpg.rf.365e507d864b730408367403afe69659.jpg | datasets\dataset_v3_clean_background\train\images\frame_20260504_001600_027709_jpg.rf.365e507d864b730408367403afe69659.jpg
EXACT_1017,EXACT_SHA256,3,datasets\dataset_v2_4defect\train\images\frame_20260504_001600_027709_jpg.rf.365e507d864b730408367403afe69659_aug_contrast_2.jpg | datasets\dataset_v2_5class\train\images\frame_20260504_001600_027709_jpg.rf.365e507d864b730408367403afe69659_aug_contrast_2.jpg | datasets\dataset_v3_clean_background\train\images\frame_20260504_001600_027709_jpg.rf.365e507d864b730408367403afe69659_aug_contrast_2.jpg
EXACT_1018,EXACT_SHA256,3,datasets\dataset_v2_4defect\train\images\frame_20260504_001600_027709_jpg.rf.365e507d864b730408367403afe69659_aug_hflip_0.jpg | datasets\dataset_v2_5class\train\images\frame_20260504_001600_027709_jpg.rf.365e507d864b730408367403afe69659_aug_hflip_0.jpg | datasets\dataset_v3_clean_background\train\images\frame_20260504_001600_027709_jpg.rf.365e507d864b730408367403afe69659_aug_hflip_0.jpg
EXACT_1019,EXACT_SHA256,3,datasets\dataset_v2_4defect\train\images\frame_20260504_001600_027709_jpg.rf.365e507d864b730408367403afe69659_aug_vflip_1.jpg | datasets\dataset_v2_5class\train\images\frame_20260504_001600_027709_jpg.rf.365e507d864b730408367403afe69659_aug_vflip_1.jpg | datasets\dataset_v3_clean_background\train\images\frame_20260504_001600_027709_jpg.rf.365e507d864b730408367403afe69659_aug_vflip_1.jpg
EXACT_1020,EXACT_SHA256,3,datasets\dataset_v2_4defect\train\images\frame_20260504_001602_072948_jpg.rf.c245a05622b0a5eab12c30f035d11e42.jpg | datasets\dataset_v2_5class\train\images\frame_20260504_001602_072948_jpg.rf.c245a05622b0a5eab12c30f035d11e42.jpg | datasets\dataset_v3_clean_background\train\images\frame_20260504_001602_072948_jpg.rf.c245a05622b0a5eab12c30f035d11e42.jpg
EXACT_1021,EXACT_SHA256,3,datasets\dataset_v2_4defect\train\images\frame_20260504_001602_072948_jpg.rf.c245a05622b0a5eab12c30f035d11e42_aug_contrast_1.jpg | datasets\dataset_v2_5class\train\images\frame_20260504_001602_072948_jpg.rf.c245a05622b0a5eab12c30f035d11e42_aug_contrast_1.jpg | datasets\dataset_v3_clean_background\train\images\frame_20260504_001602_072948_jpg.rf.c245a05622b0a5eab12c30f035d11e42_aug_contrast_1.jpg
EXACT_1022,EXACT_SHA256,3,datasets\dataset_v2_4defect\train\images\frame_20260504_001602_072948_jpg.rf.c245a05622b0a5eab12c30f035d11e42_aug_hflip_0.jpg | datasets\dataset_v2_5class\train\images\frame_20260504_001602_072948_jpg.rf.c245a05622b0a5eab12c30f035d11e42_aug_hflip_0.jpg | datasets\dataset_v3_clean_background\train\images\frame_20260504_001602_072948_jpg.rf.c245a05622b0a5eab12c30f035d11e42_aug_hflip_0.jpg
EXACT_1023,EXACT_SHA256,3,datasets\dataset_v2_4defect\train\images\frame_20260504_001605_302441_jpg.rf.1a361e38a220be83117f3c8fdb5b9066.jpg | datasets\dataset_v2_5class\train\images\frame_20260504_001605_302441_jpg.rf.1a361e38a220be83117f3c8fdb5b9066.jpg | datasets\dataset_v3_clean_background\train\images\frame_20260504_001605_302441_jpg.rf.1a361e38a220be83117f3c8fdb5b9066.jpg
EXACT_1024,EXACT_SHA256,3,datasets\dataset_v2_4defect\train\images\frame_20260504_001605_302441_jpg.rf.1a361e38a220be83117f3c8fdb5b9066_aug_contrast_1.jpg | datasets\dataset_v2_5class\train\images\frame_20260504_001605_302441_jpg.rf.1a361e38a220be83117f3c8fdb5b9066_aug_contrast_1.jpg | datasets\dataset_v3_clean_background\train\images\frame_20260504_001605_302441_jpg.rf.1a361e38a220be83117f3c8fdb5b9066_aug_contrast_1.jpg
EXACT_1025,EXACT_SHA256,3,datasets\dataset_v2_4defect\train\images\frame_20260504_001605_302441_jpg.rf.1a361e38a220be83117f3c8fdb5b9066_aug_hflip_0.jpg | datasets\dataset_v2_5class\train\images\frame_20260504_001605_302441_jpg.rf.1a361e38a220be83117f3c8fdb5b9066_aug_hflip_0.jpg | datasets\dataset_v3_clean_background\train\images\frame_20260504_001605_302441_jpg.rf.1a361e38a220be83117f3c8fdb5b9066_aug_hflip_0.jpg
EXACT_1026,EXACT_SHA256,3,datasets\dataset_v2_4defect\train\images\frame_20260504_001607_186712_jpg.rf.f609f97e2f2811e62ebc1df49d6f9dc8.jpg | datasets\dataset_v2_5class\train\images\frame_20260504_001607_186712_jpg.rf.f609f97e2f2811e62ebc1df49d6f9dc8.jpg | datasets\dataset_v3_clean_background\train\images\frame_20260504_001607_186712_jpg.rf.f609f97e2f2811e62ebc1df49d6f9dc8.jpg
EXACT_1027,EXACT_SHA256,3,datasets\dataset_v2_4defect\train\images\frame_20260504_001608_041157_jpg.rf.895ce85f4da9544401e7c7ae81b135b4.jpg | datasets\dataset_v2_5class\train\images\frame_20260504_001608_041157_jpg.rf.895ce85f4da9544401e7c7ae81b135b4.jpg | datasets\dataset_v3_clean_background\train\images\frame_20260504_001608_041157_jpg.rf.895ce85f4da9544401e7c7ae81b135b4.jpg
EXACT_1028,EXACT_SHA256,3,datasets\dataset_v2_4defect\train\images\frame_20260504_001608_041157_jpg.rf.895ce85f4da9544401e7c7ae81b135b4_aug_contrast_3.jpg | datasets\dataset_v2_5class\train\images\frame_20260504_001608_041157_jpg.rf.895ce85f4da9544401e7c7ae81b135b4_aug_contrast_3.jpg | datasets\dataset_v3_clean_background\train\images\frame_20260504_001608_041157_jpg.rf.895ce85f4da9544401e7c7ae81b135b4_aug_contrast_3.jpg
EXACT_1029,EXACT_SHA256,3,datasets\dataset_v2_4defect\train\images\frame_20260504_001608_041157_jpg.rf.895ce85f4da9544401e7c7ae81b135b4_aug_hflip_0.jpg | datasets\dataset_v2_5class\train\images\frame_20260504_001608_041157_jpg.rf.895ce85f4da9544401e7c7ae81b135b4_aug_hflip_0.jpg | datasets\dataset_v3_clean_background\train\images\frame_20260504_001608_041157_jpg.rf.895ce85f4da9544401e7c7ae81b135b4_aug_hflip_0.jpg
EXACT_1030,EXACT_SHA256,3,datasets\dataset_v2_4defect\train\images\frame_20260504_001608_041157_jpg.rf.895ce85f4da9544401e7c7ae81b135b4_aug_hvflip_2.jpg | datasets\dataset_v2_5class\train\images\frame_20260504_001608_041157_jpg.rf.895ce85f4da9544401e7c7ae81b135b4_aug_hvflip_2.jpg | datasets\dataset_v3_clean_background\train\images\frame_20260504_001608_041157_jpg.rf.895ce85f4da9544401e7c7ae81b135b4_aug_hvflip_2.jpg
EXACT_1031,EXACT_SHA256,3,datasets\dataset_v2_4defect\train\images\frame_20260504_001608_041157_jpg.rf.895ce85f4da9544401e7c7ae81b135b4_aug_vflip_1.jpg | datasets\dataset_v2_5class\train\images\frame_20260504_001608_041157_jpg.rf.895ce85f4da9544401e7c7ae81b135b4_aug_vflip_1.jpg | datasets\dataset_v3_clean_background\train\images\frame_20260504_001608_041157_jpg.rf.895ce85f4da9544401e7c7ae81b135b4_aug_vflip_1.jpg
EXACT_1032,EXACT_SHA256,3,datasets\dataset_v2_4defect\train\images\frame_20260504_001612_038150_jpg.rf.98a8f212d4b9f3d8abd4f2875ebe29b6.jpg | datasets\dataset_v2_5class\train\images\frame_20260504_001612_038150_jpg.rf.98a8f212d4b9f3d8abd4f2875ebe29b6.jpg | datasets\dataset_v3_clean_background\train\images\frame_20260504_001612_038150_jpg.rf.98a8f212d4b9f3d8abd4f2875ebe29b6.jpg
EXACT_1033,EXACT_SHA256,3,datasets\dataset_v2_4defect\train\images\frame_20260504_001614_049752_jpg.rf.4f4263eb05be3c5dd2b42729460aa66e.jpg | datasets\dataset_v2_5class\train\images\frame_20260504_001614_049752_jpg.rf.4f4263eb05be3c5dd2b42729460aa66e.jpg | datasets\dataset_v3_clean_background\train\images\frame_20260504_001614_049752_jpg.rf.4f4263eb05be3c5dd2b42729460aa66e.jpg
EXACT_1034,EXACT_SHA256,3,datasets\dataset_v2_4defect\train\images\frame_20260504_001616_036004_jpg.rf.08ea1340e060373c2a43dd4fd6e5aa98.jpg | datasets\dataset_v2_5class\train\images\frame_20260504_001616_036004_jpg.rf.08ea1340e060373c2a43dd4fd6e5aa98.jpg | datasets\dataset_v3_clean_background\train\images\frame_20260504_001616_036004_jpg.rf.08ea1340e060373c2a43dd4fd6e5aa98.jpg
EXACT_1035,EXACT_SHA256,3,datasets\dataset_v2_4defect\train\images\frame_20260504_002332_685934_jpg.rf.4ad06a701d2513465eb7824e282bba43.jpg | datasets\dataset_v2_5class\train\images\frame_20260504_002332_685934_jpg.rf.4ad06a701d2513465eb7824e282bba43.jpg | datasets\dataset_v3_clean_background\train\images\frame_20260504_002332_685934_jpg.rf.4ad06a701d2513465eb7824e282bba43.jpg
EXACT_1036,EXACT_SHA256,3,datasets\dataset_v2_4defect\train\images\frame_20260504_002334_688567_jpg.rf.1151e52fa3ad0ff7ad711438a01f4ee3.jpg | datasets\dataset_v2_5class\train\images\frame_20260504_002334_688567_jpg.rf.1151e52fa3ad0ff7ad711438a01f4ee3.jpg | datasets\dataset_v3_clean_background\train\images\frame_20260504_002334_688567_jpg.rf.1151e52fa3ad0ff7ad711438a01f4ee3.jpg
EXACT_1037,EXACT_SHA256,3,datasets\dataset_v2_4defect\train\images\frame_20260504_002334_688567_jpg.rf.1151e52fa3ad0ff7ad711438a01f4ee3_aug_contrast_1.jpg | datasets\dataset_v2_5class\train\images\frame_20260504_002334_688567_jpg.rf.1151e52fa3ad0ff7ad711438a01f4ee3_aug_contrast_1.jpg | datasets\dataset_v3_clean_background\train\images\frame_20260504_002334_688567_jpg.rf.1151e52fa3ad0ff7ad711438a01f4ee3_aug_contrast_1.jpg
EXACT_1038,EXACT_SHA256,3,datasets\dataset_v2_4defect\train\images\frame_20260504_002334_688567_jpg.rf.1151e52fa3ad0ff7ad711438a01f4ee3_aug_hflip_0.jpg | datasets\dataset_v2_5class\train\images\frame_20260504_002334_688567_jpg.rf.1151e52fa3ad0ff7ad711438a01f4ee3_aug_hflip_0.jpg | datasets\dataset_v3_clean_background\train\images\frame_20260504_002334_688567_jpg.rf.1151e52fa3ad0ff7ad711438a01f4ee3_aug_hflip_0.jpg
EXACT_1039,EXACT_SHA256,3,datasets\dataset_v2_4defect\train\images\frame_20260504_002339_715234_jpg.rf.f2166334a9d090d4e23dbb5ad5294dc3.jpg | datasets\dataset_v2_5class\train\images\frame_20260504_002339_715234_jpg.rf.f2166334a9d090d4e23dbb5ad5294dc3.jpg | datasets\dataset_v3_clean_background\train\images\frame_20260504_002339_715234_jpg.rf.f2166334a9d090d4e23dbb5ad5294dc3.jpg
EXACT_1040,EXACT_SHA256,3,datasets\dataset_v2_4defect\train\images\frame_20260504_002345_692784_jpg.rf.14c1c201cce0b90a4d8d46f03b3158d3.jpg | datasets\dataset_v2_5class\train\images\frame_20260504_002345_692784_jpg.rf.14c1c201cce0b90a4d8d46f03b3158d3.jpg | datasets\dataset_v3_clean_background\train\images\frame_20260504_002345_692784_jpg.rf.14c1c201cce0b90a4d8d46f03b3158d3.jpg
EXACT_1041,EXACT_SHA256,3,datasets\dataset_v2_4defect\train\images\frame_20260504_002346_693302_jpg.rf.84b51e397889636ea10532bf918b10eb.jpg | datasets\dataset_v2_5class\train\images\frame_20260504_002346_693302_jpg.rf.84b51e397889636ea10532bf918b10eb.jpg | datasets\dataset_v3_clean_background\train\images\frame_20260504_002346_693302_jpg.rf.84b51e397889636ea10532bf918b10eb.jpg
EXACT_1042,EXACT_SHA256,3,datasets\dataset_v2_4defect\train\images\frame_20260504_002346_693302_jpg.rf.84b51e397889636ea10532bf918b10eb_aug_contrast_1.jpg | datasets\dataset_v2_5class\train\images\frame_20260504_002346_693302_jpg.rf.84b51e397889636ea10532bf918b10eb_aug_contrast_1.jpg | datasets\dataset_v3_clean_background\train\images\frame_20260504_002346_693302_jpg.rf.84b51e397889636ea10532bf918b10eb_aug_contrast_1.jpg
EXACT_1043,EXACT_SHA256,3,datasets\dataset_v2_4defect\train\images\frame_20260504_002346_693302_jpg.rf.84b51e397889636ea10532bf918b10eb_aug_hflip_0.jpg | datasets\dataset_v2_5class\train\images\frame_20260504_002346_693302_jpg.rf.84b51e397889636ea10532bf918b10eb_aug_hflip_0.jpg | datasets\dataset_v3_clean_background\train\images\frame_20260504_002346_693302_jpg.rf.84b51e397889636ea10532bf918b10eb_aug_hflip_0.jpg
EXACT_1044,EXACT_SHA256,3,datasets\dataset_v2_4defect\train\images\frame_20260504_002351_721258_jpg.rf.61050ff5514265572a506e35b06ad461.jpg | datasets\dataset_v2_5class\train\images\frame_20260504_002351_721258_jpg.rf.61050ff5514265572a506e35b06ad461.jpg | datasets\dataset_v3_clean_background\train\images\frame_20260504_002351_721258_jpg.rf.61050ff5514265572a506e35b06ad461.jpg
EXACT_1045,EXACT_SHA256,3,datasets\dataset_v2_4defect\train\images\frame_20260504_002351_721258_jpg.rf.61050ff5514265572a506e35b06ad461_aug_contrast_3.jpg | datasets\dataset_v2_5class\train\images\frame_20260504_002351_721258_jpg.rf.61050ff5514265572a506e35b06ad461_aug_contrast_3.jpg | datasets\dataset_v3_clean_background\train\images\frame_20260504_002351_721258_jpg.rf.61050ff5514265572a506e35b06ad461_aug_contrast_3.jpg
EXACT_1046,EXACT_SHA256,3,datasets\dataset_v2_4defect\train\images\frame_20260504_002351_721258_jpg.rf.61050ff5514265572a506e35b06ad461_aug_hflip_0.jpg | datasets\dataset_v2_5class\train\images\frame_20260504_002351_721258_jpg.rf.61050ff5514265572a506e35b06ad461_aug_hflip_0.jpg | datasets\dataset_v3_clean_background\train\images\frame_20260504_002351_721258_jpg.rf.61050ff5514265572a506e35b06ad461_aug_hflip_0.jpg
EXACT_1047,EXACT_SHA256,3,datasets\dataset_v2_4defect\train\images\frame_20260504_002351_721258_jpg.rf.61050ff5514265572a506e35b06ad461_aug_hvflip_2.jpg | datasets\dataset_v2_5class\train\images\frame_20260504_002351_721258_jpg.rf.61050ff5514265572a506e35b06ad461_aug_hvflip_2.jpg | datasets\dataset_v3_clean_background\train\images\frame_20260504_002351_721258_jpg.rf.61050ff5514265572a506e35b06ad461_aug_hvflip_2.jpg
EXACT_1048,EXACT_SHA256,3,datasets\dataset_v2_4defect\train\images\frame_20260504_002351_721258_jpg.rf.61050ff5514265572a506e35b06ad461_aug_vflip_1.jpg | datasets\dataset_v2_5class\train\images\frame_20260504_002351_721258_jpg.rf.61050ff5514265572a506e35b06ad461_aug_vflip_1.jpg | datasets\dataset_v3_clean_background\train\images\frame_20260504_002351_721258_jpg.rf.61050ff5514265572a506e35b06ad461_aug_vflip_1.jpg
EXACT_1049,EXACT_SHA256,3,datasets\dataset_v2_4defect\train\images\frame_20260504_002352_724720_jpg.rf.f92cef07d4028fdc11eaee588ba359b9.jpg | datasets\dataset_v2_5class\train\images\frame_20260504_002352_724720_jpg.rf.f92cef07d4028fdc11eaee588ba359b9.jpg | datasets\dataset_v3_clean_background\train\images\frame_20260504_002352_724720_jpg.rf.f92cef07d4028fdc11eaee588ba359b9.jpg
EXACT_1050,EXACT_SHA256,3,datasets\dataset_v2_4defect\train\images\frame_20260504_002352_724720_jpg.rf.f92cef07d4028fdc11eaee588ba359b9_aug_contrast_1.jpg | datasets\dataset_v2_5class\train\images\frame_20260504_002352_724720_jpg.rf.f92cef07d4028fdc11eaee588ba359b9_aug_contrast_1.jpg | datasets\dataset_v3_clean_background\train\images\frame_20260504_002352_724720_jpg.rf.f92cef07d4028fdc11eaee588ba359b9_aug_contrast_1.jpg
EXACT_1051,EXACT_SHA256,3,datasets\dataset_v2_4defect\train\images\frame_20260504_002352_724720_jpg.rf.f92cef07d4028fdc11eaee588ba359b9_aug_hflip_0.jpg | datasets\dataset_v2_5class\train\images\frame_20260504_002352_724720_jpg.rf.f92cef07d4028fdc11eaee588ba359b9_aug_hflip_0.jpg | datasets\dataset_v3_clean_background\train\images\frame_20260504_002352_724720_jpg.rf.f92cef07d4028fdc11eaee588ba359b9_aug_hflip_0.jpg
EXACT_1052,EXACT_SHA256,3,datasets\dataset_v2_4defect\train\images\frame_20260504_002353_727595_jpg.rf.883e0b18bed32b79e1da8bb4f922c11a.jpg | datasets\dataset_v2_5class\train\images\frame_20260504_002353_727595_jpg.rf.883e0b18bed32b79e1da8bb4f922c11a.jpg | datasets\dataset_v3_clean_background\train\images\frame_20260504_002353_727595_jpg.rf.883e0b18bed32b79e1da8bb4f922c11a.jpg
EXACT_1053,EXACT_SHA256,3,datasets\dataset_v2_4defect\train\images\frame_20260504_002354_699344_jpg.rf.b8ff37f203c1f27a1ad0ba01874446a1.jpg | datasets\dataset_v2_5class\train\images\frame_20260504_002354_699344_jpg.rf.b8ff37f203c1f27a1ad0ba01874446a1.jpg | datasets\dataset_v3_clean_background\train\images\frame_20260504_002354_699344_jpg.rf.b8ff37f203c1f27a1ad0ba01874446a1.jpg
EXACT_1054,EXACT_SHA256,3,datasets\dataset_v2_4defect\train\images\frame_20260504_002357_706435_jpg.rf.d832e83050f6ecd76d7b9d2a3e933c87.jpg | datasets\dataset_v2_5class\train\images\frame_20260504_002357_706435_jpg.rf.d832e83050f6ecd76d7b9d2a3e933c87.jpg | datasets\dataset_v3_clean_background\train\images\frame_20260504_002357_706435_jpg.rf.d832e83050f6ecd76d7b9d2a3e933c87.jpg
EXACT_1055,EXACT_SHA256,3,datasets\dataset_v2_4defect\train\images\frame_20260504_002357_706435_jpg.rf.d832e83050f6ecd76d7b9d2a3e933c87_aug_contrast_1.jpg | datasets\dataset_v2_5class\train\images\frame_20260504_002357_706435_jpg.rf.d832e83050f6ecd76d7b9d2a3e933c87_aug_contrast_1.jpg | datasets\dataset_v3_clean_background\train\images\frame_20260504_002357_706435_jpg.rf.d832e83050f6ecd76d7b9d2a3e933c87_aug_contrast_1.jpg
EXACT_1056,EXACT_SHA256,3,datasets\dataset_v2_4defect\train\images\frame_20260504_002357_706435_jpg.rf.d832e83050f6ecd76d7b9d2a3e933c87_aug_hflip_0.jpg | datasets\dataset_v2_5class\train\images\frame_20260504_002357_706435_jpg.rf.d832e83050f6ecd76d7b9d2a3e933c87_aug_hflip_0.jpg | datasets\dataset_v3_clean_background\train\images\frame_20260504_002357_706435_jpg.rf.d832e83050f6ecd76d7b9d2a3e933c87_aug_hflip_0.jpg
EXACT_1057,EXACT_SHA256,3,datasets\dataset_v2_4defect\train\images\frame_20260504_002359_717757_jpg.rf.62d5259233ef832813a943c301a5a014.jpg | datasets\dataset_v2_5class\train\images\frame_20260504_002359_717757_jpg.rf.62d5259233ef832813a943c301a5a014.jpg | datasets\dataset_v3_clean_background\train\images\frame_20260504_002359_717757_jpg.rf.62d5259233ef832813a943c301a5a014.jpg
EXACT_1058,EXACT_SHA256,3,datasets\dataset_v2_4defect\train\images\frame_20260504_002359_717757_jpg.rf.62d5259233ef832813a943c301a5a014_aug_contrast_1.jpg | datasets\dataset_v2_5class\train\images\frame_20260504_002359_717757_jpg.rf.62d5259233ef832813a943c301a5a014_aug_contrast_1.jpg | datasets\dataset_v3_clean_background\train\images\frame_20260504_002359_717757_jpg.rf.62d5259233ef832813a943c301a5a014_aug_contrast_1.jpg
EXACT_1059,EXACT_SHA256,3,datasets\dataset_v2_4defect\train\images\frame_20260504_002359_717757_jpg.rf.62d5259233ef832813a943c301a5a014_aug_hflip_0.jpg | datasets\dataset_v2_5class\train\images\frame_20260504_002359_717757_jpg.rf.62d5259233ef832813a943c301a5a014_aug_hflip_0.jpg | datasets\dataset_v3_clean_background\train\images\frame_20260504_002359_717757_jpg.rf.62d5259233ef832813a943c301a5a014_aug_hflip_0.jpg
EXACT_1060,EXACT_SHA256,3,datasets\dataset_v2_4defect\train\images\frame_20260504_002400_805702_jpg.rf.2e9b33f857a2f2388896b954a3dcacdc.jpg | datasets\dataset_v2_5class\train\images\frame_20260504_002400_805702_jpg.rf.2e9b33f857a2f2388896b954a3dcacdc.jpg | datasets\dataset_v3_clean_background\train\images\frame_20260504_002400_805702_jpg.rf.2e9b33f857a2f2388896b954a3dcacdc.jpg
EXACT_1061,EXACT_SHA256,3,datasets\dataset_v2_4defect\train\images\frame_20260504_002400_805702_jpg.rf.2e9b33f857a2f2388896b954a3dcacdc_aug_contrast_1.jpg | datasets\dataset_v2_5class\train\images\frame_20260504_002400_805702_jpg.rf.2e9b33f857a2f2388896b954a3dcacdc_aug_contrast_1.jpg | datasets\dataset_v3_clean_background\train\images\frame_20260504_002400_805702_jpg.rf.2e9b33f857a2f2388896b954a3dcacdc_aug_contrast_1.jpg
EXACT_1062,EXACT_SHA256,3,datasets\dataset_v2_4defect\train\images\frame_20260504_002400_805702_jpg.rf.2e9b33f857a2f2388896b954a3dcacdc_aug_hflip_0.jpg | datasets\dataset_v2_5class\train\images\frame_20260504_002400_805702_jpg.rf.2e9b33f857a2f2388896b954a3dcacdc_aug_hflip_0.jpg | datasets\dataset_v3_clean_background\train\images\frame_20260504_002400_805702_jpg.rf.2e9b33f857a2f2388896b954a3dcacdc_aug_hflip_0.jpg
EXACT_1063,EXACT_SHA256,3,datasets\dataset_v2_4defect\train\images\frame_20260504_002404_723887_jpg.rf.b84fe2f481e74c66ff01cfb0ce118572.jpg | datasets\dataset_v2_5class\train\images\frame_20260504_002404_723887_jpg.rf.b84fe2f481e74c66ff01cfb0ce118572.jpg | datasets\dataset_v3_clean_background\train\images\frame_20260504_002404_723887_jpg.rf.b84fe2f481e74c66ff01cfb0ce118572.jpg
EXACT_1064,EXACT_SHA256,3,datasets\dataset_v2_4defect\train\images\frame_20260504_002404_723887_jpg.rf.b84fe2f481e74c66ff01cfb0ce118572_aug_contrast_1.jpg | datasets\dataset_v2_5class\train\images\frame_20260504_002404_723887_jpg.rf.b84fe2f481e74c66ff01cfb0ce118572_aug_contrast_1.jpg | datasets\dataset_v3_clean_background\train\images\frame_20260504_002404_723887_jpg.rf.b84fe2f481e74c66ff01cfb0ce118572_aug_contrast_1.jpg
EXACT_1065,EXACT_SHA256,3,datasets\dataset_v2_4defect\train\images\frame_20260504_002404_723887_jpg.rf.b84fe2f481e74c66ff01cfb0ce118572_aug_hflip_0.jpg | datasets\dataset_v2_5class\train\images\frame_20260504_002404_723887_jpg.rf.b84fe2f481e74c66ff01cfb0ce118572_aug_hflip_0.jpg | datasets\dataset_v3_clean_background\train\images\frame_20260504_002404_723887_jpg.rf.b84fe2f481e74c66ff01cfb0ce118572_aug_hflip_0.jpg
EXACT_1066,EXACT_SHA256,3,datasets\dataset_v2_4defect\train\images\frame_20260504_002406_708018_jpg.rf.be4013cacfa2e012ff1421bd1bb97e7c.jpg | datasets\dataset_v2_5class\train\images\frame_20260504_002406_708018_jpg.rf.be4013cacfa2e012ff1421bd1bb97e7c.jpg | datasets\dataset_v3_clean_background\train\images\frame_20260504_002406_708018_jpg.rf.be4013cacfa2e012ff1421bd1bb97e7c.jpg
EXACT_1067,EXACT_SHA256,3,datasets\dataset_v2_4defect\train\images\frame_20260504_002406_708018_jpg.rf.be4013cacfa2e012ff1421bd1bb97e7c_aug_contrast_3.jpg | datasets\dataset_v2_5class\train\images\frame_20260504_002406_708018_jpg.rf.be4013cacfa2e012ff1421bd1bb97e7c_aug_contrast_3.jpg | datasets\dataset_v3_clean_background\train\images\frame_20260504_002406_708018_jpg.rf.be4013cacfa2e012ff1421bd1bb97e7c_aug_contrast_3.jpg
EXACT_1068,EXACT_SHA256,3,datasets\dataset_v2_4defect\train\images\frame_20260504_002406_708018_jpg.rf.be4013cacfa2e012ff1421bd1bb97e7c_aug_hflip_0.jpg | datasets\dataset_v2_5class\train\images\frame_20260504_002406_708018_jpg.rf.be4013cacfa2e012ff1421bd1bb97e7c_aug_hflip_0.jpg | datasets\dataset_v3_clean_background\train\images\frame_20260504_002406_708018_jpg.rf.be4013cacfa2e012ff1421bd1bb97e7c_aug_hflip_0.jpg
EXACT_1069,EXACT_SHA256,3,datasets\dataset_v2_4defect\train\images\frame_20260504_002406_708018_jpg.rf.be4013cacfa2e012ff1421bd1bb97e7c_aug_hvflip_2.jpg | datasets\dataset_v2_5class\train\images\frame_20260504_002406_708018_jpg.rf.be4013cacfa2e012ff1421bd1bb97e7c_aug_hvflip_2.jpg | datasets\dataset_v3_clean_background\train\images\frame_20260504_002406_708018_jpg.rf.be4013cacfa2e012ff1421bd1bb97e7c_aug_hvflip_2.jpg
EXACT_1070,EXACT_SHA256,3,datasets\dataset_v2_4defect\train\images\frame_20260504_002406_708018_jpg.rf.be4013cacfa2e012ff1421bd1bb97e7c_aug_vflip_1.jpg | datasets\dataset_v2_5class\train\images\frame_20260504_002406_708018_jpg.rf.be4013cacfa2e012ff1421bd1bb97e7c_aug_vflip_1.jpg | datasets\dataset_v3_clean_background\train\images\frame_20260504_002406_708018_jpg.rf.be4013cacfa2e012ff1421bd1bb97e7c_aug_vflip_1.jpg
EXACT_1071,EXACT_SHA256,3,datasets\dataset_v2_4defect\train\images\frame_20260504_002407_724847_jpg.rf.d50408168af6d073c0a39ed77110132c.jpg | datasets\dataset_v2_5class\train\images\frame_20260504_002407_724847_jpg.rf.d50408168af6d073c0a39ed77110132c.jpg | datasets\dataset_v3_clean_background\train\images\frame_20260504_002407_724847_jpg.rf.d50408168af6d073c0a39ed77110132c.jpg
EXACT_1072,EXACT_SHA256,3,datasets\dataset_v2_4defect\train\images\frame_20260504_002407_724847_jpg.rf.d50408168af6d073c0a39ed77110132c_aug_contrast_1.jpg | datasets\dataset_v2_5class\train\images\frame_20260504_002407_724847_jpg.rf.d50408168af6d073c0a39ed77110132c_aug_contrast_1.jpg | datasets\dataset_v3_clean_background\train\images\frame_20260504_002407_724847_jpg.rf.d50408168af6d073c0a39ed77110132c_aug_contrast_1.jpg
EXACT_1073,EXACT_SHA256,3,datasets\dataset_v2_4defect\train\images\frame_20260504_002407_724847_jpg.rf.d50408168af6d073c0a39ed77110132c_aug_hflip_0.jpg | datasets\dataset_v2_5class\train\images\frame_20260504_002407_724847_jpg.rf.d50408168af6d073c0a39ed77110132c_aug_hflip_0.jpg | datasets\dataset_v3_clean_background\train\images\frame_20260504_002407_724847_jpg.rf.d50408168af6d073c0a39ed77110132c_aug_hflip_0.jpg
EXACT_1074,EXACT_SHA256,3,datasets\dataset_v2_4defect\train\images\frame_20260504_002422_730793_jpg.rf.cb5fc4c97565b782ae4c5776fb3ea026.jpg | datasets\dataset_v2_5class\train\images\frame_20260504_002422_730793_jpg.rf.cb5fc4c97565b782ae4c5776fb3ea026.jpg | datasets\dataset_v3_clean_background\train\images\frame_20260504_002422_730793_jpg.rf.cb5fc4c97565b782ae4c5776fb3ea026.jpg
EXACT_1075,EXACT_SHA256,3,datasets\dataset_v2_4defect\train\images\frame_20260504_002422_730793_jpg.rf.cb5fc4c97565b782ae4c5776fb3ea026_aug_contrast_1.jpg | datasets\dataset_v2_5class\train\images\frame_20260504_002422_730793_jpg.rf.cb5fc4c97565b782ae4c5776fb3ea026_aug_contrast_1.jpg | datasets\dataset_v3_clean_background\train\images\frame_20260504_002422_730793_jpg.rf.cb5fc4c97565b782ae4c5776fb3ea026_aug_contrast_1.jpg
EXACT_1076,EXACT_SHA256,3,datasets\dataset_v2_4defect\train\images\frame_20260504_002422_730793_jpg.rf.cb5fc4c97565b782ae4c5776fb3ea026_aug_hflip_0.jpg | datasets\dataset_v2_5class\train\images\frame_20260504_002422_730793_jpg.rf.cb5fc4c97565b782ae4c5776fb3ea026_aug_hflip_0.jpg | datasets\dataset_v3_clean_background\train\images\frame_20260504_002422_730793_jpg.rf.cb5fc4c97565b782ae4c5776fb3ea026_aug_hflip_0.jpg
EXACT_1077,EXACT_SHA256,3,datasets\dataset_v2_4defect\train\images\frame_20260504_002425_778323_jpg.rf.0e4735c4a839e8aee99776e79283029d.jpg | datasets\dataset_v2_5class\train\images\frame_20260504_002425_778323_jpg.rf.0e4735c4a839e8aee99776e79283029d.jpg | datasets\dataset_v3_clean_background\train\images\frame_20260504_002425_778323_jpg.rf.0e4735c4a839e8aee99776e79283029d.jpg
EXACT_1078,EXACT_SHA256,3,datasets\dataset_v2_4defect\train\images\frame_20260504_002425_778323_jpg.rf.0e4735c4a839e8aee99776e79283029d_aug_contrast_3.jpg | datasets\dataset_v2_5class\train\images\frame_20260504_002425_778323_jpg.rf.0e4735c4a839e8aee99776e79283029d_aug_contrast_3.jpg | datasets\dataset_v3_clean_background\train\images\frame_20260504_002425_778323_jpg.rf.0e4735c4a839e8aee99776e79283029d_aug_contrast_3.jpg
EXACT_1079,EXACT_SHA256,3,datasets\dataset_v2_4defect\train\images\frame_20260504_002425_778323_jpg.rf.0e4735c4a839e8aee99776e79283029d_aug_hflip_0.jpg | datasets\dataset_v2_5class\train\images\frame_20260504_002425_778323_jpg.rf.0e4735c4a839e8aee99776e79283029d_aug_hflip_0.jpg | datasets\dataset_v3_clean_background\train\images\frame_20260504_002425_778323_jpg.rf.0e4735c4a839e8aee99776e79283029d_aug_hflip_0.jpg
EXACT_1080,EXACT_SHA256,3,datasets\dataset_v2_4defect\train\images\frame_20260504_002425_778323_jpg.rf.0e4735c4a839e8aee99776e79283029d_aug_hvflip_2.jpg | datasets\dataset_v2_5class\train\images\frame_20260504_002425_778323_jpg.rf.0e4735c4a839e8aee99776e79283029d_aug_hvflip_2.jpg | datasets\dataset_v3_clean_background\train\images\frame_20260504_002425_778323_jpg.rf.0e4735c4a839e8aee99776e79283029d_aug_hvflip_2.jpg
EXACT_1081,EXACT_SHA256,3,datasets\dataset_v2_4defect\train\images\frame_20260504_002425_778323_jpg.rf.0e4735c4a839e8aee99776e79283029d_aug_vflip_1.jpg | datasets\dataset_v2_5class\train\images\frame_20260504_002425_778323_jpg.rf.0e4735c4a839e8aee99776e79283029d_aug_vflip_1.jpg | datasets\dataset_v3_clean_background\train\images\frame_20260504_002425_778323_jpg.rf.0e4735c4a839e8aee99776e79283029d_aug_vflip_1.jpg
EXACT_1082,EXACT_SHA256,3,datasets\dataset_v2_4defect\train\images\frame_20260504_002432_760097_jpg.rf.3c7e098a361a24b3487ba55e392faf4e.jpg | datasets\dataset_v2_5class\train\images\frame_20260504_002432_760097_jpg.rf.3c7e098a361a24b3487ba55e392faf4e.jpg | datasets\dataset_v3_clean_background\train\images\frame_20260504_002432_760097_jpg.rf.3c7e098a361a24b3487ba55e392faf4e.jpg
EXACT_1083,EXACT_SHA256,3,datasets\dataset_v2_4defect\train\images\frame_20260504_002432_760097_jpg.rf.3c7e098a361a24b3487ba55e392faf4e_aug_contrast_1.jpg | datasets\dataset_v2_5class\train\images\frame_20260504_002432_760097_jpg.rf.3c7e098a361a24b3487ba55e392faf4e_aug_contrast_1.jpg | datasets\dataset_v3_clean_background\train\images\frame_20260504_002432_760097_jpg.rf.3c7e098a361a24b3487ba55e392faf4e_aug_contrast_1.jpg
EXACT_1084,EXACT_SHA256,3,datasets\dataset_v2_4defect\train\images\frame_20260504_002432_760097_jpg.rf.3c7e098a361a24b3487ba55e392faf4e_aug_hflip_0.jpg | datasets\dataset_v2_5class\train\images\frame_20260504_002432_760097_jpg.rf.3c7e098a361a24b3487ba55e392faf4e_aug_hflip_0.jpg | datasets\dataset_v3_clean_background\train\images\frame_20260504_002432_760097_jpg.rf.3c7e098a361a24b3487ba55e392faf4e_aug_hflip_0.jpg
EXACT_1085,EXACT_SHA256,3,datasets\dataset_v2_4defect\train\images\frame_20260504_002433_747187_jpg.rf.3bd3b7c3891d2d694d5137bebf3be1e5.jpg | datasets\dataset_v2_5class\train\images\frame_20260504_002433_747187_jpg.rf.3bd3b7c3891d2d694d5137bebf3be1e5.jpg | datasets\dataset_v3_clean_background\train\images\frame_20260504_002433_747187_jpg.rf.3bd3b7c3891d2d694d5137bebf3be1e5.jpg
EXACT_1086,EXACT_SHA256,3,datasets\dataset_v2_4defect\train\images\frame_20260504_002434_835725_jpg.rf.3de390eb41e6b433c78d46b85711320c.jpg | datasets\dataset_v2_5class\train\images\frame_20260504_002434_835725_jpg.rf.3de390eb41e6b433c78d46b85711320c.jpg | datasets\dataset_v3_clean_background\train\images\frame_20260504_002434_835725_jpg.rf.3de390eb41e6b433c78d46b85711320c.jpg
EXACT_1087,EXACT_SHA256,3,datasets\dataset_v2_4defect\train\images\frame_20260504_002434_835725_jpg.rf.3de390eb41e6b433c78d46b85711320c_aug_contrast_1.jpg | datasets\dataset_v2_5class\train\images\frame_20260504_002434_835725_jpg.rf.3de390eb41e6b433c78d46b85711320c_aug_contrast_1.jpg | datasets\dataset_v3_clean_background\train\images\frame_20260504_002434_835725_jpg.rf.3de390eb41e6b433c78d46b85711320c_aug_contrast_1.jpg
EXACT_1088,EXACT_SHA256,3,datasets\dataset_v2_4defect\train\images\frame_20260504_002434_835725_jpg.rf.3de390eb41e6b433c78d46b85711320c_aug_hflip_0.jpg | datasets\dataset_v2_5class\train\images\frame_20260504_002434_835725_jpg.rf.3de390eb41e6b433c78d46b85711320c_aug_hflip_0.jpg | datasets\dataset_v3_clean_background\train\images\frame_20260504_002434_835725_jpg.rf.3de390eb41e6b433c78d46b85711320c_aug_hflip_0.jpg
EXACT_1089,EXACT_SHA256,3,datasets\dataset_v2_4defect\train\images\frame_20260504_002438_736207_jpg.rf.8156d0200d27880c738a8b0f7f71fb42.jpg | datasets\dataset_v2_5class\train\images\frame_20260504_002438_736207_jpg.rf.8156d0200d27880c738a8b0f7f71fb42.jpg | datasets\dataset_v3_clean_background\train\images\frame_20260504_002438_736207_jpg.rf.8156d0200d27880c738a8b0f7f71fb42.jpg
EXACT_1090,EXACT_SHA256,3,datasets\dataset_v2_4defect\train\images\frame_20260504_002438_736207_jpg.rf.8156d0200d27880c738a8b0f7f71fb42_aug_contrast_1.jpg | datasets\dataset_v2_5class\train\images\frame_20260504_002438_736207_jpg.rf.8156d0200d27880c738a8b0f7f71fb42_aug_contrast_1.jpg | datasets\dataset_v3_clean_background\train\images\frame_20260504_002438_736207_jpg.rf.8156d0200d27880c738a8b0f7f71fb42_aug_contrast_1.jpg
EXACT_1091,EXACT_SHA256,3,datasets\dataset_v2_4defect\train\images\frame_20260504_002438_736207_jpg.rf.8156d0200d27880c738a8b0f7f71fb42_aug_hflip_0.jpg | datasets\dataset_v2_5class\train\images\frame_20260504_002438_736207_jpg.rf.8156d0200d27880c738a8b0f7f71fb42_aug_hflip_0.jpg | datasets\dataset_v3_clean_background\train\images\frame_20260504_002438_736207_jpg.rf.8156d0200d27880c738a8b0f7f71fb42_aug_hflip_0.jpg
EXACT_1092,EXACT_SHA256,3,datasets\dataset_v2_4defect\train\images\frame_20260504_002439_746797_jpg.rf.71f5df3ee089bda14ee2e7222f62194d.jpg | datasets\dataset_v2_5class\train\images\frame_20260504_002439_746797_jpg.rf.71f5df3ee089bda14ee2e7222f62194d.jpg | datasets\dataset_v3_clean_background\train\images\frame_20260504_002439_746797_jpg.rf.71f5df3ee089bda14ee2e7222f62194d.jpg
EXACT_1093,EXACT_SHA256,3,datasets\dataset_v2_4defect\train\images\frame_20260504_002440_754928_jpg.rf.6f9273205dd81c9df04bb6a1b0ace422.jpg | datasets\dataset_v2_5class\train\images\frame_20260504_002440_754928_jpg.rf.6f9273205dd81c9df04bb6a1b0ace422.jpg | datasets\dataset_v3_clean_background\train\images\frame_20260504_002440_754928_jpg.rf.6f9273205dd81c9df04bb6a1b0ace422.jpg
EXACT_1094,EXACT_SHA256,3,datasets\dataset_v2_4defect\train\images\frame_20260504_002440_754928_jpg.rf.6f9273205dd81c9df04bb6a1b0ace422_aug_contrast_3.jpg | datasets\dataset_v2_5class\train\images\frame_20260504_002440_754928_jpg.rf.6f9273205dd81c9df04bb6a1b0ace422_aug_contrast_3.jpg | datasets\dataset_v3_clean_background\train\images\frame_20260504_002440_754928_jpg.rf.6f9273205dd81c9df04bb6a1b0ace422_aug_contrast_3.jpg
EXACT_1095,EXACT_SHA256,3,datasets\dataset_v2_4defect\train\images\frame_20260504_002440_754928_jpg.rf.6f9273205dd81c9df04bb6a1b0ace422_aug_hflip_0.jpg | datasets\dataset_v2_5class\train\images\frame_20260504_002440_754928_jpg.rf.6f9273205dd81c9df04bb6a1b0ace422_aug_hflip_0.jpg | datasets\dataset_v3_clean_background\train\images\frame_20260504_002440_754928_jpg.rf.6f9273205dd81c9df04bb6a1b0ace422_aug_hflip_0.jpg
EXACT_1096,EXACT_SHA256,3,datasets\dataset_v2_4defect\train\images\frame_20260504_002440_754928_jpg.rf.6f9273205dd81c9df04bb6a1b0ace422_aug_hvflip_2.jpg | datasets\dataset_v2_5class\train\images\frame_20260504_002440_754928_jpg.rf.6f9273205dd81c9df04bb6a1b0ace422_aug_hvflip_2.jpg | datasets\dataset_v3_clean_background\train\images\frame_20260504_002440_754928_jpg.rf.6f9273205dd81c9df04bb6a1b0ace422_aug_hvflip_2.jpg
EXACT_1097,EXACT_SHA256,3,datasets\dataset_v2_4defect\train\images\frame_20260504_002440_754928_jpg.rf.6f9273205dd81c9df04bb6a1b0ace422_aug_vflip_1.jpg | datasets\dataset_v2_5class\train\images\frame_20260504_002440_754928_jpg.rf.6f9273205dd81c9df04bb6a1b0ace422_aug_vflip_1.jpg | datasets\dataset_v3_clean_background\train\images\frame_20260504_002440_754928_jpg.rf.6f9273205dd81c9df04bb6a1b0ace422_aug_vflip_1.jpg
EXACT_1098,EXACT_SHA256,3,datasets\dataset_v2_4defect\train\images\frame_20260504_002443_779404_jpg.rf.02f037bf5c18aad88907fcb8e01bb48c.jpg | datasets\dataset_v2_5class\train\images\frame_20260504_002443_779404_jpg.rf.02f037bf5c18aad88907fcb8e01bb48c.jpg | datasets\dataset_v3_clean_background\train\images\frame_20260504_002443_779404_jpg.rf.02f037bf5c18aad88907fcb8e01bb48c.jpg
EXACT_1099,EXACT_SHA256,3,datasets\dataset_v2_4defect\train\images\frame_20260504_002444_804939_jpg.rf.8b57e7f3abbf5f97732c028830071e36.jpg | datasets\dataset_v2_5class\train\images\frame_20260504_002444_804939_jpg.rf.8b57e7f3abbf5f97732c028830071e36.jpg | datasets\dataset_v3_clean_background\train\images\frame_20260504_002444_804939_jpg.rf.8b57e7f3abbf5f97732c028830071e36.jpg
EXACT_1100,EXACT_SHA256,3,datasets\dataset_v2_4defect\train\images\frame_20260504_002448_847547_jpg.rf.a963fe1f0451351d4cb892f7c9f4015b.jpg | datasets\dataset_v2_5class\train\images\frame_20260504_002448_847547_jpg.rf.a963fe1f0451351d4cb892f7c9f4015b.jpg | datasets\dataset_v3_clean_background\train\images\frame_20260504_002448_847547_jpg.rf.a963fe1f0451351d4cb892f7c9f4015b.jpg
EXACT_1101,EXACT_SHA256,3,datasets\dataset_v2_4defect\train\images\frame_20260504_002449_769055_jpg.rf.bd258b31dda3ef6dfd90338b16133eb8.jpg | datasets\dataset_v2_5class\train\images\frame_20260504_002449_769055_jpg.rf.bd258b31dda3ef6dfd90338b16133eb8.jpg | datasets\dataset_v3_clean_background\train\images\frame_20260504_002449_769055_jpg.rf.bd258b31dda3ef6dfd90338b16133eb8.jpg
EXACT_1102,EXACT_SHA256,3,datasets\dataset_v2_4defect\train\images\frame_20260504_002451_857420_jpg.rf.108ef7c140857fdf2987d1273dc9e633.jpg | datasets\dataset_v2_5class\train\images\frame_20260504_002451_857420_jpg.rf.108ef7c140857fdf2987d1273dc9e633.jpg | datasets\dataset_v3_clean_background\train\images\frame_20260504_002451_857420_jpg.rf.108ef7c140857fdf2987d1273dc9e633.jpg
EXACT_1103,EXACT_SHA256,3,datasets\dataset_v2_4defect\train\images\frame_20260504_002452_150649_jpg.rf.5bb4b8d3d8b40fd75e1b4abdf487be92.jpg | datasets\dataset_v2_5class\train\images\frame_20260504_002452_150649_jpg.rf.5bb4b8d3d8b40fd75e1b4abdf487be92.jpg | datasets\dataset_v3_clean_background\train\images\frame_20260504_002452_150649_jpg.rf.5bb4b8d3d8b40fd75e1b4abdf487be92.jpg
EXACT_1104,EXACT_SHA256,3,datasets\dataset_v2_4defect\train\images\frame_20260504_002452_150649_jpg.rf.5bb4b8d3d8b40fd75e1b4abdf487be92_aug_contrast_2.jpg | datasets\dataset_v2_5class\train\images\frame_20260504_002452_150649_jpg.rf.5bb4b8d3d8b40fd75e1b4abdf487be92_aug_contrast_2.jpg | datasets\dataset_v3_clean_background\train\images\frame_20260504_002452_150649_jpg.rf.5bb4b8d3d8b40fd75e1b4abdf487be92_aug_contrast_2.jpg
EXACT_1105,EXACT_SHA256,3,datasets\dataset_v2_4defect\train\images\frame_20260504_002452_150649_jpg.rf.5bb4b8d3d8b40fd75e1b4abdf487be92_aug_hflip_0.jpg | datasets\dataset_v2_5class\train\images\frame_20260504_002452_150649_jpg.rf.5bb4b8d3d8b40fd75e1b4abdf487be92_aug_hflip_0.jpg | datasets\dataset_v3_clean_background\train\images\frame_20260504_002452_150649_jpg.rf.5bb4b8d3d8b40fd75e1b4abdf487be92_aug_hflip_0.jpg
EXACT_1106,EXACT_SHA256,3,datasets\dataset_v2_4defect\train\images\frame_20260504_002452_150649_jpg.rf.5bb4b8d3d8b40fd75e1b4abdf487be92_aug_vflip_1.jpg | datasets\dataset_v2_5class\train\images\frame_20260504_002452_150649_jpg.rf.5bb4b8d3d8b40fd75e1b4abdf487be92_aug_vflip_1.jpg | datasets\dataset_v3_clean_background\train\images\frame_20260504_002452_150649_jpg.rf.5bb4b8d3d8b40fd75e1b4abdf487be92_aug_vflip_1.jpg
EXACT_1107,EXACT_SHA256,3,datasets\dataset_v2_4defect\train\images\frame_20260504_003200_300380_jpg.rf.d01c7c124f66fa632b692823c8e1baa9.jpg | datasets\dataset_v2_5class\train\images\frame_20260504_003200_300380_jpg.rf.d01c7c124f66fa632b692823c8e1baa9.jpg | datasets\dataset_v3_clean_background\train\images\frame_20260504_003200_300380_jpg.rf.d01c7c124f66fa632b692823c8e1baa9.jpg
EXACT_1108,EXACT_SHA256,3,datasets\dataset_v2_4defect\train\images\frame_20260504_003201_178219_jpg.rf.e005c8a6d4a09e0fa36936efeb83509b.jpg | datasets\dataset_v2_5class\train\images\frame_20260504_003201_178219_jpg.rf.e005c8a6d4a09e0fa36936efeb83509b.jpg | datasets\dataset_v3_clean_background\train\images\frame_20260504_003201_178219_jpg.rf.e005c8a6d4a09e0fa36936efeb83509b.jpg
EXACT_1109,EXACT_SHA256,3,datasets\dataset_v2_4defect\train\images\frame_20260504_003202_188372_jpg.rf.2923e02e80779cc3849fa09ac0e29eb6.jpg | datasets\dataset_v2_5class\train\images\frame_20260504_003202_188372_jpg.rf.2923e02e80779cc3849fa09ac0e29eb6.jpg | datasets\dataset_v3_clean_background\train\images\frame_20260504_003202_188372_jpg.rf.2923e02e80779cc3849fa09ac0e29eb6.jpg
EXACT_1110,EXACT_SHA256,3,datasets\dataset_v2_4defect\train\images\frame_20260504_003203_249735_jpg.rf.a7f0044f922611f4982c42a57a6b0fe8.jpg | datasets\dataset_v2_5class\train\images\frame_20260504_003203_249735_jpg.rf.a7f0044f922611f4982c42a57a6b0fe8.jpg | datasets\dataset_v3_clean_background\train\images\frame_20260504_003203_249735_jpg.rf.a7f0044f922611f4982c42a57a6b0fe8.jpg
EXACT_1111,EXACT_SHA256,3,datasets\dataset_v2_4defect\train\images\frame_20260504_003204_269019_jpg.rf.1bdd1feb77ea230c7d36f0e0cbc60ab0.jpg | datasets\dataset_v2_5class\train\images\frame_20260504_003204_269019_jpg.rf.1bdd1feb77ea230c7d36f0e0cbc60ab0.jpg | datasets\dataset_v3_clean_background\train\images\frame_20260504_003204_269019_jpg.rf.1bdd1feb77ea230c7d36f0e0cbc60ab0.jpg
EXACT_1112,EXACT_SHA256,3,datasets\dataset_v2_4defect\train\images\frame_20260504_003205_331722_jpg.rf.31a75d5f13ddd606ec044e83704d43d0.jpg | datasets\dataset_v2_5class\train\images\frame_20260504_003205_331722_jpg.rf.31a75d5f13ddd606ec044e83704d43d0.jpg | datasets\dataset_v3_clean_background\train\images\frame_20260504_003205_331722_jpg.rf.31a75d5f13ddd606ec044e83704d43d0.jpg
EXACT_1113,EXACT_SHA256,3,datasets\dataset_v2_4defect\train\images\frame_20260504_003206_223347_jpg.rf.b651970cfd8a13092cd5212d40902a79.jpg | datasets\dataset_v2_5class\train\images\frame_20260504_003206_223347_jpg.rf.b651970cfd8a13092cd5212d40902a79.jpg | datasets\dataset_v3_clean_background\train\images\frame_20260504_003206_223347_jpg.rf.b651970cfd8a13092cd5212d40902a79.jpg
EXACT_1114,EXACT_SHA256,3,datasets\dataset_v2_4defect\train\images\frame_20260504_003207_232708_jpg.rf.ff693030717c5a3eff5100efc072dc43.jpg | datasets\dataset_v2_5class\train\images\frame_20260504_003207_232708_jpg.rf.ff693030717c5a3eff5100efc072dc43.jpg | datasets\dataset_v3_clean_background\train\images\frame_20260504_003207_232708_jpg.rf.ff693030717c5a3eff5100efc072dc43.jpg
EXACT_1115,EXACT_SHA256,3,datasets\dataset_v2_4defect\train\images\frame_20260504_003208_164135_jpg.rf.5752a18bea9d53891c7b9cc59f07d068.jpg | datasets\dataset_v2_5class\train\images\frame_20260504_003208_164135_jpg.rf.5752a18bea9d53891c7b9cc59f07d068.jpg | datasets\dataset_v3_clean_background\train\images\frame_20260504_003208_164135_jpg.rf.5752a18bea9d53891c7b9cc59f07d068.jpg
EXACT_1116,EXACT_SHA256,3,datasets\dataset_v2_4defect\train\images\frame_20260504_003211_767211_jpg.rf.24aa0cd6a067fe59e27ec4740554ff24.jpg | datasets\dataset_v2_5class\train\images\frame_20260504_003211_767211_jpg.rf.24aa0cd6a067fe59e27ec4740554ff24.jpg | datasets\dataset_v3_clean_background\train\images\frame_20260504_003211_767211_jpg.rf.24aa0cd6a067fe59e27ec4740554ff24.jpg
EXACT_1117,EXACT_SHA256,3,datasets\dataset_v2_4defect\train\images\frame_20260504_003212_296983_jpg.rf.c1503e5357a782c369ddb0e86495d9b5.jpg | datasets\dataset_v2_5class\train\images\frame_20260504_003212_296983_jpg.rf.c1503e5357a782c369ddb0e86495d9b5.jpg | datasets\dataset_v3_clean_background\train\images\frame_20260504_003212_296983_jpg.rf.c1503e5357a782c369ddb0e86495d9b5.jpg
EXACT_1118,EXACT_SHA256,3,datasets\dataset_v2_4defect\train\images\frame_20260504_003219_130213_jpg.rf.3baf4ab673c4d4fafad1eb32aaa54dad.jpg | datasets\dataset_v2_5class\train\images\frame_20260504_003219_130213_jpg.rf.3baf4ab673c4d4fafad1eb32aaa54dad.jpg | datasets\dataset_v3_clean_background\train\images\frame_20260504_003219_130213_jpg.rf.3baf4ab673c4d4fafad1eb32aaa54dad.jpg
EXACT_1119,EXACT_SHA256,3,datasets\dataset_v2_4defect\train\images\frame_20260504_003220_190564_jpg.rf.ae609f9f4e5de7a542fd8f0beeedd564.jpg | datasets\dataset_v2_5class\train\images\frame_20260504_003220_190564_jpg.rf.ae609f9f4e5de7a542fd8f0beeedd564.jpg | datasets\dataset_v3_clean_background\train\images\frame_20260504_003220_190564_jpg.rf.ae609f9f4e5de7a542fd8f0beeedd564.jpg
EXACT_1120,EXACT_SHA256,3,datasets\dataset_v2_4defect\train\images\frame_20260504_003223_261865_jpg.rf.c57cb6c90f2306caa729815a699c3894.jpg | datasets\dataset_v2_5class\train\images\frame_20260504_003223_261865_jpg.rf.c57cb6c90f2306caa729815a699c3894.jpg | datasets\dataset_v3_clean_background\train\images\frame_20260504_003223_261865_jpg.rf.c57cb6c90f2306caa729815a699c3894.jpg
EXACT_1121,EXACT_SHA256,3,datasets\dataset_v2_4defect\train\images\frame_20260504_003224_170635_jpg.rf.f93cbe6755da3686af287f674962a132.jpg | datasets\dataset_v2_5class\train\images\frame_20260504_003224_170635_jpg.rf.f93cbe6755da3686af287f674962a132.jpg | datasets\dataset_v3_clean_background\train\images\frame_20260504_003224_170635_jpg.rf.f93cbe6755da3686af287f674962a132.jpg
EXACT_1122,EXACT_SHA256,3,datasets\dataset_v2_4defect\train\images\frame_20260504_003717_312621_jpg.rf.21e1e1a655707633c9c97511214d01c6.jpg | datasets\dataset_v2_5class\train\images\frame_20260504_003717_312621_jpg.rf.21e1e1a655707633c9c97511214d01c6.jpg | datasets\dataset_v3_clean_background\train\images\frame_20260504_003717_312621_jpg.rf.21e1e1a655707633c9c97511214d01c6.jpg
EXACT_1123,EXACT_SHA256,3,datasets\dataset_v2_4defect\train\images\frame_20260504_003718_280771_jpg.rf.c3647cf0579ee0f1bc05c4f6b0ee27ae.jpg | datasets\dataset_v2_5class\train\images\frame_20260504_003718_280771_jpg.rf.c3647cf0579ee0f1bc05c4f6b0ee27ae.jpg | datasets\dataset_v3_clean_background\train\images\frame_20260504_003718_280771_jpg.rf.c3647cf0579ee0f1bc05c4f6b0ee27ae.jpg
EXACT_1124,EXACT_SHA256,3,datasets\dataset_v2_4defect\train\images\frame_20260504_003727_347662_jpg.rf.efcde069b3b73e7d999255c87ad8a7ac.jpg | datasets\dataset_v2_5class\train\images\frame_20260504_003727_347662_jpg.rf.efcde069b3b73e7d999255c87ad8a7ac.jpg | datasets\dataset_v3_clean_background\train\images\frame_20260504_003727_347662_jpg.rf.efcde069b3b73e7d999255c87ad8a7ac.jpg
EXACT_1125,EXACT_SHA256,3,datasets\dataset_v2_4defect\train\images\frame_20260504_003728_277086_jpg.rf.3fb4e0ce3d29765ca003da43bf90f3cf.jpg | datasets\dataset_v2_5class\train\images\frame_20260504_003728_277086_jpg.rf.3fb4e0ce3d29765ca003da43bf90f3cf.jpg | datasets\dataset_v3_clean_background\train\images\frame_20260504_003728_277086_jpg.rf.3fb4e0ce3d29765ca003da43bf90f3cf.jpg
EXACT_1126,EXACT_SHA256,3,datasets\dataset_v2_4defect\train\images\frame_20260504_003729_284542_jpg.rf.c1cc9ece7a908f494b8371280a69a531.jpg | datasets\dataset_v2_5class\train\images\frame_20260504_003729_284542_jpg.rf.c1cc9ece7a908f494b8371280a69a531.jpg | datasets\dataset_v3_clean_background\train\images\frame_20260504_003729_284542_jpg.rf.c1cc9ece7a908f494b8371280a69a531.jpg
EXACT_1127,EXACT_SHA256,3,datasets\dataset_v2_4defect\train\images\frame_20260504_003730_260230_jpg.rf.2d34cc1f04928495c89cbe0a7335f876.jpg | datasets\dataset_v2_5class\train\images\frame_20260504_003730_260230_jpg.rf.2d34cc1f04928495c89cbe0a7335f876.jpg | datasets\dataset_v3_clean_background\train\images\frame_20260504_003730_260230_jpg.rf.2d34cc1f04928495c89cbe0a7335f876.jpg
EXACT_1128,EXACT_SHA256,3,datasets\dataset_v2_4defect\train\images\frame_20260504_003731_291734_jpg.rf.0fe76035a47dfc28df63312aa462f168.jpg | datasets\dataset_v2_5class\train\images\frame_20260504_003731_291734_jpg.rf.0fe76035a47dfc28df63312aa462f168.jpg | datasets\dataset_v3_clean_background\train\images\frame_20260504_003731_291734_jpg.rf.0fe76035a47dfc28df63312aa462f168.jpg
EXACT_1129,EXACT_SHA256,3,datasets\dataset_v2_4defect\train\images\frame_20260504_003732_277680_jpg.rf.5236a66d3166c974e6c6a6b63ccec823.jpg | datasets\dataset_v2_5class\train\images\frame_20260504_003732_277680_jpg.rf.5236a66d3166c974e6c6a6b63ccec823.jpg | datasets\dataset_v3_clean_background\train\images\frame_20260504_003732_277680_jpg.rf.5236a66d3166c974e6c6a6b63ccec823.jpg
EXACT_1130,EXACT_SHA256,3,datasets\dataset_v2_4defect\train\images\frame_20260504_003734_358167_jpg.rf.bd47a581919951ea5f24170d9db050d2.jpg | datasets\dataset_v2_5class\train\images\frame_20260504_003734_358167_jpg.rf.bd47a581919951ea5f24170d9db050d2.jpg | datasets\dataset_v3_clean_background\train\images\frame_20260504_003734_358167_jpg.rf.bd47a581919951ea5f24170d9db050d2.jpg
EXACT_1131,EXACT_SHA256,3,datasets\dataset_v2_4defect\train\images\frame_20260504_003736_276444_jpg.rf.770c7b46ff3e6b6f42b5dc1472820752.jpg | datasets\dataset_v2_5class\train\images\frame_20260504_003736_276444_jpg.rf.770c7b46ff3e6b6f42b5dc1472820752.jpg | datasets\dataset_v3_clean_background\train\images\frame_20260504_003736_276444_jpg.rf.770c7b46ff3e6b6f42b5dc1472820752.jpg
EXACT_1132,EXACT_SHA256,3,datasets\dataset_v2_4defect\train\images\frame_20260504_003737_295509_jpg.rf.628e99c1a7473859ea2f796a1f746af2.jpg | datasets\dataset_v2_5class\train\images\frame_20260504_003737_295509_jpg.rf.628e99c1a7473859ea2f796a1f746af2.jpg | datasets\dataset_v3_clean_background\train\images\frame_20260504_003737_295509_jpg.rf.628e99c1a7473859ea2f796a1f746af2.jpg
EXACT_1133,EXACT_SHA256,3,datasets\dataset_v2_4defect\train\images\frame_20260504_003740_274263_jpg.rf.c84eaaf5d045bafc8a06bb7b1cc180f8.jpg | datasets\dataset_v2_5class\train\images\frame_20260504_003740_274263_jpg.rf.c84eaaf5d045bafc8a06bb7b1cc180f8.jpg | datasets\dataset_v3_clean_background\train\images\frame_20260504_003740_274263_jpg.rf.c84eaaf5d045bafc8a06bb7b1cc180f8.jpg
EXACT_1134,EXACT_SHA256,3,datasets\dataset_v2_4defect\train\images\frame_20260504_003743_306443_jpg.rf.33701eb52f5f1b8e8ce8e08fb56b75f9.jpg | datasets\dataset_v2_5class\train\images\frame_20260504_003743_306443_jpg.rf.33701eb52f5f1b8e8ce8e08fb56b75f9.jpg | datasets\dataset_v3_clean_background\train\images\frame_20260504_003743_306443_jpg.rf.33701eb52f5f1b8e8ce8e08fb56b75f9.jpg
EXACT_1135,EXACT_SHA256,3,datasets\dataset_v2_4defect\train\images\frame_20260504_003744_255847_jpg.rf.337efddedc0a2f6e96dfeeb3e8fd704f.jpg | datasets\dataset_v2_5class\train\images\frame_20260504_003744_255847_jpg.rf.337efddedc0a2f6e96dfeeb3e8fd704f.jpg | datasets\dataset_v3_clean_background\train\images\frame_20260504_003744_255847_jpg.rf.337efddedc0a2f6e96dfeeb3e8fd704f.jpg
EXACT_1136,EXACT_SHA256,3,datasets\dataset_v2_4defect\train\images\frame_20260504_003748_269952_jpg.rf.e0af07aa931dd7d04443167c02ba6bfe.jpg | datasets\dataset_v2_5class\train\images\frame_20260504_003748_269952_jpg.rf.e0af07aa931dd7d04443167c02ba6bfe.jpg | datasets\dataset_v3_clean_background\train\images\frame_20260504_003748_269952_jpg.rf.e0af07aa931dd7d04443167c02ba6bfe.jpg
EXACT_1137,EXACT_SHA256,3,datasets\dataset_v2_4defect\train\images\frame_20260504_003749_285762_jpg.rf.52f0b53fab1f1fa2d768eea9abef141f.jpg | datasets\dataset_v2_5class\train\images\frame_20260504_003749_285762_jpg.rf.52f0b53fab1f1fa2d768eea9abef141f.jpg | datasets\dataset_v3_clean_background\train\images\frame_20260504_003749_285762_jpg.rf.52f0b53fab1f1fa2d768eea9abef141f.jpg
EXACT_1138,EXACT_SHA256,3,datasets\dataset_v2_4defect\train\images\frame_20260504_003749_285762_jpg.rf.52f0b53fab1f1fa2d768eea9abef141f_aug_contrast_3.jpg | datasets\dataset_v2_5class\train\images\frame_20260504_003749_285762_jpg.rf.52f0b53fab1f1fa2d768eea9abef141f_aug_contrast_3.jpg | datasets\dataset_v3_clean_background\train\images\frame_20260504_003749_285762_jpg.rf.52f0b53fab1f1fa2d768eea9abef141f_aug_contrast_3.jpg
EXACT_1139,EXACT_SHA256,3,datasets\dataset_v2_4defect\train\images\frame_20260504_003749_285762_jpg.rf.52f0b53fab1f1fa2d768eea9abef141f_aug_hflip_0.jpg | datasets\dataset_v2_5class\train\images\frame_20260504_003749_285762_jpg.rf.52f0b53fab1f1fa2d768eea9abef141f_aug_hflip_0.jpg | datasets\dataset_v3_clean_background\train\images\frame_20260504_003749_285762_jpg.rf.52f0b53fab1f1fa2d768eea9abef141f_aug_hflip_0.jpg
EXACT_1140,EXACT_SHA256,3,datasets\dataset_v2_4defect\train\images\frame_20260504_003749_285762_jpg.rf.52f0b53fab1f1fa2d768eea9abef141f_aug_hvflip_2.jpg | datasets\dataset_v2_5class\train\images\frame_20260504_003749_285762_jpg.rf.52f0b53fab1f1fa2d768eea9abef141f_aug_hvflip_2.jpg | datasets\dataset_v3_clean_background\train\images\frame_20260504_003749_285762_jpg.rf.52f0b53fab1f1fa2d768eea9abef141f_aug_hvflip_2.jpg
EXACT_1141,EXACT_SHA256,3,datasets\dataset_v2_4defect\train\images\frame_20260504_003749_285762_jpg.rf.52f0b53fab1f1fa2d768eea9abef141f_aug_vflip_1.jpg | datasets\dataset_v2_5class\train\images\frame_20260504_003749_285762_jpg.rf.52f0b53fab1f1fa2d768eea9abef141f_aug_vflip_1.jpg | datasets\dataset_v3_clean_background\train\images\frame_20260504_003749_285762_jpg.rf.52f0b53fab1f1fa2d768eea9abef141f_aug_vflip_1.jpg
EXACT_1142,EXACT_SHA256,3,datasets\dataset_v2_4defect\train\images\frame_20260504_003750_292935_jpg.rf.255938dc3def9c33d5bb52ada5960d97.jpg | datasets\dataset_v2_5class\train\images\frame_20260504_003750_292935_jpg.rf.255938dc3def9c33d5bb52ada5960d97.jpg | datasets\dataset_v3_clean_background\train\images\frame_20260504_003750_292935_jpg.rf.255938dc3def9c33d5bb52ada5960d97.jpg
EXACT_1143,EXACT_SHA256,3,datasets\dataset_v2_4defect\train\images\frame_20260504_003751_279429_jpg.rf.1d65e958909e76e16226a7b388d7f5e2.jpg | datasets\dataset_v2_5class\train\images\frame_20260504_003751_279429_jpg.rf.1d65e958909e76e16226a7b388d7f5e2.jpg | datasets\dataset_v3_clean_background\train\images\frame_20260504_003751_279429_jpg.rf.1d65e958909e76e16226a7b388d7f5e2.jpg
EXACT_1144,EXACT_SHA256,3,datasets\dataset_v2_4defect\train\images\frame_20260504_003752_272879_jpg.rf.4ea2f649e453cfe4e47ceb4081304ee8.jpg | datasets\dataset_v2_5class\train\images\frame_20260504_003752_272879_jpg.rf.4ea2f649e453cfe4e47ceb4081304ee8.jpg | datasets\dataset_v3_clean_background\train\images\frame_20260504_003752_272879_jpg.rf.4ea2f649e453cfe4e47ceb4081304ee8.jpg
EXACT_1145,EXACT_SHA256,3,datasets\dataset_v2_4defect\train\images\frame_20260504_003753_295545_jpg.rf.4d35d0d3c481df3e7c4c5e82d0169cc1.jpg | datasets\dataset_v2_5class\train\images\frame_20260504_003753_295545_jpg.rf.4d35d0d3c481df3e7c4c5e82d0169cc1.jpg | datasets\dataset_v3_clean_background\train\images\frame_20260504_003753_295545_jpg.rf.4d35d0d3c481df3e7c4c5e82d0169cc1.jpg
EXACT_1146,EXACT_SHA256,3,datasets\dataset_v2_4defect\train\images\frame_20260504_003802_291892_jpg.rf.fe3ac5c51825d422e5a8e85657e472e3.jpg | datasets\dataset_v2_5class\train\images\frame_20260504_003802_291892_jpg.rf.fe3ac5c51825d422e5a8e85657e472e3.jpg | datasets\dataset_v3_clean_background\train\images\frame_20260504_003802_291892_jpg.rf.fe3ac5c51825d422e5a8e85657e472e3.jpg
EXACT_1147,EXACT_SHA256,3,datasets\dataset_v2_4defect\train\images\frame_20260504_003803_293861_jpg.rf.f623a63839e9230fd2c0351fc3f5dd6a.jpg | datasets\dataset_v2_5class\train\images\frame_20260504_003803_293861_jpg.rf.f623a63839e9230fd2c0351fc3f5dd6a.jpg | datasets\dataset_v3_clean_background\train\images\frame_20260504_003803_293861_jpg.rf.f623a63839e9230fd2c0351fc3f5dd6a.jpg
EXACT_1148,EXACT_SHA256,3,datasets\dataset_v2_4defect\train\images\frame_20260504_003804_298077_jpg.rf.5953da7289d654c56b9d3a3c2545f702.jpg | datasets\dataset_v2_5class\train\images\frame_20260504_003804_298077_jpg.rf.5953da7289d654c56b9d3a3c2545f702.jpg | datasets\dataset_v3_clean_background\train\images\frame_20260504_003804_298077_jpg.rf.5953da7289d654c56b9d3a3c2545f702.jpg
EXACT_1149,EXACT_SHA256,3,datasets\dataset_v2_4defect\train\images\frame_20260504_003806_307882_jpg.rf.b917a97a7117c01cb7af5577a8437142.jpg | datasets\dataset_v2_5class\train\images\frame_20260504_003806_307882_jpg.rf.b917a97a7117c01cb7af5577a8437142.jpg | datasets\dataset_v3_clean_background\train\images\frame_20260504_003806_307882_jpg.rf.b917a97a7117c01cb7af5577a8437142.jpg
EXACT_1150,EXACT_SHA256,3,datasets\dataset_v2_4defect\train\images\frame_20260504_003807_344530_jpg.rf.03c8a8ad0831ed3be46c107ea52cabef.jpg | datasets\dataset_v2_5class\train\images\frame_20260504_003807_344530_jpg.rf.03c8a8ad0831ed3be46c107ea52cabef.jpg | datasets\dataset_v3_clean_background\train\images\frame_20260504_003807_344530_jpg.rf.03c8a8ad0831ed3be46c107ea52cabef.jpg
EXACT_1151,EXACT_SHA256,3,datasets\dataset_v2_4defect\train\images\frame_20260504_003808_345436_jpg.rf.b9abac02d81ba7193d7fa9a0f6232ed7.jpg | datasets\dataset_v2_5class\train\images\frame_20260504_003808_345436_jpg.rf.b9abac02d81ba7193d7fa9a0f6232ed7.jpg | datasets\dataset_v3_clean_background\train\images\frame_20260504_003808_345436_jpg.rf.b9abac02d81ba7193d7fa9a0f6232ed7.jpg
EXACT_1152,EXACT_SHA256,3,datasets\dataset_v2_4defect\train\images\frame_20260504_003808_345436_jpg.rf.b9abac02d81ba7193d7fa9a0f6232ed7_aug_contrast_3.jpg | datasets\dataset_v2_5class\train\images\frame_20260504_003808_345436_jpg.rf.b9abac02d81ba7193d7fa9a0f6232ed7_aug_contrast_3.jpg | datasets\dataset_v3_clean_background\train\images\frame_20260504_003808_345436_jpg.rf.b9abac02d81ba7193d7fa9a0f6232ed7_aug_contrast_3.jpg
EXACT_1153,EXACT_SHA256,3,datasets\dataset_v2_4defect\train\images\frame_20260504_003808_345436_jpg.rf.b9abac02d81ba7193d7fa9a0f6232ed7_aug_hflip_0.jpg | datasets\dataset_v2_5class\train\images\frame_20260504_003808_345436_jpg.rf.b9abac02d81ba7193d7fa9a0f6232ed7_aug_hflip_0.jpg | datasets\dataset_v3_clean_background\train\images\frame_20260504_003808_345436_jpg.rf.b9abac02d81ba7193d7fa9a0f6232ed7_aug_hflip_0.jpg
EXACT_1154,EXACT_SHA256,3,datasets\dataset_v2_4defect\train\images\frame_20260504_003808_345436_jpg.rf.b9abac02d81ba7193d7fa9a0f6232ed7_aug_hvflip_2.jpg | datasets\dataset_v2_5class\train\images\frame_20260504_003808_345436_jpg.rf.b9abac02d81ba7193d7fa9a0f6232ed7_aug_hvflip_2.jpg | datasets\dataset_v3_clean_background\train\images\frame_20260504_003808_345436_jpg.rf.b9abac02d81ba7193d7fa9a0f6232ed7_aug_hvflip_2.jpg
EXACT_1155,EXACT_SHA256,3,datasets\dataset_v2_4defect\train\images\frame_20260504_003808_345436_jpg.rf.b9abac02d81ba7193d7fa9a0f6232ed7_aug_vflip_1.jpg | datasets\dataset_v2_5class\train\images\frame_20260504_003808_345436_jpg.rf.b9abac02d81ba7193d7fa9a0f6232ed7_aug_vflip_1.jpg | datasets\dataset_v3_clean_background\train\images\frame_20260504_003808_345436_jpg.rf.b9abac02d81ba7193d7fa9a0f6232ed7_aug_vflip_1.jpg
EXACT_1156,EXACT_SHA256,3,datasets\dataset_v2_4defect\train\images\frame_20260504_004417_338750_jpg.rf.020265f2aa7ade05c47663b04a049fee.jpg | datasets\dataset_v2_5class\train\images\frame_20260504_004417_338750_jpg.rf.020265f2aa7ade05c47663b04a049fee.jpg | datasets\dataset_v3_clean_background\train\images\frame_20260504_004417_338750_jpg.rf.020265f2aa7ade05c47663b04a049fee.jpg
EXACT_1157,EXACT_SHA256,3,datasets\dataset_v2_4defect\train\images\frame_20260504_004417_338750_jpg.rf.020265f2aa7ade05c47663b04a049fee_aug_contrast_2.jpg | datasets\dataset_v2_5class\train\images\frame_20260504_004417_338750_jpg.rf.020265f2aa7ade05c47663b04a049fee_aug_contrast_2.jpg | datasets\dataset_v3_clean_background\train\images\frame_20260504_004417_338750_jpg.rf.020265f2aa7ade05c47663b04a049fee_aug_contrast_2.jpg
EXACT_1158,EXACT_SHA256,3,datasets\dataset_v2_4defect\train\images\frame_20260504_004417_338750_jpg.rf.020265f2aa7ade05c47663b04a049fee_aug_hflip_0.jpg | datasets\dataset_v2_5class\train\images\frame_20260504_004417_338750_jpg.rf.020265f2aa7ade05c47663b04a049fee_aug_hflip_0.jpg | datasets\dataset_v3_clean_background\train\images\frame_20260504_004417_338750_jpg.rf.020265f2aa7ade05c47663b04a049fee_aug_hflip_0.jpg
EXACT_1159,EXACT_SHA256,3,datasets\dataset_v2_4defect\train\images\frame_20260504_004417_338750_jpg.rf.020265f2aa7ade05c47663b04a049fee_aug_vflip_1.jpg | datasets\dataset_v2_5class\train\images\frame_20260504_004417_338750_jpg.rf.020265f2aa7ade05c47663b04a049fee_aug_vflip_1.jpg | datasets\dataset_v3_clean_background\train\images\frame_20260504_004417_338750_jpg.rf.020265f2aa7ade05c47663b04a049fee_aug_vflip_1.jpg
EXACT_1160,EXACT_SHA256,3,datasets\dataset_v2_4defect\train\images\frame_20260504_004418_010416_jpg.rf.ff6ac19afaa7604f8c0f19030bdcdbfb.jpg | datasets\dataset_v2_5class\train\images\frame_20260504_004418_010416_jpg.rf.ff6ac19afaa7604f8c0f19030bdcdbfb.jpg | datasets\dataset_v3_clean_background\train\images\frame_20260504_004418_010416_jpg.rf.ff6ac19afaa7604f8c0f19030bdcdbfb.jpg
EXACT_1161,EXACT_SHA256,3,datasets\dataset_v2_4defect\train\images\frame_20260504_004419_135670_jpg.rf.ee9bd7158c50245cb4253366baea415c.jpg | datasets\dataset_v2_5class\train\images\frame_20260504_004419_135670_jpg.rf.ee9bd7158c50245cb4253366baea415c.jpg | datasets\dataset_v3_clean_background\train\images\frame_20260504_004419_135670_jpg.rf.ee9bd7158c50245cb4253366baea415c.jpg
EXACT_1162,EXACT_SHA256,3,datasets\dataset_v2_4defect\train\images\frame_20260504_004419_135670_jpg.rf.ee9bd7158c50245cb4253366baea415c_aug_contrast_2.jpg | datasets\dataset_v2_5class\train\images\frame_20260504_004419_135670_jpg.rf.ee9bd7158c50245cb4253366baea415c_aug_contrast_2.jpg | datasets\dataset_v3_clean_background\train\images\frame_20260504_004419_135670_jpg.rf.ee9bd7158c50245cb4253366baea415c_aug_contrast_2.jpg
EXACT_1163,EXACT_SHA256,3,datasets\dataset_v2_4defect\train\images\frame_20260504_004419_135670_jpg.rf.ee9bd7158c50245cb4253366baea415c_aug_hflip_0.jpg | datasets\dataset_v2_5class\train\images\frame_20260504_004419_135670_jpg.rf.ee9bd7158c50245cb4253366baea415c_aug_hflip_0.jpg | datasets\dataset_v3_clean_background\train\images\frame_20260504_004419_135670_jpg.rf.ee9bd7158c50245cb4253366baea415c_aug_hflip_0.jpg
EXACT_1164,EXACT_SHA256,3,datasets\dataset_v2_4defect\train\images\frame_20260504_004419_135670_jpg.rf.ee9bd7158c50245cb4253366baea415c_aug_vflip_1.jpg | datasets\dataset_v2_5class\train\images\frame_20260504_004419_135670_jpg.rf.ee9bd7158c50245cb4253366baea415c_aug_vflip_1.jpg | datasets\dataset_v3_clean_background\train\images\frame_20260504_004419_135670_jpg.rf.ee9bd7158c50245cb4253366baea415c_aug_vflip_1.jpg
EXACT_1165,EXACT_SHA256,3,datasets\dataset_v2_4defect\train\images\frame_20260504_004427_979748_jpg.rf.73625f18ced5a5540d1146b85bc57ff0.jpg | datasets\dataset_v2_5class\train\images\frame_20260504_004427_979748_jpg.rf.73625f18ced5a5540d1146b85bc57ff0.jpg | datasets\dataset_v3_clean_background\train\images\frame_20260504_004427_979748_jpg.rf.73625f18ced5a5540d1146b85bc57ff0.jpg
EXACT_1166,EXACT_SHA256,3,datasets\dataset_v2_4defect\train\images\frame_20260504_004427_979748_jpg.rf.73625f18ced5a5540d1146b85bc57ff0_aug_contrast_2.jpg | datasets\dataset_v2_5class\train\images\frame_20260504_004427_979748_jpg.rf.73625f18ced5a5540d1146b85bc57ff0_aug_contrast_2.jpg | datasets\dataset_v3_clean_background\train\images\frame_20260504_004427_979748_jpg.rf.73625f18ced5a5540d1146b85bc57ff0_aug_contrast_2.jpg
EXACT_1167,EXACT_SHA256,3,datasets\dataset_v2_4defect\train\images\frame_20260504_004427_979748_jpg.rf.73625f18ced5a5540d1146b85bc57ff0_aug_hflip_0.jpg | datasets\dataset_v2_5class\train\images\frame_20260504_004427_979748_jpg.rf.73625f18ced5a5540d1146b85bc57ff0_aug_hflip_0.jpg | datasets\dataset_v3_clean_background\train\images\frame_20260504_004427_979748_jpg.rf.73625f18ced5a5540d1146b85bc57ff0_aug_hflip_0.jpg
EXACT_1168,EXACT_SHA256,3,datasets\dataset_v2_4defect\train\images\frame_20260504_004427_979748_jpg.rf.73625f18ced5a5540d1146b85bc57ff0_aug_vflip_1.jpg | datasets\dataset_v2_5class\train\images\frame_20260504_004427_979748_jpg.rf.73625f18ced5a5540d1146b85bc57ff0_aug_vflip_1.jpg | datasets\dataset_v3_clean_background\train\images\frame_20260504_004427_979748_jpg.rf.73625f18ced5a5540d1146b85bc57ff0_aug_vflip_1.jpg
EXACT_1169,EXACT_SHA256,3,datasets\dataset_v2_4defect\train\images\frame_20260504_004428_968516_jpg.rf.17abd8ef295655f2457393854b6f0f2c.jpg | datasets\dataset_v2_5class\train\images\frame_20260504_004428_968516_jpg.rf.17abd8ef295655f2457393854b6f0f2c.jpg | datasets\dataset_v3_clean_background\train\images\frame_20260504_004428_968516_jpg.rf.17abd8ef295655f2457393854b6f0f2c.jpg
EXACT_1170,EXACT_SHA256,3,datasets\dataset_v2_4defect\train\images\frame_20260504_004432_961191_jpg.rf.3d345c7e243dc6d4805602b88c894e53.jpg | datasets\dataset_v2_5class\train\images\frame_20260504_004432_961191_jpg.rf.3d345c7e243dc6d4805602b88c894e53.jpg | datasets\dataset_v3_clean_background\train\images\frame_20260504_004432_961191_jpg.rf.3d345c7e243dc6d4805602b88c894e53.jpg
EXACT_1171,EXACT_SHA256,3,datasets\dataset_v2_4defect\train\images\frame_20260504_004432_961191_jpg.rf.3d345c7e243dc6d4805602b88c894e53_aug_contrast_1.jpg | datasets\dataset_v2_5class\train\images\frame_20260504_004432_961191_jpg.rf.3d345c7e243dc6d4805602b88c894e53_aug_contrast_1.jpg | datasets\dataset_v3_clean_background\train\images\frame_20260504_004432_961191_jpg.rf.3d345c7e243dc6d4805602b88c894e53_aug_contrast_1.jpg
EXACT_1172,EXACT_SHA256,3,datasets\dataset_v2_4defect\train\images\frame_20260504_004432_961191_jpg.rf.3d345c7e243dc6d4805602b88c894e53_aug_hflip_0.jpg | datasets\dataset_v2_5class\train\images\frame_20260504_004432_961191_jpg.rf.3d345c7e243dc6d4805602b88c894e53_aug_hflip_0.jpg | datasets\dataset_v3_clean_background\train\images\frame_20260504_004432_961191_jpg.rf.3d345c7e243dc6d4805602b88c894e53_aug_hflip_0.jpg
EXACT_1173,EXACT_SHA256,3,datasets\dataset_v2_4defect\train\images\frame_20260504_004437_949566_jpg.rf.b37247f8d50fb96426e555de8ce4a54a.jpg | datasets\dataset_v2_5class\train\images\frame_20260504_004437_949566_jpg.rf.b37247f8d50fb96426e555de8ce4a54a.jpg | datasets\dataset_v3_clean_background\train\images\frame_20260504_004437_949566_jpg.rf.b37247f8d50fb96426e555de8ce4a54a.jpg
EXACT_1174,EXACT_SHA256,3,datasets\dataset_v2_4defect\train\images\frame_20260504_004437_949566_jpg.rf.b37247f8d50fb96426e555de8ce4a54a_aug_contrast_2.jpg | datasets\dataset_v2_5class\train\images\frame_20260504_004437_949566_jpg.rf.b37247f8d50fb96426e555de8ce4a54a_aug_contrast_2.jpg | datasets\dataset_v3_clean_background\train\images\frame_20260504_004437_949566_jpg.rf.b37247f8d50fb96426e555de8ce4a54a_aug_contrast_2.jpg
EXACT_1175,EXACT_SHA256,3,datasets\dataset_v2_4defect\train\images\frame_20260504_004437_949566_jpg.rf.b37247f8d50fb96426e555de8ce4a54a_aug_hflip_0.jpg | datasets\dataset_v2_5class\train\images\frame_20260504_004437_949566_jpg.rf.b37247f8d50fb96426e555de8ce4a54a_aug_hflip_0.jpg | datasets\dataset_v3_clean_background\train\images\frame_20260504_004437_949566_jpg.rf.b37247f8d50fb96426e555de8ce4a54a_aug_hflip_0.jpg
EXACT_1176,EXACT_SHA256,3,datasets\dataset_v2_4defect\train\images\frame_20260504_004437_949566_jpg.rf.b37247f8d50fb96426e555de8ce4a54a_aug_vflip_1.jpg | datasets\dataset_v2_5class\train\images\frame_20260504_004437_949566_jpg.rf.b37247f8d50fb96426e555de8ce4a54a_aug_vflip_1.jpg | datasets\dataset_v3_clean_background\train\images\frame_20260504_004437_949566_jpg.rf.b37247f8d50fb96426e555de8ce4a54a_aug_vflip_1.jpg
EXACT_1177,EXACT_SHA256,3,datasets\dataset_v2_4defect\train\images\frame_20260504_004438_972477_jpg.rf.58f1cebf3528df4db37a28de5f69f95a.jpg | datasets\dataset_v2_5class\train\images\frame_20260504_004438_972477_jpg.rf.58f1cebf3528df4db37a28de5f69f95a.jpg | datasets\dataset_v3_clean_background\train\images\frame_20260504_004438_972477_jpg.rf.58f1cebf3528df4db37a28de5f69f95a.jpg
EXACT_1178,EXACT_SHA256,3,datasets\dataset_v2_4defect\train\images\frame_20260504_004438_972477_jpg.rf.58f1cebf3528df4db37a28de5f69f95a_aug_contrast_2.jpg | datasets\dataset_v2_5class\train\images\frame_20260504_004438_972477_jpg.rf.58f1cebf3528df4db37a28de5f69f95a_aug_contrast_2.jpg | datasets\dataset_v3_clean_background\train\images\frame_20260504_004438_972477_jpg.rf.58f1cebf3528df4db37a28de5f69f95a_aug_contrast_2.jpg
EXACT_1179,EXACT_SHA256,3,datasets\dataset_v2_4defect\train\images\frame_20260504_004438_972477_jpg.rf.58f1cebf3528df4db37a28de5f69f95a_aug_hflip_0.jpg | datasets\dataset_v2_5class\train\images\frame_20260504_004438_972477_jpg.rf.58f1cebf3528df4db37a28de5f69f95a_aug_hflip_0.jpg | datasets\dataset_v3_clean_background\train\images\frame_20260504_004438_972477_jpg.rf.58f1cebf3528df4db37a28de5f69f95a_aug_hflip_0.jpg
EXACT_1180,EXACT_SHA256,3,datasets\dataset_v2_4defect\train\images\frame_20260504_004438_972477_jpg.rf.58f1cebf3528df4db37a28de5f69f95a_aug_vflip_1.jpg | datasets\dataset_v2_5class\train\images\frame_20260504_004438_972477_jpg.rf.58f1cebf3528df4db37a28de5f69f95a_aug_vflip_1.jpg | datasets\dataset_v3_clean_background\train\images\frame_20260504_004438_972477_jpg.rf.58f1cebf3528df4db37a28de5f69f95a_aug_vflip_1.jpg
EXACT_1181,EXACT_SHA256,3,datasets\dataset_v2_4defect\train\images\frame_20260504_004441_988612_jpg.rf.28f67585554b81c8e33e23789e66aed1.jpg | datasets\dataset_v2_5class\train\images\frame_20260504_004441_988612_jpg.rf.28f67585554b81c8e33e23789e66aed1.jpg | datasets\dataset_v3_clean_background\train\images\frame_20260504_004441_988612_jpg.rf.28f67585554b81c8e33e23789e66aed1.jpg
EXACT_1182,EXACT_SHA256,3,datasets\dataset_v2_4defect\train\images\frame_20260504_004442_990762_jpg.rf.c248eda32a5038aba0c5dc8f51e18200.jpg | datasets\dataset_v2_5class\train\images\frame_20260504_004442_990762_jpg.rf.c248eda32a5038aba0c5dc8f51e18200.jpg | datasets\dataset_v3_clean_background\train\images\frame_20260504_004442_990762_jpg.rf.c248eda32a5038aba0c5dc8f51e18200.jpg
EXACT_1183,EXACT_SHA256,3,datasets\dataset_v2_4defect\train\images\frame_20260504_004445_970180_jpg.rf.69abb3f3ae45da9dd5b4a6b016d46a03.jpg | datasets\dataset_v2_5class\train\images\frame_20260504_004445_970180_jpg.rf.69abb3f3ae45da9dd5b4a6b016d46a03.jpg | datasets\dataset_v3_clean_background\train\images\frame_20260504_004445_970180_jpg.rf.69abb3f3ae45da9dd5b4a6b016d46a03.jpg
EXACT_1184,EXACT_SHA256,3,datasets\dataset_v2_4defect\train\images\frame_20260504_004445_970180_jpg.rf.69abb3f3ae45da9dd5b4a6b016d46a03_aug_contrast_3.jpg | datasets\dataset_v2_5class\train\images\frame_20260504_004445_970180_jpg.rf.69abb3f3ae45da9dd5b4a6b016d46a03_aug_contrast_3.jpg | datasets\dataset_v3_clean_background\train\images\frame_20260504_004445_970180_jpg.rf.69abb3f3ae45da9dd5b4a6b016d46a03_aug_contrast_3.jpg
EXACT_1185,EXACT_SHA256,3,datasets\dataset_v2_4defect\train\images\frame_20260504_004445_970180_jpg.rf.69abb3f3ae45da9dd5b4a6b016d46a03_aug_hflip_0.jpg | datasets\dataset_v2_5class\train\images\frame_20260504_004445_970180_jpg.rf.69abb3f3ae45da9dd5b4a6b016d46a03_aug_hflip_0.jpg | datasets\dataset_v3_clean_background\train\images\frame_20260504_004445_970180_jpg.rf.69abb3f3ae45da9dd5b4a6b016d46a03_aug_hflip_0.jpg
EXACT_1186,EXACT_SHA256,3,datasets\dataset_v2_4defect\train\images\frame_20260504_004445_970180_jpg.rf.69abb3f3ae45da9dd5b4a6b016d46a03_aug_hvflip_2.jpg | datasets\dataset_v2_5class\train\images\frame_20260504_004445_970180_jpg.rf.69abb3f3ae45da9dd5b4a6b016d46a03_aug_hvflip_2.jpg | datasets\dataset_v3_clean_background\train\images\frame_20260504_004445_970180_jpg.rf.69abb3f3ae45da9dd5b4a6b016d46a03_aug_hvflip_2.jpg
EXACT_1187,EXACT_SHA256,3,datasets\dataset_v2_4defect\train\images\frame_20260504_004445_970180_jpg.rf.69abb3f3ae45da9dd5b4a6b016d46a03_aug_vflip_1.jpg | datasets\dataset_v2_5class\train\images\frame_20260504_004445_970180_jpg.rf.69abb3f3ae45da9dd5b4a6b016d46a03_aug_vflip_1.jpg | datasets\dataset_v3_clean_background\train\images\frame_20260504_004445_970180_jpg.rf.69abb3f3ae45da9dd5b4a6b016d46a03_aug_vflip_1.jpg
EXACT_1188,EXACT_SHA256,3,datasets\dataset_v2_4defect\train\images\frame_20260504_004447_974224_jpg.rf.c2a90542747a571732118a90f30d442a.jpg | datasets\dataset_v2_5class\train\images\frame_20260504_004447_974224_jpg.rf.c2a90542747a571732118a90f30d442a.jpg | datasets\dataset_v3_clean_background\train\images\frame_20260504_004447_974224_jpg.rf.c2a90542747a571732118a90f30d442a.jpg
EXACT_1189,EXACT_SHA256,3,datasets\dataset_v2_4defect\train\images\frame_20260504_004447_974224_jpg.rf.c2a90542747a571732118a90f30d442a_aug_contrast_1.jpg | datasets\dataset_v2_5class\train\images\frame_20260504_004447_974224_jpg.rf.c2a90542747a571732118a90f30d442a_aug_contrast_1.jpg | datasets\dataset_v3_clean_background\train\images\frame_20260504_004447_974224_jpg.rf.c2a90542747a571732118a90f30d442a_aug_contrast_1.jpg
EXACT_1190,EXACT_SHA256,3,datasets\dataset_v2_4defect\train\images\frame_20260504_004447_974224_jpg.rf.c2a90542747a571732118a90f30d442a_aug_hflip_0.jpg | datasets\dataset_v2_5class\train\images\frame_20260504_004447_974224_jpg.rf.c2a90542747a571732118a90f30d442a_aug_hflip_0.jpg | datasets\dataset_v3_clean_background\train\images\frame_20260504_004447_974224_jpg.rf.c2a90542747a571732118a90f30d442a_aug_hflip_0.jpg
EXACT_1191,EXACT_SHA256,3,datasets\dataset_v2_4defect\train\images\frame_20260504_004451_049861_jpg.rf.a69f79979dcd2b1a492471f623b10c32.jpg | datasets\dataset_v2_5class\train\images\frame_20260504_004451_049861_jpg.rf.a69f79979dcd2b1a492471f623b10c32.jpg | datasets\dataset_v3_clean_background\train\images\frame_20260504_004451_049861_jpg.rf.a69f79979dcd2b1a492471f623b10c32.jpg
EXACT_1192,EXACT_SHA256,3,datasets\dataset_v2_4defect\train\images\frame_20260504_004451_049861_jpg.rf.a69f79979dcd2b1a492471f623b10c32_aug_contrast_2.jpg | datasets\dataset_v2_5class\train\images\frame_20260504_004451_049861_jpg.rf.a69f79979dcd2b1a492471f623b10c32_aug_contrast_2.jpg | datasets\dataset_v3_clean_background\train\images\frame_20260504_004451_049861_jpg.rf.a69f79979dcd2b1a492471f623b10c32_aug_contrast_2.jpg
EXACT_1193,EXACT_SHA256,3,datasets\dataset_v2_4defect\train\images\frame_20260504_004451_049861_jpg.rf.a69f79979dcd2b1a492471f623b10c32_aug_hflip_0.jpg | datasets\dataset_v2_5class\train\images\frame_20260504_004451_049861_jpg.rf.a69f79979dcd2b1a492471f623b10c32_aug_hflip_0.jpg | datasets\dataset_v3_clean_background\train\images\frame_20260504_004451_049861_jpg.rf.a69f79979dcd2b1a492471f623b10c32_aug_hflip_0.jpg
EXACT_1194,EXACT_SHA256,3,datasets\dataset_v2_4defect\train\images\frame_20260504_004451_049861_jpg.rf.a69f79979dcd2b1a492471f623b10c32_aug_vflip_1.jpg | datasets\dataset_v2_5class\train\images\frame_20260504_004451_049861_jpg.rf.a69f79979dcd2b1a492471f623b10c32_aug_vflip_1.jpg | datasets\dataset_v3_clean_background\train\images\frame_20260504_004451_049861_jpg.rf.a69f79979dcd2b1a492471f623b10c32_aug_vflip_1.jpg
EXACT_1195,EXACT_SHA256,3,datasets\dataset_v2_4defect\train\images\frame_20260504_004452_003492_jpg.rf.8602d4540bc0afb1fc8d94c599037e0f.jpg | datasets\dataset_v2_5class\train\images\frame_20260504_004452_003492_jpg.rf.8602d4540bc0afb1fc8d94c599037e0f.jpg | datasets\dataset_v3_clean_background\train\images\frame_20260504_004452_003492_jpg.rf.8602d4540bc0afb1fc8d94c599037e0f.jpg
EXACT_1196,EXACT_SHA256,3,datasets\dataset_v2_4defect\train\images\frame_20260504_004452_003492_jpg.rf.8602d4540bc0afb1fc8d94c599037e0f_aug_contrast_2.jpg | datasets\dataset_v2_5class\train\images\frame_20260504_004452_003492_jpg.rf.8602d4540bc0afb1fc8d94c599037e0f_aug_contrast_2.jpg | datasets\dataset_v3_clean_background\train\images\frame_20260504_004452_003492_jpg.rf.8602d4540bc0afb1fc8d94c599037e0f_aug_contrast_2.jpg
EXACT_1197,EXACT_SHA256,3,datasets\dataset_v2_4defect\train\images\frame_20260504_004452_003492_jpg.rf.8602d4540bc0afb1fc8d94c599037e0f_aug_hflip_0.jpg | datasets\dataset_v2_5class\train\images\frame_20260504_004452_003492_jpg.rf.8602d4540bc0afb1fc8d94c599037e0f_aug_hflip_0.jpg | datasets\dataset_v3_clean_background\train\images\frame_20260504_004452_003492_jpg.rf.8602d4540bc0afb1fc8d94c599037e0f_aug_hflip_0.jpg
EXACT_1198,EXACT_SHA256,3,datasets\dataset_v2_4defect\train\images\frame_20260504_004452_003492_jpg.rf.8602d4540bc0afb1fc8d94c599037e0f_aug_vflip_1.jpg | datasets\dataset_v2_5class\train\images\frame_20260504_004452_003492_jpg.rf.8602d4540bc0afb1fc8d94c599037e0f_aug_vflip_1.jpg | datasets\dataset_v3_clean_background\train\images\frame_20260504_004452_003492_jpg.rf.8602d4540bc0afb1fc8d94c599037e0f_aug_vflip_1.jpg
EXACT_1199,EXACT_SHA256,3,datasets\dataset_v2_4defect\train\images\frame_20260504_004501_016110_jpg.rf.d77b1094a463b29f8e3528567e6a70cf.jpg | datasets\dataset_v2_5class\train\images\frame_20260504_004501_016110_jpg.rf.d77b1094a463b29f8e3528567e6a70cf.jpg | datasets\dataset_v3_clean_background\train\images\frame_20260504_004501_016110_jpg.rf.d77b1094a463b29f8e3528567e6a70cf.jpg
EXACT_1200,EXACT_SHA256,3,datasets\dataset_v2_4defect\train\images\frame_20260504_004501_016110_jpg.rf.d77b1094a463b29f8e3528567e6a70cf_aug_contrast_3.jpg | datasets\dataset_v2_5class\train\images\frame_20260504_004501_016110_jpg.rf.d77b1094a463b29f8e3528567e6a70cf_aug_contrast_3.jpg | datasets\dataset_v3_clean_background\train\images\frame_20260504_004501_016110_jpg.rf.d77b1094a463b29f8e3528567e6a70cf_aug_contrast_3.jpg
EXACT_1201,EXACT_SHA256,3,datasets\dataset_v2_4defect\train\images\frame_20260504_004501_016110_jpg.rf.d77b1094a463b29f8e3528567e6a70cf_aug_hflip_0.jpg | datasets\dataset_v2_5class\train\images\frame_20260504_004501_016110_jpg.rf.d77b1094a463b29f8e3528567e6a70cf_aug_hflip_0.jpg | datasets\dataset_v3_clean_background\train\images\frame_20260504_004501_016110_jpg.rf.d77b1094a463b29f8e3528567e6a70cf_aug_hflip_0.jpg
EXACT_1202,EXACT_SHA256,3,datasets\dataset_v2_4defect\train\images\frame_20260504_004501_016110_jpg.rf.d77b1094a463b29f8e3528567e6a70cf_aug_hvflip_2.jpg | datasets\dataset_v2_5class\train\images\frame_20260504_004501_016110_jpg.rf.d77b1094a463b29f8e3528567e6a70cf_aug_hvflip_2.jpg | datasets\dataset_v3_clean_background\train\images\frame_20260504_004501_016110_jpg.rf.d77b1094a463b29f8e3528567e6a70cf_aug_hvflip_2.jpg
EXACT_1203,EXACT_SHA256,3,datasets\dataset_v2_4defect\train\images\frame_20260504_004501_016110_jpg.rf.d77b1094a463b29f8e3528567e6a70cf_aug_vflip_1.jpg | datasets\dataset_v2_5class\train\images\frame_20260504_004501_016110_jpg.rf.d77b1094a463b29f8e3528567e6a70cf_aug_vflip_1.jpg | datasets\dataset_v3_clean_background\train\images\frame_20260504_004501_016110_jpg.rf.d77b1094a463b29f8e3528567e6a70cf_aug_vflip_1.jpg
EXACT_1204,EXACT_SHA256,3,datasets\dataset_v2_4defect\train\images\frame_20260504_005312_597339_jpg.rf.a44b1aa378f5d2b4ebf83a5cca6e04e8.jpg | datasets\dataset_v2_5class\train\images\frame_20260504_005312_597339_jpg.rf.a44b1aa378f5d2b4ebf83a5cca6e04e8.jpg | datasets\dataset_v3_clean_background\train\images\frame_20260504_005312_597339_jpg.rf.a44b1aa378f5d2b4ebf83a5cca6e04e8.jpg
EXACT_1205,EXACT_SHA256,3,datasets\dataset_v2_4defect\train\images\frame_20260504_005312_597339_jpg.rf.a44b1aa378f5d2b4ebf83a5cca6e04e8_aug_contrast_2.jpg | datasets\dataset_v2_5class\train\images\frame_20260504_005312_597339_jpg.rf.a44b1aa378f5d2b4ebf83a5cca6e04e8_aug_contrast_2.jpg | datasets\dataset_v3_clean_background\train\images\frame_20260504_005312_597339_jpg.rf.a44b1aa378f5d2b4ebf83a5cca6e04e8_aug_contrast_2.jpg
EXACT_1206,EXACT_SHA256,3,datasets\dataset_v2_4defect\train\images\frame_20260504_005312_597339_jpg.rf.a44b1aa378f5d2b4ebf83a5cca6e04e8_aug_hflip_0.jpg | datasets\dataset_v2_5class\train\images\frame_20260504_005312_597339_jpg.rf.a44b1aa378f5d2b4ebf83a5cca6e04e8_aug_hflip_0.jpg | datasets\dataset_v3_clean_background\train\images\frame_20260504_005312_597339_jpg.rf.a44b1aa378f5d2b4ebf83a5cca6e04e8_aug_hflip_0.jpg
EXACT_1207,EXACT_SHA256,3,datasets\dataset_v2_4defect\train\images\frame_20260504_005312_597339_jpg.rf.a44b1aa378f5d2b4ebf83a5cca6e04e8_aug_vflip_1.jpg | datasets\dataset_v2_5class\train\images\frame_20260504_005312_597339_jpg.rf.a44b1aa378f5d2b4ebf83a5cca6e04e8_aug_vflip_1.jpg | datasets\dataset_v3_clean_background\train\images\frame_20260504_005312_597339_jpg.rf.a44b1aa378f5d2b4ebf83a5cca6e04e8_aug_vflip_1.jpg
EXACT_1208,EXACT_SHA256,3,datasets\dataset_v2_4defect\train\images\frame_20260504_005313_848486_jpg.rf.20d810f340187d4069e35af5bd3eb2d1.jpg | datasets\dataset_v2_5class\train\images\frame_20260504_005313_848486_jpg.rf.20d810f340187d4069e35af5bd3eb2d1.jpg | datasets\dataset_v3_clean_background\train\images\frame_20260504_005313_848486_jpg.rf.20d810f340187d4069e35af5bd3eb2d1.jpg
EXACT_1209,EXACT_SHA256,3,datasets\dataset_v2_4defect\train\images\frame_20260504_005313_848486_jpg.rf.20d810f340187d4069e35af5bd3eb2d1_aug_contrast_1.jpg | datasets\dataset_v2_5class\train\images\frame_20260504_005313_848486_jpg.rf.20d810f340187d4069e35af5bd3eb2d1_aug_contrast_1.jpg | datasets\dataset_v3_clean_background\train\images\frame_20260504_005313_848486_jpg.rf.20d810f340187d4069e35af5bd3eb2d1_aug_contrast_1.jpg
EXACT_1210,EXACT_SHA256,3,datasets\dataset_v2_4defect\train\images\frame_20260504_005313_848486_jpg.rf.20d810f340187d4069e35af5bd3eb2d1_aug_hflip_0.jpg | datasets\dataset_v2_5class\train\images\frame_20260504_005313_848486_jpg.rf.20d810f340187d4069e35af5bd3eb2d1_aug_hflip_0.jpg | datasets\dataset_v3_clean_background\train\images\frame_20260504_005313_848486_jpg.rf.20d810f340187d4069e35af5bd3eb2d1_aug_hflip_0.jpg
EXACT_1211,EXACT_SHA256,3,datasets\dataset_v2_4defect\train\images\frame_20260504_005316_078867_jpg.rf.798b9fa7082401fae52e561340199147.jpg | datasets\dataset_v2_5class\train\images\frame_20260504_005316_078867_jpg.rf.798b9fa7082401fae52e561340199147.jpg | datasets\dataset_v3_clean_background\train\images\frame_20260504_005316_078867_jpg.rf.798b9fa7082401fae52e561340199147.jpg
EXACT_1212,EXACT_SHA256,3,datasets\dataset_v2_4defect\train\images\frame_20260504_005316_078867_jpg.rf.798b9fa7082401fae52e561340199147_aug_contrast_2.jpg | datasets\dataset_v2_5class\train\images\frame_20260504_005316_078867_jpg.rf.798b9fa7082401fae52e561340199147_aug_contrast_2.jpg | datasets\dataset_v3_clean_background\train\images\frame_20260504_005316_078867_jpg.rf.798b9fa7082401fae52e561340199147_aug_contrast_2.jpg
EXACT_1213,EXACT_SHA256,3,datasets\dataset_v2_4defect\train\images\frame_20260504_005316_078867_jpg.rf.798b9fa7082401fae52e561340199147_aug_hflip_0.jpg | datasets\dataset_v2_5class\train\images\frame_20260504_005316_078867_jpg.rf.798b9fa7082401fae52e561340199147_aug_hflip_0.jpg | datasets\dataset_v3_clean_background\train\images\frame_20260504_005316_078867_jpg.rf.798b9fa7082401fae52e561340199147_aug_hflip_0.jpg
EXACT_1214,EXACT_SHA256,3,datasets\dataset_v2_4defect\train\images\frame_20260504_005316_078867_jpg.rf.798b9fa7082401fae52e561340199147_aug_vflip_1.jpg | datasets\dataset_v2_5class\train\images\frame_20260504_005316_078867_jpg.rf.798b9fa7082401fae52e561340199147_aug_vflip_1.jpg | datasets\dataset_v3_clean_background\train\images\frame_20260504_005316_078867_jpg.rf.798b9fa7082401fae52e561340199147_aug_vflip_1.jpg
EXACT_1215,EXACT_SHA256,3,datasets\dataset_v2_4defect\train\images\frame_20260504_005316_820953_jpg.rf.f7655344574d707d269a8619ae8d1306.jpg | datasets\dataset_v2_5class\train\images\frame_20260504_005316_820953_jpg.rf.f7655344574d707d269a8619ae8d1306.jpg | datasets\dataset_v3_clean_background\train\images\frame_20260504_005316_820953_jpg.rf.f7655344574d707d269a8619ae8d1306.jpg
EXACT_1216,EXACT_SHA256,3,datasets\dataset_v2_4defect\train\images\frame_20260504_005316_820953_jpg.rf.f7655344574d707d269a8619ae8d1306_aug_contrast_2.jpg | datasets\dataset_v2_5class\train\images\frame_20260504_005316_820953_jpg.rf.f7655344574d707d269a8619ae8d1306_aug_contrast_2.jpg | datasets\dataset_v3_clean_background\train\images\frame_20260504_005316_820953_jpg.rf.f7655344574d707d269a8619ae8d1306_aug_contrast_2.jpg
EXACT_1217,EXACT_SHA256,3,datasets\dataset_v2_4defect\train\images\frame_20260504_005316_820953_jpg.rf.f7655344574d707d269a8619ae8d1306_aug_hflip_0.jpg | datasets\dataset_v2_5class\train\images\frame_20260504_005316_820953_jpg.rf.f7655344574d707d269a8619ae8d1306_aug_hflip_0.jpg | datasets\dataset_v3_clean_background\train\images\frame_20260504_005316_820953_jpg.rf.f7655344574d707d269a8619ae8d1306_aug_hflip_0.jpg
EXACT_1218,EXACT_SHA256,3,datasets\dataset_v2_4defect\train\images\frame_20260504_005316_820953_jpg.rf.f7655344574d707d269a8619ae8d1306_aug_vflip_1.jpg | datasets\dataset_v2_5class\train\images\frame_20260504_005316_820953_jpg.rf.f7655344574d707d269a8619ae8d1306_aug_vflip_1.jpg | datasets\dataset_v3_clean_background\train\images\frame_20260504_005316_820953_jpg.rf.f7655344574d707d269a8619ae8d1306_aug_vflip_1.jpg
EXACT_1219,EXACT_SHA256,3,datasets\dataset_v2_4defect\train\images\frame_20260504_005322_621231_jpg.rf.8de2ff35e4f6d1a3048d7e6449d44736.jpg | datasets\dataset_v2_5class\train\images\frame_20260504_005322_621231_jpg.rf.8de2ff35e4f6d1a3048d7e6449d44736.jpg | datasets\dataset_v3_clean_background\train\images\frame_20260504_005322_621231_jpg.rf.8de2ff35e4f6d1a3048d7e6449d44736.jpg
EXACT_1220,EXACT_SHA256,3,datasets\dataset_v2_4defect\train\images\frame_20260504_005322_621231_jpg.rf.8de2ff35e4f6d1a3048d7e6449d44736_aug_contrast_2.jpg | datasets\dataset_v2_5class\train\images\frame_20260504_005322_621231_jpg.rf.8de2ff35e4f6d1a3048d7e6449d44736_aug_contrast_2.jpg | datasets\dataset_v3_clean_background\train\images\frame_20260504_005322_621231_jpg.rf.8de2ff35e4f6d1a3048d7e6449d44736_aug_contrast_2.jpg
EXACT_1221,EXACT_SHA256,3,datasets\dataset_v2_4defect\train\images\frame_20260504_005322_621231_jpg.rf.8de2ff35e4f6d1a3048d7e6449d44736_aug_hflip_0.jpg | datasets\dataset_v2_5class\train\images\frame_20260504_005322_621231_jpg.rf.8de2ff35e4f6d1a3048d7e6449d44736_aug_hflip_0.jpg | datasets\dataset_v3_clean_background\train\images\frame_20260504_005322_621231_jpg.rf.8de2ff35e4f6d1a3048d7e6449d44736_aug_hflip_0.jpg
EXACT_1222,EXACT_SHA256,3,datasets\dataset_v2_4defect\train\images\frame_20260504_005322_621231_jpg.rf.8de2ff35e4f6d1a3048d7e6449d44736_aug_vflip_1.jpg | datasets\dataset_v2_5class\train\images\frame_20260504_005322_621231_jpg.rf.8de2ff35e4f6d1a3048d7e6449d44736_aug_vflip_1.jpg | datasets\dataset_v3_clean_background\train\images\frame_20260504_005322_621231_jpg.rf.8de2ff35e4f6d1a3048d7e6449d44736_aug_vflip_1.jpg
EXACT_1223,EXACT_SHA256,3,datasets\dataset_v2_4defect\train\images\frame_20260504_005325_586893_jpg.rf.c4764091d214a9bcf4b95d6a1217d39e.jpg | datasets\dataset_v2_5class\train\images\frame_20260504_005325_586893_jpg.rf.c4764091d214a9bcf4b95d6a1217d39e.jpg | datasets\dataset_v3_clean_background\train\images\frame_20260504_005325_586893_jpg.rf.c4764091d214a9bcf4b95d6a1217d39e.jpg
EXACT_1224,EXACT_SHA256,3,datasets\dataset_v2_4defect\train\images\frame_20260504_005325_586893_jpg.rf.c4764091d214a9bcf4b95d6a1217d39e_aug_contrast_2.jpg | datasets\dataset_v2_5class\train\images\frame_20260504_005325_586893_jpg.rf.c4764091d214a9bcf4b95d6a1217d39e_aug_contrast_2.jpg | datasets\dataset_v3_clean_background\train\images\frame_20260504_005325_586893_jpg.rf.c4764091d214a9bcf4b95d6a1217d39e_aug_contrast_2.jpg
EXACT_1225,EXACT_SHA256,3,datasets\dataset_v2_4defect\train\images\frame_20260504_005325_586893_jpg.rf.c4764091d214a9bcf4b95d6a1217d39e_aug_hflip_0.jpg | datasets\dataset_v2_5class\train\images\frame_20260504_005325_586893_jpg.rf.c4764091d214a9bcf4b95d6a1217d39e_aug_hflip_0.jpg | datasets\dataset_v3_clean_background\train\images\frame_20260504_005325_586893_jpg.rf.c4764091d214a9bcf4b95d6a1217d39e_aug_hflip_0.jpg
EXACT_1226,EXACT_SHA256,3,datasets\dataset_v2_4defect\train\images\frame_20260504_005325_586893_jpg.rf.c4764091d214a9bcf4b95d6a1217d39e_aug_vflip_1.jpg | datasets\dataset_v2_5class\train\images\frame_20260504_005325_586893_jpg.rf.c4764091d214a9bcf4b95d6a1217d39e_aug_vflip_1.jpg | datasets\dataset_v3_clean_background\train\images\frame_20260504_005325_586893_jpg.rf.c4764091d214a9bcf4b95d6a1217d39e_aug_vflip_1.jpg
EXACT_1227,EXACT_SHA256,3,datasets\dataset_v2_4defect\train\images\frame_20260504_005330_589754_jpg.rf.6f142fbbe3f8837691e961212edab5cb.jpg | datasets\dataset_v2_5class\train\images\frame_20260504_005330_589754_jpg.rf.6f142fbbe3f8837691e961212edab5cb.jpg | datasets\dataset_v3_clean_background\train\images\frame_20260504_005330_589754_jpg.rf.6f142fbbe3f8837691e961212edab5cb.jpg
EXACT_1228,EXACT_SHA256,3,datasets\dataset_v2_4defect\train\images\frame_20260504_005330_589754_jpg.rf.6f142fbbe3f8837691e961212edab5cb_aug_contrast_3.jpg | datasets\dataset_v2_5class\train\images\frame_20260504_005330_589754_jpg.rf.6f142fbbe3f8837691e961212edab5cb_aug_contrast_3.jpg | datasets\dataset_v3_clean_background\train\images\frame_20260504_005330_589754_jpg.rf.6f142fbbe3f8837691e961212edab5cb_aug_contrast_3.jpg
EXACT_1229,EXACT_SHA256,3,datasets\dataset_v2_4defect\train\images\frame_20260504_005330_589754_jpg.rf.6f142fbbe3f8837691e961212edab5cb_aug_hflip_0.jpg | datasets\dataset_v2_5class\train\images\frame_20260504_005330_589754_jpg.rf.6f142fbbe3f8837691e961212edab5cb_aug_hflip_0.jpg | datasets\dataset_v3_clean_background\train\images\frame_20260504_005330_589754_jpg.rf.6f142fbbe3f8837691e961212edab5cb_aug_hflip_0.jpg
EXACT_1230,EXACT_SHA256,3,datasets\dataset_v2_4defect\train\images\frame_20260504_005330_589754_jpg.rf.6f142fbbe3f8837691e961212edab5cb_aug_hvflip_2.jpg | datasets\dataset_v2_5class\train\images\frame_20260504_005330_589754_jpg.rf.6f142fbbe3f8837691e961212edab5cb_aug_hvflip_2.jpg | datasets\dataset_v3_clean_background\train\images\frame_20260504_005330_589754_jpg.rf.6f142fbbe3f8837691e961212edab5cb_aug_hvflip_2.jpg
EXACT_1231,EXACT_SHA256,3,datasets\dataset_v2_4defect\train\images\frame_20260504_005330_589754_jpg.rf.6f142fbbe3f8837691e961212edab5cb_aug_vflip_1.jpg | datasets\dataset_v2_5class\train\images\frame_20260504_005330_589754_jpg.rf.6f142fbbe3f8837691e961212edab5cb_aug_vflip_1.jpg | datasets\dataset_v3_clean_background\train\images\frame_20260504_005330_589754_jpg.rf.6f142fbbe3f8837691e961212edab5cb_aug_vflip_1.jpg
EXACT_1232,EXACT_SHA256,3,datasets\dataset_v2_4defect\train\images\frame_20260504_005333_580647_jpg.rf.733f8a7857837c2cd635cf0377d0bb8d.jpg | datasets\dataset_v2_5class\train\images\frame_20260504_005333_580647_jpg.rf.733f8a7857837c2cd635cf0377d0bb8d.jpg | datasets\dataset_v3_clean_background\train\images\frame_20260504_005333_580647_jpg.rf.733f8a7857837c2cd635cf0377d0bb8d.jpg
EXACT_1233,EXACT_SHA256,3,datasets\dataset_v2_4defect\train\images\frame_20260504_005334_600307_jpg.rf.6f10585afc985232388f418f857d52bb.jpg | datasets\dataset_v2_5class\train\images\frame_20260504_005334_600307_jpg.rf.6f10585afc985232388f418f857d52bb.jpg | datasets\dataset_v3_clean_background\train\images\frame_20260504_005334_600307_jpg.rf.6f10585afc985232388f418f857d52bb.jpg
EXACT_1234,EXACT_SHA256,3,datasets\dataset_v2_4defect\train\images\frame_20260504_005334_600307_jpg.rf.6f10585afc985232388f418f857d52bb_aug_contrast_3.jpg | datasets\dataset_v2_5class\train\images\frame_20260504_005334_600307_jpg.rf.6f10585afc985232388f418f857d52bb_aug_contrast_3.jpg | datasets\dataset_v3_clean_background\train\images\frame_20260504_005334_600307_jpg.rf.6f10585afc985232388f418f857d52bb_aug_contrast_3.jpg
EXACT_1235,EXACT_SHA256,3,datasets\dataset_v2_4defect\train\images\frame_20260504_005334_600307_jpg.rf.6f10585afc985232388f418f857d52bb_aug_hflip_0.jpg | datasets\dataset_v2_5class\train\images\frame_20260504_005334_600307_jpg.rf.6f10585afc985232388f418f857d52bb_aug_hflip_0.jpg | datasets\dataset_v3_clean_background\train\images\frame_20260504_005334_600307_jpg.rf.6f10585afc985232388f418f857d52bb_aug_hflip_0.jpg
EXACT_1236,EXACT_SHA256,3,datasets\dataset_v2_4defect\train\images\frame_20260504_005334_600307_jpg.rf.6f10585afc985232388f418f857d52bb_aug_hvflip_2.jpg | datasets\dataset_v2_5class\train\images\frame_20260504_005334_600307_jpg.rf.6f10585afc985232388f418f857d52bb_aug_hvflip_2.jpg | datasets\dataset_v3_clean_background\train\images\frame_20260504_005334_600307_jpg.rf.6f10585afc985232388f418f857d52bb_aug_hvflip_2.jpg
EXACT_1237,EXACT_SHA256,3,datasets\dataset_v2_4defect\train\images\frame_20260504_005334_600307_jpg.rf.6f10585afc985232388f418f857d52bb_aug_vflip_1.jpg | datasets\dataset_v2_5class\train\images\frame_20260504_005334_600307_jpg.rf.6f10585afc985232388f418f857d52bb_aug_vflip_1.jpg | datasets\dataset_v3_clean_background\train\images\frame_20260504_005334_600307_jpg.rf.6f10585afc985232388f418f857d52bb_aug_vflip_1.jpg
EXACT_1238,EXACT_SHA256,3,datasets\dataset_v2_4defect\train\images\frame_20260504_005336_590961_jpg.rf.893b707a9452e61061ab1e4d127b70b7.jpg | datasets\dataset_v2_5class\train\images\frame_20260504_005336_590961_jpg.rf.893b707a9452e61061ab1e4d127b70b7.jpg | datasets\dataset_v3_clean_background\train\images\frame_20260504_005336_590961_jpg.rf.893b707a9452e61061ab1e4d127b70b7.jpg
EXACT_1239,EXACT_SHA256,3,datasets\dataset_v2_4defect\train\images\frame_20260504_005339_583958_jpg.rf.918574edca4582dbd81a046a707ff793.jpg | datasets\dataset_v2_5class\train\images\frame_20260504_005339_583958_jpg.rf.918574edca4582dbd81a046a707ff793.jpg | datasets\dataset_v3_clean_background\train\images\frame_20260504_005339_583958_jpg.rf.918574edca4582dbd81a046a707ff793.jpg
EXACT_1240,EXACT_SHA256,3,datasets\dataset_v2_4defect\train\images\frame_20260504_005339_583958_jpg.rf.918574edca4582dbd81a046a707ff793_aug_contrast_1.jpg | datasets\dataset_v2_5class\train\images\frame_20260504_005339_583958_jpg.rf.918574edca4582dbd81a046a707ff793_aug_contrast_1.jpg | datasets\dataset_v3_clean_background\train\images\frame_20260504_005339_583958_jpg.rf.918574edca4582dbd81a046a707ff793_aug_contrast_1.jpg
EXACT_1241,EXACT_SHA256,3,datasets\dataset_v2_4defect\train\images\frame_20260504_005339_583958_jpg.rf.918574edca4582dbd81a046a707ff793_aug_hflip_0.jpg | datasets\dataset_v2_5class\train\images\frame_20260504_005339_583958_jpg.rf.918574edca4582dbd81a046a707ff793_aug_hflip_0.jpg | datasets\dataset_v3_clean_background\train\images\frame_20260504_005339_583958_jpg.rf.918574edca4582dbd81a046a707ff793_aug_hflip_0.jpg
EXACT_1242,EXACT_SHA256,3,datasets\dataset_v2_4defect\train\images\frame_20260504_005840_721273_jpg.rf.117ddd8ca25b5ee0d24d16a8c64061ed.jpg | datasets\dataset_v2_5class\train\images\frame_20260504_005840_721273_jpg.rf.117ddd8ca25b5ee0d24d16a8c64061ed.jpg | datasets\dataset_v3_clean_background\train\images\frame_20260504_005840_721273_jpg.rf.117ddd8ca25b5ee0d24d16a8c64061ed.jpg
EXACT_1243,EXACT_SHA256,3,datasets\dataset_v2_4defect\train\images\frame_20260504_005841_669567_jpg.rf.3fd04fd5405cc984bf43bcfe6c6ab419.jpg | datasets\dataset_v2_5class\train\images\frame_20260504_005841_669567_jpg.rf.3fd04fd5405cc984bf43bcfe6c6ab419.jpg | datasets\dataset_v3_clean_background\train\images\frame_20260504_005841_669567_jpg.rf.3fd04fd5405cc984bf43bcfe6c6ab419.jpg
EXACT_1244,EXACT_SHA256,3,datasets\dataset_v2_4defect\train\images\frame_20260504_005842_678301_jpg.rf.375ec8311467a5f68cec5c5ab10a9719.jpg | datasets\dataset_v2_5class\train\images\frame_20260504_005842_678301_jpg.rf.375ec8311467a5f68cec5c5ab10a9719.jpg | datasets\dataset_v3_clean_background\train\images\frame_20260504_005842_678301_jpg.rf.375ec8311467a5f68cec5c5ab10a9719.jpg
EXACT_1245,EXACT_SHA256,3,datasets\dataset_v2_4defect\train\images\frame_20260504_005843_685632_jpg.rf.af8684afd05fee0dfc14c57a73a4108c.jpg | datasets\dataset_v2_5class\train\images\frame_20260504_005843_685632_jpg.rf.af8684afd05fee0dfc14c57a73a4108c.jpg | datasets\dataset_v3_clean_background\train\images\frame_20260504_005843_685632_jpg.rf.af8684afd05fee0dfc14c57a73a4108c.jpg
EXACT_1246,EXACT_SHA256,3,datasets\dataset_v2_4defect\train\images\frame_20260504_005843_685632_jpg.rf.af8684afd05fee0dfc14c57a73a4108c_aug_contrast_1.jpg | datasets\dataset_v2_5class\train\images\frame_20260504_005843_685632_jpg.rf.af8684afd05fee0dfc14c57a73a4108c_aug_contrast_1.jpg | datasets\dataset_v3_clean_background\train\images\frame_20260504_005843_685632_jpg.rf.af8684afd05fee0dfc14c57a73a4108c_aug_contrast_1.jpg
EXACT_1247,EXACT_SHA256,3,datasets\dataset_v2_4defect\train\images\frame_20260504_005843_685632_jpg.rf.af8684afd05fee0dfc14c57a73a4108c_aug_hflip_0.jpg | datasets\dataset_v2_5class\train\images\frame_20260504_005843_685632_jpg.rf.af8684afd05fee0dfc14c57a73a4108c_aug_hflip_0.jpg | datasets\dataset_v3_clean_background\train\images\frame_20260504_005843_685632_jpg.rf.af8684afd05fee0dfc14c57a73a4108c_aug_hflip_0.jpg
EXACT_1248,EXACT_SHA256,3,datasets\dataset_v2_4defect\train\images\frame_20260504_005846_706580_jpg.rf.07e149f632e9ae44d4e1fe7f60f6b433.jpg | datasets\dataset_v2_5class\train\images\frame_20260504_005846_706580_jpg.rf.07e149f632e9ae44d4e1fe7f60f6b433.jpg | datasets\dataset_v3_clean_background\train\images\frame_20260504_005846_706580_jpg.rf.07e149f632e9ae44d4e1fe7f60f6b433.jpg
EXACT_1249,EXACT_SHA256,3,datasets\dataset_v2_4defect\train\images\frame_20260504_005846_706580_jpg.rf.07e149f632e9ae44d4e1fe7f60f6b433_aug_contrast_1.jpg | datasets\dataset_v2_5class\train\images\frame_20260504_005846_706580_jpg.rf.07e149f632e9ae44d4e1fe7f60f6b433_aug_contrast_1.jpg | datasets\dataset_v3_clean_background\train\images\frame_20260504_005846_706580_jpg.rf.07e149f632e9ae44d4e1fe7f60f6b433_aug_contrast_1.jpg
EXACT_1250,EXACT_SHA256,3,datasets\dataset_v2_4defect\train\images\frame_20260504_005846_706580_jpg.rf.07e149f632e9ae44d4e1fe7f60f6b433_aug_hflip_0.jpg | datasets\dataset_v2_5class\train\images\frame_20260504_005846_706580_jpg.rf.07e149f632e9ae44d4e1fe7f60f6b433_aug_hflip_0.jpg | datasets\dataset_v3_clean_background\train\images\frame_20260504_005846_706580_jpg.rf.07e149f632e9ae44d4e1fe7f60f6b433_aug_hflip_0.jpg
EXACT_1251,EXACT_SHA256,3,datasets\dataset_v2_4defect\train\images\frame_20260504_005857_692350_jpg.rf.9b53f8e31f77c081ae59d428c7f9dd60.jpg | datasets\dataset_v2_5class\train\images\frame_20260504_005857_692350_jpg.rf.9b53f8e31f77c081ae59d428c7f9dd60.jpg | datasets\dataset_v3_clean_background\train\images\frame_20260504_005857_692350_jpg.rf.9b53f8e31f77c081ae59d428c7f9dd60.jpg
EXACT_1252,EXACT_SHA256,3,datasets\dataset_v2_4defect\train\images\frame_20260504_005857_692350_jpg.rf.9b53f8e31f77c081ae59d428c7f9dd60_aug_contrast_2.jpg | datasets\dataset_v2_5class\train\images\frame_20260504_005857_692350_jpg.rf.9b53f8e31f77c081ae59d428c7f9dd60_aug_contrast_2.jpg | datasets\dataset_v3_clean_background\train\images\frame_20260504_005857_692350_jpg.rf.9b53f8e31f77c081ae59d428c7f9dd60_aug_contrast_2.jpg
EXACT_1253,EXACT_SHA256,3,datasets\dataset_v2_4defect\train\images\frame_20260504_005857_692350_jpg.rf.9b53f8e31f77c081ae59d428c7f9dd60_aug_hflip_0.jpg | datasets\dataset_v2_5class\train\images\frame_20260504_005857_692350_jpg.rf.9b53f8e31f77c081ae59d428c7f9dd60_aug_hflip_0.jpg | datasets\dataset_v3_clean_background\train\images\frame_20260504_005857_692350_jpg.rf.9b53f8e31f77c081ae59d428c7f9dd60_aug_hflip_0.jpg
EXACT_1254,EXACT_SHA256,3,datasets\dataset_v2_4defect\train\images\frame_20260504_005857_692350_jpg.rf.9b53f8e31f77c081ae59d428c7f9dd60_aug_vflip_1.jpg | datasets\dataset_v2_5class\train\images\frame_20260504_005857_692350_jpg.rf.9b53f8e31f77c081ae59d428c7f9dd60_aug_vflip_1.jpg | datasets\dataset_v3_clean_background\train\images\frame_20260504_005857_692350_jpg.rf.9b53f8e31f77c081ae59d428c7f9dd60_aug_vflip_1.jpg
EXACT_1255,EXACT_SHA256,3,datasets\dataset_v2_4defect\train\images\frame_20260504_005904_878080_jpg.rf.76c89b60828324b9603a29c2d168f93d.jpg | datasets\dataset_v2_5class\train\images\frame_20260504_005904_878080_jpg.rf.76c89b60828324b9603a29c2d168f93d.jpg | datasets\dataset_v3_clean_background\train\images\frame_20260504_005904_878080_jpg.rf.76c89b60828324b9603a29c2d168f93d.jpg
EXACT_1256,EXACT_SHA256,3,datasets\dataset_v2_4defect\train\images\frame_20260504_005904_878080_jpg.rf.76c89b60828324b9603a29c2d168f93d_aug_contrast_3.jpg | datasets\dataset_v2_5class\train\images\frame_20260504_005904_878080_jpg.rf.76c89b60828324b9603a29c2d168f93d_aug_contrast_3.jpg | datasets\dataset_v3_clean_background\train\images\frame_20260504_005904_878080_jpg.rf.76c89b60828324b9603a29c2d168f93d_aug_contrast_3.jpg
EXACT_1257,EXACT_SHA256,3,datasets\dataset_v2_4defect\train\images\frame_20260504_005904_878080_jpg.rf.76c89b60828324b9603a29c2d168f93d_aug_hflip_0.jpg | datasets\dataset_v2_5class\train\images\frame_20260504_005904_878080_jpg.rf.76c89b60828324b9603a29c2d168f93d_aug_hflip_0.jpg | datasets\dataset_v3_clean_background\train\images\frame_20260504_005904_878080_jpg.rf.76c89b60828324b9603a29c2d168f93d_aug_hflip_0.jpg
EXACT_1258,EXACT_SHA256,3,datasets\dataset_v2_4defect\train\images\frame_20260504_005904_878080_jpg.rf.76c89b60828324b9603a29c2d168f93d_aug_hvflip_2.jpg | datasets\dataset_v2_5class\train\images\frame_20260504_005904_878080_jpg.rf.76c89b60828324b9603a29c2d168f93d_aug_hvflip_2.jpg | datasets\dataset_v3_clean_background\train\images\frame_20260504_005904_878080_jpg.rf.76c89b60828324b9603a29c2d168f93d_aug_hvflip_2.jpg
EXACT_1259,EXACT_SHA256,3,datasets\dataset_v2_4defect\train\images\frame_20260504_005904_878080_jpg.rf.76c89b60828324b9603a29c2d168f93d_aug_vflip_1.jpg | datasets\dataset_v2_5class\train\images\frame_20260504_005904_878080_jpg.rf.76c89b60828324b9603a29c2d168f93d_aug_vflip_1.jpg | datasets\dataset_v3_clean_background\train\images\frame_20260504_005904_878080_jpg.rf.76c89b60828324b9603a29c2d168f93d_aug_vflip_1.jpg
EXACT_1260,EXACT_SHA256,3,datasets\dataset_v2_4defect\train\images\frame_20260504_005906_773257_jpg.rf.a5efba1b2b765512f9944b0d89dd10ec.jpg | datasets\dataset_v2_5class\train\images\frame_20260504_005906_773257_jpg.rf.a5efba1b2b765512f9944b0d89dd10ec.jpg | datasets\dataset_v3_clean_background\train\images\frame_20260504_005906_773257_jpg.rf.a5efba1b2b765512f9944b0d89dd10ec.jpg
EXACT_1261,EXACT_SHA256,3,datasets\dataset_v2_4defect\train\images\frame_20260504_005908_880939_jpg.rf.839d54b4e0b9c456980aec1d6aaa735a.jpg | datasets\dataset_v2_5class\train\images\frame_20260504_005908_880939_jpg.rf.839d54b4e0b9c456980aec1d6aaa735a.jpg | datasets\dataset_v3_clean_background\train\images\frame_20260504_005908_880939_jpg.rf.839d54b4e0b9c456980aec1d6aaa735a.jpg
EXACT_1262,EXACT_SHA256,3,datasets\dataset_v2_4defect\train\images\frame_20260504_005908_880939_jpg.rf.839d54b4e0b9c456980aec1d6aaa735a_aug_contrast_3.jpg | datasets\dataset_v2_5class\train\images\frame_20260504_005908_880939_jpg.rf.839d54b4e0b9c456980aec1d6aaa735a_aug_contrast_3.jpg | datasets\dataset_v3_clean_background\train\images\frame_20260504_005908_880939_jpg.rf.839d54b4e0b9c456980aec1d6aaa735a_aug_contrast_3.jpg
EXACT_1263,EXACT_SHA256,3,datasets\dataset_v2_4defect\train\images\frame_20260504_005908_880939_jpg.rf.839d54b4e0b9c456980aec1d6aaa735a_aug_hflip_0.jpg | datasets\dataset_v2_5class\train\images\frame_20260504_005908_880939_jpg.rf.839d54b4e0b9c456980aec1d6aaa735a_aug_hflip_0.jpg | datasets\dataset_v3_clean_background\train\images\frame_20260504_005908_880939_jpg.rf.839d54b4e0b9c456980aec1d6aaa735a_aug_hflip_0.jpg
EXACT_1264,EXACT_SHA256,3,datasets\dataset_v2_4defect\train\images\frame_20260504_005908_880939_jpg.rf.839d54b4e0b9c456980aec1d6aaa735a_aug_hvflip_2.jpg | datasets\dataset_v2_5class\train\images\frame_20260504_005908_880939_jpg.rf.839d54b4e0b9c456980aec1d6aaa735a_aug_hvflip_2.jpg | datasets\dataset_v3_clean_background\train\images\frame_20260504_005908_880939_jpg.rf.839d54b4e0b9c456980aec1d6aaa735a_aug_hvflip_2.jpg
EXACT_1265,EXACT_SHA256,3,datasets\dataset_v2_4defect\train\images\frame_20260504_005908_880939_jpg.rf.839d54b4e0b9c456980aec1d6aaa735a_aug_vflip_1.jpg | datasets\dataset_v2_5class\train\images\frame_20260504_005908_880939_jpg.rf.839d54b4e0b9c456980aec1d6aaa735a_aug_vflip_1.jpg | datasets\dataset_v3_clean_background\train\images\frame_20260504_005908_880939_jpg.rf.839d54b4e0b9c456980aec1d6aaa735a_aug_vflip_1.jpg
EXACT_1266,EXACT_SHA256,3,datasets\dataset_v2_4defect\train\images\frame_20260504_005910_724374_jpg.rf.a060ff08e8a8c698794022c8b7d7248f.jpg | datasets\dataset_v2_5class\train\images\frame_20260504_005910_724374_jpg.rf.a060ff08e8a8c698794022c8b7d7248f.jpg | datasets\dataset_v3_clean_background\train\images\frame_20260504_005910_724374_jpg.rf.a060ff08e8a8c698794022c8b7d7248f.jpg
EXACT_1267,EXACT_SHA256,3,datasets\dataset_v2_4defect\train\images\frame_20260504_005910_724374_jpg.rf.a060ff08e8a8c698794022c8b7d7248f_aug_contrast_1.jpg | datasets\dataset_v2_5class\train\images\frame_20260504_005910_724374_jpg.rf.a060ff08e8a8c698794022c8b7d7248f_aug_contrast_1.jpg | datasets\dataset_v3_clean_background\train\images\frame_20260504_005910_724374_jpg.rf.a060ff08e8a8c698794022c8b7d7248f_aug_contrast_1.jpg
EXACT_1268,EXACT_SHA256,3,datasets\dataset_v2_4defect\train\images\frame_20260504_005910_724374_jpg.rf.a060ff08e8a8c698794022c8b7d7248f_aug_hflip_0.jpg | datasets\dataset_v2_5class\train\images\frame_20260504_005910_724374_jpg.rf.a060ff08e8a8c698794022c8b7d7248f_aug_hflip_0.jpg | datasets\dataset_v3_clean_background\train\images\frame_20260504_005910_724374_jpg.rf.a060ff08e8a8c698794022c8b7d7248f_aug_hflip_0.jpg
EXACT_1269,EXACT_SHA256,3,datasets\dataset_v2_4defect\train\images\frame_20260504_005911_687449_jpg.rf.d81aa89a5bb719c2dd721149bdbcbc62.jpg | datasets\dataset_v2_5class\train\images\frame_20260504_005911_687449_jpg.rf.d81aa89a5bb719c2dd721149bdbcbc62.jpg | datasets\dataset_v3_clean_background\train\images\frame_20260504_005911_687449_jpg.rf.d81aa89a5bb719c2dd721149bdbcbc62.jpg
EXACT_1270,EXACT_SHA256,3,datasets\dataset_v2_4defect\train\images\frame_20260504_005911_687449_jpg.rf.d81aa89a5bb719c2dd721149bdbcbc62_aug_contrast_2.jpg | datasets\dataset_v2_5class\train\images\frame_20260504_005911_687449_jpg.rf.d81aa89a5bb719c2dd721149bdbcbc62_aug_contrast_2.jpg | datasets\dataset_v3_clean_background\train\images\frame_20260504_005911_687449_jpg.rf.d81aa89a5bb719c2dd721149bdbcbc62_aug_contrast_2.jpg
EXACT_1271,EXACT_SHA256,3,datasets\dataset_v2_4defect\train\images\frame_20260504_005911_687449_jpg.rf.d81aa89a5bb719c2dd721149bdbcbc62_aug_hflip_0.jpg | datasets\dataset_v2_5class\train\images\frame_20260504_005911_687449_jpg.rf.d81aa89a5bb719c2dd721149bdbcbc62_aug_hflip_0.jpg | datasets\dataset_v3_clean_background\train\images\frame_20260504_005911_687449_jpg.rf.d81aa89a5bb719c2dd721149bdbcbc62_aug_hflip_0.jpg
EXACT_1272,EXACT_SHA256,3,datasets\dataset_v2_4defect\train\images\frame_20260504_005911_687449_jpg.rf.d81aa89a5bb719c2dd721149bdbcbc62_aug_vflip_1.jpg | datasets\dataset_v2_5class\train\images\frame_20260504_005911_687449_jpg.rf.d81aa89a5bb719c2dd721149bdbcbc62_aug_vflip_1.jpg | datasets\dataset_v3_clean_background\train\images\frame_20260504_005911_687449_jpg.rf.d81aa89a5bb719c2dd721149bdbcbc62_aug_vflip_1.jpg
EXACT_1273,EXACT_SHA256,3,datasets\dataset_v2_4defect\train\images\frame_20260504_005913_708942_jpg.rf.de54908c81e5e744e12851844dacbb41.jpg | datasets\dataset_v2_5class\train\images\frame_20260504_005913_708942_jpg.rf.de54908c81e5e744e12851844dacbb41.jpg | datasets\dataset_v3_clean_background\train\images\frame_20260504_005913_708942_jpg.rf.de54908c81e5e744e12851844dacbb41.jpg
EXACT_1274,EXACT_SHA256,3,datasets\dataset_v2_4defect\train\images\frame_20260504_005917_695686_jpg.rf.e5dc31b5f1ed15ff5da16534f7113318.jpg | datasets\dataset_v2_5class\train\images\frame_20260504_005917_695686_jpg.rf.e5dc31b5f1ed15ff5da16534f7113318.jpg | datasets\dataset_v3_clean_background\train\images\frame_20260504_005917_695686_jpg.rf.e5dc31b5f1ed15ff5da16534f7113318.jpg
EXACT_1275,EXACT_SHA256,3,datasets\dataset_v2_4defect\train\images\frame_20260504_005917_695686_jpg.rf.e5dc31b5f1ed15ff5da16534f7113318_aug_contrast_1.jpg | datasets\dataset_v2_5class\train\images\frame_20260504_005917_695686_jpg.rf.e5dc31b5f1ed15ff5da16534f7113318_aug_contrast_1.jpg | datasets\dataset_v3_clean_background\train\images\frame_20260504_005917_695686_jpg.rf.e5dc31b5f1ed15ff5da16534f7113318_aug_contrast_1.jpg
EXACT_1276,EXACT_SHA256,3,datasets\dataset_v2_4defect\train\images\frame_20260504_005917_695686_jpg.rf.e5dc31b5f1ed15ff5da16534f7113318_aug_hflip_0.jpg | datasets\dataset_v2_5class\train\images\frame_20260504_005917_695686_jpg.rf.e5dc31b5f1ed15ff5da16534f7113318_aug_hflip_0.jpg | datasets\dataset_v3_clean_background\train\images\frame_20260504_005917_695686_jpg.rf.e5dc31b5f1ed15ff5da16534f7113318_aug_hflip_0.jpg
EXACT_1277,EXACT_SHA256,3,datasets\dataset_v2_4defect\train\images\frame_20260504_005919_851039_jpg.rf.ea52f15c4114ff8fa5eee8d43110263a.jpg | datasets\dataset_v2_5class\train\images\frame_20260504_005919_851039_jpg.rf.ea52f15c4114ff8fa5eee8d43110263a.jpg | datasets\dataset_v3_clean_background\train\images\frame_20260504_005919_851039_jpg.rf.ea52f15c4114ff8fa5eee8d43110263a.jpg
EXACT_1278,EXACT_SHA256,3,datasets\dataset_v2_4defect\train\images\frame_20260504_005919_851039_jpg.rf.ea52f15c4114ff8fa5eee8d43110263a_aug_contrast_3.jpg | datasets\dataset_v2_5class\train\images\frame_20260504_005919_851039_jpg.rf.ea52f15c4114ff8fa5eee8d43110263a_aug_contrast_3.jpg | datasets\dataset_v3_clean_background\train\images\frame_20260504_005919_851039_jpg.rf.ea52f15c4114ff8fa5eee8d43110263a_aug_contrast_3.jpg
EXACT_1279,EXACT_SHA256,3,datasets\dataset_v2_4defect\train\images\frame_20260504_005919_851039_jpg.rf.ea52f15c4114ff8fa5eee8d43110263a_aug_hflip_0.jpg | datasets\dataset_v2_5class\train\images\frame_20260504_005919_851039_jpg.rf.ea52f15c4114ff8fa5eee8d43110263a_aug_hflip_0.jpg | datasets\dataset_v3_clean_background\train\images\frame_20260504_005919_851039_jpg.rf.ea52f15c4114ff8fa5eee8d43110263a_aug_hflip_0.jpg
EXACT_1280,EXACT_SHA256,3,datasets\dataset_v2_4defect\train\images\frame_20260504_005919_851039_jpg.rf.ea52f15c4114ff8fa5eee8d43110263a_aug_hvflip_2.jpg | datasets\dataset_v2_5class\train\images\frame_20260504_005919_851039_jpg.rf.ea52f15c4114ff8fa5eee8d43110263a_aug_hvflip_2.jpg | datasets\dataset_v3_clean_background\train\images\frame_20260504_005919_851039_jpg.rf.ea52f15c4114ff8fa5eee8d43110263a_aug_hvflip_2.jpg
EXACT_1281,EXACT_SHA256,3,datasets\dataset_v2_4defect\train\images\frame_20260504_005919_851039_jpg.rf.ea52f15c4114ff8fa5eee8d43110263a_aug_vflip_1.jpg | datasets\dataset_v2_5class\train\images\frame_20260504_005919_851039_jpg.rf.ea52f15c4114ff8fa5eee8d43110263a_aug_vflip_1.jpg | datasets\dataset_v3_clean_background\train\images\frame_20260504_005919_851039_jpg.rf.ea52f15c4114ff8fa5eee8d43110263a_aug_vflip_1.jpg
EXACT_1282,EXACT_SHA256,3,datasets\dataset_v2_4defect\train\images\frame_20260504_005922_713341_jpg.rf.5d11d91e11759238e366e9c2320da7b3.jpg | datasets\dataset_v2_5class\train\images\frame_20260504_005922_713341_jpg.rf.5d11d91e11759238e366e9c2320da7b3.jpg | datasets\dataset_v3_clean_background\train\images\frame_20260504_005922_713341_jpg.rf.5d11d91e11759238e366e9c2320da7b3.jpg
EXACT_1283,EXACT_SHA256,3,datasets\dataset_v2_4defect\train\images\frame_20260504_005923_721811_jpg.rf.640e9356565a774e647fadc2baf3cd6a.jpg | datasets\dataset_v2_5class\train\images\frame_20260504_005923_721811_jpg.rf.640e9356565a774e647fadc2baf3cd6a.jpg | datasets\dataset_v3_clean_background\train\images\frame_20260504_005923_721811_jpg.rf.640e9356565a774e647fadc2baf3cd6a.jpg
EXACT_1284,EXACT_SHA256,3,datasets\dataset_v2_4defect\train\images\frame_20260504_005923_721811_jpg.rf.640e9356565a774e647fadc2baf3cd6a_aug_contrast_3.jpg | datasets\dataset_v2_5class\train\images\frame_20260504_005923_721811_jpg.rf.640e9356565a774e647fadc2baf3cd6a_aug_contrast_3.jpg | datasets\dataset_v3_clean_background\train\images\frame_20260504_005923_721811_jpg.rf.640e9356565a774e647fadc2baf3cd6a_aug_contrast_3.jpg
EXACT_1285,EXACT_SHA256,3,datasets\dataset_v2_4defect\train\images\frame_20260504_005923_721811_jpg.rf.640e9356565a774e647fadc2baf3cd6a_aug_hflip_0.jpg | datasets\dataset_v2_5class\train\images\frame_20260504_005923_721811_jpg.rf.640e9356565a774e647fadc2baf3cd6a_aug_hflip_0.jpg | datasets\dataset_v3_clean_background\train\images\frame_20260504_005923_721811_jpg.rf.640e9356565a774e647fadc2baf3cd6a_aug_hflip_0.jpg
EXACT_1286,EXACT_SHA256,3,datasets\dataset_v2_4defect\train\images\frame_20260504_005923_721811_jpg.rf.640e9356565a774e647fadc2baf3cd6a_aug_hvflip_2.jpg | datasets\dataset_v2_5class\train\images\frame_20260504_005923_721811_jpg.rf.640e9356565a774e647fadc2baf3cd6a_aug_hvflip_2.jpg | datasets\dataset_v3_clean_background\train\images\frame_20260504_005923_721811_jpg.rf.640e9356565a774e647fadc2baf3cd6a_aug_hvflip_2.jpg
EXACT_1287,EXACT_SHA256,3,datasets\dataset_v2_4defect\train\images\frame_20260504_005923_721811_jpg.rf.640e9356565a774e647fadc2baf3cd6a_aug_vflip_1.jpg | datasets\dataset_v2_5class\train\images\frame_20260504_005923_721811_jpg.rf.640e9356565a774e647fadc2baf3cd6a_aug_vflip_1.jpg | datasets\dataset_v3_clean_background\train\images\frame_20260504_005923_721811_jpg.rf.640e9356565a774e647fadc2baf3cd6a_aug_vflip_1.jpg
EXACT_1288,EXACT_SHA256,3,datasets\dataset_v2_4defect\train\images\frame_20260504_005926_761019_jpg.rf.8280908a6c0ac3ffa071efc2e8343f6b.jpg | datasets\dataset_v2_5class\train\images\frame_20260504_005926_761019_jpg.rf.8280908a6c0ac3ffa071efc2e8343f6b.jpg | datasets\dataset_v3_clean_background\train\images\frame_20260504_005926_761019_jpg.rf.8280908a6c0ac3ffa071efc2e8343f6b.jpg
EXACT_1289,EXACT_SHA256,3,datasets\dataset_v2_4defect\train\images\frame_20260504_005926_761019_jpg.rf.8280908a6c0ac3ffa071efc2e8343f6b_aug_contrast_1.jpg | datasets\dataset_v2_5class\train\images\frame_20260504_005926_761019_jpg.rf.8280908a6c0ac3ffa071efc2e8343f6b_aug_contrast_1.jpg | datasets\dataset_v3_clean_background\train\images\frame_20260504_005926_761019_jpg.rf.8280908a6c0ac3ffa071efc2e8343f6b_aug_contrast_1.jpg
EXACT_1290,EXACT_SHA256,3,datasets\dataset_v2_4defect\train\images\frame_20260504_005926_761019_jpg.rf.8280908a6c0ac3ffa071efc2e8343f6b_aug_hflip_0.jpg | datasets\dataset_v2_5class\train\images\frame_20260504_005926_761019_jpg.rf.8280908a6c0ac3ffa071efc2e8343f6b_aug_hflip_0.jpg | datasets\dataset_v3_clean_background\train\images\frame_20260504_005926_761019_jpg.rf.8280908a6c0ac3ffa071efc2e8343f6b_aug_hflip_0.jpg
EXACT_1291,EXACT_SHA256,3,datasets\dataset_v2_4defect\train\images\frame_20260504_005927_727732_jpg.rf.3a1cf2027dd593f74378677517261659.jpg | datasets\dataset_v2_5class\train\images\frame_20260504_005927_727732_jpg.rf.3a1cf2027dd593f74378677517261659.jpg | datasets\dataset_v3_clean_background\train\images\frame_20260504_005927_727732_jpg.rf.3a1cf2027dd593f74378677517261659.jpg
EXACT_1292,EXACT_SHA256,3,datasets\dataset_v2_4defect\train\images\frame_20260504_005927_727732_jpg.rf.3a1cf2027dd593f74378677517261659_aug_contrast_1.jpg | datasets\dataset_v2_5class\train\images\frame_20260504_005927_727732_jpg.rf.3a1cf2027dd593f74378677517261659_aug_contrast_1.jpg | datasets\dataset_v3_clean_background\train\images\frame_20260504_005927_727732_jpg.rf.3a1cf2027dd593f74378677517261659_aug_contrast_1.jpg
EXACT_1293,EXACT_SHA256,3,datasets\dataset_v2_4defect\train\images\frame_20260504_005927_727732_jpg.rf.3a1cf2027dd593f74378677517261659_aug_hflip_0.jpg | datasets\dataset_v2_5class\train\images\frame_20260504_005927_727732_jpg.rf.3a1cf2027dd593f74378677517261659_aug_hflip_0.jpg | datasets\dataset_v3_clean_background\train\images\frame_20260504_005927_727732_jpg.rf.3a1cf2027dd593f74378677517261659_aug_hflip_0.jpg
EXACT_1294,EXACT_SHA256,3,datasets\dataset_v2_4defect\train\images\frame_20260504_005934_735492_jpg.rf.24c29301759f506a9f1b4d4031d88480.jpg | datasets\dataset_v2_5class\train\images\frame_20260504_005934_735492_jpg.rf.24c29301759f506a9f1b4d4031d88480.jpg | datasets\dataset_v3_clean_background\train\images\frame_20260504_005934_735492_jpg.rf.24c29301759f506a9f1b4d4031d88480.jpg
EXACT_1295,EXACT_SHA256,3,datasets\dataset_v2_4defect\train\images\frame_20260504_005939_055585_jpg.rf.a0c6486814cba0df8df9eddbfc813679.jpg | datasets\dataset_v2_5class\train\images\frame_20260504_005939_055585_jpg.rf.a0c6486814cba0df8df9eddbfc813679.jpg | datasets\dataset_v3_clean_background\train\images\frame_20260504_005939_055585_jpg.rf.a0c6486814cba0df8df9eddbfc813679.jpg
EXACT_1296,EXACT_SHA256,3,datasets\dataset_v2_4defect\train\images\frame_20260504_005939_055585_jpg.rf.a0c6486814cba0df8df9eddbfc813679_aug_contrast_3.jpg | datasets\dataset_v2_5class\train\images\frame_20260504_005939_055585_jpg.rf.a0c6486814cba0df8df9eddbfc813679_aug_contrast_3.jpg | datasets\dataset_v3_clean_background\train\images\frame_20260504_005939_055585_jpg.rf.a0c6486814cba0df8df9eddbfc813679_aug_contrast_3.jpg
EXACT_1297,EXACT_SHA256,3,datasets\dataset_v2_4defect\train\images\frame_20260504_005939_055585_jpg.rf.a0c6486814cba0df8df9eddbfc813679_aug_hflip_0.jpg | datasets\dataset_v2_5class\train\images\frame_20260504_005939_055585_jpg.rf.a0c6486814cba0df8df9eddbfc813679_aug_hflip_0.jpg | datasets\dataset_v3_clean_background\train\images\frame_20260504_005939_055585_jpg.rf.a0c6486814cba0df8df9eddbfc813679_aug_hflip_0.jpg
EXACT_1298,EXACT_SHA256,3,datasets\dataset_v2_4defect\train\images\frame_20260504_005939_055585_jpg.rf.a0c6486814cba0df8df9eddbfc813679_aug_hvflip_2.jpg | datasets\dataset_v2_5class\train\images\frame_20260504_005939_055585_jpg.rf.a0c6486814cba0df8df9eddbfc813679_aug_hvflip_2.jpg | datasets\dataset_v3_clean_background\train\images\frame_20260504_005939_055585_jpg.rf.a0c6486814cba0df8df9eddbfc813679_aug_hvflip_2.jpg
EXACT_1299,EXACT_SHA256,3,datasets\dataset_v2_4defect\train\images\frame_20260504_005939_055585_jpg.rf.a0c6486814cba0df8df9eddbfc813679_aug_vflip_1.jpg | datasets\dataset_v2_5class\train\images\frame_20260504_005939_055585_jpg.rf.a0c6486814cba0df8df9eddbfc813679_aug_vflip_1.jpg | datasets\dataset_v3_clean_background\train\images\frame_20260504_005939_055585_jpg.rf.a0c6486814cba0df8df9eddbfc813679_aug_vflip_1.jpg
EXACT_1300,EXACT_SHA256,3,datasets\dataset_v2_4defect\train\images\frame_20260504_005941_007720_jpg.rf.a08e3375f522b10bfcd059bb9f6698d1.jpg | datasets\dataset_v2_5class\train\images\frame_20260504_005941_007720_jpg.rf.a08e3375f522b10bfcd059bb9f6698d1.jpg | datasets\dataset_v3_clean_background\train\images\frame_20260504_005941_007720_jpg.rf.a08e3375f522b10bfcd059bb9f6698d1.jpg
EXACT_1301,EXACT_SHA256,3,datasets\dataset_v2_4defect\train\images\frame_20260504_005941_985035_jpg.rf.443b36939fe4355f2011e3c0e9bf75f6.jpg | datasets\dataset_v2_5class\train\images\frame_20260504_005941_985035_jpg.rf.443b36939fe4355f2011e3c0e9bf75f6.jpg | datasets\dataset_v3_clean_background\train\images\frame_20260504_005941_985035_jpg.rf.443b36939fe4355f2011e3c0e9bf75f6.jpg
EXACT_1302,EXACT_SHA256,3,datasets\dataset_v2_4defect\train\images\frame_20260504_005943_009049_jpg.rf.88245a5a32413aac146d4dd05331b072.jpg | datasets\dataset_v2_5class\train\images\frame_20260504_005943_009049_jpg.rf.88245a5a32413aac146d4dd05331b072.jpg | datasets\dataset_v3_clean_background\train\images\frame_20260504_005943_009049_jpg.rf.88245a5a32413aac146d4dd05331b072.jpg
EXACT_1303,EXACT_SHA256,3,datasets\dataset_v2_4defect\train\images\frame_20260504_005943_009049_jpg.rf.88245a5a32413aac146d4dd05331b072_aug_contrast_1.jpg | datasets\dataset_v2_5class\train\images\frame_20260504_005943_009049_jpg.rf.88245a5a32413aac146d4dd05331b072_aug_contrast_1.jpg | datasets\dataset_v3_clean_background\train\images\frame_20260504_005943_009049_jpg.rf.88245a5a32413aac146d4dd05331b072_aug_contrast_1.jpg
EXACT_1304,EXACT_SHA256,3,datasets\dataset_v2_4defect\train\images\frame_20260504_005943_009049_jpg.rf.88245a5a32413aac146d4dd05331b072_aug_hflip_0.jpg | datasets\dataset_v2_5class\train\images\frame_20260504_005943_009049_jpg.rf.88245a5a32413aac146d4dd05331b072_aug_hflip_0.jpg | datasets\dataset_v3_clean_background\train\images\frame_20260504_005943_009049_jpg.rf.88245a5a32413aac146d4dd05331b072_aug_hflip_0.jpg
EXACT_1305,EXACT_SHA256,3,datasets\dataset_v2_4defect\train\images\frame_20260504_005947_983602_jpg.rf.c7d7b049efca1ebde1fdc4bddf162778.jpg | datasets\dataset_v2_5class\train\images\frame_20260504_005947_983602_jpg.rf.c7d7b049efca1ebde1fdc4bddf162778.jpg | datasets\dataset_v3_clean_background\train\images\frame_20260504_005947_983602_jpg.rf.c7d7b049efca1ebde1fdc4bddf162778.jpg
EXACT_1306,EXACT_SHA256,3,datasets\dataset_v2_4defect\train\images\frame_20260504_005947_983602_jpg.rf.c7d7b049efca1ebde1fdc4bddf162778_aug_contrast_1.jpg | datasets\dataset_v2_5class\train\images\frame_20260504_005947_983602_jpg.rf.c7d7b049efca1ebde1fdc4bddf162778_aug_contrast_1.jpg | datasets\dataset_v3_clean_background\train\images\frame_20260504_005947_983602_jpg.rf.c7d7b049efca1ebde1fdc4bddf162778_aug_contrast_1.jpg
EXACT_1307,EXACT_SHA256,3,datasets\dataset_v2_4defect\train\images\frame_20260504_005947_983602_jpg.rf.c7d7b049efca1ebde1fdc4bddf162778_aug_hflip_0.jpg | datasets\dataset_v2_5class\train\images\frame_20260504_005947_983602_jpg.rf.c7d7b049efca1ebde1fdc4bddf162778_aug_hflip_0.jpg | datasets\dataset_v3_clean_background\train\images\frame_20260504_005947_983602_jpg.rf.c7d7b049efca1ebde1fdc4bddf162778_aug_hflip_0.jpg
EXACT_1308,EXACT_SHA256,3,datasets\dataset_v2_4defect\train\images\frame_20260504_005953_017942_jpg.rf.67f689a48067d68db170ccbb8c6a108c.jpg | datasets\dataset_v2_5class\train\images\frame_20260504_005953_017942_jpg.rf.67f689a48067d68db170ccbb8c6a108c.jpg | datasets\dataset_v3_clean_background\train\images\frame_20260504_005953_017942_jpg.rf.67f689a48067d68db170ccbb8c6a108c.jpg
EXACT_1309,EXACT_SHA256,3,datasets\dataset_v2_4defect\train\images\frame_20260504_005953_017942_jpg.rf.67f689a48067d68db170ccbb8c6a108c_aug_contrast_1.jpg | datasets\dataset_v2_5class\train\images\frame_20260504_005953_017942_jpg.rf.67f689a48067d68db170ccbb8c6a108c_aug_contrast_1.jpg | datasets\dataset_v3_clean_background\train\images\frame_20260504_005953_017942_jpg.rf.67f689a48067d68db170ccbb8c6a108c_aug_contrast_1.jpg
EXACT_1310,EXACT_SHA256,3,datasets\dataset_v2_4defect\train\images\frame_20260504_005953_017942_jpg.rf.67f689a48067d68db170ccbb8c6a108c_aug_hflip_0.jpg | datasets\dataset_v2_5class\train\images\frame_20260504_005953_017942_jpg.rf.67f689a48067d68db170ccbb8c6a108c_aug_hflip_0.jpg | datasets\dataset_v3_clean_background\train\images\frame_20260504_005953_017942_jpg.rf.67f689a48067d68db170ccbb8c6a108c_aug_hflip_0.jpg
EXACT_1311,EXACT_SHA256,3,datasets\dataset_v2_4defect\train\images\frame_20260504_010000_031685_jpg.rf.4c42401e60a1f06679913b960c101329.jpg | datasets\dataset_v2_5class\train\images\frame_20260504_010000_031685_jpg.rf.4c42401e60a1f06679913b960c101329.jpg | datasets\dataset_v3_clean_background\train\images\frame_20260504_010000_031685_jpg.rf.4c42401e60a1f06679913b960c101329.jpg
EXACT_1312,EXACT_SHA256,3,datasets\dataset_v2_4defect\train\images\frame_20260504_010000_031685_jpg.rf.4c42401e60a1f06679913b960c101329_aug_contrast_1.jpg | datasets\dataset_v2_5class\train\images\frame_20260504_010000_031685_jpg.rf.4c42401e60a1f06679913b960c101329_aug_contrast_1.jpg | datasets\dataset_v3_clean_background\train\images\frame_20260504_010000_031685_jpg.rf.4c42401e60a1f06679913b960c101329_aug_contrast_1.jpg
EXACT_1313,EXACT_SHA256,3,datasets\dataset_v2_4defect\train\images\frame_20260504_010000_031685_jpg.rf.4c42401e60a1f06679913b960c101329_aug_hflip_0.jpg | datasets\dataset_v2_5class\train\images\frame_20260504_010000_031685_jpg.rf.4c42401e60a1f06679913b960c101329_aug_hflip_0.jpg | datasets\dataset_v3_clean_background\train\images\frame_20260504_010000_031685_jpg.rf.4c42401e60a1f06679913b960c101329_aug_hflip_0.jpg
EXACT_1314,EXACT_SHA256,3,datasets\dataset_v2_4defect\train\images\frame_20260504_010001_005058_jpg.rf.7c329401c205a204bf6a9178329f2848.jpg | datasets\dataset_v2_5class\train\images\frame_20260504_010001_005058_jpg.rf.7c329401c205a204bf6a9178329f2848.jpg | datasets\dataset_v3_clean_background\train\images\frame_20260504_010001_005058_jpg.rf.7c329401c205a204bf6a9178329f2848.jpg
EXACT_1315,EXACT_SHA256,3,datasets\dataset_v2_4defect\train\images\frame_20260504_010001_005058_jpg.rf.7c329401c205a204bf6a9178329f2848_aug_contrast_3.jpg | datasets\dataset_v2_5class\train\images\frame_20260504_010001_005058_jpg.rf.7c329401c205a204bf6a9178329f2848_aug_contrast_3.jpg | datasets\dataset_v3_clean_background\train\images\frame_20260504_010001_005058_jpg.rf.7c329401c205a204bf6a9178329f2848_aug_contrast_3.jpg
EXACT_1316,EXACT_SHA256,3,datasets\dataset_v2_4defect\train\images\frame_20260504_010001_005058_jpg.rf.7c329401c205a204bf6a9178329f2848_aug_hflip_0.jpg | datasets\dataset_v2_5class\train\images\frame_20260504_010001_005058_jpg.rf.7c329401c205a204bf6a9178329f2848_aug_hflip_0.jpg | datasets\dataset_v3_clean_background\train\images\frame_20260504_010001_005058_jpg.rf.7c329401c205a204bf6a9178329f2848_aug_hflip_0.jpg
EXACT_1317,EXACT_SHA256,3,datasets\dataset_v2_4defect\train\images\frame_20260504_010001_005058_jpg.rf.7c329401c205a204bf6a9178329f2848_aug_hvflip_2.jpg | datasets\dataset_v2_5class\train\images\frame_20260504_010001_005058_jpg.rf.7c329401c205a204bf6a9178329f2848_aug_hvflip_2.jpg | datasets\dataset_v3_clean_background\train\images\frame_20260504_010001_005058_jpg.rf.7c329401c205a204bf6a9178329f2848_aug_hvflip_2.jpg
EXACT_1318,EXACT_SHA256,3,datasets\dataset_v2_4defect\train\images\frame_20260504_010001_005058_jpg.rf.7c329401c205a204bf6a9178329f2848_aug_vflip_1.jpg | datasets\dataset_v2_5class\train\images\frame_20260504_010001_005058_jpg.rf.7c329401c205a204bf6a9178329f2848_aug_vflip_1.jpg | datasets\dataset_v3_clean_background\train\images\frame_20260504_010001_005058_jpg.rf.7c329401c205a204bf6a9178329f2848_aug_vflip_1.jpg
EXACT_1319,EXACT_SHA256,3,datasets\dataset_v2_4defect\train\images\frame_20260504_010005_042922_jpg.rf.8e8f7ef5a02e465736fb7661a849fd26.jpg | datasets\dataset_v2_5class\train\images\frame_20260504_010005_042922_jpg.rf.8e8f7ef5a02e465736fb7661a849fd26.jpg | datasets\dataset_v3_clean_background\train\images\frame_20260504_010005_042922_jpg.rf.8e8f7ef5a02e465736fb7661a849fd26.jpg
EXACT_1320,EXACT_SHA256,3,datasets\dataset_v2_4defect\train\images\frame_20260504_010005_042922_jpg.rf.8e8f7ef5a02e465736fb7661a849fd26_aug_contrast_3.jpg | datasets\dataset_v2_5class\train\images\frame_20260504_010005_042922_jpg.rf.8e8f7ef5a02e465736fb7661a849fd26_aug_contrast_3.jpg | datasets\dataset_v3_clean_background\train\images\frame_20260504_010005_042922_jpg.rf.8e8f7ef5a02e465736fb7661a849fd26_aug_contrast_3.jpg
EXACT_1321,EXACT_SHA256,3,datasets\dataset_v2_4defect\train\images\frame_20260504_010005_042922_jpg.rf.8e8f7ef5a02e465736fb7661a849fd26_aug_hflip_0.jpg | datasets\dataset_v2_5class\train\images\frame_20260504_010005_042922_jpg.rf.8e8f7ef5a02e465736fb7661a849fd26_aug_hflip_0.jpg | datasets\dataset_v3_clean_background\train\images\frame_20260504_010005_042922_jpg.rf.8e8f7ef5a02e465736fb7661a849fd26_aug_hflip_0.jpg
EXACT_1322,EXACT_SHA256,3,datasets\dataset_v2_4defect\train\images\frame_20260504_010005_042922_jpg.rf.8e8f7ef5a02e465736fb7661a849fd26_aug_hvflip_2.jpg | datasets\dataset_v2_5class\train\images\frame_20260504_010005_042922_jpg.rf.8e8f7ef5a02e465736fb7661a849fd26_aug_hvflip_2.jpg | datasets\dataset_v3_clean_background\train\images\frame_20260504_010005_042922_jpg.rf.8e8f7ef5a02e465736fb7661a849fd26_aug_hvflip_2.jpg
EXACT_1323,EXACT_SHA256,3,datasets\dataset_v2_4defect\train\images\frame_20260504_010005_042922_jpg.rf.8e8f7ef5a02e465736fb7661a849fd26_aug_vflip_1.jpg | datasets\dataset_v2_5class\train\images\frame_20260504_010005_042922_jpg.rf.8e8f7ef5a02e465736fb7661a849fd26_aug_vflip_1.jpg | datasets\dataset_v3_clean_background\train\images\frame_20260504_010005_042922_jpg.rf.8e8f7ef5a02e465736fb7661a849fd26_aug_vflip_1.jpg
EXACT_1324,EXACT_SHA256,3,datasets\dataset_v2_4defect\train\images\frame_20260504_010006_032398_jpg.rf.37575219fd5d997c215990c04c49943a.jpg | datasets\dataset_v2_5class\train\images\frame_20260504_010006_032398_jpg.rf.37575219fd5d997c215990c04c49943a.jpg | datasets\dataset_v3_clean_background\train\images\frame_20260504_010006_032398_jpg.rf.37575219fd5d997c215990c04c49943a.jpg
EXACT_1325,EXACT_SHA256,3,datasets\dataset_v2_4defect\train\images\frame_20260504_010012_028519_jpg.rf.61c435c802a330caa19ad1eedc184a93.jpg | datasets\dataset_v2_5class\train\images\frame_20260504_010012_028519_jpg.rf.61c435c802a330caa19ad1eedc184a93.jpg | datasets\dataset_v3_clean_background\train\images\frame_20260504_010012_028519_jpg.rf.61c435c802a330caa19ad1eedc184a93.jpg
EXACT_1326,EXACT_SHA256,3,datasets\dataset_v2_4defect\train\images\frame_20260504_010012_028519_jpg.rf.61c435c802a330caa19ad1eedc184a93_aug_contrast_1.jpg | datasets\dataset_v2_5class\train\images\frame_20260504_010012_028519_jpg.rf.61c435c802a330caa19ad1eedc184a93_aug_contrast_1.jpg | datasets\dataset_v3_clean_background\train\images\frame_20260504_010012_028519_jpg.rf.61c435c802a330caa19ad1eedc184a93_aug_contrast_1.jpg
EXACT_1327,EXACT_SHA256,3,datasets\dataset_v2_4defect\train\images\frame_20260504_010012_028519_jpg.rf.61c435c802a330caa19ad1eedc184a93_aug_hflip_0.jpg | datasets\dataset_v2_5class\train\images\frame_20260504_010012_028519_jpg.rf.61c435c802a330caa19ad1eedc184a93_aug_hflip_0.jpg | datasets\dataset_v3_clean_background\train\images\frame_20260504_010012_028519_jpg.rf.61c435c802a330caa19ad1eedc184a93_aug_hflip_0.jpg
EXACT_1328,EXACT_SHA256,3,datasets\dataset_v2_4defect\train\images\frame_20260504_010016_019268_jpg.rf.2539841ae4c0e74bf8e48dab700db809.jpg | datasets\dataset_v2_5class\train\images\frame_20260504_010016_019268_jpg.rf.2539841ae4c0e74bf8e48dab700db809.jpg | datasets\dataset_v3_clean_background\train\images\frame_20260504_010016_019268_jpg.rf.2539841ae4c0e74bf8e48dab700db809.jpg
EXACT_1329,EXACT_SHA256,3,datasets\dataset_v2_4defect\train\images\frame_20260504_010016_019268_jpg.rf.2539841ae4c0e74bf8e48dab700db809_aug_contrast_3.jpg | datasets\dataset_v2_5class\train\images\frame_20260504_010016_019268_jpg.rf.2539841ae4c0e74bf8e48dab700db809_aug_contrast_3.jpg | datasets\dataset_v3_clean_background\train\images\frame_20260504_010016_019268_jpg.rf.2539841ae4c0e74bf8e48dab700db809_aug_contrast_3.jpg
EXACT_1330,EXACT_SHA256,3,datasets\dataset_v2_4defect\train\images\frame_20260504_010016_019268_jpg.rf.2539841ae4c0e74bf8e48dab700db809_aug_hflip_0.jpg | datasets\dataset_v2_5class\train\images\frame_20260504_010016_019268_jpg.rf.2539841ae4c0e74bf8e48dab700db809_aug_hflip_0.jpg | datasets\dataset_v3_clean_background\train\images\frame_20260504_010016_019268_jpg.rf.2539841ae4c0e74bf8e48dab700db809_aug_hflip_0.jpg
EXACT_1331,EXACT_SHA256,3,datasets\dataset_v2_4defect\train\images\frame_20260504_010016_019268_jpg.rf.2539841ae4c0e74bf8e48dab700db809_aug_hvflip_2.jpg | datasets\dataset_v2_5class\train\images\frame_20260504_010016_019268_jpg.rf.2539841ae4c0e74bf8e48dab700db809_aug_hvflip_2.jpg | datasets\dataset_v3_clean_background\train\images\frame_20260504_010016_019268_jpg.rf.2539841ae4c0e74bf8e48dab700db809_aug_hvflip_2.jpg
EXACT_1332,EXACT_SHA256,3,datasets\dataset_v2_4defect\train\images\frame_20260504_010016_019268_jpg.rf.2539841ae4c0e74bf8e48dab700db809_aug_vflip_1.jpg | datasets\dataset_v2_5class\train\images\frame_20260504_010016_019268_jpg.rf.2539841ae4c0e74bf8e48dab700db809_aug_vflip_1.jpg | datasets\dataset_v3_clean_background\train\images\frame_20260504_010016_019268_jpg.rf.2539841ae4c0e74bf8e48dab700db809_aug_vflip_1.jpg
EXACT_1333,EXACT_SHA256,3,datasets\dataset_v2_4defect\train\images\frame_20260504_010018_027444_jpg.rf.8510104267ddef297955ae65deae9091.jpg | datasets\dataset_v2_5class\train\images\frame_20260504_010018_027444_jpg.rf.8510104267ddef297955ae65deae9091.jpg | datasets\dataset_v3_clean_background\train\images\frame_20260504_010018_027444_jpg.rf.8510104267ddef297955ae65deae9091.jpg
EXACT_1334,EXACT_SHA256,3,datasets\dataset_v2_4defect\train\images\frame_20260504_010018_027444_jpg.rf.8510104267ddef297955ae65deae9091_aug_contrast_1.jpg | datasets\dataset_v2_5class\train\images\frame_20260504_010018_027444_jpg.rf.8510104267ddef297955ae65deae9091_aug_contrast_1.jpg | datasets\dataset_v3_clean_background\train\images\frame_20260504_010018_027444_jpg.rf.8510104267ddef297955ae65deae9091_aug_contrast_1.jpg
EXACT_1335,EXACT_SHA256,3,datasets\dataset_v2_4defect\train\images\frame_20260504_010018_027444_jpg.rf.8510104267ddef297955ae65deae9091_aug_hflip_0.jpg | datasets\dataset_v2_5class\train\images\frame_20260504_010018_027444_jpg.rf.8510104267ddef297955ae65deae9091_aug_hflip_0.jpg | datasets\dataset_v3_clean_background\train\images\frame_20260504_010018_027444_jpg.rf.8510104267ddef297955ae65deae9091_aug_hflip_0.jpg
EXACT_1336,EXACT_SHA256,3,datasets\dataset_v2_4defect\train\images\frame_20260504_010334_915906_jpg.rf.b26a015e7925de38b8df19c97654de1f.jpg | datasets\dataset_v2_5class\train\images\frame_20260504_010334_915906_jpg.rf.b26a015e7925de38b8df19c97654de1f.jpg | datasets\dataset_v3_clean_background\train\images\frame_20260504_010334_915906_jpg.rf.b26a015e7925de38b8df19c97654de1f.jpg
EXACT_1337,EXACT_SHA256,3,datasets\dataset_v2_4defect\train\images\frame_20260504_010334_915906_jpg.rf.b26a015e7925de38b8df19c97654de1f_aug_contrast_1.jpg | datasets\dataset_v2_5class\train\images\frame_20260504_010334_915906_jpg.rf.b26a015e7925de38b8df19c97654de1f_aug_contrast_1.jpg | datasets\dataset_v3_clean_background\train\images\frame_20260504_010334_915906_jpg.rf.b26a015e7925de38b8df19c97654de1f_aug_contrast_1.jpg
EXACT_1338,EXACT_SHA256,3,datasets\dataset_v2_4defect\train\images\frame_20260504_010334_915906_jpg.rf.b26a015e7925de38b8df19c97654de1f_aug_hflip_0.jpg | datasets\dataset_v2_5class\train\images\frame_20260504_010334_915906_jpg.rf.b26a015e7925de38b8df19c97654de1f_aug_hflip_0.jpg | datasets\dataset_v3_clean_background\train\images\frame_20260504_010334_915906_jpg.rf.b26a015e7925de38b8df19c97654de1f_aug_hflip_0.jpg
EXACT_1339,EXACT_SHA256,3,datasets\dataset_v2_4defect\train\images\frame_20260504_010339_907935_jpg.rf.db46cdecb60d2baf496b8db2d7df74fb.jpg | datasets\dataset_v2_5class\train\images\frame_20260504_010339_907935_jpg.rf.db46cdecb60d2baf496b8db2d7df74fb.jpg | datasets\dataset_v3_clean_background\train\images\frame_20260504_010339_907935_jpg.rf.db46cdecb60d2baf496b8db2d7df74fb.jpg
EXACT_1340,EXACT_SHA256,3,datasets\dataset_v2_4defect\train\images\frame_20260504_010339_907935_jpg.rf.db46cdecb60d2baf496b8db2d7df74fb_aug_contrast_1.jpg | datasets\dataset_v2_5class\train\images\frame_20260504_010339_907935_jpg.rf.db46cdecb60d2baf496b8db2d7df74fb_aug_contrast_1.jpg | datasets\dataset_v3_clean_background\train\images\frame_20260504_010339_907935_jpg.rf.db46cdecb60d2baf496b8db2d7df74fb_aug_contrast_1.jpg
EXACT_1341,EXACT_SHA256,3,datasets\dataset_v2_4defect\train\images\frame_20260504_010339_907935_jpg.rf.db46cdecb60d2baf496b8db2d7df74fb_aug_hflip_0.jpg | datasets\dataset_v2_5class\train\images\frame_20260504_010339_907935_jpg.rf.db46cdecb60d2baf496b8db2d7df74fb_aug_hflip_0.jpg | datasets\dataset_v3_clean_background\train\images\frame_20260504_010339_907935_jpg.rf.db46cdecb60d2baf496b8db2d7df74fb_aug_hflip_0.jpg
EXACT_1342,EXACT_SHA256,3,datasets\dataset_v2_4defect\train\images\frame_20260504_010345_901782_jpg.rf.746a825b6596cd482a8b9c2b53e435a3.jpg | datasets\dataset_v2_5class\train\images\frame_20260504_010345_901782_jpg.rf.746a825b6596cd482a8b9c2b53e435a3.jpg | datasets\dataset_v3_clean_background\train\images\frame_20260504_010345_901782_jpg.rf.746a825b6596cd482a8b9c2b53e435a3.jpg
EXACT_1343,EXACT_SHA256,3,datasets\dataset_v2_4defect\train\images\frame_20260504_010345_901782_jpg.rf.746a825b6596cd482a8b9c2b53e435a3_aug_contrast_3.jpg | datasets\dataset_v2_5class\train\images\frame_20260504_010345_901782_jpg.rf.746a825b6596cd482a8b9c2b53e435a3_aug_contrast_3.jpg | datasets\dataset_v3_clean_background\train\images\frame_20260504_010345_901782_jpg.rf.746a825b6596cd482a8b9c2b53e435a3_aug_contrast_3.jpg
EXACT_1344,EXACT_SHA256,3,datasets\dataset_v2_4defect\train\images\frame_20260504_010345_901782_jpg.rf.746a825b6596cd482a8b9c2b53e435a3_aug_hflip_0.jpg | datasets\dataset_v2_5class\train\images\frame_20260504_010345_901782_jpg.rf.746a825b6596cd482a8b9c2b53e435a3_aug_hflip_0.jpg | datasets\dataset_v3_clean_background\train\images\frame_20260504_010345_901782_jpg.rf.746a825b6596cd482a8b9c2b53e435a3_aug_hflip_0.jpg
EXACT_1345,EXACT_SHA256,3,datasets\dataset_v2_4defect\train\images\frame_20260504_010345_901782_jpg.rf.746a825b6596cd482a8b9c2b53e435a3_aug_hvflip_2.jpg | datasets\dataset_v2_5class\train\images\frame_20260504_010345_901782_jpg.rf.746a825b6596cd482a8b9c2b53e435a3_aug_hvflip_2.jpg | datasets\dataset_v3_clean_background\train\images\frame_20260504_010345_901782_jpg.rf.746a825b6596cd482a8b9c2b53e435a3_aug_hvflip_2.jpg
EXACT_1346,EXACT_SHA256,3,datasets\dataset_v2_4defect\train\images\frame_20260504_010345_901782_jpg.rf.746a825b6596cd482a8b9c2b53e435a3_aug_vflip_1.jpg | datasets\dataset_v2_5class\train\images\frame_20260504_010345_901782_jpg.rf.746a825b6596cd482a8b9c2b53e435a3_aug_vflip_1.jpg | datasets\dataset_v3_clean_background\train\images\frame_20260504_010345_901782_jpg.rf.746a825b6596cd482a8b9c2b53e435a3_aug_vflip_1.jpg
EXACT_1347,EXACT_SHA256,3,datasets\dataset_v2_4defect\train\images\frame_20260504_010348_906249_jpg.rf.f25feacd925258ae5102d7b3189c792e.jpg | datasets\dataset_v2_5class\train\images\frame_20260504_010348_906249_jpg.rf.f25feacd925258ae5102d7b3189c792e.jpg | datasets\dataset_v3_clean_background\train\images\frame_20260504_010348_906249_jpg.rf.f25feacd925258ae5102d7b3189c792e.jpg
EXACT_1348,EXACT_SHA256,3,datasets\dataset_v2_4defect\train\images\frame_20260504_010348_906249_jpg.rf.f25feacd925258ae5102d7b3189c792e_aug_contrast_1.jpg | datasets\dataset_v2_5class\train\images\frame_20260504_010348_906249_jpg.rf.f25feacd925258ae5102d7b3189c792e_aug_contrast_1.jpg | datasets\dataset_v3_clean_background\train\images\frame_20260504_010348_906249_jpg.rf.f25feacd925258ae5102d7b3189c792e_aug_contrast_1.jpg
EXACT_1349,EXACT_SHA256,3,datasets\dataset_v2_4defect\train\images\frame_20260504_010348_906249_jpg.rf.f25feacd925258ae5102d7b3189c792e_aug_hflip_0.jpg | datasets\dataset_v2_5class\train\images\frame_20260504_010348_906249_jpg.rf.f25feacd925258ae5102d7b3189c792e_aug_hflip_0.jpg | datasets\dataset_v3_clean_background\train\images\frame_20260504_010348_906249_jpg.rf.f25feacd925258ae5102d7b3189c792e_aug_hflip_0.jpg
EXACT_1350,EXACT_SHA256,3,datasets\dataset_v2_4defect\train\images\frame_20260504_010350_894749_jpg.rf.15e18fe6c9e419ed3afd37c71e93c125.jpg | datasets\dataset_v2_5class\train\images\frame_20260504_010350_894749_jpg.rf.15e18fe6c9e419ed3afd37c71e93c125.jpg | datasets\dataset_v3_clean_background\train\images\frame_20260504_010350_894749_jpg.rf.15e18fe6c9e419ed3afd37c71e93c125.jpg
EXACT_1351,EXACT_SHA256,3,datasets\dataset_v2_4defect\train\images\frame_20260504_010350_894749_jpg.rf.15e18fe6c9e419ed3afd37c71e93c125_aug_contrast_2.jpg | datasets\dataset_v2_5class\train\images\frame_20260504_010350_894749_jpg.rf.15e18fe6c9e419ed3afd37c71e93c125_aug_contrast_2.jpg | datasets\dataset_v3_clean_background\train\images\frame_20260504_010350_894749_jpg.rf.15e18fe6c9e419ed3afd37c71e93c125_aug_contrast_2.jpg
EXACT_1352,EXACT_SHA256,3,datasets\dataset_v2_4defect\train\images\frame_20260504_010350_894749_jpg.rf.15e18fe6c9e419ed3afd37c71e93c125_aug_hflip_0.jpg | datasets\dataset_v2_5class\train\images\frame_20260504_010350_894749_jpg.rf.15e18fe6c9e419ed3afd37c71e93c125_aug_hflip_0.jpg | datasets\dataset_v3_clean_background\train\images\frame_20260504_010350_894749_jpg.rf.15e18fe6c9e419ed3afd37c71e93c125_aug_hflip_0.jpg
EXACT_1353,EXACT_SHA256,3,datasets\dataset_v2_4defect\train\images\frame_20260504_010350_894749_jpg.rf.15e18fe6c9e419ed3afd37c71e93c125_aug_vflip_1.jpg | datasets\dataset_v2_5class\train\images\frame_20260504_010350_894749_jpg.rf.15e18fe6c9e419ed3afd37c71e93c125_aug_vflip_1.jpg | datasets\dataset_v3_clean_background\train\images\frame_20260504_010350_894749_jpg.rf.15e18fe6c9e419ed3afd37c71e93c125_aug_vflip_1.jpg
EXACT_1354,EXACT_SHA256,3,datasets\dataset_v2_4defect\train\images\frame_20260504_010352_906660_jpg.rf.b63c8898f86df0a09260efc803d15247.jpg | datasets\dataset_v2_5class\train\images\frame_20260504_010352_906660_jpg.rf.b63c8898f86df0a09260efc803d15247.jpg | datasets\dataset_v3_clean_background\train\images\frame_20260504_010352_906660_jpg.rf.b63c8898f86df0a09260efc803d15247.jpg
EXACT_1355,EXACT_SHA256,3,datasets\dataset_v2_4defect\train\images\frame_20260504_010353_895335_jpg.rf.d339c892c6d1d0625aefec9eafc61439.jpg | datasets\dataset_v2_5class\train\images\frame_20260504_010353_895335_jpg.rf.d339c892c6d1d0625aefec9eafc61439.jpg | datasets\dataset_v3_clean_background\train\images\frame_20260504_010353_895335_jpg.rf.d339c892c6d1d0625aefec9eafc61439.jpg
EXACT_1356,EXACT_SHA256,3,datasets\dataset_v2_4defect\train\images\frame_20260504_010355_923881_jpg.rf.0e41f50a10898b67991bc824c83614ea.jpg | datasets\dataset_v2_5class\train\images\frame_20260504_010355_923881_jpg.rf.0e41f50a10898b67991bc824c83614ea.jpg | datasets\dataset_v3_clean_background\train\images\frame_20260504_010355_923881_jpg.rf.0e41f50a10898b67991bc824c83614ea.jpg
EXACT_1357,EXACT_SHA256,3,datasets\dataset_v2_4defect\train\images\frame_20260504_010356_918602_jpg.rf.5b44d5c8beb9abaea665574af1f508dc.jpg | datasets\dataset_v2_5class\train\images\frame_20260504_010356_918602_jpg.rf.5b44d5c8beb9abaea665574af1f508dc.jpg | datasets\dataset_v3_clean_background\train\images\frame_20260504_010356_918602_jpg.rf.5b44d5c8beb9abaea665574af1f508dc.jpg
EXACT_1358,EXACT_SHA256,3,datasets\dataset_v2_4defect\train\images\frame_20260504_010356_918602_jpg.rf.5b44d5c8beb9abaea665574af1f508dc_aug_contrast_3.jpg | datasets\dataset_v2_5class\train\images\frame_20260504_010356_918602_jpg.rf.5b44d5c8beb9abaea665574af1f508dc_aug_contrast_3.jpg | datasets\dataset_v3_clean_background\train\images\frame_20260504_010356_918602_jpg.rf.5b44d5c8beb9abaea665574af1f508dc_aug_contrast_3.jpg
EXACT_1359,EXACT_SHA256,3,datasets\dataset_v2_4defect\train\images\frame_20260504_010356_918602_jpg.rf.5b44d5c8beb9abaea665574af1f508dc_aug_hflip_0.jpg | datasets\dataset_v2_5class\train\images\frame_20260504_010356_918602_jpg.rf.5b44d5c8beb9abaea665574af1f508dc_aug_hflip_0.jpg | datasets\dataset_v3_clean_background\train\images\frame_20260504_010356_918602_jpg.rf.5b44d5c8beb9abaea665574af1f508dc_aug_hflip_0.jpg
EXACT_1360,EXACT_SHA256,3,datasets\dataset_v2_4defect\train\images\frame_20260504_010356_918602_jpg.rf.5b44d5c8beb9abaea665574af1f508dc_aug_hvflip_2.jpg | datasets\dataset_v2_5class\train\images\frame_20260504_010356_918602_jpg.rf.5b44d5c8beb9abaea665574af1f508dc_aug_hvflip_2.jpg | datasets\dataset_v3_clean_background\train\images\frame_20260504_010356_918602_jpg.rf.5b44d5c8beb9abaea665574af1f508dc_aug_hvflip_2.jpg
EXACT_1361,EXACT_SHA256,3,datasets\dataset_v2_4defect\train\images\frame_20260504_010356_918602_jpg.rf.5b44d5c8beb9abaea665574af1f508dc_aug_vflip_1.jpg | datasets\dataset_v2_5class\train\images\frame_20260504_010356_918602_jpg.rf.5b44d5c8beb9abaea665574af1f508dc_aug_vflip_1.jpg | datasets\dataset_v3_clean_background\train\images\frame_20260504_010356_918602_jpg.rf.5b44d5c8beb9abaea665574af1f508dc_aug_vflip_1.jpg
EXACT_1362,EXACT_SHA256,3,datasets\dataset_v2_4defect\train\images\frame_20260504_010359_918819_jpg.rf.6e70b5fc0c0f23d7744b36498aa6744b.jpg | datasets\dataset_v2_5class\train\images\frame_20260504_010359_918819_jpg.rf.6e70b5fc0c0f23d7744b36498aa6744b.jpg | datasets\dataset_v3_clean_background\train\images\frame_20260504_010359_918819_jpg.rf.6e70b5fc0c0f23d7744b36498aa6744b.jpg
EXACT_1363,EXACT_SHA256,3,datasets\dataset_v2_4defect\train\images\frame_20260504_010359_918819_jpg.rf.6e70b5fc0c0f23d7744b36498aa6744b_aug_contrast_1.jpg | datasets\dataset_v2_5class\train\images\frame_20260504_010359_918819_jpg.rf.6e70b5fc0c0f23d7744b36498aa6744b_aug_contrast_1.jpg | datasets\dataset_v3_clean_background\train\images\frame_20260504_010359_918819_jpg.rf.6e70b5fc0c0f23d7744b36498aa6744b_aug_contrast_1.jpg
EXACT_1364,EXACT_SHA256,3,datasets\dataset_v2_4defect\train\images\frame_20260504_010359_918819_jpg.rf.6e70b5fc0c0f23d7744b36498aa6744b_aug_hflip_0.jpg | datasets\dataset_v2_5class\train\images\frame_20260504_010359_918819_jpg.rf.6e70b5fc0c0f23d7744b36498aa6744b_aug_hflip_0.jpg | datasets\dataset_v3_clean_background\train\images\frame_20260504_010359_918819_jpg.rf.6e70b5fc0c0f23d7744b36498aa6744b_aug_hflip_0.jpg
EXACT_1365,EXACT_SHA256,3,datasets\dataset_v2_4defect\train\images\frame_20260504_010400_915458_jpg.rf.bffe6cf12a2a31a37ceb34c71bc25a8f.jpg | datasets\dataset_v2_5class\train\images\frame_20260504_010400_915458_jpg.rf.bffe6cf12a2a31a37ceb34c71bc25a8f.jpg | datasets\dataset_v3_clean_background\train\images\frame_20260504_010400_915458_jpg.rf.bffe6cf12a2a31a37ceb34c71bc25a8f.jpg
EXACT_1366,EXACT_SHA256,3,datasets\dataset_v2_4defect\train\images\frame_20260504_010400_915458_jpg.rf.bffe6cf12a2a31a37ceb34c71bc25a8f_aug_contrast_3.jpg | datasets\dataset_v2_5class\train\images\frame_20260504_010400_915458_jpg.rf.bffe6cf12a2a31a37ceb34c71bc25a8f_aug_contrast_3.jpg | datasets\dataset_v3_clean_background\train\images\frame_20260504_010400_915458_jpg.rf.bffe6cf12a2a31a37ceb34c71bc25a8f_aug_contrast_3.jpg
EXACT_1367,EXACT_SHA256,3,datasets\dataset_v2_4defect\train\images\frame_20260504_010400_915458_jpg.rf.bffe6cf12a2a31a37ceb34c71bc25a8f_aug_hflip_0.jpg | datasets\dataset_v2_5class\train\images\frame_20260504_010400_915458_jpg.rf.bffe6cf12a2a31a37ceb34c71bc25a8f_aug_hflip_0.jpg | datasets\dataset_v3_clean_background\train\images\frame_20260504_010400_915458_jpg.rf.bffe6cf12a2a31a37ceb34c71bc25a8f_aug_hflip_0.jpg
EXACT_1368,EXACT_SHA256,3,datasets\dataset_v2_4defect\train\images\frame_20260504_010400_915458_jpg.rf.bffe6cf12a2a31a37ceb34c71bc25a8f_aug_hvflip_2.jpg | datasets\dataset_v2_5class\train\images\frame_20260504_010400_915458_jpg.rf.bffe6cf12a2a31a37ceb34c71bc25a8f_aug_hvflip_2.jpg | datasets\dataset_v3_clean_background\train\images\frame_20260504_010400_915458_jpg.rf.bffe6cf12a2a31a37ceb34c71bc25a8f_aug_hvflip_2.jpg
EXACT_1369,EXACT_SHA256,3,datasets\dataset_v2_4defect\train\images\frame_20260504_010400_915458_jpg.rf.bffe6cf12a2a31a37ceb34c71bc25a8f_aug_vflip_1.jpg | datasets\dataset_v2_5class\train\images\frame_20260504_010400_915458_jpg.rf.bffe6cf12a2a31a37ceb34c71bc25a8f_aug_vflip_1.jpg | datasets\dataset_v3_clean_background\train\images\frame_20260504_010400_915458_jpg.rf.bffe6cf12a2a31a37ceb34c71bc25a8f_aug_vflip_1.jpg
EXACT_1370,EXACT_SHA256,3,datasets\dataset_v2_4defect\val\images\frame_00000_jpg.rf.9430a444971e2dd5cae0636ba9e7ddbb.jpg | datasets\dataset_v2_5class\val\images\frame_00000_jpg.rf.9430a444971e2dd5cae0636ba9e7ddbb.jpg | datasets\dataset_v3_clean_background\val\images\frame_00000_jpg.rf.9430a444971e2dd5cae0636ba9e7ddbb.jpg
EXACT_1371,EXACT_SHA256,3,datasets\dataset_v2_4defect\val\images\frame_00000_jpg.rf.a2ee0d4a3fc2adb8f97c3b8198a98f46.jpg | datasets\dataset_v2_5class\val\images\frame_00000_jpg.rf.a2ee0d4a3fc2adb8f97c3b8198a98f46.jpg | datasets\dataset_v3_clean_background\val\images\frame_00000_jpg.rf.a2ee0d4a3fc2adb8f97c3b8198a98f46.jpg
EXACT_1372,EXACT_SHA256,3,datasets\dataset_v2_4defect\val\images\frame_00000_jpg.rf.a2ee0d4a3fc2adb8f97c3b8198a98f46_aug_contrast_1.jpg | datasets\dataset_v2_5class\val\images\frame_00000_jpg.rf.a2ee0d4a3fc2adb8f97c3b8198a98f46_aug_contrast_1.jpg | datasets\dataset_v3_clean_background\val\images\frame_00000_jpg.rf.a2ee0d4a3fc2adb8f97c3b8198a98f46_aug_contrast_1.jpg
EXACT_1373,EXACT_SHA256,3,datasets\dataset_v2_4defect\val\images\frame_00000_jpg.rf.a2ee0d4a3fc2adb8f97c3b8198a98f46_aug_hflip_0.jpg | datasets\dataset_v2_5class\val\images\frame_00000_jpg.rf.a2ee0d4a3fc2adb8f97c3b8198a98f46_aug_hflip_0.jpg | datasets\dataset_v3_clean_background\val\images\frame_00000_jpg.rf.a2ee0d4a3fc2adb8f97c3b8198a98f46_aug_hflip_0.jpg
EXACT_1374,EXACT_SHA256,3,datasets\dataset_v2_4defect\val\images\frame_00000_jpg.rf.b25756bb2ec71f1b58fd784c46a72cf8.jpg | datasets\dataset_v2_5class\val\images\frame_00000_jpg.rf.b25756bb2ec71f1b58fd784c46a72cf8.jpg | datasets\dataset_v3_clean_background\val\images\frame_00000_jpg.rf.b25756bb2ec71f1b58fd784c46a72cf8.jpg
EXACT_1375,EXACT_SHA256,3,datasets\dataset_v2_4defect\val\images\frame_00000_jpg.rf.b25756bb2ec71f1b58fd784c46a72cf8_aug_contrast_3.jpg | datasets\dataset_v2_5class\val\images\frame_00000_jpg.rf.b25756bb2ec71f1b58fd784c46a72cf8_aug_contrast_3.jpg | datasets\dataset_v3_clean_background\val\images\frame_00000_jpg.rf.b25756bb2ec71f1b58fd784c46a72cf8_aug_contrast_3.jpg
EXACT_1376,EXACT_SHA256,3,datasets\dataset_v2_4defect\val\images\frame_00000_jpg.rf.b25756bb2ec71f1b58fd784c46a72cf8_aug_hflip_0.jpg | datasets\dataset_v2_5class\val\images\frame_00000_jpg.rf.b25756bb2ec71f1b58fd784c46a72cf8_aug_hflip_0.jpg | datasets\dataset_v3_clean_background\val\images\frame_00000_jpg.rf.b25756bb2ec71f1b58fd784c46a72cf8_aug_hflip_0.jpg
EXACT_1377,EXACT_SHA256,3,datasets\dataset_v2_4defect\val\images\frame_00000_jpg.rf.b25756bb2ec71f1b58fd784c46a72cf8_aug_hvflip_2.jpg | datasets\dataset_v2_5class\val\images\frame_00000_jpg.rf.b25756bb2ec71f1b58fd784c46a72cf8_aug_hvflip_2.jpg | datasets\dataset_v3_clean_background\val\images\frame_00000_jpg.rf.b25756bb2ec71f1b58fd784c46a72cf8_aug_hvflip_2.jpg
EXACT_1378,EXACT_SHA256,3,datasets\dataset_v2_4defect\val\images\frame_00000_jpg.rf.b25756bb2ec71f1b58fd784c46a72cf8_aug_vflip_1.jpg | datasets\dataset_v2_5class\val\images\frame_00000_jpg.rf.b25756bb2ec71f1b58fd784c46a72cf8_aug_vflip_1.jpg | datasets\dataset_v3_clean_background\val\images\frame_00000_jpg.rf.b25756bb2ec71f1b58fd784c46a72cf8_aug_vflip_1.jpg
EXACT_1379,EXACT_SHA256,10,datasets\dataset_v2_4defect\val\images\frame_00012_jpg.rf.0bccc92f2975e1b5d666489e29c08648.jpg | datasets\dataset_v2_5class\val\images\frame_00012_jpg.rf.0bccc92f2975e1b5d666489e29c08648.jpg | datasets\dataset_v3_clean_background\val\images\frame_00012_jpg.rf.0bccc92f2975e1b5d666489e29c08648.jpg | demo_images\frame_00012_jpg.rf.0bccc92f2975e1b5d666489e29c08648.jpg | golden_test_images\frame_00012_jpg.rf.0bccc92f2975e1b5d666489e29c08648.jpg | known_defect_tests\belt_splice_4_frame_00012_jpg.rf.0bccc92f2975e1b5d666489e29c08648.jpg | known_defect_tests\normal_belt_3_frame_00012_jpg.rf.0bccc92f2975e1b5d666489e29c08648.jpg | known_defect_tests\slight_scratch_1_frame_00012_jpg.rf.0bccc92f2975e1b5d666489e29c08648.jpg | real_world_test\frame_00012_jpg.rf.0bccc92f2975e1b5d666489e29c08648.jpg | real_world_test\REAL_BELT_SPLICE\frame_00012_jpg.rf.0bccc92f2975e1b5d666489e29c08648.jpg
EXACT_1380,EXACT_SHA256,3,datasets\dataset_v2_4defect\val\images\frame_00012_jpg.rf.0d8466686c462b0fa8ab27361226f251.jpg | datasets\dataset_v2_5class\val\images\frame_00012_jpg.rf.0d8466686c462b0fa8ab27361226f251.jpg | datasets\dataset_v3_clean_background\val\images\frame_00012_jpg.rf.0d8466686c462b0fa8ab27361226f251.jpg
EXACT_1381,EXACT_SHA256,3,datasets\dataset_v2_4defect\val\images\frame_00012_jpg.rf.0d8466686c462b0fa8ab27361226f251_aug_contrast_2.jpg | datasets\dataset_v2_5class\val\images\frame_00012_jpg.rf.0d8466686c462b0fa8ab27361226f251_aug_contrast_2.jpg | datasets\dataset_v3_clean_background\val\images\frame_00012_jpg.rf.0d8466686c462b0fa8ab27361226f251_aug_contrast_2.jpg
EXACT_1382,EXACT_SHA256,3,datasets\dataset_v2_4defect\val\images\frame_00012_jpg.rf.0d8466686c462b0fa8ab27361226f251_aug_hflip_0.jpg | datasets\dataset_v2_5class\val\images\frame_00012_jpg.rf.0d8466686c462b0fa8ab27361226f251_aug_hflip_0.jpg | datasets\dataset_v3_clean_background\val\images\frame_00012_jpg.rf.0d8466686c462b0fa8ab27361226f251_aug_hflip_0.jpg
EXACT_1383,EXACT_SHA256,3,datasets\dataset_v2_4defect\val\images\frame_00012_jpg.rf.0d8466686c462b0fa8ab27361226f251_aug_vflip_1.jpg | datasets\dataset_v2_5class\val\images\frame_00012_jpg.rf.0d8466686c462b0fa8ab27361226f251_aug_vflip_1.jpg | datasets\dataset_v3_clean_background\val\images\frame_00012_jpg.rf.0d8466686c462b0fa8ab27361226f251_aug_vflip_1.jpg
EXACT_1384,EXACT_SHA256,3,datasets\dataset_v2_4defect\val\images\frame_00016_jpg.rf.611b1cd4f2359529a8618069ae363223.jpg | datasets\dataset_v2_5class\val\images\frame_00016_jpg.rf.611b1cd4f2359529a8618069ae363223.jpg | datasets\dataset_v3_clean_background\val\images\frame_00016_jpg.rf.611b1cd4f2359529a8618069ae363223.jpg
EXACT_1385,EXACT_SHA256,3,datasets\dataset_v2_4defect\val\images\frame_00016_jpg.rf.611b1cd4f2359529a8618069ae363223_aug_contrast_1.jpg | datasets\dataset_v2_5class\val\images\frame_00016_jpg.rf.611b1cd4f2359529a8618069ae363223_aug_contrast_1.jpg | datasets\dataset_v3_clean_background\val\images\frame_00016_jpg.rf.611b1cd4f2359529a8618069ae363223_aug_contrast_1.jpg
EXACT_1386,EXACT_SHA256,3,datasets\dataset_v2_4defect\val\images\frame_00016_jpg.rf.611b1cd4f2359529a8618069ae363223_aug_hflip_0.jpg | datasets\dataset_v2_5class\val\images\frame_00016_jpg.rf.611b1cd4f2359529a8618069ae363223_aug_hflip_0.jpg | datasets\dataset_v3_clean_background\val\images\frame_00016_jpg.rf.611b1cd4f2359529a8618069ae363223_aug_hflip_0.jpg
EXACT_1387,EXACT_SHA256,3,datasets\dataset_v2_4defect\val\images\frame_00016_jpg.rf.6a0d913b35a523b3d9acd11956fdb2c7.jpg | datasets\dataset_v2_5class\val\images\frame_00016_jpg.rf.6a0d913b35a523b3d9acd11956fdb2c7.jpg | datasets\dataset_v3_clean_background\val\images\frame_00016_jpg.rf.6a0d913b35a523b3d9acd11956fdb2c7.jpg
EXACT_1388,EXACT_SHA256,3,datasets\dataset_v2_4defect\val\images\frame_00016_jpg.rf.6a0d913b35a523b3d9acd11956fdb2c7_aug_contrast_1.jpg | datasets\dataset_v2_5class\val\images\frame_00016_jpg.rf.6a0d913b35a523b3d9acd11956fdb2c7_aug_contrast_1.jpg | datasets\dataset_v3_clean_background\val\images\frame_00016_jpg.rf.6a0d913b35a523b3d9acd11956fdb2c7_aug_contrast_1.jpg
EXACT_1389,EXACT_SHA256,3,datasets\dataset_v2_4defect\val\images\frame_00016_jpg.rf.6a0d913b35a523b3d9acd11956fdb2c7_aug_hflip_0.jpg | datasets\dataset_v2_5class\val\images\frame_00016_jpg.rf.6a0d913b35a523b3d9acd11956fdb2c7_aug_hflip_0.jpg | datasets\dataset_v3_clean_background\val\images\frame_00016_jpg.rf.6a0d913b35a523b3d9acd11956fdb2c7_aug_hflip_0.jpg
EXACT_1390,EXACT_SHA256,9,datasets\dataset_v2_4defect\val\images\frame_00019_jpg.rf.c9d90cbe0a1e82afbccd085d19bd1cae.jpg | datasets\dataset_v2_5class\val\images\frame_00019_jpg.rf.c9d90cbe0a1e82afbccd085d19bd1cae.jpg | datasets\dataset_v3_clean_background\val\images\frame_00019_jpg.rf.c9d90cbe0a1e82afbccd085d19bd1cae.jpg | demo_images\frame_00019_jpg.rf.c9d90cbe0a1e82afbccd085d19bd1cae.jpg | golden_test_images\frame_00019_jpg.rf.c9d90cbe0a1e82afbccd085d19bd1cae.jpg | known_defect_tests\longitudinal_tear_3_frame_00019_jpg.rf.c9d90cbe0a1e82afbccd085d19bd1cae.jpg | known_defect_tests\normal_belt_5_frame_00019_jpg.rf.c9d90cbe0a1e82afbccd085d19bd1cae.jpg | real_world_test\frame_00019_jpg.rf.c9d90cbe0a1e82afbccd085d19bd1cae.jpg | real_world_test\REAL_BELT_SPLICE\frame_00019_jpg.rf.c9d90cbe0a1e82afbccd085d19bd1cae.jpg
EXACT_1391,EXACT_SHA256,3,datasets\dataset_v2_4defect\val\images\frame_00019_jpg.rf.f96afc8d4e28297ece4d5903d3dc3193.jpg | datasets\dataset_v2_5class\val\images\frame_00019_jpg.rf.f96afc8d4e28297ece4d5903d3dc3193.jpg | datasets\dataset_v3_clean_background\val\images\frame_00019_jpg.rf.f96afc8d4e28297ece4d5903d3dc3193.jpg
EXACT_1392,EXACT_SHA256,3,datasets\dataset_v2_4defect\val\images\frame_00019_jpg.rf.f96afc8d4e28297ece4d5903d3dc3193_aug_contrast_1.jpg | datasets\dataset_v2_5class\val\images\frame_00019_jpg.rf.f96afc8d4e28297ece4d5903d3dc3193_aug_contrast_1.jpg | datasets\dataset_v3_clean_background\val\images\frame_00019_jpg.rf.f96afc8d4e28297ece4d5903d3dc3193_aug_contrast_1.jpg
EXACT_1393,EXACT_SHA256,3,datasets\dataset_v2_4defect\val\images\frame_00019_jpg.rf.f96afc8d4e28297ece4d5903d3dc3193_aug_hflip_0.jpg | datasets\dataset_v2_5class\val\images\frame_00019_jpg.rf.f96afc8d4e28297ece4d5903d3dc3193_aug_hflip_0.jpg | datasets\dataset_v3_clean_background\val\images\frame_00019_jpg.rf.f96afc8d4e28297ece4d5903d3dc3193_aug_hflip_0.jpg
EXACT_1394,EXACT_SHA256,3,datasets\dataset_v2_4defect\val\images\frame_00023_jpg.rf.44df7834ed72fe1c2863a3590f71ae30.jpg | datasets\dataset_v2_5class\val\images\frame_00023_jpg.rf.44df7834ed72fe1c2863a3590f71ae30.jpg | datasets\dataset_v3_clean_background\val\images\frame_00023_jpg.rf.44df7834ed72fe1c2863a3590f71ae30.jpg
EXACT_1395,EXACT_SHA256,3,datasets\dataset_v2_4defect\val\images\frame_00023_jpg.rf.44df7834ed72fe1c2863a3590f71ae30_aug_contrast_1.jpg | datasets\dataset_v2_5class\val\images\frame_00023_jpg.rf.44df7834ed72fe1c2863a3590f71ae30_aug_contrast_1.jpg | datasets\dataset_v3_clean_background\val\images\frame_00023_jpg.rf.44df7834ed72fe1c2863a3590f71ae30_aug_contrast_1.jpg
EXACT_1396,EXACT_SHA256,3,datasets\dataset_v2_4defect\val\images\frame_00023_jpg.rf.44df7834ed72fe1c2863a3590f71ae30_aug_hflip_0.jpg | datasets\dataset_v2_5class\val\images\frame_00023_jpg.rf.44df7834ed72fe1c2863a3590f71ae30_aug_hflip_0.jpg | datasets\dataset_v3_clean_background\val\images\frame_00023_jpg.rf.44df7834ed72fe1c2863a3590f71ae30_aug_hflip_0.jpg
EXACT_1397,EXACT_SHA256,3,datasets\dataset_v2_4defect\val\images\frame_00023_jpg.rf.6725c6671d203cea73b8d2e94ab4a8de.jpg | datasets\dataset_v2_5class\val\images\frame_00023_jpg.rf.6725c6671d203cea73b8d2e94ab4a8de.jpg | datasets\dataset_v3_clean_background\val\images\frame_00023_jpg.rf.6725c6671d203cea73b8d2e94ab4a8de.jpg
EXACT_1398,EXACT_SHA256,3,datasets\dataset_v2_4defect\val\images\frame_00026_jpg.rf.347ef269c9bb705faa7cfd0ed768522b.jpg | datasets\dataset_v2_5class\val\images\frame_00026_jpg.rf.347ef269c9bb705faa7cfd0ed768522b.jpg | datasets\dataset_v3_clean_background\val\images\frame_00026_jpg.rf.347ef269c9bb705faa7cfd0ed768522b.jpg
EXACT_1399,EXACT_SHA256,3,datasets\dataset_v2_4defect\val\images\frame_00026_jpg.rf.347ef269c9bb705faa7cfd0ed768522b_aug_contrast_1.jpg | datasets\dataset_v2_5class\val\images\frame_00026_jpg.rf.347ef269c9bb705faa7cfd0ed768522b_aug_contrast_1.jpg | datasets\dataset_v3_clean_background\val\images\frame_00026_jpg.rf.347ef269c9bb705faa7cfd0ed768522b_aug_contrast_1.jpg
EXACT_1400,EXACT_SHA256,3,datasets\dataset_v2_4defect\val\images\frame_00026_jpg.rf.347ef269c9bb705faa7cfd0ed768522b_aug_hflip_0.jpg | datasets\dataset_v2_5class\val\images\frame_00026_jpg.rf.347ef269c9bb705faa7cfd0ed768522b_aug_hflip_0.jpg | datasets\dataset_v3_clean_background\val\images\frame_00026_jpg.rf.347ef269c9bb705faa7cfd0ed768522b_aug_hflip_0.jpg
EXACT_1401,EXACT_SHA256,3,datasets\dataset_v2_4defect\val\images\frame_00026_jpg.rf.e8ec001ea693acc90402ee08c0d142aa.jpg | datasets\dataset_v2_5class\val\images\frame_00026_jpg.rf.e8ec001ea693acc90402ee08c0d142aa.jpg | datasets\dataset_v3_clean_background\val\images\frame_00026_jpg.rf.e8ec001ea693acc90402ee08c0d142aa.jpg
EXACT_1402,EXACT_SHA256,3,datasets\dataset_v2_4defect\val\images\frame_00026_jpg.rf.e8ec001ea693acc90402ee08c0d142aa_aug_contrast_2.jpg | datasets\dataset_v2_5class\val\images\frame_00026_jpg.rf.e8ec001ea693acc90402ee08c0d142aa_aug_contrast_2.jpg | datasets\dataset_v3_clean_background\val\images\frame_00026_jpg.rf.e8ec001ea693acc90402ee08c0d142aa_aug_contrast_2.jpg
EXACT_1403,EXACT_SHA256,3,datasets\dataset_v2_4defect\val\images\frame_00026_jpg.rf.e8ec001ea693acc90402ee08c0d142aa_aug_hflip_0.jpg | datasets\dataset_v2_5class\val\images\frame_00026_jpg.rf.e8ec001ea693acc90402ee08c0d142aa_aug_hflip_0.jpg | datasets\dataset_v3_clean_background\val\images\frame_00026_jpg.rf.e8ec001ea693acc90402ee08c0d142aa_aug_hflip_0.jpg
EXACT_1404,EXACT_SHA256,3,datasets\dataset_v2_4defect\val\images\frame_00026_jpg.rf.e8ec001ea693acc90402ee08c0d142aa_aug_vflip_1.jpg | datasets\dataset_v2_5class\val\images\frame_00026_jpg.rf.e8ec001ea693acc90402ee08c0d142aa_aug_vflip_1.jpg | datasets\dataset_v3_clean_background\val\images\frame_00026_jpg.rf.e8ec001ea693acc90402ee08c0d142aa_aug_vflip_1.jpg
EXACT_1405,EXACT_SHA256,3,datasets\dataset_v2_4defect\val\images\frame_00034_jpg.rf.d102de3ba2cca0071c696c1d804ec954.jpg | datasets\dataset_v2_5class\val\images\frame_00034_jpg.rf.d102de3ba2cca0071c696c1d804ec954.jpg | datasets\dataset_v3_clean_background\val\images\frame_00034_jpg.rf.d102de3ba2cca0071c696c1d804ec954.jpg
EXACT_1406,EXACT_SHA256,3,datasets\dataset_v2_4defect\val\images\frame_00034_jpg.rf.d102de3ba2cca0071c696c1d804ec954_aug_contrast_3.jpg | datasets\dataset_v2_5class\val\images\frame_00034_jpg.rf.d102de3ba2cca0071c696c1d804ec954_aug_contrast_3.jpg | datasets\dataset_v3_clean_background\val\images\frame_00034_jpg.rf.d102de3ba2cca0071c696c1d804ec954_aug_contrast_3.jpg
EXACT_1407,EXACT_SHA256,3,datasets\dataset_v2_4defect\val\images\frame_00034_jpg.rf.d102de3ba2cca0071c696c1d804ec954_aug_hflip_0.jpg | datasets\dataset_v2_5class\val\images\frame_00034_jpg.rf.d102de3ba2cca0071c696c1d804ec954_aug_hflip_0.jpg | datasets\dataset_v3_clean_background\val\images\frame_00034_jpg.rf.d102de3ba2cca0071c696c1d804ec954_aug_hflip_0.jpg
EXACT_1408,EXACT_SHA256,3,datasets\dataset_v2_4defect\val\images\frame_00034_jpg.rf.d102de3ba2cca0071c696c1d804ec954_aug_hvflip_2.jpg | datasets\dataset_v2_5class\val\images\frame_00034_jpg.rf.d102de3ba2cca0071c696c1d804ec954_aug_hvflip_2.jpg | datasets\dataset_v3_clean_background\val\images\frame_00034_jpg.rf.d102de3ba2cca0071c696c1d804ec954_aug_hvflip_2.jpg
EXACT_1409,EXACT_SHA256,3,datasets\dataset_v2_4defect\val\images\frame_00034_jpg.rf.d102de3ba2cca0071c696c1d804ec954_aug_vflip_1.jpg | datasets\dataset_v2_5class\val\images\frame_00034_jpg.rf.d102de3ba2cca0071c696c1d804ec954_aug_vflip_1.jpg | datasets\dataset_v3_clean_background\val\images\frame_00034_jpg.rf.d102de3ba2cca0071c696c1d804ec954_aug_vflip_1.jpg
EXACT_1410,EXACT_SHA256,3,datasets\dataset_v2_4defect\val\images\frame_00034_jpg.rf.fd5a784c518bff82a91378a56d91b1a8.jpg | datasets\dataset_v2_5class\val\images\frame_00034_jpg.rf.fd5a784c518bff82a91378a56d91b1a8.jpg | datasets\dataset_v3_clean_background\val\images\frame_00034_jpg.rf.fd5a784c518bff82a91378a56d91b1a8.jpg
EXACT_1411,EXACT_SHA256,3,datasets\dataset_v2_4defect\val\images\frame_00034_jpg.rf.fd5a784c518bff82a91378a56d91b1a8_aug_contrast_3.jpg | datasets\dataset_v2_5class\val\images\frame_00034_jpg.rf.fd5a784c518bff82a91378a56d91b1a8_aug_contrast_3.jpg | datasets\dataset_v3_clean_background\val\images\frame_00034_jpg.rf.fd5a784c518bff82a91378a56d91b1a8_aug_contrast_3.jpg
EXACT_1412,EXACT_SHA256,3,datasets\dataset_v2_4defect\val\images\frame_00034_jpg.rf.fd5a784c518bff82a91378a56d91b1a8_aug_hflip_0.jpg | datasets\dataset_v2_5class\val\images\frame_00034_jpg.rf.fd5a784c518bff82a91378a56d91b1a8_aug_hflip_0.jpg | datasets\dataset_v3_clean_background\val\images\frame_00034_jpg.rf.fd5a784c518bff82a91378a56d91b1a8_aug_hflip_0.jpg
EXACT_1413,EXACT_SHA256,3,datasets\dataset_v2_4defect\val\images\frame_00034_jpg.rf.fd5a784c518bff82a91378a56d91b1a8_aug_hvflip_2.jpg | datasets\dataset_v2_5class\val\images\frame_00034_jpg.rf.fd5a784c518bff82a91378a56d91b1a8_aug_hvflip_2.jpg | datasets\dataset_v3_clean_background\val\images\frame_00034_jpg.rf.fd5a784c518bff82a91378a56d91b1a8_aug_hvflip_2.jpg
EXACT_1414,EXACT_SHA256,3,datasets\dataset_v2_4defect\val\images\frame_00034_jpg.rf.fd5a784c518bff82a91378a56d91b1a8_aug_vflip_1.jpg | datasets\dataset_v2_5class\val\images\frame_00034_jpg.rf.fd5a784c518bff82a91378a56d91b1a8_aug_vflip_1.jpg | datasets\dataset_v3_clean_background\val\images\frame_00034_jpg.rf.fd5a784c518bff82a91378a56d91b1a8_aug_vflip_1.jpg
EXACT_1415,EXACT_SHA256,3,datasets\dataset_v2_4defect\val\images\frame_00040_jpg.rf.152648caa55aaf841b8c2ad43566a747.jpg | datasets\dataset_v2_5class\val\images\frame_00040_jpg.rf.152648caa55aaf841b8c2ad43566a747.jpg | datasets\dataset_v3_clean_background\val\images\frame_00040_jpg.rf.152648caa55aaf841b8c2ad43566a747.jpg
EXACT_1416,EXACT_SHA256,3,datasets\dataset_v2_4defect\val\images\frame_00040_jpg.rf.2fce5c9c3e9e79a5ca1a5afd7825810c.jpg | datasets\dataset_v2_5class\val\images\frame_00040_jpg.rf.2fce5c9c3e9e79a5ca1a5afd7825810c.jpg | datasets\dataset_v3_clean_background\val\images\frame_00040_jpg.rf.2fce5c9c3e9e79a5ca1a5afd7825810c.jpg
EXACT_1417,EXACT_SHA256,3,datasets\dataset_v2_4defect\val\images\frame_00040_jpg.rf.2fce5c9c3e9e79a5ca1a5afd7825810c_aug_contrast_1.jpg | datasets\dataset_v2_5class\val\images\frame_00040_jpg.rf.2fce5c9c3e9e79a5ca1a5afd7825810c_aug_contrast_1.jpg | datasets\dataset_v3_clean_background\val\images\frame_00040_jpg.rf.2fce5c9c3e9e79a5ca1a5afd7825810c_aug_contrast_1.jpg
EXACT_1418,EXACT_SHA256,3,datasets\dataset_v2_4defect\val\images\frame_00040_jpg.rf.2fce5c9c3e9e79a5ca1a5afd7825810c_aug_hflip_0.jpg | datasets\dataset_v2_5class\val\images\frame_00040_jpg.rf.2fce5c9c3e9e79a5ca1a5afd7825810c_aug_hflip_0.jpg | datasets\dataset_v3_clean_background\val\images\frame_00040_jpg.rf.2fce5c9c3e9e79a5ca1a5afd7825810c_aug_hflip_0.jpg
EXACT_1419,EXACT_SHA256,3,datasets\dataset_v2_4defect\val\images\frame_00040_jpg.rf.d6731b0082e1189ac7557863e628f3de.jpg | datasets\dataset_v2_5class\val\images\frame_00040_jpg.rf.d6731b0082e1189ac7557863e628f3de.jpg | datasets\dataset_v3_clean_background\val\images\frame_00040_jpg.rf.d6731b0082e1189ac7557863e628f3de.jpg
EXACT_1420,EXACT_SHA256,8,datasets\dataset_v2_4defect\val\images\frame_00043_jpg.rf.18a2450e12175f4369c1a958dc52304b.jpg | datasets\dataset_v2_5class\val\images\frame_00043_jpg.rf.18a2450e12175f4369c1a958dc52304b.jpg | datasets\dataset_v3_clean_background\val\images\frame_00043_jpg.rf.18a2450e12175f4369c1a958dc52304b.jpg | demo_images\frame_00043_jpg.rf.18a2450e12175f4369c1a958dc52304b.jpg | golden_test_images\frame_00043_jpg.rf.18a2450e12175f4369c1a958dc52304b.jpg | known_defect_tests\longitudinal_tear_5_frame_00043_jpg.rf.18a2450e12175f4369c1a958dc52304b.jpg | real_world_test\frame_00043_jpg.rf.18a2450e12175f4369c1a958dc52304b.jpg | real_world_test\REAL_LONGITUDINAL_TEAR\frame_00043_jpg.rf.18a2450e12175f4369c1a958dc52304b.jpg
EXACT_1421,EXACT_SHA256,3,datasets\dataset_v2_4defect\val\images\frame_00043_jpg.rf.3a6ca76b12671a581d3b1a7e5bd1eed1.jpg | datasets\dataset_v2_5class\val\images\frame_00043_jpg.rf.3a6ca76b12671a581d3b1a7e5bd1eed1.jpg | datasets\dataset_v3_clean_background\val\images\frame_00043_jpg.rf.3a6ca76b12671a581d3b1a7e5bd1eed1.jpg
EXACT_1422,EXACT_SHA256,3,datasets\dataset_v2_4defect\val\images\frame_00043_jpg.rf.3a6ca76b12671a581d3b1a7e5bd1eed1_aug_contrast_2.jpg | datasets\dataset_v2_5class\val\images\frame_00043_jpg.rf.3a6ca76b12671a581d3b1a7e5bd1eed1_aug_contrast_2.jpg | datasets\dataset_v3_clean_background\val\images\frame_00043_jpg.rf.3a6ca76b12671a581d3b1a7e5bd1eed1_aug_contrast_2.jpg
EXACT_1423,EXACT_SHA256,3,datasets\dataset_v2_4defect\val\images\frame_00043_jpg.rf.3a6ca76b12671a581d3b1a7e5bd1eed1_aug_hflip_0.jpg | datasets\dataset_v2_5class\val\images\frame_00043_jpg.rf.3a6ca76b12671a581d3b1a7e5bd1eed1_aug_hflip_0.jpg | datasets\dataset_v3_clean_background\val\images\frame_00043_jpg.rf.3a6ca76b12671a581d3b1a7e5bd1eed1_aug_hflip_0.jpg
EXACT_1424,EXACT_SHA256,3,datasets\dataset_v2_4defect\val\images\frame_00043_jpg.rf.3a6ca76b12671a581d3b1a7e5bd1eed1_aug_vflip_1.jpg | datasets\dataset_v2_5class\val\images\frame_00043_jpg.rf.3a6ca76b12671a581d3b1a7e5bd1eed1_aug_vflip_1.jpg | datasets\dataset_v3_clean_background\val\images\frame_00043_jpg.rf.3a6ca76b12671a581d3b1a7e5bd1eed1_aug_vflip_1.jpg
EXACT_1425,EXACT_SHA256,3,datasets\dataset_v2_4defect\val\images\frame_00047_jpg.rf.1ee9df6fd5f198f4e37ccf814dc9801b.jpg | datasets\dataset_v2_5class\val\images\frame_00047_jpg.rf.1ee9df6fd5f198f4e37ccf814dc9801b.jpg | datasets\dataset_v3_clean_background\val\images\frame_00047_jpg.rf.1ee9df6fd5f198f4e37ccf814dc9801b.jpg
EXACT_1426,EXACT_SHA256,3,datasets\dataset_v2_4defect\val\images\frame_00047_jpg.rf.2673d023bfed67e7fa2d538a41be2109.jpg | datasets\dataset_v2_5class\val\images\frame_00047_jpg.rf.2673d023bfed67e7fa2d538a41be2109.jpg | datasets\dataset_v3_clean_background\val\images\frame_00047_jpg.rf.2673d023bfed67e7fa2d538a41be2109.jpg
EXACT_1427,EXACT_SHA256,3,datasets\dataset_v2_4defect\val\images\frame_00047_jpg.rf.2673d023bfed67e7fa2d538a41be2109_aug_contrast_1.jpg | datasets\dataset_v2_5class\val\images\frame_00047_jpg.rf.2673d023bfed67e7fa2d538a41be2109_aug_contrast_1.jpg | datasets\dataset_v3_clean_background\val\images\frame_00047_jpg.rf.2673d023bfed67e7fa2d538a41be2109_aug_contrast_1.jpg
EXACT_1428,EXACT_SHA256,3,datasets\dataset_v2_4defect\val\images\frame_00047_jpg.rf.2673d023bfed67e7fa2d538a41be2109_aug_hflip_0.jpg | datasets\dataset_v2_5class\val\images\frame_00047_jpg.rf.2673d023bfed67e7fa2d538a41be2109_aug_hflip_0.jpg | datasets\dataset_v3_clean_background\val\images\frame_00047_jpg.rf.2673d023bfed67e7fa2d538a41be2109_aug_hflip_0.jpg
EXACT_1429,EXACT_SHA256,3,datasets\dataset_v2_4defect\val\images\frame_00047_jpg.rf.513e6c95632593b0670419578da0689c.jpg | datasets\dataset_v2_5class\val\images\frame_00047_jpg.rf.513e6c95632593b0670419578da0689c.jpg | datasets\dataset_v3_clean_background\val\images\frame_00047_jpg.rf.513e6c95632593b0670419578da0689c.jpg
EXACT_1430,EXACT_SHA256,3,datasets\dataset_v2_4defect\val\images\frame_00047_jpg.rf.513e6c95632593b0670419578da0689c_aug_contrast_1.jpg | datasets\dataset_v2_5class\val\images\frame_00047_jpg.rf.513e6c95632593b0670419578da0689c_aug_contrast_1.jpg | datasets\dataset_v3_clean_background\val\images\frame_00047_jpg.rf.513e6c95632593b0670419578da0689c_aug_contrast_1.jpg
EXACT_1431,EXACT_SHA256,3,datasets\dataset_v2_4defect\val\images\frame_00047_jpg.rf.513e6c95632593b0670419578da0689c_aug_hflip_0.jpg | datasets\dataset_v2_5class\val\images\frame_00047_jpg.rf.513e6c95632593b0670419578da0689c_aug_hflip_0.jpg | datasets\dataset_v3_clean_background\val\images\frame_00047_jpg.rf.513e6c95632593b0670419578da0689c_aug_hflip_0.jpg
EXACT_1432,EXACT_SHA256,3,datasets\dataset_v2_4defect\val\images\frame_00057_jpg.rf.b6c9e0f07a0ed3942291c67604ea0193.jpg | datasets\dataset_v2_5class\val\images\frame_00057_jpg.rf.b6c9e0f07a0ed3942291c67604ea0193.jpg | datasets\dataset_v3_clean_background\val\images\frame_00057_jpg.rf.b6c9e0f07a0ed3942291c67604ea0193.jpg
EXACT_1433,EXACT_SHA256,3,datasets\dataset_v2_4defect\val\images\frame_00064_jpg.rf.388be8135d2ae5802f530028dd44d209.jpg | datasets\dataset_v2_5class\val\images\frame_00064_jpg.rf.388be8135d2ae5802f530028dd44d209.jpg | datasets\dataset_v3_clean_background\val\images\frame_00064_jpg.rf.388be8135d2ae5802f530028dd44d209.jpg
EXACT_1434,EXACT_SHA256,3,datasets\dataset_v2_4defect\val\images\frame_00064_jpg.rf.59cf142d57780d3c799ca2029b593b54.jpg | datasets\dataset_v2_5class\val\images\frame_00064_jpg.rf.59cf142d57780d3c799ca2029b593b54.jpg | datasets\dataset_v3_clean_background\val\images\frame_00064_jpg.rf.59cf142d57780d3c799ca2029b593b54.jpg
EXACT_1435,EXACT_SHA256,3,datasets\dataset_v2_4defect\val\images\frame_00064_jpg.rf.59cf142d57780d3c799ca2029b593b54_aug_contrast_3.jpg | datasets\dataset_v2_5class\val\images\frame_00064_jpg.rf.59cf142d57780d3c799ca2029b593b54_aug_contrast_3.jpg | datasets\dataset_v3_clean_background\val\images\frame_00064_jpg.rf.59cf142d57780d3c799ca2029b593b54_aug_contrast_3.jpg
EXACT_1436,EXACT_SHA256,3,datasets\dataset_v2_4defect\val\images\frame_00064_jpg.rf.59cf142d57780d3c799ca2029b593b54_aug_hflip_0.jpg | datasets\dataset_v2_5class\val\images\frame_00064_jpg.rf.59cf142d57780d3c799ca2029b593b54_aug_hflip_0.jpg | datasets\dataset_v3_clean_background\val\images\frame_00064_jpg.rf.59cf142d57780d3c799ca2029b593b54_aug_hflip_0.jpg
EXACT_1437,EXACT_SHA256,3,datasets\dataset_v2_4defect\val\images\frame_00064_jpg.rf.59cf142d57780d3c799ca2029b593b54_aug_hvflip_2.jpg | datasets\dataset_v2_5class\val\images\frame_00064_jpg.rf.59cf142d57780d3c799ca2029b593b54_aug_hvflip_2.jpg | datasets\dataset_v3_clean_background\val\images\frame_00064_jpg.rf.59cf142d57780d3c799ca2029b593b54_aug_hvflip_2.jpg
EXACT_1438,EXACT_SHA256,3,datasets\dataset_v2_4defect\val\images\frame_00064_jpg.rf.59cf142d57780d3c799ca2029b593b54_aug_vflip_1.jpg | datasets\dataset_v2_5class\val\images\frame_00064_jpg.rf.59cf142d57780d3c799ca2029b593b54_aug_vflip_1.jpg | datasets\dataset_v3_clean_background\val\images\frame_00064_jpg.rf.59cf142d57780d3c799ca2029b593b54_aug_vflip_1.jpg
EXACT_1439,EXACT_SHA256,3,datasets\dataset_v2_4defect\val\images\frame_00080_jpg.rf.efb59745fa1072782b14e4b425e60bee.jpg | datasets\dataset_v2_5class\val\images\frame_00080_jpg.rf.efb59745fa1072782b14e4b425e60bee.jpg | datasets\dataset_v3_clean_background\val\images\frame_00080_jpg.rf.efb59745fa1072782b14e4b425e60bee.jpg
EXACT_1440,EXACT_SHA256,3,datasets\dataset_v2_4defect\val\images\frame_00080_jpg.rf.efb59745fa1072782b14e4b425e60bee_aug_contrast_1.jpg | datasets\dataset_v2_5class\val\images\frame_00080_jpg.rf.efb59745fa1072782b14e4b425e60bee_aug_contrast_1.jpg | datasets\dataset_v3_clean_background\val\images\frame_00080_jpg.rf.efb59745fa1072782b14e4b425e60bee_aug_contrast_1.jpg
EXACT_1441,EXACT_SHA256,3,datasets\dataset_v2_4defect\val\images\frame_00080_jpg.rf.efb59745fa1072782b14e4b425e60bee_aug_hflip_0.jpg | datasets\dataset_v2_5class\val\images\frame_00080_jpg.rf.efb59745fa1072782b14e4b425e60bee_aug_hflip_0.jpg | datasets\dataset_v3_clean_background\val\images\frame_00080_jpg.rf.efb59745fa1072782b14e4b425e60bee_aug_hflip_0.jpg
EXACT_1442,EXACT_SHA256,3,datasets\dataset_v2_4defect\val\images\frame_00094_jpg.rf.d4336cd6c336ceb3c4498fa026f27e10.jpg | datasets\dataset_v2_5class\val\images\frame_00094_jpg.rf.d4336cd6c336ceb3c4498fa026f27e10.jpg | datasets\dataset_v3_clean_background\val\images\frame_00094_jpg.rf.d4336cd6c336ceb3c4498fa026f27e10.jpg
EXACT_1443,EXACT_SHA256,3,datasets\dataset_v2_4defect\val\images\frame_00102_jpg.rf.57d4ad52ae4dd3c2ab1a4431577e73a2.jpg | datasets\dataset_v2_5class\val\images\frame_00102_jpg.rf.57d4ad52ae4dd3c2ab1a4431577e73a2.jpg | datasets\dataset_v3_clean_background\val\images\frame_00102_jpg.rf.57d4ad52ae4dd3c2ab1a4431577e73a2.jpg
EXACT_1444,EXACT_SHA256,3,datasets\dataset_v2_4defect\val\images\frame_00102_jpg.rf.57d4ad52ae4dd3c2ab1a4431577e73a2_aug_contrast_3.jpg | datasets\dataset_v2_5class\val\images\frame_00102_jpg.rf.57d4ad52ae4dd3c2ab1a4431577e73a2_aug_contrast_3.jpg | datasets\dataset_v3_clean_background\val\images\frame_00102_jpg.rf.57d4ad52ae4dd3c2ab1a4431577e73a2_aug_contrast_3.jpg
EXACT_1445,EXACT_SHA256,3,datasets\dataset_v2_4defect\val\images\frame_00102_jpg.rf.57d4ad52ae4dd3c2ab1a4431577e73a2_aug_hflip_0.jpg | datasets\dataset_v2_5class\val\images\frame_00102_jpg.rf.57d4ad52ae4dd3c2ab1a4431577e73a2_aug_hflip_0.jpg | datasets\dataset_v3_clean_background\val\images\frame_00102_jpg.rf.57d4ad52ae4dd3c2ab1a4431577e73a2_aug_hflip_0.jpg
EXACT_1446,EXACT_SHA256,3,datasets\dataset_v2_4defect\val\images\frame_00102_jpg.rf.57d4ad52ae4dd3c2ab1a4431577e73a2_aug_hvflip_2.jpg | datasets\dataset_v2_5class\val\images\frame_00102_jpg.rf.57d4ad52ae4dd3c2ab1a4431577e73a2_aug_hvflip_2.jpg | datasets\dataset_v3_clean_background\val\images\frame_00102_jpg.rf.57d4ad52ae4dd3c2ab1a4431577e73a2_aug_hvflip_2.jpg
EXACT_1447,EXACT_SHA256,3,datasets\dataset_v2_4defect\val\images\frame_00102_jpg.rf.57d4ad52ae4dd3c2ab1a4431577e73a2_aug_vflip_1.jpg | datasets\dataset_v2_5class\val\images\frame_00102_jpg.rf.57d4ad52ae4dd3c2ab1a4431577e73a2_aug_vflip_1.jpg | datasets\dataset_v3_clean_background\val\images\frame_00102_jpg.rf.57d4ad52ae4dd3c2ab1a4431577e73a2_aug_vflip_1.jpg
EXACT_1448,EXACT_SHA256,3,datasets\dataset_v2_4defect\val\images\frame_00127_jpg.rf.6978339928de61ea4fa2fd4ddb5cd0ea.jpg | datasets\dataset_v2_5class\val\images\frame_00127_jpg.rf.6978339928de61ea4fa2fd4ddb5cd0ea.jpg | datasets\dataset_v3_clean_background\val\images\frame_00127_jpg.rf.6978339928de61ea4fa2fd4ddb5cd0ea.jpg
EXACT_1449,EXACT_SHA256,3,datasets\dataset_v2_4defect\val\images\frame_00141_jpg.rf.401688c6f85f0c962e721e03e5616ecf.jpg | datasets\dataset_v2_5class\val\images\frame_00141_jpg.rf.401688c6f85f0c962e721e03e5616ecf.jpg | datasets\dataset_v3_clean_background\val\images\frame_00141_jpg.rf.401688c6f85f0c962e721e03e5616ecf.jpg
EXACT_1450,EXACT_SHA256,3,datasets\dataset_v2_4defect\val\images\frame_00141_jpg.rf.401688c6f85f0c962e721e03e5616ecf_aug_contrast_1.jpg | datasets\dataset_v2_5class\val\images\frame_00141_jpg.rf.401688c6f85f0c962e721e03e5616ecf_aug_contrast_1.jpg | datasets\dataset_v3_clean_background\val\images\frame_00141_jpg.rf.401688c6f85f0c962e721e03e5616ecf_aug_contrast_1.jpg
EXACT_1451,EXACT_SHA256,3,datasets\dataset_v2_4defect\val\images\frame_00141_jpg.rf.401688c6f85f0c962e721e03e5616ecf_aug_hflip_0.jpg | datasets\dataset_v2_5class\val\images\frame_00141_jpg.rf.401688c6f85f0c962e721e03e5616ecf_aug_hflip_0.jpg | datasets\dataset_v3_clean_background\val\images\frame_00141_jpg.rf.401688c6f85f0c962e721e03e5616ecf_aug_hflip_0.jpg
EXACT_1452,EXACT_SHA256,3,datasets\dataset_v2_4defect\val\images\frame_00151_jpg.rf.d69634b232de3cd6ea5d428af7368966.jpg | datasets\dataset_v2_5class\val\images\frame_00151_jpg.rf.d69634b232de3cd6ea5d428af7368966.jpg | datasets\dataset_v3_clean_background\val\images\frame_00151_jpg.rf.d69634b232de3cd6ea5d428af7368966.jpg
EXACT_1453,EXACT_SHA256,3,datasets\dataset_v2_4defect\val\images\frame_00151_jpg.rf.d69634b232de3cd6ea5d428af7368966_aug_contrast_3.jpg | datasets\dataset_v2_5class\val\images\frame_00151_jpg.rf.d69634b232de3cd6ea5d428af7368966_aug_contrast_3.jpg | datasets\dataset_v3_clean_background\val\images\frame_00151_jpg.rf.d69634b232de3cd6ea5d428af7368966_aug_contrast_3.jpg
EXACT_1454,EXACT_SHA256,3,datasets\dataset_v2_4defect\val\images\frame_00151_jpg.rf.d69634b232de3cd6ea5d428af7368966_aug_hflip_0.jpg | datasets\dataset_v2_5class\val\images\frame_00151_jpg.rf.d69634b232de3cd6ea5d428af7368966_aug_hflip_0.jpg | datasets\dataset_v3_clean_background\val\images\frame_00151_jpg.rf.d69634b232de3cd6ea5d428af7368966_aug_hflip_0.jpg
EXACT_1455,EXACT_SHA256,3,datasets\dataset_v2_4defect\val\images\frame_00151_jpg.rf.d69634b232de3cd6ea5d428af7368966_aug_hvflip_2.jpg | datasets\dataset_v2_5class\val\images\frame_00151_jpg.rf.d69634b232de3cd6ea5d428af7368966_aug_hvflip_2.jpg | datasets\dataset_v3_clean_background\val\images\frame_00151_jpg.rf.d69634b232de3cd6ea5d428af7368966_aug_hvflip_2.jpg
EXACT_1456,EXACT_SHA256,3,datasets\dataset_v2_4defect\val\images\frame_00151_jpg.rf.d69634b232de3cd6ea5d428af7368966_aug_vflip_1.jpg | datasets\dataset_v2_5class\val\images\frame_00151_jpg.rf.d69634b232de3cd6ea5d428af7368966_aug_vflip_1.jpg | datasets\dataset_v3_clean_background\val\images\frame_00151_jpg.rf.d69634b232de3cd6ea5d428af7368966_aug_vflip_1.jpg
EXACT_1457,EXACT_SHA256,3,datasets\dataset_v2_4defect\val\images\frame_00156_jpg.rf.5b701fade6a73a61dd651ff073a8c448.jpg | datasets\dataset_v2_5class\val\images\frame_00156_jpg.rf.5b701fade6a73a61dd651ff073a8c448.jpg | datasets\dataset_v3_clean_background\val\images\frame_00156_jpg.rf.5b701fade6a73a61dd651ff073a8c448.jpg
EXACT_1458,EXACT_SHA256,3,datasets\dataset_v2_4defect\val\images\frame_00158_jpg.rf.f77a6496f9f3967c69ebfecdda220e02.jpg | datasets\dataset_v2_5class\val\images\frame_00158_jpg.rf.f77a6496f9f3967c69ebfecdda220e02.jpg | datasets\dataset_v3_clean_background\val\images\frame_00158_jpg.rf.f77a6496f9f3967c69ebfecdda220e02.jpg
EXACT_1459,EXACT_SHA256,3,datasets\dataset_v2_4defect\val\images\frame_00158_jpg.rf.f77a6496f9f3967c69ebfecdda220e02_aug_contrast_1.jpg | datasets\dataset_v2_5class\val\images\frame_00158_jpg.rf.f77a6496f9f3967c69ebfecdda220e02_aug_contrast_1.jpg | datasets\dataset_v3_clean_background\val\images\frame_00158_jpg.rf.f77a6496f9f3967c69ebfecdda220e02_aug_contrast_1.jpg
EXACT_1460,EXACT_SHA256,3,datasets\dataset_v2_4defect\val\images\frame_00158_jpg.rf.f77a6496f9f3967c69ebfecdda220e02_aug_hflip_0.jpg | datasets\dataset_v2_5class\val\images\frame_00158_jpg.rf.f77a6496f9f3967c69ebfecdda220e02_aug_hflip_0.jpg | datasets\dataset_v3_clean_background\val\images\frame_00158_jpg.rf.f77a6496f9f3967c69ebfecdda220e02_aug_hflip_0.jpg
EXACT_1461,EXACT_SHA256,3,datasets\dataset_v2_4defect\val\images\frame_00161_jpg.rf.3366de605295122a838878ba2b3e1192.jpg | datasets\dataset_v2_5class\val\images\frame_00161_jpg.rf.3366de605295122a838878ba2b3e1192.jpg | datasets\dataset_v3_clean_background\val\images\frame_00161_jpg.rf.3366de605295122a838878ba2b3e1192.jpg
EXACT_1462,EXACT_SHA256,3,datasets\dataset_v2_4defect\val\images\frame_00161_jpg.rf.fc7b2d99b4fbadf3e670ff35a69ca58c.jpg | datasets\dataset_v2_5class\val\images\frame_00161_jpg.rf.fc7b2d99b4fbadf3e670ff35a69ca58c.jpg | datasets\dataset_v3_clean_background\val\images\frame_00161_jpg.rf.fc7b2d99b4fbadf3e670ff35a69ca58c.jpg
EXACT_1463,EXACT_SHA256,3,datasets\dataset_v2_4defect\val\images\frame_00161_jpg.rf.fc7b2d99b4fbadf3e670ff35a69ca58c_aug_contrast_1.jpg | datasets\dataset_v2_5class\val\images\frame_00161_jpg.rf.fc7b2d99b4fbadf3e670ff35a69ca58c_aug_contrast_1.jpg | datasets\dataset_v3_clean_background\val\images\frame_00161_jpg.rf.fc7b2d99b4fbadf3e670ff35a69ca58c_aug_contrast_1.jpg
EXACT_1464,EXACT_SHA256,3,datasets\dataset_v2_4defect\val\images\frame_00161_jpg.rf.fc7b2d99b4fbadf3e670ff35a69ca58c_aug_hflip_0.jpg | datasets\dataset_v2_5class\val\images\frame_00161_jpg.rf.fc7b2d99b4fbadf3e670ff35a69ca58c_aug_hflip_0.jpg | datasets\dataset_v3_clean_background\val\images\frame_00161_jpg.rf.fc7b2d99b4fbadf3e670ff35a69ca58c_aug_hflip_0.jpg
EXACT_1465,EXACT_SHA256,3,datasets\dataset_v2_4defect\val\images\frame_00170_jpg.rf.ad470f29c43bbe36ed3f919c4fdc960a.jpg | datasets\dataset_v2_5class\val\images\frame_00170_jpg.rf.ad470f29c43bbe36ed3f919c4fdc960a.jpg | datasets\dataset_v3_clean_background\val\images\frame_00170_jpg.rf.ad470f29c43bbe36ed3f919c4fdc960a.jpg
EXACT_1466,EXACT_SHA256,3,datasets\dataset_v2_4defect\val\images\frame_00170_jpg.rf.ad470f29c43bbe36ed3f919c4fdc960a_aug_contrast_1.jpg | datasets\dataset_v2_5class\val\images\frame_00170_jpg.rf.ad470f29c43bbe36ed3f919c4fdc960a_aug_contrast_1.jpg | datasets\dataset_v3_clean_background\val\images\frame_00170_jpg.rf.ad470f29c43bbe36ed3f919c4fdc960a_aug_contrast_1.jpg
EXACT_1467,EXACT_SHA256,3,datasets\dataset_v2_4defect\val\images\frame_00170_jpg.rf.ad470f29c43bbe36ed3f919c4fdc960a_aug_hflip_0.jpg | datasets\dataset_v2_5class\val\images\frame_00170_jpg.rf.ad470f29c43bbe36ed3f919c4fdc960a_aug_hflip_0.jpg | datasets\dataset_v3_clean_background\val\images\frame_00170_jpg.rf.ad470f29c43bbe36ed3f919c4fdc960a_aug_hflip_0.jpg
EXACT_1468,EXACT_SHA256,3,datasets\dataset_v2_4defect\val\images\frame_00189_jpg.rf.c7dab786a793127414d50046e6460338.jpg | datasets\dataset_v2_5class\val\images\frame_00189_jpg.rf.c7dab786a793127414d50046e6460338.jpg | datasets\dataset_v3_clean_background\val\images\frame_00189_jpg.rf.c7dab786a793127414d50046e6460338.jpg
EXACT_1469,EXACT_SHA256,3,datasets\dataset_v2_4defect\val\images\frame_00207_jpg.rf.b505015d06fe64c2a2363cae70d1126b.jpg | datasets\dataset_v2_5class\val\images\frame_00207_jpg.rf.b505015d06fe64c2a2363cae70d1126b.jpg | datasets\dataset_v3_clean_background\val\images\frame_00207_jpg.rf.b505015d06fe64c2a2363cae70d1126b.jpg
EXACT_1470,EXACT_SHA256,3,datasets\dataset_v2_4defect\val\images\frame_00207_jpg.rf.b505015d06fe64c2a2363cae70d1126b_aug_contrast_1.jpg | datasets\dataset_v2_5class\val\images\frame_00207_jpg.rf.b505015d06fe64c2a2363cae70d1126b_aug_contrast_1.jpg | datasets\dataset_v3_clean_background\val\images\frame_00207_jpg.rf.b505015d06fe64c2a2363cae70d1126b_aug_contrast_1.jpg
EXACT_1471,EXACT_SHA256,3,datasets\dataset_v2_4defect\val\images\frame_00207_jpg.rf.b505015d06fe64c2a2363cae70d1126b_aug_hflip_0.jpg | datasets\dataset_v2_5class\val\images\frame_00207_jpg.rf.b505015d06fe64c2a2363cae70d1126b_aug_hflip_0.jpg | datasets\dataset_v3_clean_background\val\images\frame_00207_jpg.rf.b505015d06fe64c2a2363cae70d1126b_aug_hflip_0.jpg
EXACT_1472,EXACT_SHA256,3,datasets\dataset_v2_4defect\val\images\frame_00212_jpg.rf.75c50a433ce13802ae77f9bdae6a92d0.jpg | datasets\dataset_v2_5class\val\images\frame_00212_jpg.rf.75c50a433ce13802ae77f9bdae6a92d0.jpg | datasets\dataset_v3_clean_background\val\images\frame_00212_jpg.rf.75c50a433ce13802ae77f9bdae6a92d0.jpg
EXACT_1473,EXACT_SHA256,3,datasets\dataset_v2_4defect\val\images\frame_00219_jpg.rf.bb096542fc798790e1104c3704221cf6.jpg | datasets\dataset_v2_5class\val\images\frame_00219_jpg.rf.bb096542fc798790e1104c3704221cf6.jpg | datasets\dataset_v3_clean_background\val\images\frame_00219_jpg.rf.bb096542fc798790e1104c3704221cf6.jpg
EXACT_1474,EXACT_SHA256,3,datasets\dataset_v2_4defect\val\images\frame_00219_jpg.rf.bb096542fc798790e1104c3704221cf6_aug_contrast_2.jpg | datasets\dataset_v2_5class\val\images\frame_00219_jpg.rf.bb096542fc798790e1104c3704221cf6_aug_contrast_2.jpg | datasets\dataset_v3_clean_background\val\images\frame_00219_jpg.rf.bb096542fc798790e1104c3704221cf6_aug_contrast_2.jpg
EXACT_1475,EXACT_SHA256,3,datasets\dataset_v2_4defect\val\images\frame_00219_jpg.rf.bb096542fc798790e1104c3704221cf6_aug_hflip_0.jpg | datasets\dataset_v2_5class\val\images\frame_00219_jpg.rf.bb096542fc798790e1104c3704221cf6_aug_hflip_0.jpg | datasets\dataset_v3_clean_background\val\images\frame_00219_jpg.rf.bb096542fc798790e1104c3704221cf6_aug_hflip_0.jpg
EXACT_1476,EXACT_SHA256,3,datasets\dataset_v2_4defect\val\images\frame_00219_jpg.rf.bb096542fc798790e1104c3704221cf6_aug_vflip_1.jpg | datasets\dataset_v2_5class\val\images\frame_00219_jpg.rf.bb096542fc798790e1104c3704221cf6_aug_vflip_1.jpg | datasets\dataset_v3_clean_background\val\images\frame_00219_jpg.rf.bb096542fc798790e1104c3704221cf6_aug_vflip_1.jpg
EXACT_1477,EXACT_SHA256,3,datasets\dataset_v2_4defect\val\images\frame_00222_jpg.rf.d5386d109a49425f99085c40ff8718cd.jpg | datasets\dataset_v2_5class\val\images\frame_00222_jpg.rf.d5386d109a49425f99085c40ff8718cd.jpg | datasets\dataset_v3_clean_background\val\images\frame_00222_jpg.rf.d5386d109a49425f99085c40ff8718cd.jpg
EXACT_1478,EXACT_SHA256,3,datasets\dataset_v2_4defect\val\images\frame_00231_jpg.rf.200d0d27b4659b6c59b92e3bde750e03.jpg | datasets\dataset_v2_5class\val\images\frame_00231_jpg.rf.200d0d27b4659b6c59b92e3bde750e03.jpg | datasets\dataset_v3_clean_background\val\images\frame_00231_jpg.rf.200d0d27b4659b6c59b92e3bde750e03.jpg
EXACT_1479,EXACT_SHA256,3,datasets\dataset_v2_4defect\val\images\frame_00231_jpg.rf.200d0d27b4659b6c59b92e3bde750e03_aug_contrast_1.jpg | datasets\dataset_v2_5class\val\images\frame_00231_jpg.rf.200d0d27b4659b6c59b92e3bde750e03_aug_contrast_1.jpg | datasets\dataset_v3_clean_background\val\images\frame_00231_jpg.rf.200d0d27b4659b6c59b92e3bde750e03_aug_contrast_1.jpg
EXACT_1480,EXACT_SHA256,3,datasets\dataset_v2_4defect\val\images\frame_00231_jpg.rf.200d0d27b4659b6c59b92e3bde750e03_aug_hflip_0.jpg | datasets\dataset_v2_5class\val\images\frame_00231_jpg.rf.200d0d27b4659b6c59b92e3bde750e03_aug_hflip_0.jpg | datasets\dataset_v3_clean_background\val\images\frame_00231_jpg.rf.200d0d27b4659b6c59b92e3bde750e03_aug_hflip_0.jpg
EXACT_1481,EXACT_SHA256,3,datasets\dataset_v2_4defect\val\images\frame_00237_jpg.rf.58263405e860a964396d25e5ecee0e2b.jpg | datasets\dataset_v2_5class\val\images\frame_00237_jpg.rf.58263405e860a964396d25e5ecee0e2b.jpg | datasets\dataset_v3_clean_background\val\images\frame_00237_jpg.rf.58263405e860a964396d25e5ecee0e2b.jpg
EXACT_1482,EXACT_SHA256,3,datasets\dataset_v2_4defect\val\images\frame_00237_jpg.rf.58263405e860a964396d25e5ecee0e2b_aug_contrast_1.jpg | datasets\dataset_v2_5class\val\images\frame_00237_jpg.rf.58263405e860a964396d25e5ecee0e2b_aug_contrast_1.jpg | datasets\dataset_v3_clean_background\val\images\frame_00237_jpg.rf.58263405e860a964396d25e5ecee0e2b_aug_contrast_1.jpg
EXACT_1483,EXACT_SHA256,3,datasets\dataset_v2_4defect\val\images\frame_00237_jpg.rf.58263405e860a964396d25e5ecee0e2b_aug_hflip_0.jpg | datasets\dataset_v2_5class\val\images\frame_00237_jpg.rf.58263405e860a964396d25e5ecee0e2b_aug_hflip_0.jpg | datasets\dataset_v3_clean_background\val\images\frame_00237_jpg.rf.58263405e860a964396d25e5ecee0e2b_aug_hflip_0.jpg
EXACT_1484,EXACT_SHA256,3,datasets\dataset_v2_4defect\val\images\frame_00245_jpg.rf.973b907942cf1b9c6ef01640fca7119d.jpg | datasets\dataset_v2_5class\val\images\frame_00245_jpg.rf.973b907942cf1b9c6ef01640fca7119d.jpg | datasets\dataset_v3_clean_background\val\images\frame_00245_jpg.rf.973b907942cf1b9c6ef01640fca7119d.jpg
EXACT_1485,EXACT_SHA256,3,datasets\dataset_v2_4defect\val\images\frame_00264_jpg.rf.593e8de6fee679d386dbb6a7c5706c6f.jpg | datasets\dataset_v2_5class\val\images\frame_00264_jpg.rf.593e8de6fee679d386dbb6a7c5706c6f.jpg | datasets\dataset_v3_clean_background\val\images\frame_00264_jpg.rf.593e8de6fee679d386dbb6a7c5706c6f.jpg
EXACT_1486,EXACT_SHA256,3,datasets\dataset_v2_4defect\val\images\frame_00264_jpg.rf.593e8de6fee679d386dbb6a7c5706c6f_aug_contrast_2.jpg | datasets\dataset_v2_5class\val\images\frame_00264_jpg.rf.593e8de6fee679d386dbb6a7c5706c6f_aug_contrast_2.jpg | datasets\dataset_v3_clean_background\val\images\frame_00264_jpg.rf.593e8de6fee679d386dbb6a7c5706c6f_aug_contrast_2.jpg
EXACT_1487,EXACT_SHA256,3,datasets\dataset_v2_4defect\val\images\frame_00264_jpg.rf.593e8de6fee679d386dbb6a7c5706c6f_aug_hflip_0.jpg | datasets\dataset_v2_5class\val\images\frame_00264_jpg.rf.593e8de6fee679d386dbb6a7c5706c6f_aug_hflip_0.jpg | datasets\dataset_v3_clean_background\val\images\frame_00264_jpg.rf.593e8de6fee679d386dbb6a7c5706c6f_aug_hflip_0.jpg
EXACT_1488,EXACT_SHA256,3,datasets\dataset_v2_4defect\val\images\frame_00264_jpg.rf.593e8de6fee679d386dbb6a7c5706c6f_aug_vflip_1.jpg | datasets\dataset_v2_5class\val\images\frame_00264_jpg.rf.593e8de6fee679d386dbb6a7c5706c6f_aug_vflip_1.jpg | datasets\dataset_v3_clean_background\val\images\frame_00264_jpg.rf.593e8de6fee679d386dbb6a7c5706c6f_aug_vflip_1.jpg
EXACT_1489,EXACT_SHA256,3,datasets\dataset_v2_4defect\val\images\frame_00265_jpg.rf.86fdcaf2b1d050762ec2c49232ad6ac4.jpg | datasets\dataset_v2_5class\val\images\frame_00265_jpg.rf.86fdcaf2b1d050762ec2c49232ad6ac4.jpg | datasets\dataset_v3_clean_background\val\images\frame_00265_jpg.rf.86fdcaf2b1d050762ec2c49232ad6ac4.jpg
EXACT_1490,EXACT_SHA256,3,datasets\dataset_v2_4defect\val\images\frame_00275_jpg.rf.ca371c774994c3da6eb71380d064ba54.jpg | datasets\dataset_v2_5class\val\images\frame_00275_jpg.rf.ca371c774994c3da6eb71380d064ba54.jpg | datasets\dataset_v3_clean_background\val\images\frame_00275_jpg.rf.ca371c774994c3da6eb71380d064ba54.jpg
EXACT_1491,EXACT_SHA256,3,datasets\dataset_v2_4defect\val\images\frame_00275_jpg.rf.e01b52fd12bef086342ab93e907e6962.jpg | datasets\dataset_v2_5class\val\images\frame_00275_jpg.rf.e01b52fd12bef086342ab93e907e6962.jpg | datasets\dataset_v3_clean_background\val\images\frame_00275_jpg.rf.e01b52fd12bef086342ab93e907e6962.jpg
EXACT_1492,EXACT_SHA256,3,datasets\dataset_v2_4defect\val\images\frame_00275_jpg.rf.e01b52fd12bef086342ab93e907e6962_aug_contrast_1.jpg | datasets\dataset_v2_5class\val\images\frame_00275_jpg.rf.e01b52fd12bef086342ab93e907e6962_aug_contrast_1.jpg | datasets\dataset_v3_clean_background\val\images\frame_00275_jpg.rf.e01b52fd12bef086342ab93e907e6962_aug_contrast_1.jpg
EXACT_1493,EXACT_SHA256,3,datasets\dataset_v2_4defect\val\images\frame_00275_jpg.rf.e01b52fd12bef086342ab93e907e6962_aug_hflip_0.jpg | datasets\dataset_v2_5class\val\images\frame_00275_jpg.rf.e01b52fd12bef086342ab93e907e6962_aug_hflip_0.jpg | datasets\dataset_v3_clean_background\val\images\frame_00275_jpg.rf.e01b52fd12bef086342ab93e907e6962_aug_hflip_0.jpg
EXACT_1494,EXACT_SHA256,3,datasets\dataset_v2_4defect\val\images\frame_00309_jpg.rf.6b94fe49f12da98f7c6a5b25b404a825.jpg | datasets\dataset_v2_5class\val\images\frame_00309_jpg.rf.6b94fe49f12da98f7c6a5b25b404a825.jpg | datasets\dataset_v3_clean_background\val\images\frame_00309_jpg.rf.6b94fe49f12da98f7c6a5b25b404a825.jpg
EXACT_1495,EXACT_SHA256,3,datasets\dataset_v2_4defect\val\images\frame_00309_jpg.rf.6b94fe49f12da98f7c6a5b25b404a825_aug_contrast_3.jpg | datasets\dataset_v2_5class\val\images\frame_00309_jpg.rf.6b94fe49f12da98f7c6a5b25b404a825_aug_contrast_3.jpg | datasets\dataset_v3_clean_background\val\images\frame_00309_jpg.rf.6b94fe49f12da98f7c6a5b25b404a825_aug_contrast_3.jpg
EXACT_1496,EXACT_SHA256,3,datasets\dataset_v2_4defect\val\images\frame_00309_jpg.rf.6b94fe49f12da98f7c6a5b25b404a825_aug_hflip_0.jpg | datasets\dataset_v2_5class\val\images\frame_00309_jpg.rf.6b94fe49f12da98f7c6a5b25b404a825_aug_hflip_0.jpg | datasets\dataset_v3_clean_background\val\images\frame_00309_jpg.rf.6b94fe49f12da98f7c6a5b25b404a825_aug_hflip_0.jpg
EXACT_1497,EXACT_SHA256,3,datasets\dataset_v2_4defect\val\images\frame_00309_jpg.rf.6b94fe49f12da98f7c6a5b25b404a825_aug_hvflip_2.jpg | datasets\dataset_v2_5class\val\images\frame_00309_jpg.rf.6b94fe49f12da98f7c6a5b25b404a825_aug_hvflip_2.jpg | datasets\dataset_v3_clean_background\val\images\frame_00309_jpg.rf.6b94fe49f12da98f7c6a5b25b404a825_aug_hvflip_2.jpg
EXACT_1498,EXACT_SHA256,3,datasets\dataset_v2_4defect\val\images\frame_00309_jpg.rf.6b94fe49f12da98f7c6a5b25b404a825_aug_vflip_1.jpg | datasets\dataset_v2_5class\val\images\frame_00309_jpg.rf.6b94fe49f12da98f7c6a5b25b404a825_aug_vflip_1.jpg | datasets\dataset_v3_clean_background\val\images\frame_00309_jpg.rf.6b94fe49f12da98f7c6a5b25b404a825_aug_vflip_1.jpg
EXACT_1499,EXACT_SHA256,3,datasets\dataset_v2_4defect\val\images\frame_00316_jpg.rf.d65b0124bff93fba9bbc03e2c5b0d2f9.jpg | datasets\dataset_v2_5class\val\images\frame_00316_jpg.rf.d65b0124bff93fba9bbc03e2c5b0d2f9.jpg | datasets\dataset_v3_clean_background\val\images\frame_00316_jpg.rf.d65b0124bff93fba9bbc03e2c5b0d2f9.jpg
EXACT_1500,EXACT_SHA256,3,datasets\dataset_v2_4defect\val\images\frame_00316_jpg.rf.d65b0124bff93fba9bbc03e2c5b0d2f9_aug_contrast_1.jpg | datasets\dataset_v2_5class\val\images\frame_00316_jpg.rf.d65b0124bff93fba9bbc03e2c5b0d2f9_aug_contrast_1.jpg | datasets\dataset_v3_clean_background\val\images\frame_00316_jpg.rf.d65b0124bff93fba9bbc03e2c5b0d2f9_aug_contrast_1.jpg
EXACT_1501,EXACT_SHA256,3,datasets\dataset_v2_4defect\val\images\frame_00316_jpg.rf.d65b0124bff93fba9bbc03e2c5b0d2f9_aug_hflip_0.jpg | datasets\dataset_v2_5class\val\images\frame_00316_jpg.rf.d65b0124bff93fba9bbc03e2c5b0d2f9_aug_hflip_0.jpg | datasets\dataset_v3_clean_background\val\images\frame_00316_jpg.rf.d65b0124bff93fba9bbc03e2c5b0d2f9_aug_hflip_0.jpg
EXACT_1502,EXACT_SHA256,3,datasets\dataset_v2_4defect\val\images\frame_00318_jpg.rf.802a61753b8d0a644b6beb543a80571e.jpg | datasets\dataset_v2_5class\val\images\frame_00318_jpg.rf.802a61753b8d0a644b6beb543a80571e.jpg | datasets\dataset_v3_clean_background\val\images\frame_00318_jpg.rf.802a61753b8d0a644b6beb543a80571e.jpg
EXACT_1503,EXACT_SHA256,3,datasets\dataset_v2_4defect\val\images\frame_00329_jpg.rf.155580efe3fd29faa5781530a590c807.jpg | datasets\dataset_v2_5class\val\images\frame_00329_jpg.rf.155580efe3fd29faa5781530a590c807.jpg | datasets\dataset_v3_clean_background\val\images\frame_00329_jpg.rf.155580efe3fd29faa5781530a590c807.jpg
EXACT_1504,EXACT_SHA256,3,datasets\dataset_v2_4defect\val\images\frame_00332_jpg.rf.8c21e6978c5619541f1b3cbba6f044f3.jpg | datasets\dataset_v2_5class\val\images\frame_00332_jpg.rf.8c21e6978c5619541f1b3cbba6f044f3.jpg | datasets\dataset_v3_clean_background\val\images\frame_00332_jpg.rf.8c21e6978c5619541f1b3cbba6f044f3.jpg
EXACT_1505,EXACT_SHA256,3,datasets\dataset_v2_4defect\val\images\frame_20260504_001446_073037_jpg.rf.41a1e03f738daaea4fa37ef8e77b8514.jpg | datasets\dataset_v2_5class\val\images\frame_20260504_001446_073037_jpg.rf.41a1e03f738daaea4fa37ef8e77b8514.jpg | datasets\dataset_v3_clean_background\val\images\frame_20260504_001446_073037_jpg.rf.41a1e03f738daaea4fa37ef8e77b8514.jpg
EXACT_1506,EXACT_SHA256,3,datasets\dataset_v2_4defect\val\images\frame_20260504_001446_073037_jpg.rf.41a1e03f738daaea4fa37ef8e77b8514_aug_contrast_1.jpg | datasets\dataset_v2_5class\val\images\frame_20260504_001446_073037_jpg.rf.41a1e03f738daaea4fa37ef8e77b8514_aug_contrast_1.jpg | datasets\dataset_v3_clean_background\val\images\frame_20260504_001446_073037_jpg.rf.41a1e03f738daaea4fa37ef8e77b8514_aug_contrast_1.jpg
EXACT_1507,EXACT_SHA256,3,datasets\dataset_v2_4defect\val\images\frame_20260504_001446_073037_jpg.rf.41a1e03f738daaea4fa37ef8e77b8514_aug_hflip_0.jpg | datasets\dataset_v2_5class\val\images\frame_20260504_001446_073037_jpg.rf.41a1e03f738daaea4fa37ef8e77b8514_aug_hflip_0.jpg | datasets\dataset_v3_clean_background\val\images\frame_20260504_001446_073037_jpg.rf.41a1e03f738daaea4fa37ef8e77b8514_aug_hflip_0.jpg
EXACT_1508,EXACT_SHA256,3,datasets\dataset_v2_4defect\val\images\frame_20260504_001453_966585_jpg.rf.a4790fcec9d367f9f403de3dbb34b00a.jpg | datasets\dataset_v2_5class\val\images\frame_20260504_001453_966585_jpg.rf.a4790fcec9d367f9f403de3dbb34b00a.jpg | datasets\dataset_v3_clean_background\val\images\frame_20260504_001453_966585_jpg.rf.a4790fcec9d367f9f403de3dbb34b00a.jpg
EXACT_1509,EXACT_SHA256,3,datasets\dataset_v2_4defect\val\images\frame_20260504_001457_172954_jpg.rf.c14014192a520d1f9c41d3a31ef9b8e0.jpg | datasets\dataset_v2_5class\val\images\frame_20260504_001457_172954_jpg.rf.c14014192a520d1f9c41d3a31ef9b8e0.jpg | datasets\dataset_v3_clean_background\val\images\frame_20260504_001457_172954_jpg.rf.c14014192a520d1f9c41d3a31ef9b8e0.jpg
EXACT_1510,EXACT_SHA256,3,datasets\dataset_v2_4defect\val\images\frame_20260504_001458_186179_jpg.rf.45c9d9611e5b70db947eea4e15b0ee40.jpg | datasets\dataset_v2_5class\val\images\frame_20260504_001458_186179_jpg.rf.45c9d9611e5b70db947eea4e15b0ee40.jpg | datasets\dataset_v3_clean_background\val\images\frame_20260504_001458_186179_jpg.rf.45c9d9611e5b70db947eea4e15b0ee40.jpg
EXACT_1511,EXACT_SHA256,3,datasets\dataset_v2_4defect\val\images\frame_20260504_001458_186179_jpg.rf.45c9d9611e5b70db947eea4e15b0ee40_aug_contrast_1.jpg | datasets\dataset_v2_5class\val\images\frame_20260504_001458_186179_jpg.rf.45c9d9611e5b70db947eea4e15b0ee40_aug_contrast_1.jpg | datasets\dataset_v3_clean_background\val\images\frame_20260504_001458_186179_jpg.rf.45c9d9611e5b70db947eea4e15b0ee40_aug_contrast_1.jpg
EXACT_1512,EXACT_SHA256,3,datasets\dataset_v2_4defect\val\images\frame_20260504_001458_186179_jpg.rf.45c9d9611e5b70db947eea4e15b0ee40_aug_hflip_0.jpg | datasets\dataset_v2_5class\val\images\frame_20260504_001458_186179_jpg.rf.45c9d9611e5b70db947eea4e15b0ee40_aug_hflip_0.jpg | datasets\dataset_v3_clean_background\val\images\frame_20260504_001458_186179_jpg.rf.45c9d9611e5b70db947eea4e15b0ee40_aug_hflip_0.jpg
EXACT_1513,EXACT_SHA256,3,datasets\dataset_v2_4defect\val\images\frame_20260504_001504_008469_jpg.rf.9d08b7e32f548664329b119f66d4611b.jpg | datasets\dataset_v2_5class\val\images\frame_20260504_001504_008469_jpg.rf.9d08b7e32f548664329b119f66d4611b.jpg | datasets\dataset_v3_clean_background\val\images\frame_20260504_001504_008469_jpg.rf.9d08b7e32f548664329b119f66d4611b.jpg
EXACT_1514,EXACT_SHA256,3,datasets\dataset_v2_4defect\val\images\frame_20260504_001518_985620_jpg.rf.edc0b8d5fba61ddedc6f3e0f8f3dd5de.jpg | datasets\dataset_v2_5class\val\images\frame_20260504_001518_985620_jpg.rf.edc0b8d5fba61ddedc6f3e0f8f3dd5de.jpg | datasets\dataset_v3_clean_background\val\images\frame_20260504_001518_985620_jpg.rf.edc0b8d5fba61ddedc6f3e0f8f3dd5de.jpg
EXACT_1515,EXACT_SHA256,3,datasets\dataset_v2_4defect\val\images\frame_20260504_001536_052864_jpg.rf.67016407ef0efb81ee410788bcd28473.jpg | datasets\dataset_v2_5class\val\images\frame_20260504_001536_052864_jpg.rf.67016407ef0efb81ee410788bcd28473.jpg | datasets\dataset_v3_clean_background\val\images\frame_20260504_001536_052864_jpg.rf.67016407ef0efb81ee410788bcd28473.jpg
EXACT_1516,EXACT_SHA256,3,datasets\dataset_v2_4defect\val\images\frame_20260504_001538_123335_jpg.rf.ad33ff15ea2da39fd5515461a4fadd02.jpg | datasets\dataset_v2_5class\val\images\frame_20260504_001538_123335_jpg.rf.ad33ff15ea2da39fd5515461a4fadd02.jpg | datasets\dataset_v3_clean_background\val\images\frame_20260504_001538_123335_jpg.rf.ad33ff15ea2da39fd5515461a4fadd02.jpg
EXACT_1517,EXACT_SHA256,3,datasets\dataset_v2_4defect\val\images\frame_20260504_001604_151184_jpg.rf.c2c9d79cf45025edfdf2f30400d4dbdf.jpg | datasets\dataset_v2_5class\val\images\frame_20260504_001604_151184_jpg.rf.c2c9d79cf45025edfdf2f30400d4dbdf.jpg | datasets\dataset_v3_clean_background\val\images\frame_20260504_001604_151184_jpg.rf.c2c9d79cf45025edfdf2f30400d4dbdf.jpg
EXACT_1518,EXACT_SHA256,3,datasets\dataset_v2_4defect\val\images\frame_20260504_001609_085785_jpg.rf.564e198d7ed9f00b0a45420b33f61760.jpg | datasets\dataset_v2_5class\val\images\frame_20260504_001609_085785_jpg.rf.564e198d7ed9f00b0a45420b33f61760.jpg | datasets\dataset_v3_clean_background\val\images\frame_20260504_001609_085785_jpg.rf.564e198d7ed9f00b0a45420b33f61760.jpg
EXACT_1519,EXACT_SHA256,3,datasets\dataset_v2_4defect\val\images\frame_20260504_001611_075948_jpg.rf.88a72a546fa033af35a7340031636f68.jpg | datasets\dataset_v2_5class\val\images\frame_20260504_001611_075948_jpg.rf.88a72a546fa033af35a7340031636f68.jpg | datasets\dataset_v3_clean_background\val\images\frame_20260504_001611_075948_jpg.rf.88a72a546fa033af35a7340031636f68.jpg
EXACT_1520,EXACT_SHA256,3,datasets\dataset_v2_4defect\val\images\frame_20260504_001612_992364_jpg.rf.9441672b0ba2eae4b9be2bcf979489ce.jpg | datasets\dataset_v2_5class\val\images\frame_20260504_001612_992364_jpg.rf.9441672b0ba2eae4b9be2bcf979489ce.jpg | datasets\dataset_v3_clean_background\val\images\frame_20260504_001612_992364_jpg.rf.9441672b0ba2eae4b9be2bcf979489ce.jpg
EXACT_1521,EXACT_SHA256,3,datasets\dataset_v2_4defect\val\images\frame_20260504_002335_732681_jpg.rf.d3e61a9888ef2b6ba2309574f5e732f5.jpg | datasets\dataset_v2_5class\val\images\frame_20260504_002335_732681_jpg.rf.d3e61a9888ef2b6ba2309574f5e732f5.jpg | datasets\dataset_v3_clean_background\val\images\frame_20260504_002335_732681_jpg.rf.d3e61a9888ef2b6ba2309574f5e732f5.jpg
EXACT_1522,EXACT_SHA256,3,datasets\dataset_v2_4defect\val\images\frame_20260504_002335_732681_jpg.rf.d3e61a9888ef2b6ba2309574f5e732f5_aug_contrast_1.jpg | datasets\dataset_v2_5class\val\images\frame_20260504_002335_732681_jpg.rf.d3e61a9888ef2b6ba2309574f5e732f5_aug_contrast_1.jpg | datasets\dataset_v3_clean_background\val\images\frame_20260504_002335_732681_jpg.rf.d3e61a9888ef2b6ba2309574f5e732f5_aug_contrast_1.jpg
EXACT_1523,EXACT_SHA256,3,datasets\dataset_v2_4defect\val\images\frame_20260504_002335_732681_jpg.rf.d3e61a9888ef2b6ba2309574f5e732f5_aug_hflip_0.jpg | datasets\dataset_v2_5class\val\images\frame_20260504_002335_732681_jpg.rf.d3e61a9888ef2b6ba2309574f5e732f5_aug_hflip_0.jpg | datasets\dataset_v3_clean_background\val\images\frame_20260504_002335_732681_jpg.rf.d3e61a9888ef2b6ba2309574f5e732f5_aug_hflip_0.jpg
EXACT_1524,EXACT_SHA256,3,datasets\dataset_v2_4defect\val\images\frame_20260504_002347_704094_jpg.rf.5928463527010388c391e40919e8c784.jpg | datasets\dataset_v2_5class\val\images\frame_20260504_002347_704094_jpg.rf.5928463527010388c391e40919e8c784.jpg | datasets\dataset_v3_clean_background\val\images\frame_20260504_002347_704094_jpg.rf.5928463527010388c391e40919e8c784.jpg
EXACT_1525,EXACT_SHA256,3,datasets\dataset_v2_4defect\val\images\frame_20260504_002347_704094_jpg.rf.5928463527010388c391e40919e8c784_aug_contrast_2.jpg | datasets\dataset_v2_5class\val\images\frame_20260504_002347_704094_jpg.rf.5928463527010388c391e40919e8c784_aug_contrast_2.jpg | datasets\dataset_v3_clean_background\val\images\frame_20260504_002347_704094_jpg.rf.5928463527010388c391e40919e8c784_aug_contrast_2.jpg
EXACT_1526,EXACT_SHA256,3,datasets\dataset_v2_4defect\val\images\frame_20260504_002347_704094_jpg.rf.5928463527010388c391e40919e8c784_aug_hflip_0.jpg | datasets\dataset_v2_5class\val\images\frame_20260504_002347_704094_jpg.rf.5928463527010388c391e40919e8c784_aug_hflip_0.jpg | datasets\dataset_v3_clean_background\val\images\frame_20260504_002347_704094_jpg.rf.5928463527010388c391e40919e8c784_aug_hflip_0.jpg
EXACT_1527,EXACT_SHA256,3,datasets\dataset_v2_4defect\val\images\frame_20260504_002347_704094_jpg.rf.5928463527010388c391e40919e8c784_aug_vflip_1.jpg | datasets\dataset_v2_5class\val\images\frame_20260504_002347_704094_jpg.rf.5928463527010388c391e40919e8c784_aug_vflip_1.jpg | datasets\dataset_v3_clean_background\val\images\frame_20260504_002347_704094_jpg.rf.5928463527010388c391e40919e8c784_aug_vflip_1.jpg
EXACT_1528,EXACT_SHA256,3,datasets\dataset_v2_4defect\val\images\frame_20260504_002349_703193_jpg.rf.95599bf96798561ecbb62f89c41e02fd.jpg | datasets\dataset_v2_5class\val\images\frame_20260504_002349_703193_jpg.rf.95599bf96798561ecbb62f89c41e02fd.jpg | datasets\dataset_v3_clean_background\val\images\frame_20260504_002349_703193_jpg.rf.95599bf96798561ecbb62f89c41e02fd.jpg
EXACT_1529,EXACT_SHA256,3,datasets\dataset_v2_4defect\val\images\frame_20260504_002349_703193_jpg.rf.95599bf96798561ecbb62f89c41e02fd_aug_contrast_1.jpg | datasets\dataset_v2_5class\val\images\frame_20260504_002349_703193_jpg.rf.95599bf96798561ecbb62f89c41e02fd_aug_contrast_1.jpg | datasets\dataset_v3_clean_background\val\images\frame_20260504_002349_703193_jpg.rf.95599bf96798561ecbb62f89c41e02fd_aug_contrast_1.jpg
EXACT_1530,EXACT_SHA256,3,datasets\dataset_v2_4defect\val\images\frame_20260504_002349_703193_jpg.rf.95599bf96798561ecbb62f89c41e02fd_aug_hflip_0.jpg | datasets\dataset_v2_5class\val\images\frame_20260504_002349_703193_jpg.rf.95599bf96798561ecbb62f89c41e02fd_aug_hflip_0.jpg | datasets\dataset_v3_clean_background\val\images\frame_20260504_002349_703193_jpg.rf.95599bf96798561ecbb62f89c41e02fd_aug_hflip_0.jpg
EXACT_1531,EXACT_SHA256,3,datasets\dataset_v2_4defect\val\images\frame_20260504_002350_696874_jpg.rf.67afa279e2f7582b3f0d6e0188d0310a.jpg | datasets\dataset_v2_5class\val\images\frame_20260504_002350_696874_jpg.rf.67afa279e2f7582b3f0d6e0188d0310a.jpg | datasets\dataset_v3_clean_background\val\images\frame_20260504_002350_696874_jpg.rf.67afa279e2f7582b3f0d6e0188d0310a.jpg
EXACT_1532,EXACT_SHA256,3,datasets\dataset_v2_4defect\val\images\frame_20260504_002401_714369_jpg.rf.d43df3b2eaf6df3ae01745c6530b7869.jpg | datasets\dataset_v2_5class\val\images\frame_20260504_002401_714369_jpg.rf.d43df3b2eaf6df3ae01745c6530b7869.jpg | datasets\dataset_v3_clean_background\val\images\frame_20260504_002401_714369_jpg.rf.d43df3b2eaf6df3ae01745c6530b7869.jpg
EXACT_1533,EXACT_SHA256,3,datasets\dataset_v2_4defect\val\images\frame_20260504_002401_714369_jpg.rf.d43df3b2eaf6df3ae01745c6530b7869_aug_contrast_1.jpg | datasets\dataset_v2_5class\val\images\frame_20260504_002401_714369_jpg.rf.d43df3b2eaf6df3ae01745c6530b7869_aug_contrast_1.jpg | datasets\dataset_v3_clean_background\val\images\frame_20260504_002401_714369_jpg.rf.d43df3b2eaf6df3ae01745c6530b7869_aug_contrast_1.jpg
EXACT_1534,EXACT_SHA256,3,datasets\dataset_v2_4defect\val\images\frame_20260504_002401_714369_jpg.rf.d43df3b2eaf6df3ae01745c6530b7869_aug_hflip_0.jpg | datasets\dataset_v2_5class\val\images\frame_20260504_002401_714369_jpg.rf.d43df3b2eaf6df3ae01745c6530b7869_aug_hflip_0.jpg | datasets\dataset_v3_clean_background\val\images\frame_20260504_002401_714369_jpg.rf.d43df3b2eaf6df3ae01745c6530b7869_aug_hflip_0.jpg
EXACT_1535,EXACT_SHA256,3,datasets\dataset_v2_4defect\val\images\frame_20260504_002405_793625_jpg.rf.736f75cef00bdaf34523ddc61a1aca80.jpg | datasets\dataset_v2_5class\val\images\frame_20260504_002405_793625_jpg.rf.736f75cef00bdaf34523ddc61a1aca80.jpg | datasets\dataset_v3_clean_background\val\images\frame_20260504_002405_793625_jpg.rf.736f75cef00bdaf34523ddc61a1aca80.jpg
EXACT_1536,EXACT_SHA256,3,datasets\dataset_v2_4defect\val\images\frame_20260504_002435_787683_jpg.rf.5db6c63acb3c67d6c20e01984b8aec7c.jpg | datasets\dataset_v2_5class\val\images\frame_20260504_002435_787683_jpg.rf.5db6c63acb3c67d6c20e01984b8aec7c.jpg | datasets\dataset_v3_clean_background\val\images\frame_20260504_002435_787683_jpg.rf.5db6c63acb3c67d6c20e01984b8aec7c.jpg
EXACT_1537,EXACT_SHA256,3,datasets\dataset_v2_4defect\val\images\frame_20260504_003735_272171_jpg.rf.7da0415225adbf46365cac9fa0d46be5.jpg | datasets\dataset_v2_5class\val\images\frame_20260504_003735_272171_jpg.rf.7da0415225adbf46365cac9fa0d46be5.jpg | datasets\dataset_v3_clean_background\val\images\frame_20260504_003735_272171_jpg.rf.7da0415225adbf46365cac9fa0d46be5.jpg
EXACT_1538,EXACT_SHA256,3,datasets\dataset_v2_4defect\val\images\frame_20260504_005340_601214_jpg.rf.c98697255d5f5eeb8450c6b7b7872926.jpg | datasets\dataset_v2_5class\val\images\frame_20260504_005340_601214_jpg.rf.c98697255d5f5eeb8450c6b7b7872926.jpg | datasets\dataset_v3_clean_background\val\images\frame_20260504_005340_601214_jpg.rf.c98697255d5f5eeb8450c6b7b7872926.jpg
EXACT_1539,EXACT_SHA256,3,datasets\dataset_v2_4defect\val\images\frame_20260504_005340_601214_jpg.rf.c98697255d5f5eeb8450c6b7b7872926_aug_contrast_2.jpg | datasets\dataset_v2_5class\val\images\frame_20260504_005340_601214_jpg.rf.c98697255d5f5eeb8450c6b7b7872926_aug_contrast_2.jpg | datasets\dataset_v3_clean_background\val\images\frame_20260504_005340_601214_jpg.rf.c98697255d5f5eeb8450c6b7b7872926_aug_contrast_2.jpg
EXACT_1540,EXACT_SHA256,3,datasets\dataset_v2_4defect\val\images\frame_20260504_005340_601214_jpg.rf.c98697255d5f5eeb8450c6b7b7872926_aug_hflip_0.jpg | datasets\dataset_v2_5class\val\images\frame_20260504_005340_601214_jpg.rf.c98697255d5f5eeb8450c6b7b7872926_aug_hflip_0.jpg | datasets\dataset_v3_clean_background\val\images\frame_20260504_005340_601214_jpg.rf.c98697255d5f5eeb8450c6b7b7872926_aug_hflip_0.jpg
EXACT_1541,EXACT_SHA256,3,datasets\dataset_v2_4defect\val\images\frame_20260504_005340_601214_jpg.rf.c98697255d5f5eeb8450c6b7b7872926_aug_vflip_1.jpg | datasets\dataset_v2_5class\val\images\frame_20260504_005340_601214_jpg.rf.c98697255d5f5eeb8450c6b7b7872926_aug_vflip_1.jpg | datasets\dataset_v3_clean_background\val\images\frame_20260504_005340_601214_jpg.rf.c98697255d5f5eeb8450c6b7b7872926_aug_vflip_1.jpg
EXACT_1542,EXACT_SHA256,3,datasets\dataset_v2_4defect\val\images\frame_20260504_005905_744834_jpg.rf.e27346feab1dfbe40eecfb4b21ab8616.jpg | datasets\dataset_v2_5class\val\images\frame_20260504_005905_744834_jpg.rf.e27346feab1dfbe40eecfb4b21ab8616.jpg | datasets\dataset_v3_clean_background\val\images\frame_20260504_005905_744834_jpg.rf.e27346feab1dfbe40eecfb4b21ab8616.jpg
EXACT_1543,EXACT_SHA256,3,datasets\dataset_v2_4defect\val\images\frame_20260504_005905_744834_jpg.rf.e27346feab1dfbe40eecfb4b21ab8616_aug_contrast_1.jpg | datasets\dataset_v2_5class\val\images\frame_20260504_005905_744834_jpg.rf.e27346feab1dfbe40eecfb4b21ab8616_aug_contrast_1.jpg | datasets\dataset_v3_clean_background\val\images\frame_20260504_005905_744834_jpg.rf.e27346feab1dfbe40eecfb4b21ab8616_aug_contrast_1.jpg
EXACT_1544,EXACT_SHA256,3,datasets\dataset_v2_4defect\val\images\frame_20260504_005905_744834_jpg.rf.e27346feab1dfbe40eecfb4b21ab8616_aug_hflip_0.jpg | datasets\dataset_v2_5class\val\images\frame_20260504_005905_744834_jpg.rf.e27346feab1dfbe40eecfb4b21ab8616_aug_hflip_0.jpg | datasets\dataset_v3_clean_background\val\images\frame_20260504_005905_744834_jpg.rf.e27346feab1dfbe40eecfb4b21ab8616_aug_hflip_0.jpg
EXACT_1545,EXACT_SHA256,3,datasets\dataset_v2_4defect\val\images\frame_20260504_005928_792853_jpg.rf.8dde107f4396585bdc983bd3f503670d.jpg | datasets\dataset_v2_5class\val\images\frame_20260504_005928_792853_jpg.rf.8dde107f4396585bdc983bd3f503670d.jpg | datasets\dataset_v3_clean_background\val\images\frame_20260504_005928_792853_jpg.rf.8dde107f4396585bdc983bd3f503670d.jpg
EXACT_1546,EXACT_SHA256,3,datasets\dataset_v2_4defect\val\images\frame_20260504_005928_792853_jpg.rf.8dde107f4396585bdc983bd3f503670d_aug_contrast_1.jpg | datasets\dataset_v2_5class\val\images\frame_20260504_005928_792853_jpg.rf.8dde107f4396585bdc983bd3f503670d_aug_contrast_1.jpg | datasets\dataset_v3_clean_background\val\images\frame_20260504_005928_792853_jpg.rf.8dde107f4396585bdc983bd3f503670d_aug_contrast_1.jpg
EXACT_1547,EXACT_SHA256,3,datasets\dataset_v2_4defect\val\images\frame_20260504_005928_792853_jpg.rf.8dde107f4396585bdc983bd3f503670d_aug_hflip_0.jpg | datasets\dataset_v2_5class\val\images\frame_20260504_005928_792853_jpg.rf.8dde107f4396585bdc983bd3f503670d_aug_hflip_0.jpg | datasets\dataset_v3_clean_background\val\images\frame_20260504_005928_792853_jpg.rf.8dde107f4396585bdc983bd3f503670d_aug_hflip_0.jpg
EXACT_1548,EXACT_SHA256,3,datasets\dataset_v2_4defect\val\images\frame_20260504_005944_005080_jpg.rf.a3f6ca620fd76b2dbd699ab7754ae5a2.jpg | datasets\dataset_v2_5class\val\images\frame_20260504_005944_005080_jpg.rf.a3f6ca620fd76b2dbd699ab7754ae5a2.jpg | datasets\dataset_v3_clean_background\val\images\frame_20260504_005944_005080_jpg.rf.a3f6ca620fd76b2dbd699ab7754ae5a2.jpg
EXACT_1549,EXACT_SHA256,3,datasets\dataset_v2_4defect\val\images\frame_20260504_005944_005080_jpg.rf.a3f6ca620fd76b2dbd699ab7754ae5a2_aug_contrast_1.jpg | datasets\dataset_v2_5class\val\images\frame_20260504_005944_005080_jpg.rf.a3f6ca620fd76b2dbd699ab7754ae5a2_aug_contrast_1.jpg | datasets\dataset_v3_clean_background\val\images\frame_20260504_005944_005080_jpg.rf.a3f6ca620fd76b2dbd699ab7754ae5a2_aug_contrast_1.jpg
EXACT_1550,EXACT_SHA256,3,datasets\dataset_v2_4defect\val\images\frame_20260504_005944_005080_jpg.rf.a3f6ca620fd76b2dbd699ab7754ae5a2_aug_hflip_0.jpg | datasets\dataset_v2_5class\val\images\frame_20260504_005944_005080_jpg.rf.a3f6ca620fd76b2dbd699ab7754ae5a2_aug_hflip_0.jpg | datasets\dataset_v3_clean_background\val\images\frame_20260504_005944_005080_jpg.rf.a3f6ca620fd76b2dbd699ab7754ae5a2_aug_hflip_0.jpg
EXACT_1551,EXACT_SHA256,3,datasets\dataset_v2_4defect\val\images\frame_20260504_010333_927390_jpg.rf.d8fdc1e3f34afb2a665eda2e1e1e3264.jpg | datasets\dataset_v2_5class\val\images\frame_20260504_010333_927390_jpg.rf.d8fdc1e3f34afb2a665eda2e1e1e3264.jpg | datasets\dataset_v3_clean_background\val\images\frame_20260504_010333_927390_jpg.rf.d8fdc1e3f34afb2a665eda2e1e1e3264.jpg
EXACT_1552,EXACT_SHA256,3,datasets\dataset_v2_4defect\val\images\frame_20260504_010333_927390_jpg.rf.d8fdc1e3f34afb2a665eda2e1e1e3264_aug_contrast_1.jpg | datasets\dataset_v2_5class\val\images\frame_20260504_010333_927390_jpg.rf.d8fdc1e3f34afb2a665eda2e1e1e3264_aug_contrast_1.jpg | datasets\dataset_v3_clean_background\val\images\frame_20260504_010333_927390_jpg.rf.d8fdc1e3f34afb2a665eda2e1e1e3264_aug_contrast_1.jpg
EXACT_1553,EXACT_SHA256,3,datasets\dataset_v2_4defect\val\images\frame_20260504_010333_927390_jpg.rf.d8fdc1e3f34afb2a665eda2e1e1e3264_aug_hflip_0.jpg | datasets\dataset_v2_5class\val\images\frame_20260504_010333_927390_jpg.rf.d8fdc1e3f34afb2a665eda2e1e1e3264_aug_hflip_0.jpg | datasets\dataset_v3_clean_background\val\images\frame_20260504_010333_927390_jpg.rf.d8fdc1e3f34afb2a665eda2e1e1e3264_aug_hflip_0.jpg
EXACT_1554,EXACT_SHA256,3,datasets\dataset_v2_4defect\val\images\frame_20260504_010340_964463_jpg.rf.2a92b9256df2484dcf765c476d114fba.jpg | datasets\dataset_v2_5class\val\images\frame_20260504_010340_964463_jpg.rf.2a92b9256df2484dcf765c476d114fba.jpg | datasets\dataset_v3_clean_background\val\images\frame_20260504_010340_964463_jpg.rf.2a92b9256df2484dcf765c476d114fba.jpg
EXACT_1555,EXACT_SHA256,3,datasets\dataset_v2_4defect\val\images\frame_20260504_010340_964463_jpg.rf.2a92b9256df2484dcf765c476d114fba_aug_contrast_1.jpg | datasets\dataset_v2_5class\val\images\frame_20260504_010340_964463_jpg.rf.2a92b9256df2484dcf765c476d114fba_aug_contrast_1.jpg | datasets\dataset_v3_clean_background\val\images\frame_20260504_010340_964463_jpg.rf.2a92b9256df2484dcf765c476d114fba_aug_contrast_1.jpg
EXACT_1556,EXACT_SHA256,3,datasets\dataset_v2_4defect\val\images\frame_20260504_010340_964463_jpg.rf.2a92b9256df2484dcf765c476d114fba_aug_hflip_0.jpg | datasets\dataset_v2_5class\val\images\frame_20260504_010340_964463_jpg.rf.2a92b9256df2484dcf765c476d114fba_aug_hflip_0.jpg | datasets\dataset_v3_clean_background\val\images\frame_20260504_010340_964463_jpg.rf.2a92b9256df2484dcf765c476d114fba_aug_hflip_0.jpg
EXACT_1557,EXACT_SHA256,3,datasets\dataset_v2_4defect\val\images\frame_20260504_010402_927053_jpg.rf.274a826494cd0634e13a911a3fa255c3.jpg | datasets\dataset_v2_5class\val\images\frame_20260504_010402_927053_jpg.rf.274a826494cd0634e13a911a3fa255c3.jpg | datasets\dataset_v3_clean_background\val\images\frame_20260504_010402_927053_jpg.rf.274a826494cd0634e13a911a3fa255c3.jpg
EXACT_1558,EXACT_SHA256,3,datasets\dataset_v2_4defect\val\images\frame_20260504_010402_927053_jpg.rf.274a826494cd0634e13a911a3fa255c3_aug_contrast_2.jpg | datasets\dataset_v2_5class\val\images\frame_20260504_010402_927053_jpg.rf.274a826494cd0634e13a911a3fa255c3_aug_contrast_2.jpg | datasets\dataset_v3_clean_background\val\images\frame_20260504_010402_927053_jpg.rf.274a826494cd0634e13a911a3fa255c3_aug_contrast_2.jpg
EXACT_1559,EXACT_SHA256,3,datasets\dataset_v2_4defect\val\images\frame_20260504_010402_927053_jpg.rf.274a826494cd0634e13a911a3fa255c3_aug_hflip_0.jpg | datasets\dataset_v2_5class\val\images\frame_20260504_010402_927053_jpg.rf.274a826494cd0634e13a911a3fa255c3_aug_hflip_0.jpg | datasets\dataset_v3_clean_background\val\images\frame_20260504_010402_927053_jpg.rf.274a826494cd0634e13a911a3fa255c3_aug_hflip_0.jpg
EXACT_1560,EXACT_SHA256,3,datasets\dataset_v2_4defect\val\images\frame_20260504_010402_927053_jpg.rf.274a826494cd0634e13a911a3fa255c3_aug_vflip_1.jpg | datasets\dataset_v2_5class\val\images\frame_20260504_010402_927053_jpg.rf.274a826494cd0634e13a911a3fa255c3_aug_vflip_1.jpg | datasets\dataset_v3_clean_background\val\images\frame_20260504_010402_927053_jpg.rf.274a826494cd0634e13a911a3fa255c3_aug_vflip_1.jpg
EXACT_1561,EXACT_SHA256,4,datasets\future_training_candidates\hard_negatives\healthy_01_frame_20260504_001551_068015_jpg.rf.2eae1557a440a3106f20cad67bc9714f.jpg | datasets\future_training_candidates\optical_failures\healthy_01_frame_20260504_001551_068015_jpg.rf.2eae1557a440a3106f20cad67bc9714f.jpg | real_world_controlled_v1\healthy\healthy_01_frame_20260504_001551_068015_jpg.rf.2eae1557a440a3106f20cad67bc9714f.jpg | real_world_validation_v2\healthy\healthy_01_frame_20260504_001551_068015_jpg.rf.2eae1557a440a3106f20cad67bc9714f.jpg
EXACT_1562,EXACT_SHA256,4,datasets\future_training_candidates\hard_negatives\healthy_02_frame_20260504_001606_073276_jpg.rf.4548423d7cd1e025f133c156c2ba2c5b.jpg | datasets\future_training_candidates\optical_failures\healthy_02_frame_20260504_001606_073276_jpg.rf.4548423d7cd1e025f133c156c2ba2c5b.jpg | real_world_controlled_v1\healthy\healthy_02_frame_20260504_001606_073276_jpg.rf.4548423d7cd1e025f133c156c2ba2c5b.jpg | real_world_validation_v2\healthy\healthy_02_frame_20260504_001606_073276_jpg.rf.4548423d7cd1e025f133c156c2ba2c5b.jpg
EXACT_1563,EXACT_SHA256,4,datasets\future_training_candidates\hard_negatives\healthy_03_frame_20260504_001610_014236_jpg.rf.3eae5a7e3561521329e39c8bf75f3ab2.jpg | datasets\future_training_candidates\optical_failures\healthy_03_frame_20260504_001610_014236_jpg.rf.3eae5a7e3561521329e39c8bf75f3ab2.jpg | real_world_controlled_v1\healthy\healthy_03_frame_20260504_001610_014236_jpg.rf.3eae5a7e3561521329e39c8bf75f3ab2.jpg | real_world_validation_v2\healthy\healthy_03_frame_20260504_001610_014236_jpg.rf.3eae5a7e3561521329e39c8bf75f3ab2.jpg
EXACT_1564,EXACT_SHA256,4,datasets\future_training_candidates\hard_negatives\healthy_04_frame_20260504_003223_261865_jpg.rf.c57cb6c90f2306caa729815a699c3894.jpg | datasets\future_training_candidates\optical_failures\healthy_04_frame_20260504_003223_261865_jpg.rf.c57cb6c90f2306caa729815a699c3894.jpg | real_world_controlled_v1\healthy\healthy_04_frame_20260504_003223_261865_jpg.rf.c57cb6c90f2306caa729815a699c3894.jpg | real_world_validation_v2\healthy\healthy_04_frame_20260504_003223_261865_jpg.rf.c57cb6c90f2306caa729815a699c3894.jpg
EXACT_1565,EXACT_SHA256,4,datasets\future_training_candidates\hard_negatives\healthy_05_frame_20260504_003751_279429_jpg.rf.1d65e958909e76e16226a7b388d7f5e2.jpg | datasets\future_training_candidates\optical_failures\healthy_05_frame_20260504_003751_279429_jpg.rf.1d65e958909e76e16226a7b388d7f5e2.jpg | real_world_controlled_v1\healthy\healthy_05_frame_20260504_003751_279429_jpg.rf.1d65e958909e76e16226a7b388d7f5e2.jpg | real_world_validation_v2\healthy\healthy_05_frame_20260504_003751_279429_jpg.rf.1d65e958909e76e16226a7b388d7f5e2.jpg
EXACT_1566,EXACT_SHA256,4,datasets\hard_cases\defect_predicted_as_normal\FN_frame_00011_jpg.rf.19efdc8a690a0280e957f97f70f5a9fa.jpg | error_cases\FN_frame_00011_jpg.rf.19efdc8a690a0280e957f97f70f5a9fa.jpg | FALSE_NEGATIVES\FN_frame_00011_jpg.rf.19efdc8a690a0280e957f97f70f5a9fa.jpg | reports\false_negative_gallery\FN_frame_00011_jpg.rf.19efdc8a690a0280e957f97f70f5a9fa.jpg
EXACT_1567,EXACT_SHA256,4,datasets\hard_cases\defect_predicted_as_normal\FN_frame_00031_jpg.rf.c1d1dde1b4c3e2dd897c4b21adb8986d.jpg | error_cases\FN_frame_00031_jpg.rf.c1d1dde1b4c3e2dd897c4b21adb8986d.jpg | FALSE_NEGATIVES\FN_frame_00031_jpg.rf.c1d1dde1b4c3e2dd897c4b21adb8986d.jpg | reports\false_negative_gallery\FN_frame_00031_jpg.rf.c1d1dde1b4c3e2dd897c4b21adb8986d.jpg
EXACT_1568,EXACT_SHA256,6,datasets\hard_cases\slight_scratch_low_confidence\FP_frame_00002_jpg.rf.5e28130cc2199a50e3b0fdc3d2e38885.jpg | error_cases\FP_frame_00002_jpg.rf.5e28130cc2199a50e3b0fdc3d2e38885.jpg | error_cases\TP_frame_00002_jpg.rf.5e28130cc2199a50e3b0fdc3d2e38885.jpg | error_cases\TP_sample.jpg | FALSE_POSITIVES\FP_frame_00002_jpg.rf.5e28130cc2199a50e3b0fdc3d2e38885.jpg | reports\false_positive_gallery\FP_frame_00002_jpg.rf.5e28130cc2199a50e3b0fdc3d2e38885.jpg
EXACT_1569,EXACT_SHA256,4,datasets\hard_cases\slight_scratch_low_confidence\FP_frame_00006_jpg.rf.b87689121ddd3d4a993e9166cab21dd1.jpg | error_cases\FP_frame_00006_jpg.rf.b87689121ddd3d4a993e9166cab21dd1.jpg | FALSE_POSITIVES\FP_frame_00006_jpg.rf.b87689121ddd3d4a993e9166cab21dd1.jpg | reports\false_positive_gallery\FP_frame_00006_jpg.rf.b87689121ddd3d4a993e9166cab21dd1.jpg
EXACT_1570,EXACT_SHA256,3,datasets\hard_negative_review\belt_texture\hard_neg_normal_texture_1.jpg | datasets\hard_negative_v2\hard_neg_normal_texture_1.jpg | hard_negatives\hard_neg_normal_texture_1.jpg
EXACT_1571,EXACT_SHA256,3,datasets\hard_negative_review\belt_texture\hard_neg_normal_texture_2.jpg | datasets\hard_negative_v2\hard_neg_normal_texture_2.jpg | hard_negatives\hard_neg_normal_texture_2.jpg
EXACT_1572,EXACT_SHA256,3,datasets\hard_negative_review\belt_texture\hard_neg_normal_texture_3.jpg | datasets\hard_negative_v2\hard_neg_normal_texture_3.jpg | hard_negatives\hard_neg_normal_texture_3.jpg
EXACT_1573,EXACT_SHA256,3,datasets\hard_negative_review\belt_texture\hard_neg_normal_texture_4.jpg | datasets\hard_negative_v2\hard_neg_normal_texture_4.jpg | hard_negatives\hard_neg_normal_texture_4.jpg
EXACT_1574,EXACT_SHA256,3,datasets\hard_negative_review\belt_texture\hard_neg_normal_texture_5.jpg | datasets\hard_negative_v2\hard_neg_normal_texture_5.jpg | hard_negatives\hard_neg_normal_texture_5.jpg
EXACT_1575,EXACT_SHA256,3,datasets\hard_negative_review\belt_texture\hard_neg_normal_texture_6.jpg | datasets\hard_negative_v2\hard_neg_normal_texture_6.jpg | hard_negatives\hard_neg_normal_texture_6.jpg
EXACT_1576,EXACT_SHA256,2,final_visual_results\frame_00002_jpg.rf.5e28130cc2199a50e3b0fdc3d2e38885.jpg | real_world_predictions\NEW_MODEL_4_frame_00002_jpg.rf.5e28130cc2199a50e3b0fdc3d2e38885.jpg
EXACT_1577,EXACT_SHA256,2,final_visual_results\frame_00003_jpg.rf.49968cb55095c8b650a32b4de9b866a4.jpg | real_world_predictions\NEW_MODEL_4_frame_00003_jpg.rf.49968cb55095c8b650a32b4de9b866a4.jpg
EXACT_1578,EXACT_SHA256,2,final_visual_results\frame_00005_jpg.rf.0a13708ad0e588d678226308cacc8c9b.jpg | real_world_predictions\NEW_MODEL_4_frame_00005_jpg.rf.0a13708ad0e588d678226308cacc8c9b.jpg
EXACT_1579,EXACT_SHA256,2,final_visual_results\frame_00007_jpg.rf.fc0f5aff005d781418faaa297ff2471c.jpg | real_world_predictions\NEW_MODEL_4_frame_00007_jpg.rf.fc0f5aff005d781418faaa297ff2471c.jpg
EXACT_1580,EXACT_SHA256,2,final_visual_results\frame_00012_jpg.rf.0bccc92f2975e1b5d666489e29c08648.jpg | real_world_predictions\NEW_MODEL_4_frame_00012_jpg.rf.0bccc92f2975e1b5d666489e29c08648.jpg
EXACT_1581,EXACT_SHA256,2,final_visual_results\frame_00015_jpg.rf.8130d85e915ded4d5e29721b9dda2ff3.jpg | real_world_predictions\NEW_MODEL_4_frame_00015_jpg.rf.8130d85e915ded4d5e29721b9dda2ff3.jpg
EXACT_1582,EXACT_SHA256,2,final_visual_results\frame_00019_jpg.rf.c9d90cbe0a1e82afbccd085d19bd1cae.jpg | real_world_predictions\NEW_MODEL_4_frame_00019_jpg.rf.c9d90cbe0a1e82afbccd085d19bd1cae.jpg
EXACT_1583,EXACT_SHA256,5,final_visual_results\frame_00021_jpg.rf.6831210c001ea5ff0d9b88a309b62f97.jpg | real_world_predictions\NEW_MODEL_4_frame_00021_jpg.rf.6831210c001ea5ff0d9b88a309b62f97.jpg | reports\final_holdout_visuals\frame_00021_jpg.rf.6831210c001ea5ff0d9b88a309b62f97.jpg | reports\final_visual_validation\Healthy_Belt.jpg | visual_validation_sheets\normal_belt_clean_correct.jpg
EXACT_1584,EXACT_SHA256,2,final_visual_results\frame_00024_jpg.rf.40676e62568fb1c96b30338f08050897.jpg | real_world_predictions\NEW_MODEL_4_frame_00024_jpg.rf.40676e62568fb1c96b30338f08050897.jpg
EXACT_1585,EXACT_SHA256,2,final_visual_results\frame_00035_jpg.rf.cfcbd4ea3415701965f8fedda293fb50.jpg | real_world_predictions\NEW_MODEL_4_frame_00035_jpg.rf.cfcbd4ea3415701965f8fedda293fb50.jpg
EXACT_1586,EXACT_SHA256,2,final_visual_results\frame_00043_jpg.rf.18a2450e12175f4369c1a958dc52304b.jpg | real_world_predictions\NEW_MODEL_4_frame_00043_jpg.rf.18a2450e12175f4369c1a958dc52304b.jpg
EXACT_1587,EXACT_SHA256,2,final_visual_results\frame_00045_jpg.rf.1ad7ac3267692d24b90701ef60772951.jpg | real_world_predictions\NEW_MODEL_4_frame_00045_jpg.rf.1ad7ac3267692d24b90701ef60772951.jpg
EXACT_1588,EXACT_SHA256,3,final_visual_results\correct\splice_frame_00002.jpg | reports\final_holdout_visuals\frame_00002_jpg.rf.5e28130cc2199a50e3b0fdc3d2e38885.jpg | reports\final_visual_validation\Belt_Splice.jpg
EXACT_1589,EXACT_SHA256,3,final_visual_results\correct\tear_frame_00007.jpg | reports\final_holdout_visuals\frame_00007_jpg.rf.fc0f5aff005d781418faaa297ff2471c.jpg | reports\final_visual_validation\Longitudinal_Tear.jpg
EXACT_1590,EXACT_SHA256,2,final_visual_results\critical_defect\critical_tear_frame_00043.jpg | reports\final_holdout_visuals\frame_00043_jpg.rf.18a2450e12175f4369c1a958dc52304b.jpg
EXACT_1591,EXACT_SHA256,2,final_visual_results\false_negative\FN_frame_00011.jpg | reports\final_visual_validation\False_Negative_Case.jpg
EXACT_1592,EXACT_SHA256,2,final_visual_results\false_positive\FP_frame_00002.jpg | reports\final_visual_validation\False_Positive_Case.jpg
EXACT_1593,EXACT_SHA256,3,final_visual_results\scratch_cases\deep_scratch_frame_00024.jpg | reports\final_holdout_visuals\frame_00024_jpg.rf.40676e62568fb1c96b30338f08050897.jpg | reports\final_visual_validation\Deep_Scratch.jpg
EXACT_1594,EXACT_SHA256,2,real_world_controlled_v1\belt_splice\belt_splice_01_frame_20260504_001504_008469_jpg.rf.9d08b7e32f548664329b119f66d4611b.jpg | real_world_validation_v2\belt_splice\belt_splice_01_frame_20260504_001504_008469_jpg.rf.9d08b7e32f548664329b119f66d4611b.jpg
EXACT_1595,EXACT_SHA256,2,real_world_controlled_v1\belt_splice\belt_splice_02_frame_20260504_001445_047434_jpg.rf.1fd76942948d19edb8efa98b10b9b4a5.jpg | real_world_validation_v2\belt_splice\belt_splice_02_frame_20260504_001445_047434_jpg.rf.1fd76942948d19edb8efa98b10b9b4a5.jpg
EXACT_1596,EXACT_SHA256,2,real_world_controlled_v1\belt_splice\belt_splice_03_frame_20260504_001448_939978_jpg.rf.7bf0c76ea72908b43a9992a6835b52fc.jpg | real_world_validation_v2\belt_splice\belt_splice_03_frame_20260504_001448_939978_jpg.rf.7bf0c76ea72908b43a9992a6835b52fc.jpg
EXACT_1597,EXACT_SHA256,2,real_world_controlled_v1\belt_splice\belt_splice_04_frame_20260504_001534_122536_jpg.rf.ccb51e749bead969d37c4cbeea5d6bcc.jpg | real_world_validation_v2\belt_splice\belt_splice_04_frame_20260504_001534_122536_jpg.rf.ccb51e749bead969d37c4cbeea5d6bcc.jpg
EXACT_1598,EXACT_SHA256,2,real_world_controlled_v1\belt_splice\belt_splice_05_frame_20260504_001549_078762_jpg.rf.4c9b6a416fb4d0d4d54b9f63c4bc5d6f.jpg | real_world_validation_v2\belt_splice\belt_splice_05_frame_20260504_001549_078762_jpg.rf.4c9b6a416fb4d0d4d54b9f63c4bc5d6f.jpg
EXACT_1599,EXACT_SHA256,2,real_world_controlled_v1\belt_splice\belt_splice_06_frame_20260504_001553_104920_jpg.rf.06910f1fa4eef6889b1ae7cbc7dfe8a1.jpg | real_world_validation_v2\belt_splice\belt_splice_06_frame_20260504_001553_104920_jpg.rf.06910f1fa4eef6889b1ae7cbc7dfe8a1.jpg
EXACT_1600,EXACT_SHA256,2,real_world_controlled_v1\belt_splice\belt_splice_07_frame_20260504_001608_041157_jpg.rf.895ce85f4da9544401e7c7ae81b135b4.jpg | real_world_validation_v2\belt_splice\belt_splice_07_frame_20260504_001608_041157_jpg.rf.895ce85f4da9544401e7c7ae81b135b4.jpg
EXACT_1601,EXACT_SHA256,2,real_world_controlled_v1\belt_splice\belt_splice_08_frame_20260504_002351_721258_jpg.rf.61050ff5514265572a506e35b06ad461.jpg | real_world_validation_v2\belt_splice\belt_splice_08_frame_20260504_002351_721258_jpg.rf.61050ff5514265572a506e35b06ad461.jpg
EXACT_1602,EXACT_SHA256,2,real_world_controlled_v1\belt_splice\belt_splice_09_frame_20260504_002355_717638_jpg.rf.9bd9227984df4f46c166e76263bddbd8.jpg | real_world_validation_v2\belt_splice\belt_splice_09_frame_20260504_002355_717638_jpg.rf.9bd9227984df4f46c166e76263bddbd8.jpg
EXACT_1603,EXACT_SHA256,2,real_world_controlled_v1\belt_splice\belt_splice_10_frame_20260504_002406_708018_jpg.rf.be4013cacfa2e012ff1421bd1bb97e7c.jpg | real_world_validation_v2\belt_splice\belt_splice_10_frame_20260504_002406_708018_jpg.rf.be4013cacfa2e012ff1421bd1bb97e7c.jpg
EXACT_1604,EXACT_SHA256,2,real_world_controlled_v1\deep_scratch\deep_scratch_01_frame_20260504_005906_773257_jpg.rf.a5efba1b2b765512f9944b0d89dd10ec.jpg | real_world_validation_v2\deep_scratch\deep_scratch_01_frame_20260504_005906_773257_jpg.rf.a5efba1b2b765512f9944b0d89dd10ec.jpg
EXACT_1605,EXACT_SHA256,2,real_world_controlled_v1\deep_scratch\deep_scratch_02_frame_20260504_005941_985035_jpg.rf.443b36939fe4355f2011e3c0e9bf75f6.jpg | real_world_validation_v2\deep_scratch\deep_scratch_02_frame_20260504_005941_985035_jpg.rf.443b36939fe4355f2011e3c0e9bf75f6.jpg
EXACT_1606,EXACT_SHA256,2,real_world_controlled_v1\deep_scratch\deep_scratch_03_frame_20260504_010353_895335_jpg.rf.d339c892c6d1d0625aefec9eafc61439.jpg | real_world_validation_v2\deep_scratch\deep_scratch_03_frame_20260504_010353_895335_jpg.rf.d339c892c6d1d0625aefec9eafc61439.jpg
EXACT_1607,EXACT_SHA256,2,real_world_controlled_v1\deep_scratch\deep_scratch_04_frame_20260504_001426_418414_jpg.rf.161c709ef1bd88450caf793a1dd2d5d2.jpg | real_world_validation_v2\deep_scratch\deep_scratch_04_frame_20260504_001426_418414_jpg.rf.161c709ef1bd88450caf793a1dd2d5d2.jpg
EXACT_1608,EXACT_SHA256,2,real_world_controlled_v1\deep_scratch\deep_scratch_05_frame_20260504_001427_194997_jpg.rf.c120e9b8ef8efb9d1278dbd5c44b0bbe.jpg | real_world_validation_v2\deep_scratch\deep_scratch_05_frame_20260504_001427_194997_jpg.rf.c120e9b8ef8efb9d1278dbd5c44b0bbe.jpg
EXACT_1609,EXACT_SHA256,2,real_world_controlled_v1\deep_scratch\deep_scratch_06_frame_20260504_001428_139165_jpg.rf.6919eb4a4d94d18f19961c12d1b181cf.jpg | real_world_validation_v2\deep_scratch\deep_scratch_06_frame_20260504_001428_139165_jpg.rf.6919eb4a4d94d18f19961c12d1b181cf.jpg
EXACT_1610,EXACT_SHA256,2,real_world_controlled_v1\deep_scratch\deep_scratch_07_frame_20260504_001428_997880_jpg.rf.ffb58c3abd33fdafd1b5bc9c71c4bf90.jpg | real_world_validation_v2\deep_scratch\deep_scratch_07_frame_20260504_001428_997880_jpg.rf.ffb58c3abd33fdafd1b5bc9c71c4bf90.jpg
EXACT_1611,EXACT_SHA256,2,real_world_controlled_v1\deep_scratch\deep_scratch_08_frame_20260504_001430_293195_jpg.rf.72b04e3058dd21b8fa6af7fd40ad0261.jpg | real_world_validation_v2\deep_scratch\deep_scratch_08_frame_20260504_001430_293195_jpg.rf.72b04e3058dd21b8fa6af7fd40ad0261.jpg
EXACT_1612,EXACT_SHA256,2,real_world_controlled_v1\deep_scratch\deep_scratch_09_frame_20260504_001431_208607_jpg.rf.a0a3672eef9af93716af13a483dbd162.jpg | real_world_validation_v2\deep_scratch\deep_scratch_09_frame_20260504_001431_208607_jpg.rf.a0a3672eef9af93716af13a483dbd162.jpg
EXACT_1613,EXACT_SHA256,2,real_world_controlled_v1\deep_scratch\deep_scratch_10_frame_20260504_001432_273343_jpg.rf.40f508fad80025b65e6a826779a7ab93.jpg | real_world_validation_v2\deep_scratch\deep_scratch_10_frame_20260504_001432_273343_jpg.rf.40f508fad80025b65e6a826779a7ab93.jpg
EXACT_1614,EXACT_SHA256,2,real_world_controlled_v1\healthy\healthy_06_frame_20260504_004428_968516_jpg.rf.17abd8ef295655f2457393854b6f0f2c.jpg | real_world_validation_v2\healthy\healthy_06_frame_20260504_004428_968516_jpg.rf.17abd8ef295655f2457393854b6f0f2c.jpg
EXACT_1615,EXACT_SHA256,2,real_world_controlled_v1\healthy\healthy_07_frame_20260504_001443_963840_jpg.rf.791ffd9b275f42be102838619f9c3a4f.jpg | real_world_validation_v2\healthy\healthy_07_frame_20260504_001443_963840_jpg.rf.791ffd9b275f42be102838619f9c3a4f.jpg
EXACT_1616,EXACT_SHA256,2,real_world_controlled_v1\healthy\healthy_08_frame_20260504_001453_094795_jpg.rf.965b1f19600269ad921f53f2648c46a9.jpg | real_world_validation_v2\healthy\healthy_08_frame_20260504_001453_094795_jpg.rf.965b1f19600269ad921f53f2648c46a9.jpg
EXACT_1617,EXACT_SHA256,2,real_world_controlled_v1\healthy\healthy_09_frame_20260504_001457_172954_jpg.rf.c14014192a520d1f9c41d3a31ef9b8e0.jpg | real_world_validation_v2\healthy\healthy_09_frame_20260504_001457_172954_jpg.rf.c14014192a520d1f9c41d3a31ef9b8e0.jpg
EXACT_1618,EXACT_SHA256,2,real_world_controlled_v1\healthy\healthy_10_frame_20260504_001459_046383_jpg.rf.9e74d9fd5028709eff76c5804d3ffbc3.jpg | real_world_validation_v2\healthy\healthy_10_frame_20260504_001459_046383_jpg.rf.9e74d9fd5028709eff76c5804d3ffbc3.jpg
EXACT_1619,EXACT_SHA256,2,real_world_controlled_v1\longitudinal_tear\longitudinal_tear_01_frame_20260504_001509_988740_jpg.rf.03c9d782be7db917b7aaca7aeb339782.jpg | real_world_validation_v2\longitudinal_tear\longitudinal_tear_01_frame_20260504_001509_988740_jpg.rf.03c9d782be7db917b7aaca7aeb339782.jpg
EXACT_1620,EXACT_SHA256,2,real_world_controlled_v1\longitudinal_tear\longitudinal_tear_02_frame_20260504_001614_049752_jpg.rf.4f4263eb05be3c5dd2b42729460aa66e.jpg | real_world_validation_v2\longitudinal_tear\longitudinal_tear_02_frame_20260504_001614_049752_jpg.rf.4f4263eb05be3c5dd2b42729460aa66e.jpg
EXACT_1621,EXACT_SHA256,2,real_world_controlled_v1\longitudinal_tear\longitudinal_tear_03_frame_20260504_001441_961350_jpg.rf.aebad6485a90033e8aafb8473b255733.jpg | real_world_validation_v2\longitudinal_tear\longitudinal_tear_03_frame_20260504_001441_961350_jpg.rf.aebad6485a90033e8aafb8473b255733.jpg
EXACT_1622,EXACT_SHA256,2,real_world_controlled_v1\longitudinal_tear\longitudinal_tear_04_frame_20260504_001442_973718_jpg.rf.90d4f9f9ea14388c79734122d099959d.jpg | real_world_validation_v2\longitudinal_tear\longitudinal_tear_04_frame_20260504_001442_973718_jpg.rf.90d4f9f9ea14388c79734122d099959d.jpg
EXACT_1623,EXACT_SHA256,2,real_world_controlled_v1\longitudinal_tear\longitudinal_tear_05_frame_20260504_001446_073037_jpg.rf.41a1e03f738daaea4fa37ef8e77b8514.jpg | real_world_validation_v2\longitudinal_tear\longitudinal_tear_05_frame_20260504_001446_073037_jpg.rf.41a1e03f738daaea4fa37ef8e77b8514.jpg
EXACT_1624,EXACT_SHA256,2,real_world_controlled_v1\longitudinal_tear\longitudinal_tear_06_frame_20260504_001458_186179_jpg.rf.45c9d9611e5b70db947eea4e15b0ee40.jpg | real_world_validation_v2\longitudinal_tear\longitudinal_tear_06_frame_20260504_001458_186179_jpg.rf.45c9d9611e5b70db947eea4e15b0ee40.jpg
EXACT_1625,EXACT_SHA256,2,real_world_controlled_v1\longitudinal_tear\longitudinal_tear_07_frame_20260504_001500_986995_jpg.rf.137e077228e57924f663b0fc7ab37f2c.jpg | real_world_validation_v2\longitudinal_tear\longitudinal_tear_07_frame_20260504_001500_986995_jpg.rf.137e077228e57924f663b0fc7ab37f2c.jpg
EXACT_1626,EXACT_SHA256,2,real_world_controlled_v1\longitudinal_tear\longitudinal_tear_08_frame_20260504_001513_018302_jpg.rf.f7516e8158c1e059f9d729290f1cadd1.jpg | real_world_validation_v2\longitudinal_tear\longitudinal_tear_08_frame_20260504_001513_018302_jpg.rf.f7516e8158c1e059f9d729290f1cadd1.jpg
EXACT_1627,EXACT_SHA256,2,real_world_controlled_v1\longitudinal_tear\longitudinal_tear_09_frame_20260504_001516_192421_jpg.rf.47ba6e82dc7c892129965266c47dab0f.jpg | real_world_validation_v2\longitudinal_tear\longitudinal_tear_09_frame_20260504_001516_192421_jpg.rf.47ba6e82dc7c892129965266c47dab0f.jpg
EXACT_1628,EXACT_SHA256,2,real_world_controlled_v1\longitudinal_tear\longitudinal_tear_10_frame_20260504_001530_996480_jpg.rf.79076124b49cc1e78d71bf932343f671.jpg | real_world_validation_v2\longitudinal_tear\longitudinal_tear_10_frame_20260504_001530_996480_jpg.rf.79076124b49cc1e78d71bf932343f671.jpg
EXACT_1629,EXACT_SHA256,2,real_world_controlled_v1\slight_scratch\slight_scratch_01_frame_20260504_005333_580647_jpg.rf.733f8a7857837c2cd635cf0377d0bb8d.jpg | real_world_validation_v2\slight_scratch\slight_scratch_01_frame_20260504_005333_580647_jpg.rf.733f8a7857837c2cd635cf0377d0bb8d.jpg
EXACT_1630,EXACT_SHA256,2,real_world_controlled_v1\slight_scratch\slight_scratch_02_frame_20260504_005841_669567_jpg.rf.3fd04fd5405cc984bf43bcfe6c6ab419.jpg | real_world_validation_v2\slight_scratch\slight_scratch_02_frame_20260504_005841_669567_jpg.rf.3fd04fd5405cc984bf43bcfe6c6ab419.jpg
EXACT_1631,EXACT_SHA256,2,real_world_controlled_v1\slight_scratch\slight_scratch_03_frame_20260504_005842_678301_jpg.rf.375ec8311467a5f68cec5c5ab10a9719.jpg | real_world_validation_v2\slight_scratch\slight_scratch_03_frame_20260504_005842_678301_jpg.rf.375ec8311467a5f68cec5c5ab10a9719.jpg
EXACT_1632,EXACT_SHA256,2,real_world_controlled_v1\slight_scratch\slight_scratch_04_frame_20260504_005913_708942_jpg.rf.de54908c81e5e744e12851844dacbb41.jpg | real_world_validation_v2\slight_scratch\slight_scratch_04_frame_20260504_005913_708942_jpg.rf.de54908c81e5e744e12851844dacbb41.jpg
EXACT_1633,EXACT_SHA256,2,real_world_controlled_v1\slight_scratch\slight_scratch_05_frame_20260504_010346_903311_jpg.rf.4f4bec097d753052698e826f0fe66281.jpg | real_world_validation_v2\slight_scratch\slight_scratch_05_frame_20260504_010346_903311_jpg.rf.4f4bec097d753052698e826f0fe66281.jpg
EXACT_1634,EXACT_SHA256,2,real_world_controlled_v1\slight_scratch\slight_scratch_06_frame_20260504_001506_013874_jpg.rf.505f8f14ab8c2fd9a7fa0609dcc8f890.jpg | real_world_validation_v2\slight_scratch\slight_scratch_06_frame_20260504_001506_013874_jpg.rf.505f8f14ab8c2fd9a7fa0609dcc8f890.jpg
EXACT_1635,EXACT_SHA256,2,real_world_controlled_v1\slight_scratch\slight_scratch_07_frame_20260504_001508_000036_jpg.rf.efb61e2418a00773b1f1ece1ade28d53.jpg | real_world_validation_v2\slight_scratch\slight_scratch_07_frame_20260504_001508_000036_jpg.rf.efb61e2418a00773b1f1ece1ade28d53.jpg
EXACT_1636,EXACT_SHA256,2,real_world_controlled_v1\slight_scratch\slight_scratch_08_frame_20260504_001556_054329_jpg.rf.be72c461d23c71e9a1bbf6f247c5de1e.jpg | real_world_validation_v2\slight_scratch\slight_scratch_08_frame_20260504_001556_054329_jpg.rf.be72c461d23c71e9a1bbf6f247c5de1e.jpg
EXACT_1637,EXACT_SHA256,2,real_world_controlled_v1\slight_scratch\slight_scratch_09_frame_20260504_002357_706435_jpg.rf.d832e83050f6ecd76d7b9d2a3e933c87.jpg | real_world_validation_v2\slight_scratch\slight_scratch_09_frame_20260504_002357_706435_jpg.rf.d832e83050f6ecd76d7b9d2a3e933c87.jpg
EXACT_1638,EXACT_SHA256,2,real_world_controlled_v1\slight_scratch\slight_scratch_10_frame_20260504_002359_717757_jpg.rf.62d5259233ef832813a943c301a5a014.jpg | real_world_validation_v2\slight_scratch\slight_scratch_10_frame_20260504_002359_717757_jpg.rf.62d5259233ef832813a943c301a5a014.jpg
EXACT_1639,EXACT_SHA256,2,reports\final_holdout_visuals\frame_00012_jpg.rf.0bccc92f2975e1b5d666489e29c08648.jpg | reports\final_visual_validation\Slight_Scratch.jpg
EXACT_1640,EXACT_SHA256,2,runs\detect\experiments\experiment_B_clean_dataset\labels.jpg | runs\detect\experiments\experiment_C_hard_cases\labels.jpg
EXACT_1641,EXACT_SHA256,2,runs\detect\experiments\experiment_B_clean_dataset\val_batch0_labels.jpg | runs\detect\experiments\experiment_C_hard_cases\val_batch0_labels.jpg
EXACT_1642,EXACT_SHA256,2,runs\detect\experiments\experiment_B_clean_dataset\val_batch1_labels.jpg | runs\detect\experiments\experiment_C_hard_cases\val_batch1_labels.jpg
EXACT_1643,EXACT_SHA256,2,runs\detect\experiments\experiment_B_clean_dataset\val_batch2_labels.jpg | runs\detect\experiments\experiment_C_hard_cases\val_batch2_labels.jpg
EXACT_1644,EXACT_SHA256,2,runs\detect\val\BoxF1_curve.png | runs\detect\val-2\BoxF1_curve.png
EXACT_1645,EXACT_SHA256,2,runs\detect\val\BoxPR_curve.png | runs\detect\val-2\BoxPR_curve.png
EXACT_1646,EXACT_SHA256,2,runs\detect\val\BoxP_curve.png | runs\detect\val-2\BoxP_curve.png
EXACT_1647,EXACT_SHA256,2,runs\detect\val\BoxR_curve.png | runs\detect\val-2\BoxR_curve.png
EXACT_1648,EXACT_SHA256,2,runs\detect\val\confusion_matrix.png | runs\detect\val-2\confusion_matrix.png
EXACT_1649,EXACT_SHA256,2,runs\detect\val\confusion_matrix_normalized.png | runs\detect\val-2\confusion_matrix_normalized.png
EXACT_1650,EXACT_SHA256,2,runs\detect\val\val_batch0_labels.jpg | runs\detect\val-2\val_batch0_labels.jpg
EXACT_1651,EXACT_SHA256,2,runs\detect\val\val_batch0_pred.jpg | runs\detect\val-2\val_batch0_pred.jpg
EXACT_1652,EXACT_SHA256,2,runs\detect\val\val_batch1_labels.jpg | runs\detect\val-2\val_batch1_labels.jpg
EXACT_1653,EXACT_SHA256,2,runs\detect\val\val_batch1_pred.jpg | runs\detect\val-2\val_batch1_pred.jpg
EXACT_1654,EXACT_SHA256,2,runs\detect\val\val_batch2_labels.jpg | runs\detect\val-2\val_batch2_labels.jpg
EXACT_1655,EXACT_SHA256,2,runs\detect\val\val_batch2_pred.jpg | runs\detect\val-2\val_batch2_pred.jpg
EXACT_1656,EXACT_SHA256,5,runs\detect\val-4\val_batch0_labels.jpg | runs\detect\val-5\val_batch0_labels.jpg | runs\detect\val-6\val_batch0_labels.jpg | runs\detect\val-7\val_batch0_labels.jpg | runs\detect\val-8\val_batch0_labels.jpg
EXACT_1657,EXACT_SHA256,5,runs\detect\val-4\val_batch0_pred.jpg | runs\detect\val-5\val_batch0_pred.jpg | runs\detect\val-6\val_batch0_pred.jpg | runs\detect\val-7\val_batch0_pred.jpg | runs\detect\val-8\val_batch0_pred.jpg
EXACT_1658,EXACT_SHA256,4,runs\detect\val-4\val_batch1_labels.jpg | runs\detect\val-5\val_batch1_labels.jpg | runs\detect\val-6\val_batch1_labels.jpg | runs\detect\val-8\val_batch1_labels.jpg
EXACT_1659,EXACT_SHA256,4,runs\detect\val-4\val_batch1_pred.jpg | runs\detect\val-5\val_batch1_pred.jpg | runs\detect\val-6\val_batch1_pred.jpg | runs\detect\val-8\val_batch1_pred.jpg
EXACT_1660,EXACT_SHA256,5,runs\detect\val-4\val_batch2_labels.jpg | runs\detect\val-5\val_batch2_labels.jpg | runs\detect\val-6\val_batch2_labels.jpg | runs\detect\val-7\val_batch2_labels.jpg | runs\detect\val-8\val_batch2_labels.jpg
EXACT_1661,EXACT_SHA256,4,runs\detect\val-4\val_batch2_pred.jpg | runs\detect\val-5\val_batch2_pred.jpg | runs\detect\val-6\val_batch2_pred.jpg | runs\detect\val-7\val_batch2_pred.jpg
NEAR_1,NEAR_DHASH_DIST_3,2,13 belt_output\detect\belt_defect_yolo11s\run_512_optimized\confusion_matrix.png | belt_output\detect\belt_defect_yolo11s\run_v3_balanced\confusion_matrix.png
NEAR_2,NEAR_DHASH_DIST_2,2,13 belt_output\detect\belt_defect_yolo11s\run_512_optimized\confusion_matrix_normalized.png | belt_defect_yolo11m\run_800_medium-2\confusion_matrix_normalized.png
NEAR_3,NEAR_DHASH_DIST_1,5,13 belt_output\detect\belt_defect_yolo11s\run_512_optimized\confusion_matrix_normalized.png | belt_defect_yolo11s\run_v3_balanced\confusion_matrix_normalized.png | belt_output\detect\belt_defect_yolo11s\run_v3_balanced\confusion_matrix_normalized.png | detect\train\confusion_matrix_normalized.png | run_v3_balanced\confusion_matrix_normalized.png
NEAR_4,NEAR_DHASH_DIST_3,6,13 belt_output\detect\belt_defect_yolo11s\run_512_optimized\val_batch0_labels.jpg | belt_defect_yolo11m\run_800_medium-2\val_batch0_labels.jpg | belt_defect_yolo11s\run_v3_balanced\val_batch0_labels.jpg | belt_output\detect\belt_defect_yolo11s\run_v3_balanced\val_batch0_labels.jpg | run_v3_balanced\val_batch0_labels.jpg | belt_defect_yolo11s\run_v3_balanced\val_batch0_pred.jpg
NEAR_5,NEAR_DHASH_DIST_3,2,13 belt_output\detect\belt_defect_yolo11s\run_512_optimized\val_batch0_pred.jpg | belt_defect_yolo11m\run_800_medium-2\val_batch0_pred.jpg
NEAR_6,NEAR_DHASH_DIST_2,2,13 belt_output\detect\belt_defect_yolo11s\run_512_optimized\val_batch0_pred.jpg | belt_output\detect\belt_defect_yolo11s\run_v3_balanced\val_batch0_pred.jpg
NEAR_7,NEAR_DHASH_DIST_3,5,belt_defect_yolo11m\run_800_medium-2\confusion_matrix_normalized.png | belt_defect_yolo11s\run_v3_balanced\confusion_matrix_normalized.png | belt_output\detect\belt_defect_yolo11s\run_v3_balanced\confusion_matrix_normalized.png | detect\train\confusion_matrix_normalized.png | run_v3_balanced\confusion_matrix_normalized.png
NEAR_8,NEAR_DHASH_DIST_3,2,belt_defect_yolo11m\run_800_medium-2\val_batch0_pred.jpg | belt_output\detect\belt_defect_yolo11s\run_v3_balanced\val_batch0_pred.jpg
NEAR_9,NEAR_DHASH_DIST_2,4,belt_defect_yolo11m\run_800_medium-2\val_batch2_labels.jpg | belt_defect_yolo11s\run_v3_balanced\val_batch1_labels.jpg | belt_output\detect\belt_defect_yolo11s\run_v3_balanced\val_batch1_labels.jpg | run_v3_balanced\val_batch1_labels.jpg
NEAR_10,NEAR_DHASH_DIST_2,2,belt_defect_yolo11m\run_800_medium-2\val_batch2_pred.jpg | belt_defect_yolo11s\run_v3_balanced\val_batch1_pred.jpg
NEAR_11,NEAR_DHASH_DIST_3,2,belt_defect_yolo11s\run_v3_balanced\confusion_matrix.png | belt_output\detect\belt_defect_yolo11s\run_v3_balanced\confusion_matrix.png
NEAR_12,NEAR_DHASH_DIST_1,4,belt_defect_yolo11s\run_v3_balanced\val_batch2_labels.jpg | belt_output\detect\belt_defect_yolo11s\run_v3_balanced\val_batch2_labels.jpg | detect\train\val_batch2_labels.jpg | run_v3_balanced\val_batch2_labels.jpg
NEAR_13,NEAR_DHASH_DIST_2,2,belt_defect_yolo11s\run_v3_balanced\val_batch2_pred.jpg | belt_output\detect\belt_defect_yolo11s\run_v3_balanced\val_batch2_pred.jpg
NEAR_14,NEAR_DHASH_DIST_2,9,candidate_B_false_negative_gallery\FN_0_frame_00000_jpg.rf.b25756bb2ec71f1b58fd784c46a72cf8.jpg | candidate_B_false_negative_gallery\FN_1_frame_00000_jpg.rf.b25756bb2ec71f1b58fd784c46a72cf8.jpg | datasets\dataset_v2_4defect\val\images\frame_00000_jpg.rf.b25756bb2ec71f1b58fd784c46a72cf8.jpg | datasets\dataset_v2_4defect\val\images\frame_00000_jpg.rf.b25756bb2ec71f1b58fd784c46a72cf8_aug_contrast_3.jpg | datasets\dataset_v2_5class\val\images\frame_00000_jpg.rf.b25756bb2ec71f1b58fd784c46a72cf8.jpg | datasets\dataset_v2_5class\val\images\frame_00000_jpg.rf.b25756bb2ec71f1b58fd784c46a72cf8_aug_contrast_3.jpg | datasets\dataset_v3_clean_background\val\images\frame_00000_jpg.rf.b25756bb2ec71f1b58fd784c46a72cf8.jpg | datasets\dataset_v3_clean_background\val\images\frame_00000_jpg.rf.b25756bb2ec71f1b58fd784c46a72cf8_aug_contrast_3.jpg | candidate_B_false_negative_gallery\FN_2_frame_00000_jpg.rf.b25756bb2ec71f1b58fd784c46a72cf8.jpg
NEAR_15,NEAR_DHASH_DIST_1,21,candidate_B_false_negative_gallery\FN_0_frame_00000_jpg.rf.b25756bb2ec71f1b58fd784c46a72cf8.jpg | candidate_B_false_negative_gallery\FN_1_frame_00000_jpg.rf.b25756bb2ec71f1b58fd784c46a72cf8.jpg | datasets\dataset_v2_4defect\val\images\frame_00000_jpg.rf.b25756bb2ec71f1b58fd784c46a72cf8.jpg | datasets\dataset_v2_4defect\val\images\frame_00000_jpg.rf.b25756bb2ec71f1b58fd784c46a72cf8_aug_contrast_3.jpg | datasets\dataset_v2_5class\val\images\frame_00000_jpg.rf.b25756bb2ec71f1b58fd784c46a72cf8.jpg | datasets\dataset_v2_5class\val\images\frame_00000_jpg.rf.b25756bb2ec71f1b58fd784c46a72cf8_aug_contrast_3.jpg | datasets\dataset_v3_clean_background\val\images\frame_00000_jpg.rf.b25756bb2ec71f1b58fd784c46a72cf8.jpg | datasets\dataset_v3_clean_background\val\images\frame_00000_jpg.rf.b25756bb2ec71f1b58fd784c46a72cf8_aug_contrast_3.jpg | datasets\dataset_v2_4defect\test\images\frame_00002_jpg.rf.5e28130cc2199a50e3b0fdc3d2e38885.jpg | datasets\dataset_v2_5class\test\images\frame_00002_jpg.rf.5e28130cc2199a50e3b0fdc3d2e38885.jpg | datasets\dataset_v3_clean_background\test\images\frame_00002_jpg.rf.5e28130cc2199a50e3b0fdc3d2e38885.jpg | demo_images\frame_00002_jpg.rf.5e28130cc2199a50e3b0fdc3d2e38885.jpg | final_visual_results\correct\splice_frame_00002.jpg | golden_test_images\frame_00002_jpg.rf.5e28130cc2199a50e3b0fdc3d2e38885.jpg | known_defect_tests\belt_splice_1_frame_00002_jpg.rf.5e28130cc2199a50e3b0fdc3d2e38885.jpg | known_defect_tests\normal_belt_1_frame_00002_jpg.rf.5e28130cc2199a50e3b0fdc3d2e38885.jpg | real_world_predictions\BASELINE_ORIGINAL_MODEL_frame_00002_jpg.rf.5e28130cc2199a50e3b0fdc3d2e38885.jpg | real_world_test\frame_00002_jpg.rf.5e28130cc2199a50e3b0fdc3d2e38885.jpg | real_world_test\REAL_BELT_SPLICE\frame_00002_jpg.rf.5e28130cc2199a50e3b0fdc3d2e38885.jpg | reports\final_holdout_visuals\frame_00002_jpg.rf.5e28130cc2199a50e3b0fdc3d2e38885.jpg | reports\final_visual_validation\Belt_Splice.jpg
NEAR_16,NEAR_DHASH_DIST_3,14,candidate_B_false_negative_gallery\FN_2_frame_00000_jpg.rf.b25756bb2ec71f1b58fd784c46a72cf8.jpg | datasets\dataset_v2_4defect\test\images\frame_00002_jpg.rf.5e28130cc2199a50e3b0fdc3d2e38885.jpg | datasets\dataset_v2_5class\test\images\frame_00002_jpg.rf.5e28130cc2199a50e3b0fdc3d2e38885.jpg | datasets\dataset_v3_clean_background\test\images\frame_00002_jpg.rf.5e28130cc2199a50e3b0fdc3d2e38885.jpg | demo_images\frame_00002_jpg.rf.5e28130cc2199a50e3b0fdc3d2e38885.jpg | final_visual_results\correct\splice_frame_00002.jpg | golden_test_images\frame_00002_jpg.rf.5e28130cc2199a50e3b0fdc3d2e38885.jpg | known_defect_tests\belt_splice_1_frame_00002_jpg.rf.5e28130cc2199a50e3b0fdc3d2e38885.jpg | known_defect_tests\normal_belt_1_frame_00002_jpg.rf.5e28130cc2199a50e3b0fdc3d2e38885.jpg | real_world_predictions\BASELINE_ORIGINAL_MODEL_frame_00002_jpg.rf.5e28130cc2199a50e3b0fdc3d2e38885.jpg | real_world_test\frame_00002_jpg.rf.5e28130cc2199a50e3b0fdc3d2e38885.jpg | real_world_test\REAL_BELT_SPLICE\frame_00002_jpg.rf.5e28130cc2199a50e3b0fdc3d2e38885.jpg | reports\final_holdout_visuals\frame_00002_jpg.rf.5e28130cc2199a50e3b0fdc3d2e38885.jpg | reports\final_visual_validation\Belt_Splice.jpg
NEAR_17,NEAR_DHASH_DIST_2,2,candidate_B_false_negative_gallery\FN_4_frame_00012_jpg.rf.0d8466686c462b0fa8ab27361226f251.jpg | candidate_B_false_negative_gallery\FN_5_frame_00012_jpg.rf.0d8466686c462b0fa8ab27361226f251.jpg
NEAR_18,NEAR_DHASH_DIST_1,7,datasets\dataset_v2_4defect\test\images\frame_00006_jpg.rf.8650a6dd406aa6f7ecf83506eac3db03.jpg | datasets\dataset_v2_5class\test\images\frame_00006_jpg.rf.8650a6dd406aa6f7ecf83506eac3db03.jpg | datasets\dataset_v3_clean_background\test\images\frame_00006_jpg.rf.8650a6dd406aa6f7ecf83506eac3db03.jpg | error_cases\TP_frame_00006_jpg.rf.8650a6dd406aa6f7ecf83506eac3db03.jpg | datasets\dataset_v2_4defect\test\images\frame_00006_jpg.rf.8650a6dd406aa6f7ecf83506eac3db03_aug_contrast_1.jpg | datasets\dataset_v2_5class\test\images\frame_00006_jpg.rf.8650a6dd406aa6f7ecf83506eac3db03_aug_contrast_1.jpg | datasets\dataset_v3_clean_background\test\images\frame_00006_jpg.rf.8650a6dd406aa6f7ecf83506eac3db03_aug_contrast_1.jpg
NEAR_19,NEAR_DHASH_DIST_1,6,datasets\dataset_v2_4defect\test\images\frame_00006_jpg.rf.b87689121ddd3d4a993e9166cab21dd1.jpg | datasets\dataset_v2_5class\test\images\frame_00006_jpg.rf.b87689121ddd3d4a993e9166cab21dd1.jpg | datasets\dataset_v3_clean_background\test\images\frame_00006_jpg.rf.b87689121ddd3d4a993e9166cab21dd1.jpg | datasets\dataset_v2_4defect\test\images\frame_00006_jpg.rf.b87689121ddd3d4a993e9166cab21dd1_aug_contrast_3.jpg | datasets\dataset_v2_5class\test\images\frame_00006_jpg.rf.b87689121ddd3d4a993e9166cab21dd1_aug_contrast_3.jpg | datasets\dataset_v3_clean_background\test\images\frame_00006_jpg.rf.b87689121ddd3d4a993e9166cab21dd1_aug_contrast_3.jpg
NEAR_20,NEAR_DHASH_DIST_1,6,datasets\dataset_v2_4defect\test\images\frame_00009_jpg.rf.a978b612e1167476a670cb64d4d417c1.jpg | datasets\dataset_v2_5class\test\images\frame_00009_jpg.rf.a978b612e1167476a670cb64d4d417c1.jpg | datasets\dataset_v3_clean_background\test\images\frame_00009_jpg.rf.a978b612e1167476a670cb64d4d417c1.jpg | datasets\dataset_v2_4defect\test\images\frame_00009_jpg.rf.a978b612e1167476a670cb64d4d417c1_aug_contrast_2.jpg | datasets\dataset_v2_5class\test\images\frame_00009_jpg.rf.a978b612e1167476a670cb64d4d417c1_aug_contrast_2.jpg | datasets\dataset_v3_clean_background\test\images\frame_00009_jpg.rf.a978b612e1167476a670cb64d4d417c1_aug_contrast_2.jpg
NEAR_21,NEAR_DHASH_DIST_2,6,datasets\dataset_v2_4defect\test\images\frame_00031_jpg.rf.bc0a2d8565beaa78ccdd40fa9478921c.jpg | datasets\dataset_v2_5class\test\images\frame_00031_jpg.rf.bc0a2d8565beaa78ccdd40fa9478921c.jpg | datasets\dataset_v3_clean_background\test\images\frame_00031_jpg.rf.bc0a2d8565beaa78ccdd40fa9478921c.jpg | datasets\dataset_v2_4defect\test\images\frame_00031_jpg.rf.bc0a2d8565beaa78ccdd40fa9478921c_aug_contrast_1.jpg | datasets\dataset_v2_5class\test\images\frame_00031_jpg.rf.bc0a2d8565beaa78ccdd40fa9478921c_aug_contrast_1.jpg | datasets\dataset_v3_clean_background\test\images\frame_00031_jpg.rf.bc0a2d8565beaa78ccdd40fa9478921c_aug_contrast_1.jpg
NEAR_22,NEAR_DHASH_DIST_1,10,datasets\dataset_v2_4defect\test\images\frame_00031_jpg.rf.c1d1dde1b4c3e2dd897c4b21adb8986d.jpg | datasets\dataset_v2_5class\test\images\frame_00031_jpg.rf.c1d1dde1b4c3e2dd897c4b21adb8986d.jpg | datasets\dataset_v3_clean_background\test\images\frame_00031_jpg.rf.c1d1dde1b4c3e2dd897c4b21adb8986d.jpg | datasets\hard_cases\defect_predicted_as_normal\FN_frame_00031_jpg.rf.c1d1dde1b4c3e2dd897c4b21adb8986d.jpg | error_cases\FN_frame_00031_jpg.rf.c1d1dde1b4c3e2dd897c4b21adb8986d.jpg | FALSE_NEGATIVES\FN_frame_00031_jpg.rf.c1d1dde1b4c3e2dd897c4b21adb8986d.jpg | reports\false_negative_gallery\FN_frame_00031_jpg.rf.c1d1dde1b4c3e2dd897c4b21adb8986d.jpg | datasets\dataset_v2_4defect\test\images\frame_00031_jpg.rf.c1d1dde1b4c3e2dd897c4b21adb8986d_aug_contrast_1.jpg | datasets\dataset_v2_5class\test\images\frame_00031_jpg.rf.c1d1dde1b4c3e2dd897c4b21adb8986d_aug_contrast_1.jpg | datasets\dataset_v3_clean_background\test\images\frame_00031_jpg.rf.c1d1dde1b4c3e2dd897c4b21adb8986d_aug_contrast_1.jpg
NEAR_23,NEAR_DHASH_DIST_1,6,datasets\dataset_v2_4defect\test\images\frame_00078_jpg.rf.73a0f44bcc578b069ea9374798309174.jpg | datasets\dataset_v2_5class\test\images\frame_00078_jpg.rf.73a0f44bcc578b069ea9374798309174.jpg | datasets\dataset_v3_clean_background\test\images\frame_00078_jpg.rf.73a0f44bcc578b069ea9374798309174.jpg | datasets\dataset_v2_4defect\test\images\frame_00078_jpg.rf.73a0f44bcc578b069ea9374798309174_aug_contrast_1.jpg | datasets\dataset_v2_5class\test\images\frame_00078_jpg.rf.73a0f44bcc578b069ea9374798309174_aug_contrast_1.jpg | datasets\dataset_v3_clean_background\test\images\frame_00078_jpg.rf.73a0f44bcc578b069ea9374798309174_aug_contrast_1.jpg
NEAR_24,NEAR_DHASH_DIST_1,6,datasets\dataset_v2_4defect\test\images\frame_00087_jpg.rf.1cf68942998e08d73f50812d0b838dff.jpg | datasets\dataset_v2_5class\test\images\frame_00087_jpg.rf.1cf68942998e08d73f50812d0b838dff.jpg | datasets\dataset_v3_clean_background\test\images\frame_00087_jpg.rf.1cf68942998e08d73f50812d0b838dff.jpg | datasets\dataset_v2_4defect\test\images\frame_00087_jpg.rf.1cf68942998e08d73f50812d0b838dff_aug_contrast_1.jpg | datasets\dataset_v2_5class\test\images\frame_00087_jpg.rf.1cf68942998e08d73f50812d0b838dff_aug_contrast_1.jpg | datasets\dataset_v3_clean_background\test\images\frame_00087_jpg.rf.1cf68942998e08d73f50812d0b838dff_aug_contrast_1.jpg
NEAR_25,NEAR_DHASH_DIST_2,6,datasets\dataset_v2_4defect\test\images\frame_00091_jpg.rf.1105ceb99a1da7237c52b3d3e35f9342.jpg | datasets\dataset_v2_5class\test\images\frame_00091_jpg.rf.1105ceb99a1da7237c52b3d3e35f9342.jpg | datasets\dataset_v3_clean_background\test\images\frame_00091_jpg.rf.1105ceb99a1da7237c52b3d3e35f9342.jpg | datasets\dataset_v2_4defect\test\images\frame_00091_jpg.rf.1105ceb99a1da7237c52b3d3e35f9342_aug_contrast_1.jpg | datasets\dataset_v2_5class\test\images\frame_00091_jpg.rf.1105ceb99a1da7237c52b3d3e35f9342_aug_contrast_1.jpg | datasets\dataset_v3_clean_background\test\images\frame_00091_jpg.rf.1105ceb99a1da7237c52b3d3e35f9342_aug_contrast_1.jpg
NEAR_26,NEAR_DHASH_DIST_3,6,datasets\dataset_v2_4defect\test\images\frame_00209_jpg.rf.947db2c809e784ebae82140068922e38.jpg | datasets\dataset_v2_5class\test\images\frame_00209_jpg.rf.947db2c809e784ebae82140068922e38.jpg | datasets\dataset_v3_clean_background\test\images\frame_00209_jpg.rf.947db2c809e784ebae82140068922e38.jpg | datasets\dataset_v2_4defect\test\images\frame_00209_jpg.rf.947db2c809e784ebae82140068922e38_aug_contrast_1.jpg | datasets\dataset_v2_5class\test\images\frame_00209_jpg.rf.947db2c809e784ebae82140068922e38_aug_contrast_1.jpg | datasets\dataset_v3_clean_background\test\images\frame_00209_jpg.rf.947db2c809e784ebae82140068922e38_aug_contrast_1.jpg
NEAR_27,NEAR_DHASH_DIST_1,6,datasets\dataset_v2_4defect\test\images\frame_00238_jpg.rf.421494679cf816f5acd1a906934d91ae.jpg | datasets\dataset_v2_5class\test\images\frame_00238_jpg.rf.421494679cf816f5acd1a906934d91ae.jpg | datasets\dataset_v3_clean_background\test\images\frame_00238_jpg.rf.421494679cf816f5acd1a906934d91ae.jpg | datasets\dataset_v2_4defect\test\images\frame_00238_jpg.rf.421494679cf816f5acd1a906934d91ae_aug_contrast_1.jpg | datasets\dataset_v2_5class\test\images\frame_00238_jpg.rf.421494679cf816f5acd1a906934d91ae_aug_contrast_1.jpg | datasets\dataset_v3_clean_background\test\images\frame_00238_jpg.rf.421494679cf816f5acd1a906934d91ae_aug_contrast_1.jpg
NEAR_28,NEAR_DHASH_DIST_1,6,datasets\dataset_v2_4defect\test\images\frame_00247_jpg.rf.6ae013715a43fe5e203b58d99cf9cd81.jpg | datasets\dataset_v2_5class\test\images\frame_00247_jpg.rf.6ae013715a43fe5e203b58d99cf9cd81.jpg | datasets\dataset_v3_clean_background\test\images\frame_00247_jpg.rf.6ae013715a43fe5e203b58d99cf9cd81.jpg | datasets\dataset_v2_4defect\test\images\frame_00247_jpg.rf.6ae013715a43fe5e203b58d99cf9cd81_aug_contrast_1.jpg | datasets\dataset_v2_5class\test\images\frame_00247_jpg.rf.6ae013715a43fe5e203b58d99cf9cd81_aug_contrast_1.jpg | datasets\dataset_v3_clean_background\test\images\frame_00247_jpg.rf.6ae013715a43fe5e203b58d99cf9cd81_aug_contrast_1.jpg
NEAR_29,NEAR_DHASH_DIST_2,6,datasets\dataset_v2_4defect\test\images\frame_20260504_001506_993389_jpg.rf.7db8d527c44990b90771d9997fcef3d0.jpg | datasets\dataset_v2_5class\test\images\frame_20260504_001506_993389_jpg.rf.7db8d527c44990b90771d9997fcef3d0.jpg | datasets\dataset_v3_clean_background\test\images\frame_20260504_001506_993389_jpg.rf.7db8d527c44990b90771d9997fcef3d0.jpg | datasets\dataset_v2_4defect\test\images\frame_20260504_001506_993389_jpg.rf.7db8d527c44990b90771d9997fcef3d0_aug_contrast_2.jpg | datasets\dataset_v2_5class\test\images\frame_20260504_001506_993389_jpg.rf.7db8d527c44990b90771d9997fcef3d0_aug_contrast_2.jpg | datasets\dataset_v3_clean_background\test\images\frame_20260504_001506_993389_jpg.rf.7db8d527c44990b90771d9997fcef3d0_aug_contrast_2.jpg
NEAR_30,NEAR_DHASH_DIST_2,7,datasets\dataset_v2_4defect\test\images\frame_20260504_001510_983327_jpg.rf.2915bf7adf223fdb0459ef0f829ab6f5.jpg | datasets\dataset_v2_5class\test\images\frame_20260504_001510_983327_jpg.rf.2915bf7adf223fdb0459ef0f829ab6f5.jpg | datasets\dataset_v3_clean_background\test\images\frame_20260504_001510_983327_jpg.rf.2915bf7adf223fdb0459ef0f829ab6f5.jpg | real_world_controlled_v1\deep_scratch\deep_scratch_17_frame_20260504_001510_983327_jpg.rf.2915bf7adf223fdb0459ef0f829ab6f5.jpg | datasets\dataset_v2_4defect\test\images\frame_20260504_001510_983327_jpg.rf.2915bf7adf223fdb0459ef0f829ab6f5_aug_contrast_2.jpg | datasets\dataset_v2_5class\test\images\frame_20260504_001510_983327_jpg.rf.2915bf7adf223fdb0459ef0f829ab6f5_aug_contrast_2.jpg | datasets\dataset_v3_clean_background\test\images\frame_20260504_001510_983327_jpg.rf.2915bf7adf223fdb0459ef0f829ab6f5_aug_contrast_2.jpg
NEAR_31,NEAR_DHASH_DIST_1,25,datasets\dataset_v2_4defect\test\images\frame_20260504_002333_709096_jpg.rf.dd645c0a70d10493d9f0d56615478629.jpg | datasets\dataset_v2_4defect\train\images\frame_20260504_002334_688567_jpg.rf.1151e52fa3ad0ff7ad711438a01f4ee3.jpg | datasets\dataset_v2_4defect\train\images\frame_20260504_002334_688567_jpg.rf.1151e52fa3ad0ff7ad711438a01f4ee3_aug_contrast_1.jpg | datasets\dataset_v2_5class\test\images\frame_20260504_002333_709096_jpg.rf.dd645c0a70d10493d9f0d56615478629.jpg | datasets\dataset_v2_5class\train\images\frame_20260504_002334_688567_jpg.rf.1151e52fa3ad0ff7ad711438a01f4ee3.jpg | datasets\dataset_v2_5class\train\images\frame_20260504_002334_688567_jpg.rf.1151e52fa3ad0ff7ad711438a01f4ee3_aug_contrast_1.jpg | datasets\dataset_v3_clean_background\test\images\frame_20260504_002333_709096_jpg.rf.dd645c0a70d10493d9f0d56615478629.jpg | datasets\dataset_v3_clean_background\train\images\frame_20260504_002334_688567_jpg.rf.1151e52fa3ad0ff7ad711438a01f4ee3.jpg | datasets\dataset_v3_clean_background\train\images\frame_20260504_002334_688567_jpg.rf.1151e52fa3ad0ff7ad711438a01f4ee3_aug_contrast_1.jpg | real_world_controlled_v1\longitudinal_tear\longitudinal_tear_18_frame_20260504_002333_709096_jpg.rf.dd645c0a70d10493d9f0d56615478629.jpg | real_world_controlled_v1\longitudinal_tear\longitudinal_tear_19_frame_20260504_002334_688567_jpg.rf.1151e52fa3ad0ff7ad711438a01f4ee3.jpg | datasets\dataset_v2_4defect\test\images\frame_20260504_002333_709096_jpg.rf.dd645c0a70d10493d9f0d56615478629_aug_contrast_1.jpg | datasets\dataset_v2_4defect\train\images\frame_20260504_002332_685934_jpg.rf.4ad06a701d2513465eb7824e282bba43.jpg | datasets\dataset_v2_4defect\val\images\frame_20260504_002335_732681_jpg.rf.d3e61a9888ef2b6ba2309574f5e732f5.jpg | datasets\dataset_v2_4defect\val\images\frame_20260504_002335_732681_jpg.rf.d3e61a9888ef2b6ba2309574f5e732f5_aug_contrast_1.jpg | datasets\dataset_v2_5class\test\images\frame_20260504_002333_709096_jpg.rf.dd645c0a70d10493d9f0d56615478629_aug_contrast_1.jpg | datasets\dataset_v2_5class\train\images\frame_20260504_002332_685934_jpg.rf.4ad06a701d2513465eb7824e282bba43.jpg | datasets\dataset_v2_5class\val\images\frame_20260504_002335_732681_jpg.rf.d3e61a9888ef2b6ba2309574f5e732f5.jpg | datasets\dataset_v2_5class\val\images\frame_20260504_002335_732681_jpg.rf.d3e61a9888ef2b6ba2309574f5e732f5_aug_contrast_1.jpg | datasets\dataset_v3_clean_background\test\images\frame_20260504_002333_709096_jpg.rf.dd645c0a70d10493d9f0d56615478629_aug_contrast_1.jpg | datasets\dataset_v3_clean_background\train\images\frame_20260504_002332_685934_jpg.rf.4ad06a701d2513465eb7824e282bba43.jpg | datasets\dataset_v3_clean_background\val\images\frame_20260504_002335_732681_jpg.rf.d3e61a9888ef2b6ba2309574f5e732f5.jpg | datasets\dataset_v3_clean_background\val\images\frame_20260504_002335_732681_jpg.rf.d3e61a9888ef2b6ba2309574f5e732f5_aug_contrast_1.jpg | real_world_controlled_v1\healthy\healthy_28_frame_20260504_002332_685934_jpg.rf.4ad06a701d2513465eb7824e282bba43.jpg | real_world_controlled_v1\longitudinal_tear\longitudinal_tear_20_frame_20260504_002335_732681_jpg.rf.d3e61a9888ef2b6ba2309574f5e732f5.jpg
NEAR_32,NEAR_DHASH_DIST_1,7,datasets\dataset_v2_4defect\test\images\frame_20260504_002348_694508_jpg.rf.49c978eab7c0ec720525abcdb41a905a.jpg | datasets\dataset_v2_5class\test\images\frame_20260504_002348_694508_jpg.rf.49c978eab7c0ec720525abcdb41a905a.jpg | datasets\dataset_v3_clean_background\test\images\frame_20260504_002348_694508_jpg.rf.49c978eab7c0ec720525abcdb41a905a.jpg | real_world_controlled_v1\longitudinal_tear\longitudinal_tear_22_frame_20260504_002348_694508_jpg.rf.49c978eab7c0ec720525abcdb41a905a.jpg | datasets\dataset_v2_4defect\test\images\frame_20260504_002348_694508_jpg.rf.49c978eab7c0ec720525abcdb41a905a_aug_contrast_1.jpg | datasets\dataset_v2_5class\test\images\frame_20260504_002348_694508_jpg.rf.49c978eab7c0ec720525abcdb41a905a_aug_contrast_1.jpg | datasets\dataset_v3_clean_background\test\images\frame_20260504_002348_694508_jpg.rf.49c978eab7c0ec720525abcdb41a905a_aug_contrast_1.jpg
NEAR_33,NEAR_DHASH_DIST_2,8,datasets\dataset_v2_4defect\test\images\frame_20260504_002355_717638_jpg.rf.9bd9227984df4f46c166e76263bddbd8.jpg | datasets\dataset_v2_5class\test\images\frame_20260504_002355_717638_jpg.rf.9bd9227984df4f46c166e76263bddbd8.jpg | datasets\dataset_v3_clean_background\test\images\frame_20260504_002355_717638_jpg.rf.9bd9227984df4f46c166e76263bddbd8.jpg | reports\real_world_v2_false_negatives\fn_6_belt_splice_09_frame_20260504_002355_717638_jpg.rf.9bd9227984df4f46c166e76263bddbd8.jpg | reports\real_world_v2_false_positives\fp_6_belt_splice_09_frame_20260504_002355_717638_jpg.rf.9bd9227984df4f46c166e76263bddbd8.jpg | datasets\dataset_v2_4defect\test\images\frame_20260504_002355_717638_jpg.rf.9bd9227984df4f46c166e76263bddbd8_aug_contrast_3.jpg | datasets\dataset_v2_5class\test\images\frame_20260504_002355_717638_jpg.rf.9bd9227984df4f46c166e76263bddbd8_aug_contrast_3.jpg | datasets\dataset_v3_clean_background\test\images\frame_20260504_002355_717638_jpg.rf.9bd9227984df4f46c166e76263bddbd8_aug_contrast_3.jpg
NEAR_34,NEAR_DHASH_DIST_1,6,datasets\dataset_v2_4defect\test\images\frame_20260504_002437_783980_jpg.rf.7df0f34eb178fdebe3de7c511f8ac547.jpg | datasets\dataset_v2_5class\test\images\frame_20260504_002437_783980_jpg.rf.7df0f34eb178fdebe3de7c511f8ac547.jpg | datasets\dataset_v3_clean_background\test\images\frame_20260504_002437_783980_jpg.rf.7df0f34eb178fdebe3de7c511f8ac547.jpg | datasets\dataset_v2_4defect\test\images\frame_20260504_002437_783980_jpg.rf.7df0f34eb178fdebe3de7c511f8ac547_aug_contrast_1.jpg | datasets\dataset_v2_5class\test\images\frame_20260504_002437_783980_jpg.rf.7df0f34eb178fdebe3de7c511f8ac547_aug_contrast_1.jpg | datasets\dataset_v3_clean_background\test\images\frame_20260504_002437_783980_jpg.rf.7df0f34eb178fdebe3de7c511f8ac547_aug_contrast_1.jpg
NEAR_35,NEAR_DHASH_DIST_1,6,datasets\dataset_v2_4defect\test\images\frame_20260504_005324_589624_jpg.rf.67817ee4800b0f13ecc08e07fc2efc0e.jpg | datasets\dataset_v2_5class\test\images\frame_20260504_005324_589624_jpg.rf.67817ee4800b0f13ecc08e07fc2efc0e.jpg | datasets\dataset_v3_clean_background\test\images\frame_20260504_005324_589624_jpg.rf.67817ee4800b0f13ecc08e07fc2efc0e.jpg | datasets\dataset_v2_4defect\test\images\frame_20260504_005324_589624_jpg.rf.67817ee4800b0f13ecc08e07fc2efc0e_aug_contrast_2.jpg | datasets\dataset_v2_5class\test\images\frame_20260504_005324_589624_jpg.rf.67817ee4800b0f13ecc08e07fc2efc0e_aug_contrast_2.jpg | datasets\dataset_v3_clean_background\test\images\frame_20260504_005324_589624_jpg.rf.67817ee4800b0f13ecc08e07fc2efc0e_aug_contrast_2.jpg
NEAR_36,NEAR_DHASH_DIST_1,6,datasets\dataset_v2_4defect\test\images\frame_20260504_005859_691526_jpg.rf.16be485b24e0c02f9dbdf805fda50ad6.jpg | datasets\dataset_v2_5class\test\images\frame_20260504_005859_691526_jpg.rf.16be485b24e0c02f9dbdf805fda50ad6.jpg | datasets\dataset_v3_clean_background\test\images\frame_20260504_005859_691526_jpg.rf.16be485b24e0c02f9dbdf805fda50ad6.jpg | datasets\dataset_v2_4defect\test\images\frame_20260504_005859_691526_jpg.rf.16be485b24e0c02f9dbdf805fda50ad6_aug_contrast_1.jpg | datasets\dataset_v2_5class\test\images\frame_20260504_005859_691526_jpg.rf.16be485b24e0c02f9dbdf805fda50ad6_aug_contrast_1.jpg | datasets\dataset_v3_clean_background\test\images\frame_20260504_005859_691526_jpg.rf.16be485b24e0c02f9dbdf805fda50ad6_aug_contrast_1.jpg
NEAR_37,NEAR_DHASH_DIST_1,30,datasets\dataset_v2_4defect\test\images\frame_20260504_010338_926795_jpg.rf.a608a27cc5c7f65106b4855ff662a2d4.jpg | datasets\dataset_v2_4defect\train\images\frame_20260504_010334_915906_jpg.rf.b26a015e7925de38b8df19c97654de1f.jpg | datasets\dataset_v2_4defect\train\images\frame_20260504_010334_915906_jpg.rf.b26a015e7925de38b8df19c97654de1f_aug_contrast_1.jpg | datasets\dataset_v2_4defect\train\images\frame_20260504_010339_907935_jpg.rf.db46cdecb60d2baf496b8db2d7df74fb.jpg | datasets\dataset_v2_4defect\train\images\frame_20260504_010339_907935_jpg.rf.db46cdecb60d2baf496b8db2d7df74fb_aug_contrast_1.jpg | datasets\dataset_v2_4defect\val\images\frame_20260504_010333_927390_jpg.rf.d8fdc1e3f34afb2a665eda2e1e1e3264.jpg | datasets\dataset_v2_4defect\val\images\frame_20260504_010333_927390_jpg.rf.d8fdc1e3f34afb2a665eda2e1e1e3264_aug_contrast_1.jpg | datasets\dataset_v2_4defect\val\images\frame_20260504_010340_964463_jpg.rf.2a92b9256df2484dcf765c476d114fba.jpg | datasets\dataset_v2_4defect\val\images\frame_20260504_010340_964463_jpg.rf.2a92b9256df2484dcf765c476d114fba_aug_contrast_1.jpg | datasets\dataset_v2_5class\test\images\frame_20260504_010338_926795_jpg.rf.a608a27cc5c7f65106b4855ff662a2d4.jpg | datasets\dataset_v2_5class\train\images\frame_20260504_010334_915906_jpg.rf.b26a015e7925de38b8df19c97654de1f.jpg | datasets\dataset_v2_5class\train\images\frame_20260504_010334_915906_jpg.rf.b26a015e7925de38b8df19c97654de1f_aug_contrast_1.jpg | datasets\dataset_v2_5class\train\images\frame_20260504_010339_907935_jpg.rf.db46cdecb60d2baf496b8db2d7df74fb.jpg | datasets\dataset_v2_5class\train\images\frame_20260504_010339_907935_jpg.rf.db46cdecb60d2baf496b8db2d7df74fb_aug_contrast_1.jpg | datasets\dataset_v2_5class\val\images\frame_20260504_010333_927390_jpg.rf.d8fdc1e3f34afb2a665eda2e1e1e3264.jpg | datasets\dataset_v2_5class\val\images\frame_20260504_010333_927390_jpg.rf.d8fdc1e3f34afb2a665eda2e1e1e3264_aug_contrast_1.jpg | datasets\dataset_v2_5class\val\images\frame_20260504_010340_964463_jpg.rf.2a92b9256df2484dcf765c476d114fba.jpg | datasets\dataset_v2_5class\val\images\frame_20260504_010340_964463_jpg.rf.2a92b9256df2484dcf765c476d114fba_aug_contrast_1.jpg | datasets\dataset_v3_clean_background\test\images\frame_20260504_010338_926795_jpg.rf.a608a27cc5c7f65106b4855ff662a2d4.jpg | datasets\dataset_v3_clean_background\train\images\frame_20260504_010334_915906_jpg.rf.b26a015e7925de38b8df19c97654de1f.jpg | datasets\dataset_v3_clean_background\train\images\frame_20260504_010334_915906_jpg.rf.b26a015e7925de38b8df19c97654de1f_aug_contrast_1.jpg | datasets\dataset_v3_clean_background\train\images\frame_20260504_010339_907935_jpg.rf.db46cdecb60d2baf496b8db2d7df74fb.jpg | datasets\dataset_v3_clean_background\train\images\frame_20260504_010339_907935_jpg.rf.db46cdecb60d2baf496b8db2d7df74fb_aug_contrast_1.jpg | datasets\dataset_v3_clean_background\val\images\frame_20260504_010333_927390_jpg.rf.d8fdc1e3f34afb2a665eda2e1e1e3264.jpg | datasets\dataset_v3_clean_background\val\images\frame_20260504_010333_927390_jpg.rf.d8fdc1e3f34afb2a665eda2e1e1e3264_aug_contrast_1.jpg | datasets\dataset_v3_clean_background\val\images\frame_20260504_010340_964463_jpg.rf.2a92b9256df2484dcf765c476d114fba.jpg | datasets\dataset_v3_clean_background\val\images\frame_20260504_010340_964463_jpg.rf.2a92b9256df2484dcf765c476d114fba_aug_contrast_1.jpg | datasets\dataset_v2_4defect\test\images\frame_20260504_010338_926795_jpg.rf.a608a27cc5c7f65106b4855ff662a2d4_aug_contrast_1.jpg | datasets\dataset_v2_5class\test\images\frame_20260504_010338_926795_jpg.rf.a608a27cc5c7f65106b4855ff662a2d4_aug_contrast_1.jpg | datasets\dataset_v3_clean_background\test\images\frame_20260504_010338_926795_jpg.rf.a608a27cc5c7f65106b4855ff662a2d4_aug_contrast_1.jpg
NEAR_38,NEAR_DHASH_DIST_1,6,datasets\dataset_v2_4defect\train\images\frame_00008_jpg.rf.a3cbabe945107fa3f8f00e1c6316cafc.jpg | datasets\dataset_v2_5class\train\images\frame_00008_jpg.rf.a3cbabe945107fa3f8f00e1c6316cafc.jpg | datasets\dataset_v3_clean_background\train\images\frame_00008_jpg.rf.a3cbabe945107fa3f8f00e1c6316cafc.jpg | datasets\dataset_v2_4defect\train\images\frame_00008_jpg.rf.a3cbabe945107fa3f8f00e1c6316cafc_aug_contrast_2.jpg | datasets\dataset_v2_5class\train\images\frame_00008_jpg.rf.a3cbabe945107fa3f8f00e1c6316cafc_aug_contrast_2.jpg | datasets\dataset_v3_clean_background\train\images\frame_00008_jpg.rf.a3cbabe945107fa3f8f00e1c6316cafc_aug_contrast_2.jpg
NEAR_39,NEAR_DHASH_DIST_2,6,datasets\dataset_v2_4defect\train\images\frame_00013_jpg.rf.0d608754200269b37fe2df0f325b30d1.jpg | datasets\dataset_v2_5class\train\images\frame_00013_jpg.rf.0d608754200269b37fe2df0f325b30d1.jpg | datasets\dataset_v3_clean_background\train\images\frame_00013_jpg.rf.0d608754200269b37fe2df0f325b30d1.jpg | datasets\dataset_v2_4defect\train\images\frame_00013_jpg.rf.0d608754200269b37fe2df0f325b30d1_aug_contrast_1.jpg | datasets\dataset_v2_5class\train\images\frame_00013_jpg.rf.0d608754200269b37fe2df0f325b30d1_aug_contrast_1.jpg | datasets\dataset_v3_clean_background\train\images\frame_00013_jpg.rf.0d608754200269b37fe2df0f325b30d1_aug_contrast_1.jpg
NEAR_40,NEAR_DHASH_DIST_1,6,datasets\dataset_v2_4defect\train\images\frame_00013_jpg.rf.2bf3ed412dcb2ad576ced4a4b390c9b8.jpg | datasets\dataset_v2_5class\train\images\frame_00013_jpg.rf.2bf3ed412dcb2ad576ced4a4b390c9b8.jpg | datasets\dataset_v3_clean_background\train\images\frame_00013_jpg.rf.2bf3ed412dcb2ad576ced4a4b390c9b8.jpg | datasets\dataset_v2_4defect\train\images\frame_00013_jpg.rf.2bf3ed412dcb2ad576ced4a4b390c9b8_aug_contrast_1.jpg | datasets\dataset_v2_5class\train\images\frame_00013_jpg.rf.2bf3ed412dcb2ad576ced4a4b390c9b8_aug_contrast_1.jpg | datasets\dataset_v3_clean_background\train\images\frame_00013_jpg.rf.2bf3ed412dcb2ad576ced4a4b390c9b8_aug_contrast_1.jpg
NEAR_41,NEAR_DHASH_DIST_3,6,datasets\dataset_v2_4defect\train\images\frame_00014_jpg.rf.178a54e82f73ee1636d6d0f9b00195dd.jpg | datasets\dataset_v2_5class\train\images\frame_00014_jpg.rf.178a54e82f73ee1636d6d0f9b00195dd.jpg | datasets\dataset_v3_clean_background\train\images\frame_00014_jpg.rf.178a54e82f73ee1636d6d0f9b00195dd.jpg | datasets\dataset_v2_4defect\train\images\frame_00014_jpg.rf.178a54e82f73ee1636d6d0f9b00195dd_aug_contrast_3.jpg | datasets\dataset_v2_5class\train\images\frame_00014_jpg.rf.178a54e82f73ee1636d6d0f9b00195dd_aug_contrast_3.jpg | datasets\dataset_v3_clean_background\train\images\frame_00014_jpg.rf.178a54e82f73ee1636d6d0f9b00195dd_aug_contrast_3.jpg
NEAR_42,NEAR_DHASH_DIST_1,6,datasets\dataset_v2_4defect\train\images\frame_00015_jpg.rf.70443fdd76906dd14f7a6ef3d2d77754.jpg | datasets\dataset_v2_5class\train\images\frame_00015_jpg.rf.70443fdd76906dd14f7a6ef3d2d77754.jpg | datasets\dataset_v3_clean_background\train\images\frame_00015_jpg.rf.70443fdd76906dd14f7a6ef3d2d77754.jpg | datasets\dataset_v2_4defect\train\images\frame_00015_jpg.rf.70443fdd76906dd14f7a6ef3d2d77754_aug_contrast_1.jpg | datasets\dataset_v2_5class\train\images\frame_00015_jpg.rf.70443fdd76906dd14f7a6ef3d2d77754_aug_contrast_1.jpg | datasets\dataset_v3_clean_background\train\images\frame_00015_jpg.rf.70443fdd76906dd14f7a6ef3d2d77754_aug_contrast_1.jpg
NEAR_43,NEAR_DHASH_DIST_1,12,datasets\dataset_v2_4defect\train\images\frame_00017_jpg.rf.644d1e2b3c01f185b37a8e3bc56edf30.jpg | datasets\dataset_v2_4defect\val\images\frame_00016_jpg.rf.611b1cd4f2359529a8618069ae363223.jpg | datasets\dataset_v2_4defect\val\images\frame_00016_jpg.rf.611b1cd4f2359529a8618069ae363223_aug_contrast_1.jpg | datasets\dataset_v2_5class\train\images\frame_00017_jpg.rf.644d1e2b3c01f185b37a8e3bc56edf30.jpg | datasets\dataset_v2_5class\val\images\frame_00016_jpg.rf.611b1cd4f2359529a8618069ae363223.jpg | datasets\dataset_v2_5class\val\images\frame_00016_jpg.rf.611b1cd4f2359529a8618069ae363223_aug_contrast_1.jpg | datasets\dataset_v3_clean_background\train\images\frame_00017_jpg.rf.644d1e2b3c01f185b37a8e3bc56edf30.jpg | datasets\dataset_v3_clean_background\val\images\frame_00016_jpg.rf.611b1cd4f2359529a8618069ae363223.jpg | datasets\dataset_v3_clean_background\val\images\frame_00016_jpg.rf.611b1cd4f2359529a8618069ae363223_aug_contrast_1.jpg | datasets\dataset_v2_4defect\train\images\frame_00017_jpg.rf.644d1e2b3c01f185b37a8e3bc56edf30_aug_contrast_1.jpg | datasets\dataset_v2_5class\train\images\frame_00017_jpg.rf.644d1e2b3c01f185b37a8e3bc56edf30_aug_contrast_1.jpg | datasets\dataset_v3_clean_background\train\images\frame_00017_jpg.rf.644d1e2b3c01f185b37a8e3bc56edf30_aug_contrast_1.jpg
NEAR_44,NEAR_DHASH_DIST_2,12,datasets\dataset_v2_4defect\train\images\frame_00017_jpg.rf.644d1e2b3c01f185b37a8e3bc56edf30.jpg | datasets\dataset_v2_4defect\val\images\frame_00016_jpg.rf.611b1cd4f2359529a8618069ae363223.jpg | datasets\dataset_v2_4defect\val\images\frame_00016_jpg.rf.611b1cd4f2359529a8618069ae363223_aug_contrast_1.jpg | datasets\dataset_v2_5class\train\images\frame_00017_jpg.rf.644d1e2b3c01f185b37a8e3bc56edf30.jpg | datasets\dataset_v2_5class\val\images\frame_00016_jpg.rf.611b1cd4f2359529a8618069ae363223.jpg | datasets\dataset_v2_5class\val\images\frame_00016_jpg.rf.611b1cd4f2359529a8618069ae363223_aug_contrast_1.jpg | datasets\dataset_v3_clean_background\train\images\frame_00017_jpg.rf.644d1e2b3c01f185b37a8e3bc56edf30.jpg | datasets\dataset_v3_clean_background\val\images\frame_00016_jpg.rf.611b1cd4f2359529a8618069ae363223.jpg | datasets\dataset_v3_clean_background\val\images\frame_00016_jpg.rf.611b1cd4f2359529a8618069ae363223_aug_contrast_1.jpg | datasets\dataset_v2_4defect\train\images\frame_00018_jpg.rf.78b748c14610fb171b2da28a9248f27b.jpg | datasets\dataset_v2_5class\train\images\frame_00018_jpg.rf.78b748c14610fb171b2da28a9248f27b.jpg | datasets\dataset_v3_clean_background\train\images\frame_00018_jpg.rf.78b748c14610fb171b2da28a9248f27b.jpg
NEAR_45,NEAR_DHASH_DIST_1,12,datasets\dataset_v2_4defect\train\images\frame_00017_jpg.rf.644d1e2b3c01f185b37a8e3bc56edf30.jpg | datasets\dataset_v2_4defect\val\images\frame_00016_jpg.rf.611b1cd4f2359529a8618069ae363223.jpg | datasets\dataset_v2_4defect\val\images\frame_00016_jpg.rf.611b1cd4f2359529a8618069ae363223_aug_contrast_1.jpg | datasets\dataset_v2_5class\train\images\frame_00017_jpg.rf.644d1e2b3c01f185b37a8e3bc56edf30.jpg | datasets\dataset_v2_5class\val\images\frame_00016_jpg.rf.611b1cd4f2359529a8618069ae363223.jpg | datasets\dataset_v2_5class\val\images\frame_00016_jpg.rf.611b1cd4f2359529a8618069ae363223_aug_contrast_1.jpg | datasets\dataset_v3_clean_background\train\images\frame_00017_jpg.rf.644d1e2b3c01f185b37a8e3bc56edf30.jpg | datasets\dataset_v3_clean_background\val\images\frame_00016_jpg.rf.611b1cd4f2359529a8618069ae363223.jpg | datasets\dataset_v3_clean_background\val\images\frame_00016_jpg.rf.611b1cd4f2359529a8618069ae363223_aug_contrast_1.jpg | datasets\dataset_v2_4defect\train\images\frame_00018_jpg.rf.78b748c14610fb171b2da28a9248f27b_aug_contrast_1.jpg | datasets\dataset_v2_5class\train\images\frame_00018_jpg.rf.78b748c14610fb171b2da28a9248f27b_aug_contrast_1.jpg | datasets\dataset_v3_clean_background\train\images\frame_00018_jpg.rf.78b748c14610fb171b2da28a9248f27b_aug_contrast_1.jpg
NEAR_46,NEAR_DHASH_DIST_3,6,datasets\dataset_v2_4defect\train\images\frame_00017_jpg.rf.644d1e2b3c01f185b37a8e3bc56edf30_aug_contrast_1.jpg | datasets\dataset_v2_5class\train\images\frame_00017_jpg.rf.644d1e2b3c01f185b37a8e3bc56edf30_aug_contrast_1.jpg | datasets\dataset_v3_clean_background\train\images\frame_00017_jpg.rf.644d1e2b3c01f185b37a8e3bc56edf30_aug_contrast_1.jpg | datasets\dataset_v2_4defect\train\images\frame_00018_jpg.rf.78b748c14610fb171b2da28a9248f27b.jpg | datasets\dataset_v2_5class\train\images\frame_00018_jpg.rf.78b748c14610fb171b2da28a9248f27b.jpg | datasets\dataset_v3_clean_background\train\images\frame_00018_jpg.rf.78b748c14610fb171b2da28a9248f27b.jpg
NEAR_47,NEAR_DHASH_DIST_2,6,datasets\dataset_v2_4defect\train\images\frame_00017_jpg.rf.644d1e2b3c01f185b37a8e3bc56edf30_aug_contrast_1.jpg | datasets\dataset_v2_5class\train\images\frame_00017_jpg.rf.644d1e2b3c01f185b37a8e3bc56edf30_aug_contrast_1.jpg | datasets\dataset_v3_clean_background\train\images\frame_00017_jpg.rf.644d1e2b3c01f185b37a8e3bc56edf30_aug_contrast_1.jpg | datasets\dataset_v2_4defect\train\images\frame_00018_jpg.rf.78b748c14610fb171b2da28a9248f27b_aug_contrast_1.jpg | datasets\dataset_v2_5class\train\images\frame_00018_jpg.rf.78b748c14610fb171b2da28a9248f27b_aug_contrast_1.jpg | datasets\dataset_v3_clean_background\train\images\frame_00018_jpg.rf.78b748c14610fb171b2da28a9248f27b_aug_contrast_1.jpg
NEAR_48,NEAR_DHASH_DIST_2,6,datasets\dataset_v2_4defect\train\images\frame_00017_jpg.rf.644d1e2b3c01f185b37a8e3bc56edf30_aug_hflip_0.jpg | datasets\dataset_v2_5class\train\images\frame_00017_jpg.rf.644d1e2b3c01f185b37a8e3bc56edf30_aug_hflip_0.jpg | datasets\dataset_v3_clean_background\train\images\frame_00017_jpg.rf.644d1e2b3c01f185b37a8e3bc56edf30_aug_hflip_0.jpg | datasets\dataset_v2_4defect\train\images\frame_00018_jpg.rf.78b748c14610fb171b2da28a9248f27b_aug_hflip_0.jpg | datasets\dataset_v2_5class\train\images\frame_00018_jpg.rf.78b748c14610fb171b2da28a9248f27b_aug_hflip_0.jpg | datasets\dataset_v3_clean_background\train\images\frame_00018_jpg.rf.78b748c14610fb171b2da28a9248f27b_aug_hflip_0.jpg
NEAR_49,NEAR_DHASH_DIST_1,6,datasets\dataset_v2_4defect\train\images\frame_00018_jpg.rf.78b748c14610fb171b2da28a9248f27b.jpg | datasets\dataset_v2_5class\train\images\frame_00018_jpg.rf.78b748c14610fb171b2da28a9248f27b.jpg | datasets\dataset_v3_clean_background\train\images\frame_00018_jpg.rf.78b748c14610fb171b2da28a9248f27b.jpg | datasets\dataset_v2_4defect\train\images\frame_00018_jpg.rf.78b748c14610fb171b2da28a9248f27b_aug_contrast_1.jpg | datasets\dataset_v2_5class\train\images\frame_00018_jpg.rf.78b748c14610fb171b2da28a9248f27b_aug_contrast_1.jpg | datasets\dataset_v3_clean_background\train\images\frame_00018_jpg.rf.78b748c14610fb171b2da28a9248f27b_aug_contrast_1.jpg
NEAR_50,NEAR_DHASH_DIST_2,6,datasets\dataset_v2_4defect\train\images\frame_00018_jpg.rf.899a804b0c90809804cbed9b1846c70b.jpg | datasets\dataset_v2_5class\train\images\frame_00018_jpg.rf.899a804b0c90809804cbed9b1846c70b.jpg | datasets\dataset_v3_clean_background\train\images\frame_00018_jpg.rf.899a804b0c90809804cbed9b1846c70b.jpg | datasets\dataset_v2_4defect\train\images\frame_00018_jpg.rf.899a804b0c90809804cbed9b1846c70b_aug_contrast_1.jpg | datasets\dataset_v2_5class\train\images\frame_00018_jpg.rf.899a804b0c90809804cbed9b1846c70b_aug_contrast_1.jpg | datasets\dataset_v3_clean_background\train\images\frame_00018_jpg.rf.899a804b0c90809804cbed9b1846c70b_aug_contrast_1.jpg
NEAR_51,NEAR_DHASH_DIST_1,6,datasets\dataset_v2_4defect\train\images\frame_00020_jpg.rf.23b2ddc2379ffccdf98a20bcded56a14.jpg | datasets\dataset_v2_5class\train\images\frame_00020_jpg.rf.23b2ddc2379ffccdf98a20bcded56a14.jpg | datasets\dataset_v3_clean_background\train\images\frame_00020_jpg.rf.23b2ddc2379ffccdf98a20bcded56a14.jpg | datasets\dataset_v2_4defect\train\images\frame_00020_jpg.rf.23b2ddc2379ffccdf98a20bcded56a14_aug_contrast_3.jpg | datasets\dataset_v2_5class\train\images\frame_00020_jpg.rf.23b2ddc2379ffccdf98a20bcded56a14_aug_contrast_3.jpg | datasets\dataset_v3_clean_background\train\images\frame_00020_jpg.rf.23b2ddc2379ffccdf98a20bcded56a14_aug_contrast_3.jpg
NEAR_52,NEAR_DHASH_DIST_1,6,datasets\dataset_v2_4defect\train\images\frame_00020_jpg.rf.addfc43dca19bf9ffca425e6426d99d6.jpg | datasets\dataset_v2_5class\train\images\frame_00020_jpg.rf.addfc43dca19bf9ffca425e6426d99d6.jpg | datasets\dataset_v3_clean_background\train\images\frame_00020_jpg.rf.addfc43dca19bf9ffca425e6426d99d6.jpg | datasets\dataset_v2_4defect\train\images\frame_00020_jpg.rf.addfc43dca19bf9ffca425e6426d99d6_aug_contrast_1.jpg | datasets\dataset_v2_5class\train\images\frame_00020_jpg.rf.addfc43dca19bf9ffca425e6426d99d6_aug_contrast_1.jpg | datasets\dataset_v3_clean_background\train\images\frame_00020_jpg.rf.addfc43dca19bf9ffca425e6426d99d6_aug_contrast_1.jpg
NEAR_53,NEAR_DHASH_DIST_1,6,datasets\dataset_v2_4defect\train\images\frame_00021_jpg.rf.0b557c963e8a8a7e967e431315ee2dc4.jpg | datasets\dataset_v2_5class\train\images\frame_00021_jpg.rf.0b557c963e8a8a7e967e431315ee2dc4.jpg | datasets\dataset_v3_clean_background\train\images\frame_00021_jpg.rf.0b557c963e8a8a7e967e431315ee2dc4.jpg | datasets\dataset_v2_4defect\train\images\frame_00021_jpg.rf.0b557c963e8a8a7e967e431315ee2dc4_aug_contrast_3.jpg | datasets\dataset_v2_5class\train\images\frame_00021_jpg.rf.0b557c963e8a8a7e967e431315ee2dc4_aug_contrast_3.jpg | datasets\dataset_v3_clean_background\train\images\frame_00021_jpg.rf.0b557c963e8a8a7e967e431315ee2dc4_aug_contrast_3.jpg
NEAR_54,NEAR_DHASH_DIST_3,9,datasets\dataset_v2_4defect\train\images\frame_00021_jpg.rf.0b557c963e8a8a7e967e431315ee2dc4.jpg | datasets\dataset_v2_5class\train\images\frame_00021_jpg.rf.0b557c963e8a8a7e967e431315ee2dc4.jpg | datasets\dataset_v3_clean_background\train\images\frame_00021_jpg.rf.0b557c963e8a8a7e967e431315ee2dc4.jpg | datasets\dataset_v2_4defect\train\images\frame_00022_jpg.rf.0e5cf0172a200119baa1eca0b83ee588.jpg | datasets\dataset_v2_4defect\train\images\frame_00022_jpg.rf.0e5cf0172a200119baa1eca0b83ee588_aug_contrast_3.jpg | datasets\dataset_v2_5class\train\images\frame_00022_jpg.rf.0e5cf0172a200119baa1eca0b83ee588.jpg | datasets\dataset_v2_5class\train\images\frame_00022_jpg.rf.0e5cf0172a200119baa1eca0b83ee588_aug_contrast_3.jpg | datasets\dataset_v3_clean_background\train\images\frame_00022_jpg.rf.0e5cf0172a200119baa1eca0b83ee588.jpg | datasets\dataset_v3_clean_background\train\images\frame_00022_jpg.rf.0e5cf0172a200119baa1eca0b83ee588_aug_contrast_3.jpg
NEAR_55,NEAR_DHASH_DIST_2,9,datasets\dataset_v2_4defect\train\images\frame_00021_jpg.rf.0b557c963e8a8a7e967e431315ee2dc4_aug_contrast_3.jpg | datasets\dataset_v2_5class\train\images\frame_00021_jpg.rf.0b557c963e8a8a7e967e431315ee2dc4_aug_contrast_3.jpg | datasets\dataset_v3_clean_background\train\images\frame_00021_jpg.rf.0b557c963e8a8a7e967e431315ee2dc4_aug_contrast_3.jpg | datasets\dataset_v2_4defect\train\images\frame_00022_jpg.rf.0e5cf0172a200119baa1eca0b83ee588.jpg | datasets\dataset_v2_4defect\train\images\frame_00022_jpg.rf.0e5cf0172a200119baa1eca0b83ee588_aug_contrast_3.jpg | datasets\dataset_v2_5class\train\images\frame_00022_jpg.rf.0e5cf0172a200119baa1eca0b83ee588.jpg | datasets\dataset_v2_5class\train\images\frame_00022_jpg.rf.0e5cf0172a200119baa1eca0b83ee588_aug_contrast_3.jpg | datasets\dataset_v3_clean_background\train\images\frame_00022_jpg.rf.0e5cf0172a200119baa1eca0b83ee588.jpg | datasets\dataset_v3_clean_background\train\images\frame_00022_jpg.rf.0e5cf0172a200119baa1eca0b83ee588_aug_contrast_3.jpg
NEAR_56,NEAR_DHASH_DIST_1,6,datasets\dataset_v2_4defect\train\images\frame_00021_jpg.rf.0b557c963e8a8a7e967e431315ee2dc4_aug_hflip_0.jpg | datasets\dataset_v2_5class\train\images\frame_00021_jpg.rf.0b557c963e8a8a7e967e431315ee2dc4_aug_hflip_0.jpg | datasets\dataset_v3_clean_background\train\images\frame_00021_jpg.rf.0b557c963e8a8a7e967e431315ee2dc4_aug_hflip_0.jpg | datasets\dataset_v2_4defect\train\images\frame_00022_jpg.rf.0e5cf0172a200119baa1eca0b83ee588_aug_hflip_0.jpg | datasets\dataset_v2_5class\train\images\frame_00022_jpg.rf.0e5cf0172a200119baa1eca0b83ee588_aug_hflip_0.jpg | datasets\dataset_v3_clean_background\train\images\frame_00022_jpg.rf.0e5cf0172a200119baa1eca0b83ee588_aug_hflip_0.jpg
NEAR_57,NEAR_DHASH_DIST_1,6,datasets\dataset_v2_4defect\train\images\frame_00021_jpg.rf.0b557c963e8a8a7e967e431315ee2dc4_aug_hvflip_2.jpg | datasets\dataset_v2_5class\train\images\frame_00021_jpg.rf.0b557c963e8a8a7e967e431315ee2dc4_aug_hvflip_2.jpg | datasets\dataset_v3_clean_background\train\images\frame_00021_jpg.rf.0b557c963e8a8a7e967e431315ee2dc4_aug_hvflip_2.jpg | datasets\dataset_v2_4defect\train\images\frame_00022_jpg.rf.0e5cf0172a200119baa1eca0b83ee588_aug_hvflip_2.jpg | datasets\dataset_v2_5class\train\images\frame_00022_jpg.rf.0e5cf0172a200119baa1eca0b83ee588_aug_hvflip_2.jpg | datasets\dataset_v3_clean_background\train\images\frame_00022_jpg.rf.0e5cf0172a200119baa1eca0b83ee588_aug_hvflip_2.jpg
NEAR_58,NEAR_DHASH_DIST_3,6,datasets\dataset_v2_4defect\train\images\frame_00021_jpg.rf.0b557c963e8a8a7e967e431315ee2dc4_aug_vflip_1.jpg | datasets\dataset_v2_5class\train\images\frame_00021_jpg.rf.0b557c963e8a8a7e967e431315ee2dc4_aug_vflip_1.jpg | datasets\dataset_v3_clean_background\train\images\frame_00021_jpg.rf.0b557c963e8a8a7e967e431315ee2dc4_aug_vflip_1.jpg | datasets\dataset_v2_4defect\train\images\frame_00022_jpg.rf.0e5cf0172a200119baa1eca0b83ee588_aug_vflip_1.jpg | datasets\dataset_v2_5class\train\images\frame_00022_jpg.rf.0e5cf0172a200119baa1eca0b83ee588_aug_vflip_1.jpg | datasets\dataset_v3_clean_background\train\images\frame_00022_jpg.rf.0e5cf0172a200119baa1eca0b83ee588_aug_vflip_1.jpg
NEAR_59,NEAR_DHASH_DIST_1,6,datasets\dataset_v2_4defect\train\images\frame_00024_jpg.rf.8aae30735477c030b26ef9faa1cf91fa.jpg | datasets\dataset_v2_5class\train\images\frame_00024_jpg.rf.8aae30735477c030b26ef9faa1cf91fa.jpg | datasets\dataset_v3_clean_background\train\images\frame_00024_jpg.rf.8aae30735477c030b26ef9faa1cf91fa.jpg | datasets\dataset_v2_4defect\train\images\frame_00024_jpg.rf.8aae30735477c030b26ef9faa1cf91fa_aug_contrast_1.jpg | datasets\dataset_v2_5class\train\images\frame_00024_jpg.rf.8aae30735477c030b26ef9faa1cf91fa_aug_contrast_1.jpg | datasets\dataset_v3_clean_background\train\images\frame_00024_jpg.rf.8aae30735477c030b26ef9faa1cf91fa_aug_contrast_1.jpg
NEAR_60,NEAR_DHASH_DIST_2,6,datasets\dataset_v2_4defect\train\images\frame_00025_jpg.rf.61ab6cbc375f53bdfb9ccc96ac1426a5.jpg | datasets\dataset_v2_5class\train\images\frame_00025_jpg.rf.61ab6cbc375f53bdfb9ccc96ac1426a5.jpg | datasets\dataset_v3_clean_background\train\images\frame_00025_jpg.rf.61ab6cbc375f53bdfb9ccc96ac1426a5.jpg | datasets\dataset_v2_4defect\train\images\frame_00025_jpg.rf.61ab6cbc375f53bdfb9ccc96ac1426a5_aug_contrast_2.jpg | datasets\dataset_v2_5class\train\images\frame_00025_jpg.rf.61ab6cbc375f53bdfb9ccc96ac1426a5_aug_contrast_2.jpg | datasets\dataset_v3_clean_background\train\images\frame_00025_jpg.rf.61ab6cbc375f53bdfb9ccc96ac1426a5_aug_contrast_2.jpg
NEAR_61,NEAR_DHASH_DIST_1,6,datasets\dataset_v2_4defect\train\images\frame_00028_jpg.rf.7591cc63411ab95edcd7ec5dfab3ba3c.jpg | datasets\dataset_v2_5class\train\images\frame_00028_jpg.rf.7591cc63411ab95edcd7ec5dfab3ba3c.jpg | datasets\dataset_v3_clean_background\train\images\frame_00028_jpg.rf.7591cc63411ab95edcd7ec5dfab3ba3c.jpg | datasets\dataset_v2_4defect\train\images\frame_00028_jpg.rf.7591cc63411ab95edcd7ec5dfab3ba3c_aug_contrast_2.jpg | datasets\dataset_v2_5class\train\images\frame_00028_jpg.rf.7591cc63411ab95edcd7ec5dfab3ba3c_aug_contrast_2.jpg | datasets\dataset_v3_clean_background\train\images\frame_00028_jpg.rf.7591cc63411ab95edcd7ec5dfab3ba3c_aug_contrast_2.jpg
NEAR_62,NEAR_DHASH_DIST_2,6,datasets\dataset_v2_4defect\train\images\frame_00029_jpg.rf.e7f045e4dfa6b40152b16f3ceda9f051.jpg | datasets\dataset_v2_5class\train\images\frame_00029_jpg.rf.e7f045e4dfa6b40152b16f3ceda9f051.jpg | datasets\dataset_v3_clean_background\train\images\frame_00029_jpg.rf.e7f045e4dfa6b40152b16f3ceda9f051.jpg | datasets\dataset_v2_4defect\train\images\frame_00029_jpg.rf.e7f045e4dfa6b40152b16f3ceda9f051_aug_contrast_1.jpg | datasets\dataset_v2_5class\train\images\frame_00029_jpg.rf.e7f045e4dfa6b40152b16f3ceda9f051_aug_contrast_1.jpg | datasets\dataset_v3_clean_background\train\images\frame_00029_jpg.rf.e7f045e4dfa6b40152b16f3ceda9f051_aug_contrast_1.jpg
NEAR_63,NEAR_DHASH_DIST_1,6,datasets\dataset_v2_4defect\train\images\frame_00030_jpg.rf.bf260995087fcb8392485fd8f4512e12.jpg | datasets\dataset_v2_5class\train\images\frame_00030_jpg.rf.bf260995087fcb8392485fd8f4512e12.jpg | datasets\dataset_v3_clean_background\train\images\frame_00030_jpg.rf.bf260995087fcb8392485fd8f4512e12.jpg | datasets\dataset_v2_4defect\train\images\frame_00030_jpg.rf.bf260995087fcb8392485fd8f4512e12_aug_contrast_2.jpg | datasets\dataset_v2_5class\train\images\frame_00030_jpg.rf.bf260995087fcb8392485fd8f4512e12_aug_contrast_2.jpg | datasets\dataset_v3_clean_background\train\images\frame_00030_jpg.rf.bf260995087fcb8392485fd8f4512e12_aug_contrast_2.jpg
NEAR_64,NEAR_DHASH_DIST_1,6,datasets\dataset_v2_4defect\train\images\frame_00032_jpg.rf.f262ae80344e26bc71968fd1e8a91642.jpg | datasets\dataset_v2_5class\train\images\frame_00032_jpg.rf.f262ae80344e26bc71968fd1e8a91642.jpg | datasets\dataset_v3_clean_background\train\images\frame_00032_jpg.rf.f262ae80344e26bc71968fd1e8a91642.jpg | datasets\dataset_v2_4defect\train\images\frame_00032_jpg.rf.f262ae80344e26bc71968fd1e8a91642_aug_contrast_3.jpg | datasets\dataset_v2_5class\train\images\frame_00032_jpg.rf.f262ae80344e26bc71968fd1e8a91642_aug_contrast_3.jpg | datasets\dataset_v3_clean_background\train\images\frame_00032_jpg.rf.f262ae80344e26bc71968fd1e8a91642_aug_contrast_3.jpg
NEAR_65,NEAR_DHASH_DIST_2,6,datasets\dataset_v2_4defect\train\images\frame_00033_jpg.rf.5451d0e673bbe384fe7c715b3d4baa24.jpg | datasets\dataset_v2_5class\train\images\frame_00033_jpg.rf.5451d0e673bbe384fe7c715b3d4baa24.jpg | datasets\dataset_v3_clean_background\train\images\frame_00033_jpg.rf.5451d0e673bbe384fe7c715b3d4baa24.jpg | datasets\dataset_v2_4defect\train\images\frame_00033_jpg.rf.5451d0e673bbe384fe7c715b3d4baa24_aug_contrast_1.jpg | datasets\dataset_v2_5class\train\images\frame_00033_jpg.rf.5451d0e673bbe384fe7c715b3d4baa24_aug_contrast_1.jpg | datasets\dataset_v3_clean_background\train\images\frame_00033_jpg.rf.5451d0e673bbe384fe7c715b3d4baa24_aug_contrast_1.jpg
NEAR_66,NEAR_DHASH_DIST_1,6,datasets\dataset_v2_4defect\train\images\frame_00035_jpg.rf.553089e9db46f7fae8ec730a83908a1a.jpg | datasets\dataset_v2_5class\train\images\frame_00035_jpg.rf.553089e9db46f7fae8ec730a83908a1a.jpg | datasets\dataset_v3_clean_background\train\images\frame_00035_jpg.rf.553089e9db46f7fae8ec730a83908a1a.jpg | datasets\dataset_v2_4defect\train\images\frame_00035_jpg.rf.553089e9db46f7fae8ec730a83908a1a_aug_contrast_3.jpg | datasets\dataset_v2_5class\train\images\frame_00035_jpg.rf.553089e9db46f7fae8ec730a83908a1a_aug_contrast_3.jpg | datasets\dataset_v3_clean_background\train\images\frame_00035_jpg.rf.553089e9db46f7fae8ec730a83908a1a_aug_contrast_3.jpg
NEAR_67,NEAR_DHASH_DIST_1,6,datasets\dataset_v2_4defect\train\images\frame_00037_jpg.rf.4de4c27b6fc798f3759e17ed6f1e79ce.jpg | datasets\dataset_v2_5class\train\images\frame_00037_jpg.rf.4de4c27b6fc798f3759e17ed6f1e79ce.jpg | datasets\dataset_v3_clean_background\train\images\frame_00037_jpg.rf.4de4c27b6fc798f3759e17ed6f1e79ce.jpg | datasets\dataset_v2_4defect\train\images\frame_00037_jpg.rf.4de4c27b6fc798f3759e17ed6f1e79ce_aug_contrast_1.jpg | datasets\dataset_v2_5class\train\images\frame_00037_jpg.rf.4de4c27b6fc798f3759e17ed6f1e79ce_aug_contrast_1.jpg | datasets\dataset_v3_clean_background\train\images\frame_00037_jpg.rf.4de4c27b6fc798f3759e17ed6f1e79ce_aug_contrast_1.jpg
NEAR_68,NEAR_DHASH_DIST_3,6,datasets\dataset_v2_4defect\train\images\frame_00037_jpg.rf.4de4c27b6fc798f3759e17ed6f1e79ce_aug_hflip_0.jpg | datasets\dataset_v2_5class\train\images\frame_00037_jpg.rf.4de4c27b6fc798f3759e17ed6f1e79ce_aug_hflip_0.jpg | datasets\dataset_v3_clean_background\train\images\frame_00037_jpg.rf.4de4c27b6fc798f3759e17ed6f1e79ce_aug_hflip_0.jpg | datasets\dataset_v2_4defect\train\images\frame_00038_jpg.rf.7eb546b40cacf41489785042a2070830_aug_hflip_0.jpg | datasets\dataset_v2_5class\train\images\frame_00038_jpg.rf.7eb546b40cacf41489785042a2070830_aug_hflip_0.jpg | datasets\dataset_v3_clean_background\train\images\frame_00038_jpg.rf.7eb546b40cacf41489785042a2070830_aug_hflip_0.jpg
NEAR_69,NEAR_DHASH_DIST_1,6,datasets\dataset_v2_4defect\train\images\frame_00039_jpg.rf.092f645af5ca08938054c6f218791721.jpg | datasets\dataset_v2_5class\train\images\frame_00039_jpg.rf.092f645af5ca08938054c6f218791721.jpg | datasets\dataset_v3_clean_background\train\images\frame_00039_jpg.rf.092f645af5ca08938054c6f218791721.jpg | datasets\dataset_v2_4defect\train\images\frame_00039_jpg.rf.092f645af5ca08938054c6f218791721_aug_contrast_1.jpg | datasets\dataset_v2_5class\train\images\frame_00039_jpg.rf.092f645af5ca08938054c6f218791721_aug_contrast_1.jpg | datasets\dataset_v3_clean_background\train\images\frame_00039_jpg.rf.092f645af5ca08938054c6f218791721_aug_contrast_1.jpg
NEAR_70,NEAR_DHASH_DIST_1,6,datasets\dataset_v2_4defect\train\images\frame_00039_jpg.rf.1e2eda719f7bed9b0e07c27e4dca0014.jpg | datasets\dataset_v2_5class\train\images\frame_00039_jpg.rf.1e2eda719f7bed9b0e07c27e4dca0014.jpg | datasets\dataset_v3_clean_background\train\images\frame_00039_jpg.rf.1e2eda719f7bed9b0e07c27e4dca0014.jpg | datasets\dataset_v2_4defect\train\images\frame_00039_jpg.rf.1e2eda719f7bed9b0e07c27e4dca0014_aug_contrast_2.jpg | datasets\dataset_v2_5class\train\images\frame_00039_jpg.rf.1e2eda719f7bed9b0e07c27e4dca0014_aug_contrast_2.jpg | datasets\dataset_v3_clean_background\train\images\frame_00039_jpg.rf.1e2eda719f7bed9b0e07c27e4dca0014_aug_contrast_2.jpg
NEAR_71,NEAR_DHASH_DIST_1,6,datasets\dataset_v2_4defect\train\images\frame_00042_jpg.rf.7cdc70269d35b5caa73f3a3fec6ab46e.jpg | datasets\dataset_v2_5class\train\images\frame_00042_jpg.rf.7cdc70269d35b5caa73f3a3fec6ab46e.jpg | datasets\dataset_v3_clean_background\train\images\frame_00042_jpg.rf.7cdc70269d35b5caa73f3a3fec6ab46e.jpg | datasets\dataset_v2_4defect\train\images\frame_00042_jpg.rf.7cdc70269d35b5caa73f3a3fec6ab46e_aug_contrast_1.jpg | datasets\dataset_v2_5class\train\images\frame_00042_jpg.rf.7cdc70269d35b5caa73f3a3fec6ab46e_aug_contrast_1.jpg | datasets\dataset_v3_clean_background\train\images\frame_00042_jpg.rf.7cdc70269d35b5caa73f3a3fec6ab46e_aug_contrast_1.jpg
NEAR_72,NEAR_DHASH_DIST_1,6,datasets\dataset_v2_4defect\train\images\frame_00046_jpg.rf.597aeefe507b74049ce0961ab2e040b8.jpg | datasets\dataset_v2_5class\train\images\frame_00046_jpg.rf.597aeefe507b74049ce0961ab2e040b8.jpg | datasets\dataset_v3_clean_background\train\images\frame_00046_jpg.rf.597aeefe507b74049ce0961ab2e040b8.jpg | datasets\dataset_v2_4defect\train\images\frame_00046_jpg.rf.597aeefe507b74049ce0961ab2e040b8_aug_contrast_1.jpg | datasets\dataset_v2_5class\train\images\frame_00046_jpg.rf.597aeefe507b74049ce0961ab2e040b8_aug_contrast_1.jpg | datasets\dataset_v3_clean_background\train\images\frame_00046_jpg.rf.597aeefe507b74049ce0961ab2e040b8_aug_contrast_1.jpg
NEAR_73,NEAR_DHASH_DIST_1,6,datasets\dataset_v2_4defect\train\images\frame_00048_jpg.rf.a8ea60959ac429d41f306bef4c95eb67.jpg | datasets\dataset_v2_5class\train\images\frame_00048_jpg.rf.a8ea60959ac429d41f306bef4c95eb67.jpg | datasets\dataset_v3_clean_background\train\images\frame_00048_jpg.rf.a8ea60959ac429d41f306bef4c95eb67.jpg | datasets\dataset_v2_4defect\train\images\frame_00048_jpg.rf.a8ea60959ac429d41f306bef4c95eb67_aug_contrast_1.jpg | datasets\dataset_v2_5class\train\images\frame_00048_jpg.rf.a8ea60959ac429d41f306bef4c95eb67_aug_contrast_1.jpg | datasets\dataset_v3_clean_background\train\images\frame_00048_jpg.rf.a8ea60959ac429d41f306bef4c95eb67_aug_contrast_1.jpg
NEAR_74,NEAR_DHASH_DIST_2,6,datasets\dataset_v2_4defect\train\images\frame_00050_jpg.rf.67795f75f13c07158bc6193f97812850.jpg | datasets\dataset_v2_5class\train\images\frame_00050_jpg.rf.67795f75f13c07158bc6193f97812850.jpg | datasets\dataset_v3_clean_background\train\images\frame_00050_jpg.rf.67795f75f13c07158bc6193f97812850.jpg | datasets\dataset_v2_4defect\train\images\frame_00050_jpg.rf.67795f75f13c07158bc6193f97812850_aug_contrast_3.jpg | datasets\dataset_v2_5class\train\images\frame_00050_jpg.rf.67795f75f13c07158bc6193f97812850_aug_contrast_3.jpg | datasets\dataset_v3_clean_background\train\images\frame_00050_jpg.rf.67795f75f13c07158bc6193f97812850_aug_contrast_3.jpg
NEAR_75,NEAR_DHASH_DIST_1,6,datasets\dataset_v2_4defect\train\images\frame_00053_jpg.rf.1ef0c5b33b5b16934882d45b48f37473.jpg | datasets\dataset_v2_5class\train\images\frame_00053_jpg.rf.1ef0c5b33b5b16934882d45b48f37473.jpg | datasets\dataset_v3_clean_background\train\images\frame_00053_jpg.rf.1ef0c5b33b5b16934882d45b48f37473.jpg | datasets\dataset_v2_4defect\train\images\frame_00053_jpg.rf.1ef0c5b33b5b16934882d45b48f37473_aug_contrast_3.jpg | datasets\dataset_v2_5class\train\images\frame_00053_jpg.rf.1ef0c5b33b5b16934882d45b48f37473_aug_contrast_3.jpg | datasets\dataset_v3_clean_background\train\images\frame_00053_jpg.rf.1ef0c5b33b5b16934882d45b48f37473_aug_contrast_3.jpg
NEAR_76,NEAR_DHASH_DIST_2,6,datasets\dataset_v2_4defect\train\images\frame_00058_jpg.rf.86a3b721a7d5f09de7ccf678457088fd.jpg | datasets\dataset_v2_5class\train\images\frame_00058_jpg.rf.86a3b721a7d5f09de7ccf678457088fd.jpg | datasets\dataset_v3_clean_background\train\images\frame_00058_jpg.rf.86a3b721a7d5f09de7ccf678457088fd.jpg | datasets\dataset_v2_4defect\train\images\frame_00058_jpg.rf.86a3b721a7d5f09de7ccf678457088fd_aug_contrast_1.jpg | datasets\dataset_v2_5class\train\images\frame_00058_jpg.rf.86a3b721a7d5f09de7ccf678457088fd_aug_contrast_1.jpg | datasets\dataset_v3_clean_background\train\images\frame_00058_jpg.rf.86a3b721a7d5f09de7ccf678457088fd_aug_contrast_1.jpg
NEAR_77,NEAR_DHASH_DIST_2,6,datasets\dataset_v2_4defect\train\images\frame_00059_jpg.rf.4df64c9b84a5255d1728fa2e53e70fe4.jpg | datasets\dataset_v2_5class\train\images\frame_00059_jpg.rf.4df64c9b84a5255d1728fa2e53e70fe4.jpg | datasets\dataset_v3_clean_background\train\images\frame_00059_jpg.rf.4df64c9b84a5255d1728fa2e53e70fe4.jpg | datasets\dataset_v2_4defect\train\images\frame_00059_jpg.rf.4df64c9b84a5255d1728fa2e53e70fe4_aug_contrast_1.jpg | datasets\dataset_v2_5class\train\images\frame_00059_jpg.rf.4df64c9b84a5255d1728fa2e53e70fe4_aug_contrast_1.jpg | datasets\dataset_v3_clean_background\train\images\frame_00059_jpg.rf.4df64c9b84a5255d1728fa2e53e70fe4_aug_contrast_1.jpg
NEAR_78,NEAR_DHASH_DIST_1,6,datasets\dataset_v2_4defect\train\images\frame_00063_jpg.rf.6edb9f7894aaa9009613459a65509495.jpg | datasets\dataset_v2_5class\train\images\frame_00063_jpg.rf.6edb9f7894aaa9009613459a65509495.jpg | datasets\dataset_v3_clean_background\train\images\frame_00063_jpg.rf.6edb9f7894aaa9009613459a65509495.jpg | datasets\dataset_v2_4defect\train\images\frame_00063_jpg.rf.6edb9f7894aaa9009613459a65509495_aug_contrast_1.jpg | datasets\dataset_v2_5class\train\images\frame_00063_jpg.rf.6edb9f7894aaa9009613459a65509495_aug_contrast_1.jpg | datasets\dataset_v3_clean_background\train\images\frame_00063_jpg.rf.6edb9f7894aaa9009613459a65509495_aug_contrast_1.jpg
NEAR_79,NEAR_DHASH_DIST_1,6,datasets\dataset_v2_4defect\train\images\frame_00063_jpg.rf.e65aa6766890aeed3ab69003190660db.jpg | datasets\dataset_v2_5class\train\images\frame_00063_jpg.rf.e65aa6766890aeed3ab69003190660db.jpg | datasets\dataset_v3_clean_background\train\images\frame_00063_jpg.rf.e65aa6766890aeed3ab69003190660db.jpg | datasets\dataset_v2_4defect\train\images\frame_00063_jpg.rf.e65aa6766890aeed3ab69003190660db_aug_contrast_1.jpg | datasets\dataset_v2_5class\train\images\frame_00063_jpg.rf.e65aa6766890aeed3ab69003190660db_aug_contrast_1.jpg | datasets\dataset_v3_clean_background\train\images\frame_00063_jpg.rf.e65aa6766890aeed3ab69003190660db_aug_contrast_1.jpg
NEAR_80,NEAR_DHASH_DIST_2,6,datasets\dataset_v2_4defect\train\images\frame_00082_jpg.rf.b55769a1a71678c24222d1535b1b459a.jpg | datasets\dataset_v2_5class\train\images\frame_00082_jpg.rf.b55769a1a71678c24222d1535b1b459a.jpg | datasets\dataset_v3_clean_background\train\images\frame_00082_jpg.rf.b55769a1a71678c24222d1535b1b459a.jpg | datasets\dataset_v2_4defect\train\images\frame_00082_jpg.rf.b55769a1a71678c24222d1535b1b459a_aug_contrast_1.jpg | datasets\dataset_v2_5class\train\images\frame_00082_jpg.rf.b55769a1a71678c24222d1535b1b459a_aug_contrast_1.jpg | datasets\dataset_v3_clean_background\train\images\frame_00082_jpg.rf.b55769a1a71678c24222d1535b1b459a_aug_contrast_1.jpg
NEAR_81,NEAR_DHASH_DIST_1,6,datasets\dataset_v2_4defect\train\images\frame_00084_jpg.rf.1e13157f9f2a95c41ad0aac9720e7bc7.jpg | datasets\dataset_v2_5class\train\images\frame_00084_jpg.rf.1e13157f9f2a95c41ad0aac9720e7bc7.jpg | datasets\dataset_v3_clean_background\train\images\frame_00084_jpg.rf.1e13157f9f2a95c41ad0aac9720e7bc7.jpg | datasets\dataset_v2_4defect\train\images\frame_00084_jpg.rf.1e13157f9f2a95c41ad0aac9720e7bc7_aug_contrast_1.jpg | datasets\dataset_v2_5class\train\images\frame_00084_jpg.rf.1e13157f9f2a95c41ad0aac9720e7bc7_aug_contrast_1.jpg | datasets\dataset_v3_clean_background\train\images\frame_00084_jpg.rf.1e13157f9f2a95c41ad0aac9720e7bc7_aug_contrast_1.jpg
NEAR_82,NEAR_DHASH_DIST_1,6,datasets\dataset_v2_4defect\train\images\frame_00086_jpg.rf.3c8b35ab4c525cea0f49e92dfefd4ecf.jpg | datasets\dataset_v2_5class\train\images\frame_00086_jpg.rf.3c8b35ab4c525cea0f49e92dfefd4ecf.jpg | datasets\dataset_v3_clean_background\train\images\frame_00086_jpg.rf.3c8b35ab4c525cea0f49e92dfefd4ecf.jpg | datasets\dataset_v2_4defect\train\images\frame_00086_jpg.rf.3c8b35ab4c525cea0f49e92dfefd4ecf_aug_contrast_1.jpg | datasets\dataset_v2_5class\train\images\frame_00086_jpg.rf.3c8b35ab4c525cea0f49e92dfefd4ecf_aug_contrast_1.jpg | datasets\dataset_v3_clean_background\train\images\frame_00086_jpg.rf.3c8b35ab4c525cea0f49e92dfefd4ecf_aug_contrast_1.jpg
NEAR_83,NEAR_DHASH_DIST_2,6,datasets\dataset_v2_4defect\train\images\frame_00096_jpg.rf.8edcb31f47a77839cec1bf5c64ece661.jpg | datasets\dataset_v2_5class\train\images\frame_00096_jpg.rf.8edcb31f47a77839cec1bf5c64ece661.jpg | datasets\dataset_v3_clean_background\train\images\frame_00096_jpg.rf.8edcb31f47a77839cec1bf5c64ece661.jpg | datasets\dataset_v2_4defect\train\images\frame_00096_jpg.rf.8edcb31f47a77839cec1bf5c64ece661_aug_contrast_1.jpg | datasets\dataset_v2_5class\train\images\frame_00096_jpg.rf.8edcb31f47a77839cec1bf5c64ece661_aug_contrast_1.jpg | datasets\dataset_v3_clean_background\train\images\frame_00096_jpg.rf.8edcb31f47a77839cec1bf5c64ece661_aug_contrast_1.jpg
NEAR_84,NEAR_DHASH_DIST_2,6,datasets\dataset_v2_4defect\train\images\frame_00106_jpg.rf.66c01adefaa664049888e17a96463474.jpg | datasets\dataset_v2_5class\train\images\frame_00106_jpg.rf.66c01adefaa664049888e17a96463474.jpg | datasets\dataset_v3_clean_background\train\images\frame_00106_jpg.rf.66c01adefaa664049888e17a96463474.jpg | datasets\dataset_v2_4defect\train\images\frame_00106_jpg.rf.66c01adefaa664049888e17a96463474_aug_contrast_1.jpg | datasets\dataset_v2_5class\train\images\frame_00106_jpg.rf.66c01adefaa664049888e17a96463474_aug_contrast_1.jpg | datasets\dataset_v3_clean_background\train\images\frame_00106_jpg.rf.66c01adefaa664049888e17a96463474_aug_contrast_1.jpg
NEAR_85,NEAR_DHASH_DIST_2,6,datasets\dataset_v2_4defect\train\images\frame_00109_jpg.rf.b63ab4e3efb3483cfe7d129650b66942.jpg | datasets\dataset_v2_5class\train\images\frame_00109_jpg.rf.b63ab4e3efb3483cfe7d129650b66942.jpg | datasets\dataset_v3_clean_background\train\images\frame_00109_jpg.rf.b63ab4e3efb3483cfe7d129650b66942.jpg | datasets\dataset_v2_4defect\train\images\frame_00109_jpg.rf.b63ab4e3efb3483cfe7d129650b66942_aug_contrast_1.jpg | datasets\dataset_v2_5class\train\images\frame_00109_jpg.rf.b63ab4e3efb3483cfe7d129650b66942_aug_contrast_1.jpg | datasets\dataset_v3_clean_background\train\images\frame_00109_jpg.rf.b63ab4e3efb3483cfe7d129650b66942_aug_contrast_1.jpg
NEAR_86,NEAR_DHASH_DIST_1,6,datasets\dataset_v2_4defect\train\images\frame_00112_jpg.rf.84315d186bf506f996d73d0b32082171.jpg | datasets\dataset_v2_5class\train\images\frame_00112_jpg.rf.84315d186bf506f996d73d0b32082171.jpg | datasets\dataset_v3_clean_background\train\images\frame_00112_jpg.rf.84315d186bf506f996d73d0b32082171.jpg | datasets\dataset_v2_4defect\train\images\frame_00113_jpg.rf.3c24baa5375ef67e96377d9a4487b941.jpg | datasets\dataset_v2_5class\train\images\frame_00113_jpg.rf.3c24baa5375ef67e96377d9a4487b941.jpg | datasets\dataset_v3_clean_background\train\images\frame_00113_jpg.rf.3c24baa5375ef67e96377d9a4487b941.jpg
NEAR_87,NEAR_DHASH_DIST_3,6,datasets\dataset_v2_4defect\train\images\frame_00112_jpg.rf.84315d186bf506f996d73d0b32082171.jpg | datasets\dataset_v2_5class\train\images\frame_00112_jpg.rf.84315d186bf506f996d73d0b32082171.jpg | datasets\dataset_v3_clean_background\train\images\frame_00112_jpg.rf.84315d186bf506f996d73d0b32082171.jpg | datasets\dataset_v2_4defect\train\images\frame_00113_jpg.rf.3c24baa5375ef67e96377d9a4487b941_aug_contrast_1.jpg | datasets\dataset_v2_5class\train\images\frame_00113_jpg.rf.3c24baa5375ef67e96377d9a4487b941_aug_contrast_1.jpg | datasets\dataset_v3_clean_background\train\images\frame_00113_jpg.rf.3c24baa5375ef67e96377d9a4487b941_aug_contrast_1.jpg
NEAR_88,NEAR_DHASH_DIST_2,6,datasets\dataset_v2_4defect\train\images\frame_00113_jpg.rf.3c24baa5375ef67e96377d9a4487b941.jpg | datasets\dataset_v2_5class\train\images\frame_00113_jpg.rf.3c24baa5375ef67e96377d9a4487b941.jpg | datasets\dataset_v3_clean_background\train\images\frame_00113_jpg.rf.3c24baa5375ef67e96377d9a4487b941.jpg | datasets\dataset_v2_4defect\train\images\frame_00113_jpg.rf.3c24baa5375ef67e96377d9a4487b941_aug_contrast_1.jpg | datasets\dataset_v2_5class\train\images\frame_00113_jpg.rf.3c24baa5375ef67e96377d9a4487b941_aug_contrast_1.jpg | datasets\dataset_v3_clean_background\train\images\frame_00113_jpg.rf.3c24baa5375ef67e96377d9a4487b941_aug_contrast_1.jpg
NEAR_89,NEAR_DHASH_DIST_2,6,datasets\dataset_v2_4defect\train\images\frame_00114_jpg.rf.2d6e2d15d616071c2bc3641ee2bf01ef.jpg | datasets\dataset_v2_5class\train\images\frame_00114_jpg.rf.2d6e2d15d616071c2bc3641ee2bf01ef.jpg | datasets\dataset_v3_clean_background\train\images\frame_00114_jpg.rf.2d6e2d15d616071c2bc3641ee2bf01ef.jpg | datasets\dataset_v2_4defect\train\images\frame_00114_jpg.rf.2d6e2d15d616071c2bc3641ee2bf01ef_aug_contrast_2.jpg | datasets\dataset_v2_5class\train\images\frame_00114_jpg.rf.2d6e2d15d616071c2bc3641ee2bf01ef_aug_contrast_2.jpg | datasets\dataset_v3_clean_background\train\images\frame_00114_jpg.rf.2d6e2d15d616071c2bc3641ee2bf01ef_aug_contrast_2.jpg
NEAR_90,NEAR_DHASH_DIST_1,6,datasets\dataset_v2_4defect\train\images\frame_00115_jpg.rf.28b4796023ae92201ed0b6b52dcef9a5.jpg | datasets\dataset_v2_5class\train\images\frame_00115_jpg.rf.28b4796023ae92201ed0b6b52dcef9a5.jpg | datasets\dataset_v3_clean_background\train\images\frame_00115_jpg.rf.28b4796023ae92201ed0b6b52dcef9a5.jpg | datasets\dataset_v2_4defect\train\images\frame_00115_jpg.rf.28b4796023ae92201ed0b6b52dcef9a5_aug_contrast_1.jpg | datasets\dataset_v2_5class\train\images\frame_00115_jpg.rf.28b4796023ae92201ed0b6b52dcef9a5_aug_contrast_1.jpg | datasets\dataset_v3_clean_background\train\images\frame_00115_jpg.rf.28b4796023ae92201ed0b6b52dcef9a5_aug_contrast_1.jpg
NEAR_91,NEAR_DHASH_DIST_2,6,datasets\dataset_v2_4defect\train\images\frame_00117_jpg.rf.dc8b15753471ed38160b14b362032076.jpg | datasets\dataset_v2_5class\train\images\frame_00117_jpg.rf.dc8b15753471ed38160b14b362032076.jpg | datasets\dataset_v3_clean_background\train\images\frame_00117_jpg.rf.dc8b15753471ed38160b14b362032076.jpg | datasets\dataset_v2_4defect\train\images\frame_00117_jpg.rf.dc8b15753471ed38160b14b362032076_aug_contrast_1.jpg | datasets\dataset_v2_5class\train\images\frame_00117_jpg.rf.dc8b15753471ed38160b14b362032076_aug_contrast_1.jpg | datasets\dataset_v3_clean_background\train\images\frame_00117_jpg.rf.dc8b15753471ed38160b14b362032076_aug_contrast_1.jpg
NEAR_92,NEAR_DHASH_DIST_1,6,datasets\dataset_v2_4defect\train\images\frame_00120_jpg.rf.821de776cd8844174eeee71eb0400c3a.jpg | datasets\dataset_v2_5class\train\images\frame_00120_jpg.rf.821de776cd8844174eeee71eb0400c3a.jpg | datasets\dataset_v3_clean_background\train\images\frame_00120_jpg.rf.821de776cd8844174eeee71eb0400c3a.jpg | datasets\dataset_v2_4defect\train\images\frame_00120_jpg.rf.821de776cd8844174eeee71eb0400c3a_aug_contrast_1.jpg | datasets\dataset_v2_5class\train\images\frame_00120_jpg.rf.821de776cd8844174eeee71eb0400c3a_aug_contrast_1.jpg | datasets\dataset_v3_clean_background\train\images\frame_00120_jpg.rf.821de776cd8844174eeee71eb0400c3a_aug_contrast_1.jpg
NEAR_93,NEAR_DHASH_DIST_2,6,datasets\dataset_v2_4defect\train\images\frame_00124_jpg.rf.db15bd75394c65b38849062d916baa6a.jpg | datasets\dataset_v2_5class\train\images\frame_00124_jpg.rf.db15bd75394c65b38849062d916baa6a.jpg | datasets\dataset_v3_clean_background\train\images\frame_00124_jpg.rf.db15bd75394c65b38849062d916baa6a.jpg | datasets\dataset_v2_4defect\train\images\frame_00124_jpg.rf.db15bd75394c65b38849062d916baa6a_aug_contrast_1.jpg | datasets\dataset_v2_5class\train\images\frame_00124_jpg.rf.db15bd75394c65b38849062d916baa6a_aug_contrast_1.jpg | datasets\dataset_v3_clean_background\train\images\frame_00124_jpg.rf.db15bd75394c65b38849062d916baa6a_aug_contrast_1.jpg
NEAR_94,NEAR_DHASH_DIST_2,8,datasets\dataset_v2_4defect\train\images\frame_00128_jpg.rf.338fdca7701bd7c0e61f430a67dda654.jpg | datasets\dataset_v2_5class\train\images\frame_00128_jpg.rf.338fdca7701bd7c0e61f430a67dda654.jpg | datasets\dataset_v3_clean_background\train\images\frame_00128_jpg.rf.338fdca7701bd7c0e61f430a67dda654.jpg | datasets\dataset_v2_4defect\train\images\frame_00129_jpg.rf.7719d1d835cab947ea466cdf7469001a.jpg | datasets\dataset_v2_5class\train\images\frame_00129_jpg.rf.7719d1d835cab947ea466cdf7469001a.jpg | datasets\dataset_v3_clean_background\train\images\frame_00129_jpg.rf.7719d1d835cab947ea466cdf7469001a.jpg | final_visual_results\scratch_cases\slight_scratch_frame_00129.jpg | known_defect_tests\slight_scratch_5_frame_00129_jpg.rf.7719d1d835cab947ea466cdf7469001a.jpg
NEAR_95,NEAR_DHASH_DIST_1,6,datasets\dataset_v2_4defect\train\images\frame_00130_jpg.rf.4411bebdb5be05dc67be5bddfe26f88b.jpg | datasets\dataset_v2_5class\train\images\frame_00130_jpg.rf.4411bebdb5be05dc67be5bddfe26f88b.jpg | datasets\dataset_v3_clean_background\train\images\frame_00130_jpg.rf.4411bebdb5be05dc67be5bddfe26f88b.jpg | datasets\dataset_v2_4defect\train\images\frame_00130_jpg.rf.4411bebdb5be05dc67be5bddfe26f88b_aug_contrast_1.jpg | datasets\dataset_v2_5class\train\images\frame_00130_jpg.rf.4411bebdb5be05dc67be5bddfe26f88b_aug_contrast_1.jpg | datasets\dataset_v3_clean_background\train\images\frame_00130_jpg.rf.4411bebdb5be05dc67be5bddfe26f88b_aug_contrast_1.jpg
NEAR_96,NEAR_DHASH_DIST_1,6,datasets\dataset_v2_4defect\train\images\frame_00131_jpg.rf.8aff8c3afc6564a1e458acb76f1fb0bb.jpg | datasets\dataset_v2_5class\train\images\frame_00131_jpg.rf.8aff8c3afc6564a1e458acb76f1fb0bb.jpg | datasets\dataset_v3_clean_background\train\images\frame_00131_jpg.rf.8aff8c3afc6564a1e458acb76f1fb0bb.jpg | datasets\dataset_v2_4defect\train\images\frame_00131_jpg.rf.8aff8c3afc6564a1e458acb76f1fb0bb_aug_contrast_1.jpg | datasets\dataset_v2_5class\train\images\frame_00131_jpg.rf.8aff8c3afc6564a1e458acb76f1fb0bb_aug_contrast_1.jpg | datasets\dataset_v3_clean_background\train\images\frame_00131_jpg.rf.8aff8c3afc6564a1e458acb76f1fb0bb_aug_contrast_1.jpg
NEAR_97,NEAR_DHASH_DIST_3,6,datasets\dataset_v2_4defect\train\images\frame_00132_jpg.rf.816b54bff7d7c1db1cffa085f95eb41f.jpg | datasets\dataset_v2_5class\train\images\frame_00132_jpg.rf.816b54bff7d7c1db1cffa085f95eb41f.jpg | datasets\dataset_v3_clean_background\train\images\frame_00132_jpg.rf.816b54bff7d7c1db1cffa085f95eb41f.jpg | datasets\dataset_v2_4defect\train\images\frame_00132_jpg.rf.816b54bff7d7c1db1cffa085f95eb41f_aug_contrast_1.jpg | datasets\dataset_v2_5class\train\images\frame_00132_jpg.rf.816b54bff7d7c1db1cffa085f95eb41f_aug_contrast_1.jpg | datasets\dataset_v3_clean_background\train\images\frame_00132_jpg.rf.816b54bff7d7c1db1cffa085f95eb41f_aug_contrast_1.jpg
NEAR_98,NEAR_DHASH_DIST_3,6,datasets\dataset_v2_4defect\train\images\frame_00139_jpg.rf.d8ac4ec538406e8c87b94eb32823b952.jpg | datasets\dataset_v2_5class\train\images\frame_00139_jpg.rf.d8ac4ec538406e8c87b94eb32823b952.jpg | datasets\dataset_v3_clean_background\train\images\frame_00139_jpg.rf.d8ac4ec538406e8c87b94eb32823b952.jpg | datasets\dataset_v2_4defect\train\images\frame_00139_jpg.rf.d8ac4ec538406e8c87b94eb32823b952_aug_contrast_1.jpg | datasets\dataset_v2_5class\train\images\frame_00139_jpg.rf.d8ac4ec538406e8c87b94eb32823b952_aug_contrast_1.jpg | datasets\dataset_v3_clean_background\train\images\frame_00139_jpg.rf.d8ac4ec538406e8c87b94eb32823b952_aug_contrast_1.jpg
NEAR_99,NEAR_DHASH_DIST_1,6,datasets\dataset_v2_4defect\train\images\frame_00154_jpg.rf.c313582698cd5a6c4c5ed510ca972a11.jpg | datasets\dataset_v2_5class\train\images\frame_00154_jpg.rf.c313582698cd5a6c4c5ed510ca972a11.jpg | datasets\dataset_v3_clean_background\train\images\frame_00154_jpg.rf.c313582698cd5a6c4c5ed510ca972a11.jpg | datasets\dataset_v2_4defect\train\images\frame_00154_jpg.rf.c313582698cd5a6c4c5ed510ca972a11_aug_contrast_2.jpg | datasets\dataset_v2_5class\train\images\frame_00154_jpg.rf.c313582698cd5a6c4c5ed510ca972a11_aug_contrast_2.jpg | datasets\dataset_v3_clean_background\train\images\frame_00154_jpg.rf.c313582698cd5a6c4c5ed510ca972a11_aug_contrast_2.jpg
NEAR_100,NEAR_DHASH_DIST_1,6,datasets\dataset_v2_4defect\train\images\frame_00165_jpg.rf.7246e72ad9e3e06494919fa0c79f81b9.jpg | datasets\dataset_v2_5class\train\images\frame_00165_jpg.rf.7246e72ad9e3e06494919fa0c79f81b9.jpg | datasets\dataset_v3_clean_background\train\images\frame_00165_jpg.rf.7246e72ad9e3e06494919fa0c79f81b9.jpg | datasets\dataset_v2_4defect\train\images\frame_00165_jpg.rf.7246e72ad9e3e06494919fa0c79f81b9_aug_contrast_1.jpg | datasets\dataset_v2_5class\train\images\frame_00165_jpg.rf.7246e72ad9e3e06494919fa0c79f81b9_aug_contrast_1.jpg | datasets\dataset_v3_clean_background\train\images\frame_00165_jpg.rf.7246e72ad9e3e06494919fa0c79f81b9_aug_contrast_1.jpg
NEAR_101,NEAR_DHASH_DIST_2,6,datasets\dataset_v2_4defect\train\images\frame_00166_jpg.rf.dc3328eb47af679023dceaba3836fa05.jpg | datasets\dataset_v2_5class\train\images\frame_00166_jpg.rf.dc3328eb47af679023dceaba3836fa05.jpg | datasets\dataset_v3_clean_background\train\images\frame_00166_jpg.rf.dc3328eb47af679023dceaba3836fa05.jpg | datasets\dataset_v2_4defect\train\images\frame_00166_jpg.rf.dc3328eb47af679023dceaba3836fa05_aug_contrast_1.jpg | datasets\dataset_v2_5class\train\images\frame_00166_jpg.rf.dc3328eb47af679023dceaba3836fa05_aug_contrast_1.jpg | datasets\dataset_v3_clean_background\train\images\frame_00166_jpg.rf.dc3328eb47af679023dceaba3836fa05_aug_contrast_1.jpg
NEAR_102,NEAR_DHASH_DIST_2,6,datasets\dataset_v2_4defect\train\images\frame_00167_jpg.rf.cf80e56149b05215cb319fb294984ac0.jpg | datasets\dataset_v2_5class\train\images\frame_00167_jpg.rf.cf80e56149b05215cb319fb294984ac0.jpg | datasets\dataset_v3_clean_background\train\images\frame_00167_jpg.rf.cf80e56149b05215cb319fb294984ac0.jpg | datasets\dataset_v2_4defect\train\images\frame_00167_jpg.rf.cf80e56149b05215cb319fb294984ac0_aug_contrast_1.jpg | datasets\dataset_v2_5class\train\images\frame_00167_jpg.rf.cf80e56149b05215cb319fb294984ac0_aug_contrast_1.jpg | datasets\dataset_v3_clean_background\train\images\frame_00167_jpg.rf.cf80e56149b05215cb319fb294984ac0_aug_contrast_1.jpg
NEAR_103,NEAR_DHASH_DIST_3,6,datasets\dataset_v2_4defect\train\images\frame_00169_jpg.rf.e0c9b8472edebea23f2f59f68f047cd1.jpg | datasets\dataset_v2_5class\train\images\frame_00169_jpg.rf.e0c9b8472edebea23f2f59f68f047cd1.jpg | datasets\dataset_v3_clean_background\train\images\frame_00169_jpg.rf.e0c9b8472edebea23f2f59f68f047cd1.jpg | datasets\dataset_v2_4defect\train\images\frame_00169_jpg.rf.e0c9b8472edebea23f2f59f68f047cd1_aug_contrast_1.jpg | datasets\dataset_v2_5class\train\images\frame_00169_jpg.rf.e0c9b8472edebea23f2f59f68f047cd1_aug_contrast_1.jpg | datasets\dataset_v3_clean_background\train\images\frame_00169_jpg.rf.e0c9b8472edebea23f2f59f68f047cd1_aug_contrast_1.jpg
NEAR_104,NEAR_DHASH_DIST_2,6,datasets\dataset_v2_4defect\train\images\frame_00171_jpg.rf.a7666719014b7aa5853970a38eb03ca0.jpg | datasets\dataset_v2_5class\train\images\frame_00171_jpg.rf.a7666719014b7aa5853970a38eb03ca0.jpg | datasets\dataset_v3_clean_background\train\images\frame_00171_jpg.rf.a7666719014b7aa5853970a38eb03ca0.jpg | datasets\dataset_v2_4defect\train\images\frame_00171_jpg.rf.a7666719014b7aa5853970a38eb03ca0_aug_contrast_3.jpg | datasets\dataset_v2_5class\train\images\frame_00171_jpg.rf.a7666719014b7aa5853970a38eb03ca0_aug_contrast_3.jpg | datasets\dataset_v3_clean_background\train\images\frame_00171_jpg.rf.a7666719014b7aa5853970a38eb03ca0_aug_contrast_3.jpg
NEAR_105,NEAR_DHASH_DIST_3,6,datasets\dataset_v2_4defect\train\images\frame_00174_jpg.rf.8b39e7837b983cd5e687c04e04c06aa0.jpg | datasets\dataset_v2_5class\train\images\frame_00174_jpg.rf.8b39e7837b983cd5e687c04e04c06aa0.jpg | datasets\dataset_v3_clean_background\train\images\frame_00174_jpg.rf.8b39e7837b983cd5e687c04e04c06aa0.jpg | datasets\dataset_v2_4defect\train\images\frame_00174_jpg.rf.8b39e7837b983cd5e687c04e04c06aa0_aug_contrast_3.jpg | datasets\dataset_v2_5class\train\images\frame_00174_jpg.rf.8b39e7837b983cd5e687c04e04c06aa0_aug_contrast_3.jpg | datasets\dataset_v3_clean_background\train\images\frame_00174_jpg.rf.8b39e7837b983cd5e687c04e04c06aa0_aug_contrast_3.jpg
NEAR_106,NEAR_DHASH_DIST_1,6,datasets\dataset_v2_4defect\train\images\frame_00205_jpg.rf.573a80c098c957e897664f79900e9771.jpg | datasets\dataset_v2_5class\train\images\frame_00205_jpg.rf.573a80c098c957e897664f79900e9771.jpg | datasets\dataset_v3_clean_background\train\images\frame_00205_jpg.rf.573a80c098c957e897664f79900e9771.jpg | datasets\dataset_v2_4defect\train\images\frame_00205_jpg.rf.573a80c098c957e897664f79900e9771_aug_contrast_2.jpg | datasets\dataset_v2_5class\train\images\frame_00205_jpg.rf.573a80c098c957e897664f79900e9771_aug_contrast_2.jpg | datasets\dataset_v3_clean_background\train\images\frame_00205_jpg.rf.573a80c098c957e897664f79900e9771_aug_contrast_2.jpg
NEAR_107,NEAR_DHASH_DIST_2,6,datasets\dataset_v2_4defect\train\images\frame_00208_jpg.rf.79c33d7732bf695d3b3ada855a240d55.jpg | datasets\dataset_v2_5class\train\images\frame_00208_jpg.rf.79c33d7732bf695d3b3ada855a240d55.jpg | datasets\dataset_v3_clean_background\train\images\frame_00208_jpg.rf.79c33d7732bf695d3b3ada855a240d55.jpg | datasets\dataset_v2_4defect\train\images\frame_00208_jpg.rf.79c33d7732bf695d3b3ada855a240d55_aug_contrast_2.jpg | datasets\dataset_v2_5class\train\images\frame_00208_jpg.rf.79c33d7732bf695d3b3ada855a240d55_aug_contrast_2.jpg | datasets\dataset_v3_clean_background\train\images\frame_00208_jpg.rf.79c33d7732bf695d3b3ada855a240d55_aug_contrast_2.jpg
NEAR_108,NEAR_DHASH_DIST_1,6,datasets\dataset_v2_4defect\train\images\frame_00210_jpg.rf.4f9c0d21a022bfc7dcee12b8e8d59cf5.jpg | datasets\dataset_v2_5class\train\images\frame_00210_jpg.rf.4f9c0d21a022bfc7dcee12b8e8d59cf5.jpg | datasets\dataset_v3_clean_background\train\images\frame_00210_jpg.rf.4f9c0d21a022bfc7dcee12b8e8d59cf5.jpg | datasets\dataset_v2_4defect\train\images\frame_00210_jpg.rf.4f9c0d21a022bfc7dcee12b8e8d59cf5_aug_contrast_1.jpg | datasets\dataset_v2_5class\train\images\frame_00210_jpg.rf.4f9c0d21a022bfc7dcee12b8e8d59cf5_aug_contrast_1.jpg | datasets\dataset_v3_clean_background\train\images\frame_00210_jpg.rf.4f9c0d21a022bfc7dcee12b8e8d59cf5_aug_contrast_1.jpg
NEAR_109,NEAR_DHASH_DIST_1,6,datasets\dataset_v2_4defect\train\images\frame_00214_jpg.rf.4ab0fa0081ef838a5b1b632e687e0d10.jpg | datasets\dataset_v2_5class\train\images\frame_00214_jpg.rf.4ab0fa0081ef838a5b1b632e687e0d10.jpg | datasets\dataset_v3_clean_background\train\images\frame_00214_jpg.rf.4ab0fa0081ef838a5b1b632e687e0d10.jpg | datasets\dataset_v2_4defect\train\images\frame_00214_jpg.rf.4ab0fa0081ef838a5b1b632e687e0d10_aug_contrast_3.jpg | datasets\dataset_v2_5class\train\images\frame_00214_jpg.rf.4ab0fa0081ef838a5b1b632e687e0d10_aug_contrast_3.jpg | datasets\dataset_v3_clean_background\train\images\frame_00214_jpg.rf.4ab0fa0081ef838a5b1b632e687e0d10_aug_contrast_3.jpg
NEAR_110,NEAR_DHASH_DIST_1,9,datasets\dataset_v2_4defect\train\images\frame_00217_jpg.rf.8a6f29de683f48dc20b97d6d94df145a.jpg | datasets\dataset_v2_4defect\train\images\frame_00217_jpg.rf.8a6f29de683f48dc20b97d6d94df145a_aug_contrast_2.jpg | datasets\dataset_v2_5class\train\images\frame_00217_jpg.rf.8a6f29de683f48dc20b97d6d94df145a.jpg | datasets\dataset_v2_5class\train\images\frame_00217_jpg.rf.8a6f29de683f48dc20b97d6d94df145a_aug_contrast_2.jpg | datasets\dataset_v3_clean_background\train\images\frame_00217_jpg.rf.8a6f29de683f48dc20b97d6d94df145a.jpg | datasets\dataset_v3_clean_background\train\images\frame_00217_jpg.rf.8a6f29de683f48dc20b97d6d94df145a_aug_contrast_2.jpg | datasets\dataset_v2_4defect\train\images\frame_00218_jpg.rf.86c1526286c4ae762eb5d2d9c06309aa.jpg | datasets\dataset_v2_5class\train\images\frame_00218_jpg.rf.86c1526286c4ae762eb5d2d9c06309aa.jpg | datasets\dataset_v3_clean_background\train\images\frame_00218_jpg.rf.86c1526286c4ae762eb5d2d9c06309aa.jpg
NEAR_111,NEAR_DHASH_DIST_1,9,datasets\dataset_v2_4defect\train\images\frame_00217_jpg.rf.8a6f29de683f48dc20b97d6d94df145a.jpg | datasets\dataset_v2_4defect\train\images\frame_00217_jpg.rf.8a6f29de683f48dc20b97d6d94df145a_aug_contrast_2.jpg | datasets\dataset_v2_5class\train\images\frame_00217_jpg.rf.8a6f29de683f48dc20b97d6d94df145a.jpg | datasets\dataset_v2_5class\train\images\frame_00217_jpg.rf.8a6f29de683f48dc20b97d6d94df145a_aug_contrast_2.jpg | datasets\dataset_v3_clean_background\train\images\frame_00217_jpg.rf.8a6f29de683f48dc20b97d6d94df145a.jpg | datasets\dataset_v3_clean_background\train\images\frame_00217_jpg.rf.8a6f29de683f48dc20b97d6d94df145a_aug_contrast_2.jpg | datasets\dataset_v2_4defect\train\images\frame_00218_jpg.rf.86c1526286c4ae762eb5d2d9c06309aa_aug_contrast_2.jpg | datasets\dataset_v2_5class\train\images\frame_00218_jpg.rf.86c1526286c4ae762eb5d2d9c06309aa_aug_contrast_2.jpg | datasets\dataset_v3_clean_background\train\images\frame_00218_jpg.rf.86c1526286c4ae762eb5d2d9c06309aa_aug_contrast_2.jpg
NEAR_112,NEAR_DHASH_DIST_3,6,datasets\dataset_v2_4defect\train\images\frame_00217_jpg.rf.8a6f29de683f48dc20b97d6d94df145a_aug_hflip_0.jpg | datasets\dataset_v2_5class\train\images\frame_00217_jpg.rf.8a6f29de683f48dc20b97d6d94df145a_aug_hflip_0.jpg | datasets\dataset_v3_clean_background\train\images\frame_00217_jpg.rf.8a6f29de683f48dc20b97d6d94df145a_aug_hflip_0.jpg | datasets\dataset_v2_4defect\train\images\frame_00218_jpg.rf.86c1526286c4ae762eb5d2d9c06309aa_aug_hflip_0.jpg | datasets\dataset_v2_5class\train\images\frame_00218_jpg.rf.86c1526286c4ae762eb5d2d9c06309aa_aug_hflip_0.jpg | datasets\dataset_v3_clean_background\train\images\frame_00218_jpg.rf.86c1526286c4ae762eb5d2d9c06309aa_aug_hflip_0.jpg
NEAR_113,NEAR_DHASH_DIST_1,6,datasets\dataset_v2_4defect\train\images\frame_00217_jpg.rf.8a6f29de683f48dc20b97d6d94df145a_aug_vflip_1.jpg | datasets\dataset_v2_5class\train\images\frame_00217_jpg.rf.8a6f29de683f48dc20b97d6d94df145a_aug_vflip_1.jpg | datasets\dataset_v3_clean_background\train\images\frame_00217_jpg.rf.8a6f29de683f48dc20b97d6d94df145a_aug_vflip_1.jpg | datasets\dataset_v2_4defect\train\images\frame_00218_jpg.rf.86c1526286c4ae762eb5d2d9c06309aa_aug_vflip_1.jpg | datasets\dataset_v2_5class\train\images\frame_00218_jpg.rf.86c1526286c4ae762eb5d2d9c06309aa_aug_vflip_1.jpg | datasets\dataset_v3_clean_background\train\images\frame_00218_jpg.rf.86c1526286c4ae762eb5d2d9c06309aa_aug_vflip_1.jpg
NEAR_114,NEAR_DHASH_DIST_2,6,datasets\dataset_v2_4defect\train\images\frame_00218_jpg.rf.86c1526286c4ae762eb5d2d9c06309aa.jpg | datasets\dataset_v2_5class\train\images\frame_00218_jpg.rf.86c1526286c4ae762eb5d2d9c06309aa.jpg | datasets\dataset_v3_clean_background\train\images\frame_00218_jpg.rf.86c1526286c4ae762eb5d2d9c06309aa.jpg | datasets\dataset_v2_4defect\train\images\frame_00218_jpg.rf.86c1526286c4ae762eb5d2d9c06309aa_aug_contrast_2.jpg | datasets\dataset_v2_5class\train\images\frame_00218_jpg.rf.86c1526286c4ae762eb5d2d9c06309aa_aug_contrast_2.jpg | datasets\dataset_v3_clean_background\train\images\frame_00218_jpg.rf.86c1526286c4ae762eb5d2d9c06309aa_aug_contrast_2.jpg
NEAR_115,NEAR_DHASH_DIST_3,6,datasets\dataset_v2_4defect\train\images\frame_00220_jpg.rf.fd5657702260f3c6c360c7c99e161cce.jpg | datasets\dataset_v2_5class\train\images\frame_00220_jpg.rf.fd5657702260f3c6c360c7c99e161cce.jpg | datasets\dataset_v3_clean_background\train\images\frame_00220_jpg.rf.fd5657702260f3c6c360c7c99e161cce.jpg | datasets\dataset_v2_4defect\train\images\frame_00220_jpg.rf.fd5657702260f3c6c360c7c99e161cce_aug_contrast_1.jpg | datasets\dataset_v2_5class\train\images\frame_00220_jpg.rf.fd5657702260f3c6c360c7c99e161cce_aug_contrast_1.jpg | datasets\dataset_v3_clean_background\train\images\frame_00220_jpg.rf.fd5657702260f3c6c360c7c99e161cce_aug_contrast_1.jpg
NEAR_116,NEAR_DHASH_DIST_2,6,datasets\dataset_v2_4defect\train\images\frame_00221_jpg.rf.31026b1b0b2887dc846f786f03824f91.jpg | datasets\dataset_v2_5class\train\images\frame_00221_jpg.rf.31026b1b0b2887dc846f786f03824f91.jpg | datasets\dataset_v3_clean_background\train\images\frame_00221_jpg.rf.31026b1b0b2887dc846f786f03824f91.jpg | datasets\dataset_v2_4defect\train\images\frame_00221_jpg.rf.31026b1b0b2887dc846f786f03824f91_aug_contrast_1.jpg | datasets\dataset_v2_5class\train\images\frame_00221_jpg.rf.31026b1b0b2887dc846f786f03824f91_aug_contrast_1.jpg | datasets\dataset_v3_clean_background\train\images\frame_00221_jpg.rf.31026b1b0b2887dc846f786f03824f91_aug_contrast_1.jpg
NEAR_117,NEAR_DHASH_DIST_1,6,datasets\dataset_v2_4defect\train\images\frame_00223_jpg.rf.6b4c6511e53a25296685d949c17549f7.jpg | datasets\dataset_v2_5class\train\images\frame_00223_jpg.rf.6b4c6511e53a25296685d949c17549f7.jpg | datasets\dataset_v3_clean_background\train\images\frame_00223_jpg.rf.6b4c6511e53a25296685d949c17549f7.jpg | datasets\dataset_v2_4defect\train\images\frame_00223_jpg.rf.6b4c6511e53a25296685d949c17549f7_aug_contrast_2.jpg | datasets\dataset_v2_5class\train\images\frame_00223_jpg.rf.6b4c6511e53a25296685d949c17549f7_aug_contrast_2.jpg | datasets\dataset_v3_clean_background\train\images\frame_00223_jpg.rf.6b4c6511e53a25296685d949c17549f7_aug_contrast_2.jpg
NEAR_118,NEAR_DHASH_DIST_2,6,datasets\dataset_v2_4defect\train\images\frame_00225_jpg.rf.2973ef16c8adffa6629d2ca4d55d69ee.jpg | datasets\dataset_v2_5class\train\images\frame_00225_jpg.rf.2973ef16c8adffa6629d2ca4d55d69ee.jpg | datasets\dataset_v3_clean_background\train\images\frame_00225_jpg.rf.2973ef16c8adffa6629d2ca4d55d69ee.jpg | datasets\dataset_v2_4defect\train\images\frame_00225_jpg.rf.2973ef16c8adffa6629d2ca4d55d69ee_aug_contrast_2.jpg | datasets\dataset_v2_5class\train\images\frame_00225_jpg.rf.2973ef16c8adffa6629d2ca4d55d69ee_aug_contrast_2.jpg | datasets\dataset_v3_clean_background\train\images\frame_00225_jpg.rf.2973ef16c8adffa6629d2ca4d55d69ee_aug_contrast_2.jpg
NEAR_119,NEAR_DHASH_DIST_3,6,datasets\dataset_v2_4defect\train\images\frame_00225_jpg.rf.2973ef16c8adffa6629d2ca4d55d69ee.jpg | datasets\dataset_v2_5class\train\images\frame_00225_jpg.rf.2973ef16c8adffa6629d2ca4d55d69ee.jpg | datasets\dataset_v3_clean_background\train\images\frame_00225_jpg.rf.2973ef16c8adffa6629d2ca4d55d69ee.jpg | datasets\dataset_v2_4defect\train\images\frame_00226_jpg.rf.b73032569d5c7b4046923242be6a223f.jpg | datasets\dataset_v2_5class\train\images\frame_00226_jpg.rf.b73032569d5c7b4046923242be6a223f.jpg | datasets\dataset_v3_clean_background\train\images\frame_00226_jpg.rf.b73032569d5c7b4046923242be6a223f.jpg
NEAR_120,NEAR_DHASH_DIST_3,6,datasets\dataset_v2_4defect\train\images\frame_00225_jpg.rf.2973ef16c8adffa6629d2ca4d55d69ee_aug_contrast_2.jpg | datasets\dataset_v2_5class\train\images\frame_00225_jpg.rf.2973ef16c8adffa6629d2ca4d55d69ee_aug_contrast_2.jpg | datasets\dataset_v3_clean_background\train\images\frame_00225_jpg.rf.2973ef16c8adffa6629d2ca4d55d69ee_aug_contrast_2.jpg | datasets\dataset_v2_4defect\train\images\frame_00226_jpg.rf.b73032569d5c7b4046923242be6a223f.jpg | datasets\dataset_v2_5class\train\images\frame_00226_jpg.rf.b73032569d5c7b4046923242be6a223f.jpg | datasets\dataset_v3_clean_background\train\images\frame_00226_jpg.rf.b73032569d5c7b4046923242be6a223f.jpg
NEAR_121,NEAR_DHASH_DIST_1,6,datasets\dataset_v2_4defect\train\images\frame_00228_jpg.rf.4a2e4b229c5b78d6a5d6ca12d8fa6de1.jpg | datasets\dataset_v2_5class\train\images\frame_00228_jpg.rf.4a2e4b229c5b78d6a5d6ca12d8fa6de1.jpg | datasets\dataset_v3_clean_background\train\images\frame_00228_jpg.rf.4a2e4b229c5b78d6a5d6ca12d8fa6de1.jpg | datasets\dataset_v2_4defect\train\images\frame_00228_jpg.rf.4a2e4b229c5b78d6a5d6ca12d8fa6de1_aug_contrast_1.jpg | datasets\dataset_v2_5class\train\images\frame_00228_jpg.rf.4a2e4b229c5b78d6a5d6ca12d8fa6de1_aug_contrast_1.jpg | datasets\dataset_v3_clean_background\train\images\frame_00228_jpg.rf.4a2e4b229c5b78d6a5d6ca12d8fa6de1_aug_contrast_1.jpg
NEAR_122,NEAR_DHASH_DIST_1,6,datasets\dataset_v2_4defect\train\images\frame_00229_jpg.rf.a15904a5f8cdab10c0301bcae5d4ab1a.jpg | datasets\dataset_v2_5class\train\images\frame_00229_jpg.rf.a15904a5f8cdab10c0301bcae5d4ab1a.jpg | datasets\dataset_v3_clean_background\train\images\frame_00229_jpg.rf.a15904a5f8cdab10c0301bcae5d4ab1a.jpg | datasets\dataset_v2_4defect\train\images\frame_00229_jpg.rf.a15904a5f8cdab10c0301bcae5d4ab1a_aug_contrast_1.jpg | datasets\dataset_v2_5class\train\images\frame_00229_jpg.rf.a15904a5f8cdab10c0301bcae5d4ab1a_aug_contrast_1.jpg | datasets\dataset_v3_clean_background\train\images\frame_00229_jpg.rf.a15904a5f8cdab10c0301bcae5d4ab1a_aug_contrast_1.jpg
NEAR_123,NEAR_DHASH_DIST_3,6,datasets\dataset_v2_4defect\train\images\frame_00229_jpg.rf.a15904a5f8cdab10c0301bcae5d4ab1a.jpg | datasets\dataset_v2_5class\train\images\frame_00229_jpg.rf.a15904a5f8cdab10c0301bcae5d4ab1a.jpg | datasets\dataset_v3_clean_background\train\images\frame_00229_jpg.rf.a15904a5f8cdab10c0301bcae5d4ab1a.jpg | datasets\dataset_v2_4defect\train\images\frame_00230_jpg.rf.77092d9205048332004e18390047d6bf.jpg | datasets\dataset_v2_5class\train\images\frame_00230_jpg.rf.77092d9205048332004e18390047d6bf.jpg | datasets\dataset_v3_clean_background\train\images\frame_00230_jpg.rf.77092d9205048332004e18390047d6bf.jpg
NEAR_124,NEAR_DHASH_DIST_1,6,datasets\dataset_v2_4defect\train\images\frame_00230_jpg.rf.77092d9205048332004e18390047d6bf.jpg | datasets\dataset_v2_5class\train\images\frame_00230_jpg.rf.77092d9205048332004e18390047d6bf.jpg | datasets\dataset_v3_clean_background\train\images\frame_00230_jpg.rf.77092d9205048332004e18390047d6bf.jpg | datasets\dataset_v2_4defect\train\images\frame_00230_jpg.rf.77092d9205048332004e18390047d6bf_aug_contrast_1.jpg | datasets\dataset_v2_5class\train\images\frame_00230_jpg.rf.77092d9205048332004e18390047d6bf_aug_contrast_1.jpg | datasets\dataset_v3_clean_background\train\images\frame_00230_jpg.rf.77092d9205048332004e18390047d6bf_aug_contrast_1.jpg
NEAR_125,NEAR_DHASH_DIST_2,6,datasets\dataset_v2_4defect\train\images\frame_00233_jpg.rf.c76fee29bed0cd15dd1be940a132adf8.jpg | datasets\dataset_v2_5class\train\images\frame_00233_jpg.rf.c76fee29bed0cd15dd1be940a132adf8.jpg | datasets\dataset_v3_clean_background\train\images\frame_00233_jpg.rf.c76fee29bed0cd15dd1be940a132adf8.jpg | datasets\dataset_v2_4defect\train\images\frame_00233_jpg.rf.c76fee29bed0cd15dd1be940a132adf8_aug_contrast_1.jpg | datasets\dataset_v2_5class\train\images\frame_00233_jpg.rf.c76fee29bed0cd15dd1be940a132adf8_aug_contrast_1.jpg | datasets\dataset_v3_clean_background\train\images\frame_00233_jpg.rf.c76fee29bed0cd15dd1be940a132adf8_aug_contrast_1.jpg
NEAR_126,NEAR_DHASH_DIST_2,6,datasets\dataset_v2_4defect\train\images\frame_00234_jpg.rf.2589a2fb7d4b6a2cb5b1d3b167f65b34.jpg | datasets\dataset_v2_5class\train\images\frame_00234_jpg.rf.2589a2fb7d4b6a2cb5b1d3b167f65b34.jpg | datasets\dataset_v3_clean_background\train\images\frame_00234_jpg.rf.2589a2fb7d4b6a2cb5b1d3b167f65b34.jpg | datasets\dataset_v2_4defect\train\images\frame_00234_jpg.rf.2589a2fb7d4b6a2cb5b1d3b167f65b34_aug_contrast_2.jpg | datasets\dataset_v2_5class\train\images\frame_00234_jpg.rf.2589a2fb7d4b6a2cb5b1d3b167f65b34_aug_contrast_2.jpg | datasets\dataset_v3_clean_background\train\images\frame_00234_jpg.rf.2589a2fb7d4b6a2cb5b1d3b167f65b34_aug_contrast_2.jpg
NEAR_127,NEAR_DHASH_DIST_1,6,datasets\dataset_v2_4defect\train\images\frame_00236_jpg.rf.6efa869239ec0a88fcf514f1750f3265.jpg | datasets\dataset_v2_5class\train\images\frame_00236_jpg.rf.6efa869239ec0a88fcf514f1750f3265.jpg | datasets\dataset_v3_clean_background\train\images\frame_00236_jpg.rf.6efa869239ec0a88fcf514f1750f3265.jpg | datasets\dataset_v2_4defect\train\images\frame_00236_jpg.rf.6efa869239ec0a88fcf514f1750f3265_aug_contrast_1.jpg | datasets\dataset_v2_5class\train\images\frame_00236_jpg.rf.6efa869239ec0a88fcf514f1750f3265_aug_contrast_1.jpg | datasets\dataset_v3_clean_background\train\images\frame_00236_jpg.rf.6efa869239ec0a88fcf514f1750f3265_aug_contrast_1.jpg
NEAR_128,NEAR_DHASH_DIST_2,6,datasets\dataset_v2_4defect\train\images\frame_00241_jpg.rf.fb2fa19df85427701f04d5b530290a35.jpg | datasets\dataset_v2_5class\train\images\frame_00241_jpg.rf.fb2fa19df85427701f04d5b530290a35.jpg | datasets\dataset_v3_clean_background\train\images\frame_00241_jpg.rf.fb2fa19df85427701f04d5b530290a35.jpg | datasets\dataset_v2_4defect\train\images\frame_00259_jpg.rf.42d1a8eaa7282f73d5cdf53115d8ea28.jpg | datasets\dataset_v2_5class\train\images\frame_00259_jpg.rf.42d1a8eaa7282f73d5cdf53115d8ea28.jpg | datasets\dataset_v3_clean_background\train\images\frame_00259_jpg.rf.42d1a8eaa7282f73d5cdf53115d8ea28.jpg
NEAR_129,NEAR_DHASH_DIST_1,6,datasets\dataset_v2_4defect\train\images\frame_00248_jpg.rf.0d0442bf9fc098fdba64373cd7f8690d.jpg | datasets\dataset_v2_5class\train\images\frame_00248_jpg.rf.0d0442bf9fc098fdba64373cd7f8690d.jpg | datasets\dataset_v3_clean_background\train\images\frame_00248_jpg.rf.0d0442bf9fc098fdba64373cd7f8690d.jpg | datasets\dataset_v2_4defect\train\images\frame_00248_jpg.rf.0d0442bf9fc098fdba64373cd7f8690d_aug_contrast_2.jpg | datasets\dataset_v2_5class\train\images\frame_00248_jpg.rf.0d0442bf9fc098fdba64373cd7f8690d_aug_contrast_2.jpg | datasets\dataset_v3_clean_background\train\images\frame_00248_jpg.rf.0d0442bf9fc098fdba64373cd7f8690d_aug_contrast_2.jpg
NEAR_130,NEAR_DHASH_DIST_2,6,datasets\dataset_v2_4defect\train\images\frame_00250_jpg.rf.09379da488d02f01e178e2999661a8ac.jpg | datasets\dataset_v2_5class\train\images\frame_00250_jpg.rf.09379da488d02f01e178e2999661a8ac.jpg | datasets\dataset_v3_clean_background\train\images\frame_00250_jpg.rf.09379da488d02f01e178e2999661a8ac.jpg | datasets\dataset_v2_4defect\train\images\frame_00250_jpg.rf.09379da488d02f01e178e2999661a8ac_aug_contrast_1.jpg | datasets\dataset_v2_5class\train\images\frame_00250_jpg.rf.09379da488d02f01e178e2999661a8ac_aug_contrast_1.jpg | datasets\dataset_v3_clean_background\train\images\frame_00250_jpg.rf.09379da488d02f01e178e2999661a8ac_aug_contrast_1.jpg
NEAR_131,NEAR_DHASH_DIST_1,6,datasets\dataset_v2_4defect\train\images\frame_00253_jpg.rf.b72939094379c48469d10c4cfe41d23f.jpg | datasets\dataset_v2_5class\train\images\frame_00253_jpg.rf.b72939094379c48469d10c4cfe41d23f.jpg | datasets\dataset_v3_clean_background\train\images\frame_00253_jpg.rf.b72939094379c48469d10c4cfe41d23f.jpg | datasets\dataset_v2_4defect\train\images\frame_00254_jpg.rf.2e9883bea9dff64b70121d262a345ab0.jpg | datasets\dataset_v2_5class\train\images\frame_00254_jpg.rf.2e9883bea9dff64b70121d262a345ab0.jpg | datasets\dataset_v3_clean_background\train\images\frame_00254_jpg.rf.2e9883bea9dff64b70121d262a345ab0.jpg
NEAR_132,NEAR_DHASH_DIST_2,6,datasets\dataset_v2_4defect\train\images\frame_00253_jpg.rf.b72939094379c48469d10c4cfe41d23f.jpg | datasets\dataset_v2_5class\train\images\frame_00253_jpg.rf.b72939094379c48469d10c4cfe41d23f.jpg | datasets\dataset_v3_clean_background\train\images\frame_00253_jpg.rf.b72939094379c48469d10c4cfe41d23f.jpg | datasets\dataset_v2_4defect\train\images\frame_00254_jpg.rf.2e9883bea9dff64b70121d262a345ab0_aug_contrast_1.jpg | datasets\dataset_v2_5class\train\images\frame_00254_jpg.rf.2e9883bea9dff64b70121d262a345ab0_aug_contrast_1.jpg | datasets\dataset_v3_clean_background\train\images\frame_00254_jpg.rf.2e9883bea9dff64b70121d262a345ab0_aug_contrast_1.jpg
NEAR_133,NEAR_DHASH_DIST_1,6,datasets\dataset_v2_4defect\train\images\frame_00254_jpg.rf.2e9883bea9dff64b70121d262a345ab0.jpg | datasets\dataset_v2_5class\train\images\frame_00254_jpg.rf.2e9883bea9dff64b70121d262a345ab0.jpg | datasets\dataset_v3_clean_background\train\images\frame_00254_jpg.rf.2e9883bea9dff64b70121d262a345ab0.jpg | datasets\dataset_v2_4defect\train\images\frame_00254_jpg.rf.2e9883bea9dff64b70121d262a345ab0_aug_contrast_1.jpg | datasets\dataset_v2_5class\train\images\frame_00254_jpg.rf.2e9883bea9dff64b70121d262a345ab0_aug_contrast_1.jpg | datasets\dataset_v3_clean_background\train\images\frame_00254_jpg.rf.2e9883bea9dff64b70121d262a345ab0_aug_contrast_1.jpg
NEAR_134,NEAR_DHASH_DIST_1,6,datasets\dataset_v2_4defect\train\images\frame_00257_jpg.rf.089b51cce94a843bf7842e86f5737b95.jpg | datasets\dataset_v2_5class\train\images\frame_00257_jpg.rf.089b51cce94a843bf7842e86f5737b95.jpg | datasets\dataset_v3_clean_background\train\images\frame_00257_jpg.rf.089b51cce94a843bf7842e86f5737b95.jpg | datasets\dataset_v2_4defect\train\images\frame_00257_jpg.rf.089b51cce94a843bf7842e86f5737b95_aug_contrast_1.jpg | datasets\dataset_v2_5class\train\images\frame_00257_jpg.rf.089b51cce94a843bf7842e86f5737b95_aug_contrast_1.jpg | datasets\dataset_v3_clean_background\train\images\frame_00257_jpg.rf.089b51cce94a843bf7842e86f5737b95_aug_contrast_1.jpg
NEAR_135,NEAR_DHASH_DIST_1,6,datasets\dataset_v2_4defect\train\images\frame_00266_jpg.rf.501f204c049787fd32a74c1ae299d3e4.jpg | datasets\dataset_v2_5class\train\images\frame_00266_jpg.rf.501f204c049787fd32a74c1ae299d3e4.jpg | datasets\dataset_v3_clean_background\train\images\frame_00266_jpg.rf.501f204c049787fd32a74c1ae299d3e4.jpg | datasets\dataset_v2_4defect\train\images\frame_00266_jpg.rf.501f204c049787fd32a74c1ae299d3e4_aug_contrast_1.jpg | datasets\dataset_v2_5class\train\images\frame_00266_jpg.rf.501f204c049787fd32a74c1ae299d3e4_aug_contrast_1.jpg | datasets\dataset_v3_clean_background\train\images\frame_00266_jpg.rf.501f204c049787fd32a74c1ae299d3e4_aug_contrast_1.jpg
NEAR_136,NEAR_DHASH_DIST_2,6,datasets\dataset_v2_4defect\train\images\frame_00284_jpg.rf.86a72dcc9f48a4fb912d6739bb390e30.jpg | datasets\dataset_v2_5class\train\images\frame_00284_jpg.rf.86a72dcc9f48a4fb912d6739bb390e30.jpg | datasets\dataset_v3_clean_background\train\images\frame_00284_jpg.rf.86a72dcc9f48a4fb912d6739bb390e30.jpg | datasets\dataset_v2_4defect\train\images\frame_00284_jpg.rf.86a72dcc9f48a4fb912d6739bb390e30_aug_contrast_1.jpg | datasets\dataset_v2_5class\train\images\frame_00284_jpg.rf.86a72dcc9f48a4fb912d6739bb390e30_aug_contrast_1.jpg | datasets\dataset_v3_clean_background\train\images\frame_00284_jpg.rf.86a72dcc9f48a4fb912d6739bb390e30_aug_contrast_1.jpg
NEAR_137,NEAR_DHASH_DIST_1,6,datasets\dataset_v2_4defect\train\images\frame_00287_jpg.rf.3c52efabe4d4d7fe7dc7c3a9afe75ff3.jpg | datasets\dataset_v2_5class\train\images\frame_00287_jpg.rf.3c52efabe4d4d7fe7dc7c3a9afe75ff3.jpg | datasets\dataset_v3_clean_background\train\images\frame_00287_jpg.rf.3c52efabe4d4d7fe7dc7c3a9afe75ff3.jpg | datasets\dataset_v2_4defect\train\images\frame_00287_jpg.rf.3c52efabe4d4d7fe7dc7c3a9afe75ff3_aug_contrast_1.jpg | datasets\dataset_v2_5class\train\images\frame_00287_jpg.rf.3c52efabe4d4d7fe7dc7c3a9afe75ff3_aug_contrast_1.jpg | datasets\dataset_v3_clean_background\train\images\frame_00287_jpg.rf.3c52efabe4d4d7fe7dc7c3a9afe75ff3_aug_contrast_1.jpg
NEAR_138,NEAR_DHASH_DIST_1,6,datasets\dataset_v2_4defect\train\images\frame_00294_jpg.rf.56b00f3f19a6ff3888d890571593a43d.jpg | datasets\dataset_v2_5class\train\images\frame_00294_jpg.rf.56b00f3f19a6ff3888d890571593a43d.jpg | datasets\dataset_v3_clean_background\train\images\frame_00294_jpg.rf.56b00f3f19a6ff3888d890571593a43d.jpg | datasets\dataset_v2_4defect\train\images\frame_00294_jpg.rf.56b00f3f19a6ff3888d890571593a43d_aug_contrast_1.jpg | datasets\dataset_v2_5class\train\images\frame_00294_jpg.rf.56b00f3f19a6ff3888d890571593a43d_aug_contrast_1.jpg | datasets\dataset_v3_clean_background\train\images\frame_00294_jpg.rf.56b00f3f19a6ff3888d890571593a43d_aug_contrast_1.jpg
NEAR_139,NEAR_DHASH_DIST_1,6,datasets\dataset_v2_4defect\train\images\frame_00299_jpg.rf.58913378fb97f6cd1ec19984ed1b552b.jpg | datasets\dataset_v2_5class\train\images\frame_00299_jpg.rf.58913378fb97f6cd1ec19984ed1b552b.jpg | datasets\dataset_v3_clean_background\train\images\frame_00299_jpg.rf.58913378fb97f6cd1ec19984ed1b552b.jpg | datasets\dataset_v2_4defect\train\images\frame_00299_jpg.rf.58913378fb97f6cd1ec19984ed1b552b_aug_contrast_1.jpg | datasets\dataset_v2_5class\train\images\frame_00299_jpg.rf.58913378fb97f6cd1ec19984ed1b552b_aug_contrast_1.jpg | datasets\dataset_v3_clean_background\train\images\frame_00299_jpg.rf.58913378fb97f6cd1ec19984ed1b552b_aug_contrast_1.jpg
NEAR_140,NEAR_DHASH_DIST_1,12,datasets\dataset_v2_4defect\train\images\frame_00301_jpg.rf.253162d181cb9d95f1c65a3e39308e23.jpg | datasets\dataset_v2_4defect\train\images\frame_00302_jpg.rf.3561df1687fbdf91d9217ca0009adb74.jpg | datasets\dataset_v2_4defect\train\images\frame_00302_jpg.rf.3561df1687fbdf91d9217ca0009adb74_aug_contrast_2.jpg | datasets\dataset_v2_5class\train\images\frame_00301_jpg.rf.253162d181cb9d95f1c65a3e39308e23.jpg | datasets\dataset_v2_5class\train\images\frame_00302_jpg.rf.3561df1687fbdf91d9217ca0009adb74.jpg | datasets\dataset_v2_5class\train\images\frame_00302_jpg.rf.3561df1687fbdf91d9217ca0009adb74_aug_contrast_2.jpg | datasets\dataset_v3_clean_background\train\images\frame_00301_jpg.rf.253162d181cb9d95f1c65a3e39308e23.jpg | datasets\dataset_v3_clean_background\train\images\frame_00302_jpg.rf.3561df1687fbdf91d9217ca0009adb74.jpg | datasets\dataset_v3_clean_background\train\images\frame_00302_jpg.rf.3561df1687fbdf91d9217ca0009adb74_aug_contrast_2.jpg | datasets\dataset_v2_4defect\train\images\frame_00301_jpg.rf.253162d181cb9d95f1c65a3e39308e23_aug_contrast_1.jpg | datasets\dataset_v2_5class\train\images\frame_00301_jpg.rf.253162d181cb9d95f1c65a3e39308e23_aug_contrast_1.jpg | datasets\dataset_v3_clean_background\train\images\frame_00301_jpg.rf.253162d181cb9d95f1c65a3e39308e23_aug_contrast_1.jpg
NEAR_141,NEAR_DHASH_DIST_2,6,datasets\dataset_v2_4defect\train\images\frame_00301_jpg.rf.253162d181cb9d95f1c65a3e39308e23_aug_hflip_0.jpg | datasets\dataset_v2_5class\train\images\frame_00301_jpg.rf.253162d181cb9d95f1c65a3e39308e23_aug_hflip_0.jpg | datasets\dataset_v3_clean_background\train\images\frame_00301_jpg.rf.253162d181cb9d95f1c65a3e39308e23_aug_hflip_0.jpg | datasets\dataset_v2_4defect\train\images\frame_00302_jpg.rf.3561df1687fbdf91d9217ca0009adb74_aug_hflip_0.jpg | datasets\dataset_v2_5class\train\images\frame_00302_jpg.rf.3561df1687fbdf91d9217ca0009adb74_aug_hflip_0.jpg | datasets\dataset_v3_clean_background\train\images\frame_00302_jpg.rf.3561df1687fbdf91d9217ca0009adb74_aug_hflip_0.jpg
NEAR_142,NEAR_DHASH_DIST_1,6,datasets\dataset_v2_4defect\train\images\frame_00310_jpg.rf.14d327f2549a0a5b93f50bae259473d1.jpg | datasets\dataset_v2_5class\train\images\frame_00310_jpg.rf.14d327f2549a0a5b93f50bae259473d1.jpg | datasets\dataset_v3_clean_background\train\images\frame_00310_jpg.rf.14d327f2549a0a5b93f50bae259473d1.jpg | datasets\dataset_v2_4defect\train\images\frame_00310_jpg.rf.14d327f2549a0a5b93f50bae259473d1_aug_contrast_3.jpg | datasets\dataset_v2_5class\train\images\frame_00310_jpg.rf.14d327f2549a0a5b93f50bae259473d1_aug_contrast_3.jpg | datasets\dataset_v3_clean_background\train\images\frame_00310_jpg.rf.14d327f2549a0a5b93f50bae259473d1_aug_contrast_3.jpg
NEAR_143,NEAR_DHASH_DIST_1,6,datasets\dataset_v2_4defect\train\images\frame_00313_jpg.rf.f50e311dd4a20248f796a5d651e36cb0.jpg | datasets\dataset_v2_5class\train\images\frame_00313_jpg.rf.f50e311dd4a20248f796a5d651e36cb0.jpg | datasets\dataset_v3_clean_background\train\images\frame_00313_jpg.rf.f50e311dd4a20248f796a5d651e36cb0.jpg | datasets\dataset_v2_4defect\train\images\frame_00313_jpg.rf.f50e311dd4a20248f796a5d651e36cb0_aug_contrast_2.jpg | datasets\dataset_v2_5class\train\images\frame_00313_jpg.rf.f50e311dd4a20248f796a5d651e36cb0_aug_contrast_2.jpg | datasets\dataset_v3_clean_background\train\images\frame_00313_jpg.rf.f50e311dd4a20248f796a5d651e36cb0_aug_contrast_2.jpg
NEAR_144,NEAR_DHASH_DIST_1,6,datasets\dataset_v2_4defect\train\images\frame_00323_jpg.rf.02afbff569d60b46f9c2e7ce494c3ce0.jpg | datasets\dataset_v2_5class\train\images\frame_00323_jpg.rf.02afbff569d60b46f9c2e7ce494c3ce0.jpg | datasets\dataset_v3_clean_background\train\images\frame_00323_jpg.rf.02afbff569d60b46f9c2e7ce494c3ce0.jpg | datasets\dataset_v2_4defect\train\images\frame_00323_jpg.rf.02afbff569d60b46f9c2e7ce494c3ce0_aug_contrast_1.jpg | datasets\dataset_v2_5class\train\images\frame_00323_jpg.rf.02afbff569d60b46f9c2e7ce494c3ce0_aug_contrast_1.jpg | datasets\dataset_v3_clean_background\train\images\frame_00323_jpg.rf.02afbff569d60b46f9c2e7ce494c3ce0_aug_contrast_1.jpg
NEAR_145,NEAR_DHASH_DIST_1,6,datasets\dataset_v2_4defect\train\images\frame_00325_jpg.rf.76efdf919f818222fcdf6dedb6c0d8bc.jpg | datasets\dataset_v2_5class\train\images\frame_00325_jpg.rf.76efdf919f818222fcdf6dedb6c0d8bc.jpg | datasets\dataset_v3_clean_background\train\images\frame_00325_jpg.rf.76efdf919f818222fcdf6dedb6c0d8bc.jpg | datasets\dataset_v2_4defect\train\images\frame_00325_jpg.rf.76efdf919f818222fcdf6dedb6c0d8bc_aug_contrast_1.jpg | datasets\dataset_v2_5class\train\images\frame_00325_jpg.rf.76efdf919f818222fcdf6dedb6c0d8bc_aug_contrast_1.jpg | datasets\dataset_v3_clean_background\train\images\frame_00325_jpg.rf.76efdf919f818222fcdf6dedb6c0d8bc_aug_contrast_1.jpg
NEAR_146,NEAR_DHASH_DIST_1,61,datasets\dataset_v2_4defect\train\images\frame_20260504_001426_418414_jpg.rf.161c709ef1bd88450caf793a1dd2d5d2.jpg | datasets\dataset_v2_4defect\train\images\frame_20260504_001426_418414_jpg.rf.161c709ef1bd88450caf793a1dd2d5d2_aug_contrast_2.jpg | datasets\dataset_v2_4defect\train\images\frame_20260504_001427_194997_jpg.rf.c120e9b8ef8efb9d1278dbd5c44b0bbe.jpg | datasets\dataset_v2_4defect\train\images\frame_20260504_001427_194997_jpg.rf.c120e9b8ef8efb9d1278dbd5c44b0bbe_aug_contrast_2.jpg | datasets\dataset_v2_4defect\train\images\frame_20260504_001428_139165_jpg.rf.6919eb4a4d94d18f19961c12d1b181cf.jpg | datasets\dataset_v2_4defect\train\images\frame_20260504_001428_139165_jpg.rf.6919eb4a4d94d18f19961c12d1b181cf_aug_contrast_2.jpg | datasets\dataset_v2_4defect\train\images\frame_20260504_001428_997880_jpg.rf.ffb58c3abd33fdafd1b5bc9c71c4bf90.jpg | datasets\dataset_v2_4defect\train\images\frame_20260504_001428_997880_jpg.rf.ffb58c3abd33fdafd1b5bc9c71c4bf90_aug_contrast_2.jpg | datasets\dataset_v2_4defect\train\images\frame_20260504_001430_293195_jpg.rf.72b04e3058dd21b8fa6af7fd40ad0261.jpg | datasets\dataset_v2_4defect\train\images\frame_20260504_001430_293195_jpg.rf.72b04e3058dd21b8fa6af7fd40ad0261_aug_contrast_2.jpg | datasets\dataset_v2_5class\train\images\frame_20260504_001426_418414_jpg.rf.161c709ef1bd88450caf793a1dd2d5d2.jpg | datasets\dataset_v2_5class\train\images\frame_20260504_001426_418414_jpg.rf.161c709ef1bd88450caf793a1dd2d5d2_aug_contrast_2.jpg | datasets\dataset_v2_5class\train\images\frame_20260504_001427_194997_jpg.rf.c120e9b8ef8efb9d1278dbd5c44b0bbe.jpg | datasets\dataset_v2_5class\train\images\frame_20260504_001427_194997_jpg.rf.c120e9b8ef8efb9d1278dbd5c44b0bbe_aug_contrast_2.jpg | datasets\dataset_v2_5class\train\images\frame_20260504_001428_139165_jpg.rf.6919eb4a4d94d18f19961c12d1b181cf.jpg | datasets\dataset_v2_5class\train\images\frame_20260504_001428_139165_jpg.rf.6919eb4a4d94d18f19961c12d1b181cf_aug_contrast_2.jpg | datasets\dataset_v2_5class\train\images\frame_20260504_001428_997880_jpg.rf.ffb58c3abd33fdafd1b5bc9c71c4bf90.jpg | datasets\dataset_v2_5class\train\images\frame_20260504_001428_997880_jpg.rf.ffb58c3abd33fdafd1b5bc9c71c4bf90_aug_contrast_2.jpg | datasets\dataset_v2_5class\train\images\frame_20260504_001430_293195_jpg.rf.72b04e3058dd21b8fa6af7fd40ad0261.jpg | datasets\dataset_v2_5class\train\images\frame_20260504_001430_293195_jpg.rf.72b04e3058dd21b8fa6af7fd40ad0261_aug_contrast_2.jpg | datasets\dataset_v3_clean_background\train\images\frame_20260504_001426_418414_jpg.rf.161c709ef1bd88450caf793a1dd2d5d2.jpg | datasets\dataset_v3_clean_background\train\images\frame_20260504_001426_418414_jpg.rf.161c709ef1bd88450caf793a1dd2d5d2_aug_contrast_2.jpg | datasets\dataset_v3_clean_background\train\images\frame_20260504_001427_194997_jpg.rf.c120e9b8ef8efb9d1278dbd5c44b0bbe.jpg | datasets\dataset_v3_clean_background\train\images\frame_20260504_001427_194997_jpg.rf.c120e9b8ef8efb9d1278dbd5c44b0bbe_aug_contrast_2.jpg | datasets\dataset_v3_clean_background\train\images\frame_20260504_001428_139165_jpg.rf.6919eb4a4d94d18f19961c12d1b181cf.jpg | datasets\dataset_v3_clean_background\train\images\frame_20260504_001428_139165_jpg.rf.6919eb4a4d94d18f19961c12d1b181cf_aug_contrast_2.jpg | datasets\dataset_v3_clean_background\train\images\frame_20260504_001428_997880_jpg.rf.ffb58c3abd33fdafd1b5bc9c71c4bf90.jpg | datasets\dataset_v3_clean_background\train\images\frame_20260504_001428_997880_jpg.rf.ffb58c3abd33fdafd1b5bc9c71c4bf90_aug_contrast_2.jpg | datasets\dataset_v3_clean_background\train\images\frame_20260504_001430_293195_jpg.rf.72b04e3058dd21b8fa6af7fd40ad0261.jpg | datasets\dataset_v3_clean_background\train\images\frame_20260504_001430_293195_jpg.rf.72b04e3058dd21b8fa6af7fd40ad0261_aug_contrast_2.jpg | real_world_controlled_v1\deep_scratch\deep_scratch_04_frame_20260504_001426_418414_jpg.rf.161c709ef1bd88450caf793a1dd2d5d2.jpg | real_world_controlled_v1\deep_scratch\deep_scratch_05_frame_20260504_001427_194997_jpg.rf.c120e9b8ef8efb9d1278dbd5c44b0bbe.jpg | real_world_controlled_v1\deep_scratch\deep_scratch_06_frame_20260504_001428_139165_jpg.rf.6919eb4a4d94d18f19961c12d1b181cf.jpg | real_world_controlled_v1\deep_scratch\deep_scratch_07_frame_20260504_001428_997880_jpg.rf.ffb58c3abd33fdafd1b5bc9c71c4bf90.jpg | real_world_controlled_v1\deep_scratch\deep_scratch_08_frame_20260504_001430_293195_jpg.rf.72b04e3058dd21b8fa6af7fd40ad0261.jpg | real_world_validation_v2\deep_scratch\deep_scratch_04_frame_20260504_001426_418414_jpg.rf.161c709ef1bd88450caf793a1dd2d5d2.jpg | real_world_validation_v2\deep_scratch\deep_scratch_05_frame_20260504_001427_194997_jpg.rf.c120e9b8ef8efb9d1278dbd5c44b0bbe.jpg | real_world_validation_v2\deep_scratch\deep_scratch_06_frame_20260504_001428_139165_jpg.rf.6919eb4a4d94d18f19961c12d1b181cf.jpg | real_world_validation_v2\deep_scratch\deep_scratch_07_frame_20260504_001428_997880_jpg.rf.ffb58c3abd33fdafd1b5bc9c71c4bf90.jpg | real_world_validation_v2\deep_scratch\deep_scratch_08_frame_20260504_001430_293195_jpg.rf.72b04e3058dd21b8fa6af7fd40ad0261.jpg | reports\real_world_v2_false_negatives\fn_12_deep_scratch_04_frame_20260504_001426_418414_jpg.rf.161c709ef1bd88450caf793a1dd2d5d2.jpg | reports\real_world_v2_false_positives\fp_12_deep_scratch_04_frame_20260504_001426_418414_jpg.rf.161c709ef1bd88450caf793a1dd2d5d2.jpg | datasets\dataset_v2_4defect\train\images\frame_20260504_001431_208607_jpg.rf.a0a3672eef9af93716af13a483dbd162.jpg | datasets\dataset_v2_4defect\train\images\frame_20260504_001431_208607_jpg.rf.a0a3672eef9af93716af13a483dbd162_aug_contrast_2.jpg | datasets\dataset_v2_4defect\train\images\frame_20260504_001432_273343_jpg.rf.40f508fad80025b65e6a826779a7ab93.jpg | datasets\dataset_v2_4defect\train\images\frame_20260504_001432_273343_jpg.rf.40f508fad80025b65e6a826779a7ab93_aug_contrast_2.jpg | datasets\dataset_v2_4defect\train\images\frame_20260504_001433_181294_jpg.rf.119e5ca3e09c5febbff720673bf43e12.jpg | datasets\dataset_v2_5class\train\images\frame_20260504_001431_208607_jpg.rf.a0a3672eef9af93716af13a483dbd162.jpg | datasets\dataset_v2_5class\train\images\frame_20260504_001431_208607_jpg.rf.a0a3672eef9af93716af13a483dbd162_aug_contrast_2.jpg | datasets\dataset_v2_5class\train\images\frame_20260504_001432_273343_jpg.rf.40f508fad80025b65e6a826779a7ab93.jpg | datasets\dataset_v2_5class\train\images\frame_20260504_001432_273343_jpg.rf.40f508fad80025b65e6a826779a7ab93_aug_contrast_2.jpg | datasets\dataset_v2_5class\train\images\frame_20260504_001433_181294_jpg.rf.119e5ca3e09c5febbff720673bf43e12.jpg | datasets\dataset_v3_clean_background\train\images\frame_20260504_001431_208607_jpg.rf.a0a3672eef9af93716af13a483dbd162.jpg | datasets\dataset_v3_clean_background\train\images\frame_20260504_001431_208607_jpg.rf.a0a3672eef9af93716af13a483dbd162_aug_contrast_2.jpg | datasets\dataset_v3_clean_background\train\images\frame_20260504_001432_273343_jpg.rf.40f508fad80025b65e6a826779a7ab93.jpg | datasets\dataset_v3_clean_background\train\images\frame_20260504_001432_273343_jpg.rf.40f508fad80025b65e6a826779a7ab93_aug_contrast_2.jpg | datasets\dataset_v3_clean_background\train\images\frame_20260504_001433_181294_jpg.rf.119e5ca3e09c5febbff720673bf43e12.jpg | real_world_controlled_v1\deep_scratch\deep_scratch_09_frame_20260504_001431_208607_jpg.rf.a0a3672eef9af93716af13a483dbd162.jpg | real_world_controlled_v1\deep_scratch\deep_scratch_10_frame_20260504_001432_273343_jpg.rf.40f508fad80025b65e6a826779a7ab93.jpg | real_world_validation_v2\deep_scratch\deep_scratch_09_frame_20260504_001431_208607_jpg.rf.a0a3672eef9af93716af13a483dbd162.jpg | real_world_validation_v2\deep_scratch\deep_scratch_10_frame_20260504_001432_273343_jpg.rf.40f508fad80025b65e6a826779a7ab93.jpg
NEAR_147,NEAR_DHASH_DIST_1,12,datasets\dataset_v2_4defect\train\images\frame_20260504_001426_418414_jpg.rf.161c709ef1bd88450caf793a1dd2d5d2_aug_hflip_0.jpg | datasets\dataset_v2_4defect\train\images\frame_20260504_001428_139165_jpg.rf.6919eb4a4d94d18f19961c12d1b181cf_aug_hflip_0.jpg | datasets\dataset_v2_4defect\train\images\frame_20260504_001431_208607_jpg.rf.a0a3672eef9af93716af13a483dbd162_aug_hflip_0.jpg | datasets\dataset_v2_5class\train\images\frame_20260504_001426_418414_jpg.rf.161c709ef1bd88450caf793a1dd2d5d2_aug_hflip_0.jpg | datasets\dataset_v2_5class\train\images\frame_20260504_001428_139165_jpg.rf.6919eb4a4d94d18f19961c12d1b181cf_aug_hflip_0.jpg | datasets\dataset_v2_5class\train\images\frame_20260504_001431_208607_jpg.rf.a0a3672eef9af93716af13a483dbd162_aug_hflip_0.jpg | datasets\dataset_v3_clean_background\train\images\frame_20260504_001426_418414_jpg.rf.161c709ef1bd88450caf793a1dd2d5d2_aug_hflip_0.jpg | datasets\dataset_v3_clean_background\train\images\frame_20260504_001428_139165_jpg.rf.6919eb4a4d94d18f19961c12d1b181cf_aug_hflip_0.jpg | datasets\dataset_v3_clean_background\train\images\frame_20260504_001431_208607_jpg.rf.a0a3672eef9af93716af13a483dbd162_aug_hflip_0.jpg | datasets\dataset_v2_4defect\train\images\frame_20260504_001427_194997_jpg.rf.c120e9b8ef8efb9d1278dbd5c44b0bbe_aug_hflip_0.jpg | datasets\dataset_v2_5class\train\images\frame_20260504_001427_194997_jpg.rf.c120e9b8ef8efb9d1278dbd5c44b0bbe_aug_hflip_0.jpg | datasets\dataset_v3_clean_background\train\images\frame_20260504_001427_194997_jpg.rf.c120e9b8ef8efb9d1278dbd5c44b0bbe_aug_hflip_0.jpg
NEAR_148,NEAR_DHASH_DIST_1,12,datasets\dataset_v2_4defect\train\images\frame_20260504_001426_418414_jpg.rf.161c709ef1bd88450caf793a1dd2d5d2_aug_hflip_0.jpg | datasets\dataset_v2_4defect\train\images\frame_20260504_001428_139165_jpg.rf.6919eb4a4d94d18f19961c12d1b181cf_aug_hflip_0.jpg | datasets\dataset_v2_4defect\train\images\frame_20260504_001431_208607_jpg.rf.a0a3672eef9af93716af13a483dbd162_aug_hflip_0.jpg | datasets\dataset_v2_5class\train\images\frame_20260504_001426_418414_jpg.rf.161c709ef1bd88450caf793a1dd2d5d2_aug_hflip_0.jpg | datasets\dataset_v2_5class\train\images\frame_20260504_001428_139165_jpg.rf.6919eb4a4d94d18f19961c12d1b181cf_aug_hflip_0.jpg | datasets\dataset_v2_5class\train\images\frame_20260504_001431_208607_jpg.rf.a0a3672eef9af93716af13a483dbd162_aug_hflip_0.jpg | datasets\dataset_v3_clean_background\train\images\frame_20260504_001426_418414_jpg.rf.161c709ef1bd88450caf793a1dd2d5d2_aug_hflip_0.jpg | datasets\dataset_v3_clean_background\train\images\frame_20260504_001428_139165_jpg.rf.6919eb4a4d94d18f19961c12d1b181cf_aug_hflip_0.jpg | datasets\dataset_v3_clean_background\train\images\frame_20260504_001431_208607_jpg.rf.a0a3672eef9af93716af13a483dbd162_aug_hflip_0.jpg | datasets\dataset_v2_4defect\train\images\frame_20260504_001428_997880_jpg.rf.ffb58c3abd33fdafd1b5bc9c71c4bf90_aug_hflip_0.jpg | datasets\dataset_v2_5class\train\images\frame_20260504_001428_997880_jpg.rf.ffb58c3abd33fdafd1b5bc9c71c4bf90_aug_hflip_0.jpg | datasets\dataset_v3_clean_background\train\images\frame_20260504_001428_997880_jpg.rf.ffb58c3abd33fdafd1b5bc9c71c4bf90_aug_hflip_0.jpg
NEAR_149,NEAR_DHASH_DIST_2,12,datasets\dataset_v2_4defect\train\images\frame_20260504_001426_418414_jpg.rf.161c709ef1bd88450caf793a1dd2d5d2_aug_hflip_0.jpg | datasets\dataset_v2_4defect\train\images\frame_20260504_001428_139165_jpg.rf.6919eb4a4d94d18f19961c12d1b181cf_aug_hflip_0.jpg | datasets\dataset_v2_4defect\train\images\frame_20260504_001431_208607_jpg.rf.a0a3672eef9af93716af13a483dbd162_aug_hflip_0.jpg | datasets\dataset_v2_5class\train\images\frame_20260504_001426_418414_jpg.rf.161c709ef1bd88450caf793a1dd2d5d2_aug_hflip_0.jpg | datasets\dataset_v2_5class\train\images\frame_20260504_001428_139165_jpg.rf.6919eb4a4d94d18f19961c12d1b181cf_aug_hflip_0.jpg | datasets\dataset_v2_5class\train\images\frame_20260504_001431_208607_jpg.rf.a0a3672eef9af93716af13a483dbd162_aug_hflip_0.jpg | datasets\dataset_v3_clean_background\train\images\frame_20260504_001426_418414_jpg.rf.161c709ef1bd88450caf793a1dd2d5d2_aug_hflip_0.jpg | datasets\dataset_v3_clean_background\train\images\frame_20260504_001428_139165_jpg.rf.6919eb4a4d94d18f19961c12d1b181cf_aug_hflip_0.jpg | datasets\dataset_v3_clean_background\train\images\frame_20260504_001431_208607_jpg.rf.a0a3672eef9af93716af13a483dbd162_aug_hflip_0.jpg | datasets\dataset_v2_4defect\train\images\frame_20260504_001430_293195_jpg.rf.72b04e3058dd21b8fa6af7fd40ad0261_aug_hflip_0.jpg | datasets\dataset_v2_5class\train\images\frame_20260504_001430_293195_jpg.rf.72b04e3058dd21b8fa6af7fd40ad0261_aug_hflip_0.jpg | datasets\dataset_v3_clean_background\train\images\frame_20260504_001430_293195_jpg.rf.72b04e3058dd21b8fa6af7fd40ad0261_aug_hflip_0.jpg
NEAR_150,NEAR_DHASH_DIST_2,12,datasets\dataset_v2_4defect\train\images\frame_20260504_001426_418414_jpg.rf.161c709ef1bd88450caf793a1dd2d5d2_aug_hflip_0.jpg | datasets\dataset_v2_4defect\train\images\frame_20260504_001428_139165_jpg.rf.6919eb4a4d94d18f19961c12d1b181cf_aug_hflip_0.jpg | datasets\dataset_v2_4defect\train\images\frame_20260504_001431_208607_jpg.rf.a0a3672eef9af93716af13a483dbd162_aug_hflip_0.jpg | datasets\dataset_v2_5class\train\images\frame_20260504_001426_418414_jpg.rf.161c709ef1bd88450caf793a1dd2d5d2_aug_hflip_0.jpg | datasets\dataset_v2_5class\train\images\frame_20260504_001428_139165_jpg.rf.6919eb4a4d94d18f19961c12d1b181cf_aug_hflip_0.jpg | datasets\dataset_v2_5class\train\images\frame_20260504_001431_208607_jpg.rf.a0a3672eef9af93716af13a483dbd162_aug_hflip_0.jpg | datasets\dataset_v3_clean_background\train\images\frame_20260504_001426_418414_jpg.rf.161c709ef1bd88450caf793a1dd2d5d2_aug_hflip_0.jpg | datasets\dataset_v3_clean_background\train\images\frame_20260504_001428_139165_jpg.rf.6919eb4a4d94d18f19961c12d1b181cf_aug_hflip_0.jpg | datasets\dataset_v3_clean_background\train\images\frame_20260504_001431_208607_jpg.rf.a0a3672eef9af93716af13a483dbd162_aug_hflip_0.jpg | datasets\dataset_v2_4defect\train\images\frame_20260504_001432_273343_jpg.rf.40f508fad80025b65e6a826779a7ab93_aug_hflip_0.jpg | datasets\dataset_v2_5class\train\images\frame_20260504_001432_273343_jpg.rf.40f508fad80025b65e6a826779a7ab93_aug_hflip_0.jpg | datasets\dataset_v3_clean_background\train\images\frame_20260504_001432_273343_jpg.rf.40f508fad80025b65e6a826779a7ab93_aug_hflip_0.jpg
NEAR_151,NEAR_DHASH_DIST_1,21,datasets\dataset_v2_4defect\train\images\frame_20260504_001426_418414_jpg.rf.161c709ef1bd88450caf793a1dd2d5d2_aug_vflip_1.jpg | datasets\dataset_v2_4defect\train\images\frame_20260504_001427_194997_jpg.rf.c120e9b8ef8efb9d1278dbd5c44b0bbe_aug_vflip_1.jpg | datasets\dataset_v2_4defect\train\images\frame_20260504_001428_139165_jpg.rf.6919eb4a4d94d18f19961c12d1b181cf_aug_vflip_1.jpg | datasets\dataset_v2_4defect\train\images\frame_20260504_001428_997880_jpg.rf.ffb58c3abd33fdafd1b5bc9c71c4bf90_aug_vflip_1.jpg | datasets\dataset_v2_4defect\train\images\frame_20260504_001430_293195_jpg.rf.72b04e3058dd21b8fa6af7fd40ad0261_aug_vflip_1.jpg | datasets\dataset_v2_5class\train\images\frame_20260504_001426_418414_jpg.rf.161c709ef1bd88450caf793a1dd2d5d2_aug_vflip_1.jpg | datasets\dataset_v2_5class\train\images\frame_20260504_001427_194997_jpg.rf.c120e9b8ef8efb9d1278dbd5c44b0bbe_aug_vflip_1.jpg | datasets\dataset_v2_5class\train\images\frame_20260504_001428_139165_jpg.rf.6919eb4a4d94d18f19961c12d1b181cf_aug_vflip_1.jpg | datasets\dataset_v2_5class\train\images\frame_20260504_001428_997880_jpg.rf.ffb58c3abd33fdafd1b5bc9c71c4bf90_aug_vflip_1.jpg | datasets\dataset_v2_5class\train\images\frame_20260504_001430_293195_jpg.rf.72b04e3058dd21b8fa6af7fd40ad0261_aug_vflip_1.jpg | datasets\dataset_v3_clean_background\train\images\frame_20260504_001426_418414_jpg.rf.161c709ef1bd88450caf793a1dd2d5d2_aug_vflip_1.jpg | datasets\dataset_v3_clean_background\train\images\frame_20260504_001427_194997_jpg.rf.c120e9b8ef8efb9d1278dbd5c44b0bbe_aug_vflip_1.jpg | datasets\dataset_v3_clean_background\train\images\frame_20260504_001428_139165_jpg.rf.6919eb4a4d94d18f19961c12d1b181cf_aug_vflip_1.jpg | datasets\dataset_v3_clean_background\train\images\frame_20260504_001428_997880_jpg.rf.ffb58c3abd33fdafd1b5bc9c71c4bf90_aug_vflip_1.jpg | datasets\dataset_v3_clean_background\train\images\frame_20260504_001430_293195_jpg.rf.72b04e3058dd21b8fa6af7fd40ad0261_aug_vflip_1.jpg | datasets\dataset_v2_4defect\train\images\frame_20260504_001431_208607_jpg.rf.a0a3672eef9af93716af13a483dbd162_aug_vflip_1.jpg | datasets\dataset_v2_4defect\train\images\frame_20260504_001432_273343_jpg.rf.40f508fad80025b65e6a826779a7ab93_aug_vflip_1.jpg | datasets\dataset_v2_5class\train\images\frame_20260504_001431_208607_jpg.rf.a0a3672eef9af93716af13a483dbd162_aug_vflip_1.jpg | datasets\dataset_v2_5class\train\images\frame_20260504_001432_273343_jpg.rf.40f508fad80025b65e6a826779a7ab93_aug_vflip_1.jpg | datasets\dataset_v3_clean_background\train\images\frame_20260504_001431_208607_jpg.rf.a0a3672eef9af93716af13a483dbd162_aug_vflip_1.jpg | datasets\dataset_v3_clean_background\train\images\frame_20260504_001432_273343_jpg.rf.40f508fad80025b65e6a826779a7ab93_aug_vflip_1.jpg
NEAR_152,NEAR_DHASH_DIST_2,6,datasets\dataset_v2_4defect\train\images\frame_20260504_001427_194997_jpg.rf.c120e9b8ef8efb9d1278dbd5c44b0bbe_aug_hflip_0.jpg | datasets\dataset_v2_5class\train\images\frame_20260504_001427_194997_jpg.rf.c120e9b8ef8efb9d1278dbd5c44b0bbe_aug_hflip_0.jpg | datasets\dataset_v3_clean_background\train\images\frame_20260504_001427_194997_jpg.rf.c120e9b8ef8efb9d1278dbd5c44b0bbe_aug_hflip_0.jpg | datasets\dataset_v2_4defect\train\images\frame_20260504_001428_997880_jpg.rf.ffb58c3abd33fdafd1b5bc9c71c4bf90_aug_hflip_0.jpg | datasets\dataset_v2_5class\train\images\frame_20260504_001428_997880_jpg.rf.ffb58c3abd33fdafd1b5bc9c71c4bf90_aug_hflip_0.jpg | datasets\dataset_v3_clean_background\train\images\frame_20260504_001428_997880_jpg.rf.ffb58c3abd33fdafd1b5bc9c71c4bf90_aug_hflip_0.jpg
NEAR_153,NEAR_DHASH_DIST_3,6,datasets\dataset_v2_4defect\train\images\frame_20260504_001427_194997_jpg.rf.c120e9b8ef8efb9d1278dbd5c44b0bbe_aug_hflip_0.jpg | datasets\dataset_v2_5class\train\images\frame_20260504_001427_194997_jpg.rf.c120e9b8ef8efb9d1278dbd5c44b0bbe_aug_hflip_0.jpg | datasets\dataset_v3_clean_background\train\images\frame_20260504_001427_194997_jpg.rf.c120e9b8ef8efb9d1278dbd5c44b0bbe_aug_hflip_0.jpg | datasets\dataset_v2_4defect\train\images\frame_20260504_001430_293195_jpg.rf.72b04e3058dd21b8fa6af7fd40ad0261_aug_hflip_0.jpg | datasets\dataset_v2_5class\train\images\frame_20260504_001430_293195_jpg.rf.72b04e3058dd21b8fa6af7fd40ad0261_aug_hflip_0.jpg | datasets\dataset_v3_clean_background\train\images\frame_20260504_001430_293195_jpg.rf.72b04e3058dd21b8fa6af7fd40ad0261_aug_hflip_0.jpg
NEAR_154,NEAR_DHASH_DIST_3,6,datasets\dataset_v2_4defect\train\images\frame_20260504_001427_194997_jpg.rf.c120e9b8ef8efb9d1278dbd5c44b0bbe_aug_hflip_0.jpg | datasets\dataset_v2_5class\train\images\frame_20260504_001427_194997_jpg.rf.c120e9b8ef8efb9d1278dbd5c44b0bbe_aug_hflip_0.jpg | datasets\dataset_v3_clean_background\train\images\frame_20260504_001427_194997_jpg.rf.c120e9b8ef8efb9d1278dbd5c44b0bbe_aug_hflip_0.jpg | datasets\dataset_v2_4defect\train\images\frame_20260504_001432_273343_jpg.rf.40f508fad80025b65e6a826779a7ab93_aug_hflip_0.jpg | datasets\dataset_v2_5class\train\images\frame_20260504_001432_273343_jpg.rf.40f508fad80025b65e6a826779a7ab93_aug_hflip_0.jpg | datasets\dataset_v3_clean_background\train\images\frame_20260504_001432_273343_jpg.rf.40f508fad80025b65e6a826779a7ab93_aug_hflip_0.jpg
NEAR_155,NEAR_DHASH_DIST_3,6,datasets\dataset_v2_4defect\train\images\frame_20260504_001428_997880_jpg.rf.ffb58c3abd33fdafd1b5bc9c71c4bf90_aug_hflip_0.jpg | datasets\dataset_v2_5class\train\images\frame_20260504_001428_997880_jpg.rf.ffb58c3abd33fdafd1b5bc9c71c4bf90_aug_hflip_0.jpg | datasets\dataset_v3_clean_background\train\images\frame_20260504_001428_997880_jpg.rf.ffb58c3abd33fdafd1b5bc9c71c4bf90_aug_hflip_0.jpg | datasets\dataset_v2_4defect\train\images\frame_20260504_001430_293195_jpg.rf.72b04e3058dd21b8fa6af7fd40ad0261_aug_hflip_0.jpg | datasets\dataset_v2_5class\train\images\frame_20260504_001430_293195_jpg.rf.72b04e3058dd21b8fa6af7fd40ad0261_aug_hflip_0.jpg | datasets\dataset_v3_clean_background\train\images\frame_20260504_001430_293195_jpg.rf.72b04e3058dd21b8fa6af7fd40ad0261_aug_hflip_0.jpg
NEAR_156,NEAR_DHASH_DIST_3,6,datasets\dataset_v2_4defect\train\images\frame_20260504_001428_997880_jpg.rf.ffb58c3abd33fdafd1b5bc9c71c4bf90_aug_hflip_0.jpg | datasets\dataset_v2_5class\train\images\frame_20260504_001428_997880_jpg.rf.ffb58c3abd33fdafd1b5bc9c71c4bf90_aug_hflip_0.jpg | datasets\dataset_v3_clean_background\train\images\frame_20260504_001428_997880_jpg.rf.ffb58c3abd33fdafd1b5bc9c71c4bf90_aug_hflip_0.jpg | datasets\dataset_v2_4defect\train\images\frame_20260504_001432_273343_jpg.rf.40f508fad80025b65e6a826779a7ab93_aug_hflip_0.jpg | datasets\dataset_v2_5class\train\images\frame_20260504_001432_273343_jpg.rf.40f508fad80025b65e6a826779a7ab93_aug_hflip_0.jpg | datasets\dataset_v3_clean_background\train\images\frame_20260504_001432_273343_jpg.rf.40f508fad80025b65e6a826779a7ab93_aug_hflip_0.jpg
NEAR_157,NEAR_DHASH_DIST_2,6,datasets\dataset_v2_4defect\train\images\frame_20260504_001430_293195_jpg.rf.72b04e3058dd21b8fa6af7fd40ad0261_aug_hflip_0.jpg | datasets\dataset_v2_5class\train\images\frame_20260504_001430_293195_jpg.rf.72b04e3058dd21b8fa6af7fd40ad0261_aug_hflip_0.jpg | datasets\dataset_v3_clean_background\train\images\frame_20260504_001430_293195_jpg.rf.72b04e3058dd21b8fa6af7fd40ad0261_aug_hflip_0.jpg | datasets\dataset_v2_4defect\train\images\frame_20260504_001432_273343_jpg.rf.40f508fad80025b65e6a826779a7ab93_aug_hflip_0.jpg | datasets\dataset_v2_5class\train\images\frame_20260504_001432_273343_jpg.rf.40f508fad80025b65e6a826779a7ab93_aug_hflip_0.jpg | datasets\dataset_v3_clean_background\train\images\frame_20260504_001432_273343_jpg.rf.40f508fad80025b65e6a826779a7ab93_aug_hflip_0.jpg
NEAR_158,NEAR_DHASH_DIST_2,6,datasets\dataset_v2_4defect\train\images\frame_20260504_001438_044448_jpg.rf.8f76c6fbc3935e0f25cec922cd082db7.jpg | datasets\dataset_v2_5class\train\images\frame_20260504_001438_044448_jpg.rf.8f76c6fbc3935e0f25cec922cd082db7.jpg | datasets\dataset_v3_clean_background\train\images\frame_20260504_001438_044448_jpg.rf.8f76c6fbc3935e0f25cec922cd082db7.jpg | datasets\dataset_v2_4defect\train\images\frame_20260504_001438_044448_jpg.rf.8f76c6fbc3935e0f25cec922cd082db7_aug_contrast_2.jpg | datasets\dataset_v2_5class\train\images\frame_20260504_001438_044448_jpg.rf.8f76c6fbc3935e0f25cec922cd082db7_aug_contrast_2.jpg | datasets\dataset_v3_clean_background\train\images\frame_20260504_001438_044448_jpg.rf.8f76c6fbc3935e0f25cec922cd082db7_aug_contrast_2.jpg
NEAR_159,NEAR_DHASH_DIST_2,7,datasets\dataset_v2_4defect\train\images\frame_20260504_001439_991865_jpg.rf.e635d61d04b96eba5456a5dbbaf7132f.jpg | datasets\dataset_v2_5class\train\images\frame_20260504_001439_991865_jpg.rf.e635d61d04b96eba5456a5dbbaf7132f.jpg | datasets\dataset_v3_clean_background\train\images\frame_20260504_001439_991865_jpg.rf.e635d61d04b96eba5456a5dbbaf7132f.jpg | real_world_controlled_v1\deep_scratch\deep_scratch_12_frame_20260504_001439_991865_jpg.rf.e635d61d04b96eba5456a5dbbaf7132f.jpg | datasets\dataset_v2_4defect\train\images\frame_20260504_001439_991865_jpg.rf.e635d61d04b96eba5456a5dbbaf7132f_aug_contrast_2.jpg | datasets\dataset_v2_5class\train\images\frame_20260504_001439_991865_jpg.rf.e635d61d04b96eba5456a5dbbaf7132f_aug_contrast_2.jpg | datasets\dataset_v3_clean_background\train\images\frame_20260504_001439_991865_jpg.rf.e635d61d04b96eba5456a5dbbaf7132f_aug_contrast_2.jpg
NEAR_160,NEAR_DHASH_DIST_2,7,datasets\dataset_v2_4defect\train\images\frame_20260504_001440_968717_jpg.rf.36cffe7128ee4282b86d411b03fb4a3c.jpg | datasets\dataset_v2_5class\train\images\frame_20260504_001440_968717_jpg.rf.36cffe7128ee4282b86d411b03fb4a3c.jpg | datasets\dataset_v3_clean_background\train\images\frame_20260504_001440_968717_jpg.rf.36cffe7128ee4282b86d411b03fb4a3c.jpg | real_world_controlled_v1\deep_scratch\deep_scratch_13_frame_20260504_001440_968717_jpg.rf.36cffe7128ee4282b86d411b03fb4a3c.jpg | datasets\dataset_v2_4defect\train\images\frame_20260504_001440_968717_jpg.rf.36cffe7128ee4282b86d411b03fb4a3c_aug_contrast_2.jpg | datasets\dataset_v2_5class\train\images\frame_20260504_001440_968717_jpg.rf.36cffe7128ee4282b86d411b03fb4a3c_aug_contrast_2.jpg | datasets\dataset_v3_clean_background\train\images\frame_20260504_001440_968717_jpg.rf.36cffe7128ee4282b86d411b03fb4a3c_aug_contrast_2.jpg
NEAR_161,NEAR_DHASH_DIST_2,8,datasets\dataset_v2_4defect\train\images\frame_20260504_001441_961350_jpg.rf.aebad6485a90033e8aafb8473b255733.jpg | datasets\dataset_v2_5class\train\images\frame_20260504_001441_961350_jpg.rf.aebad6485a90033e8aafb8473b255733.jpg | datasets\dataset_v3_clean_background\train\images\frame_20260504_001441_961350_jpg.rf.aebad6485a90033e8aafb8473b255733.jpg | real_world_controlled_v1\longitudinal_tear\longitudinal_tear_03_frame_20260504_001441_961350_jpg.rf.aebad6485a90033e8aafb8473b255733.jpg | real_world_validation_v2\longitudinal_tear\longitudinal_tear_03_frame_20260504_001441_961350_jpg.rf.aebad6485a90033e8aafb8473b255733.jpg | datasets\dataset_v2_4defect\train\images\frame_20260504_001441_961350_jpg.rf.aebad6485a90033e8aafb8473b255733_aug_contrast_1.jpg | datasets\dataset_v2_5class\train\images\frame_20260504_001441_961350_jpg.rf.aebad6485a90033e8aafb8473b255733_aug_contrast_1.jpg | datasets\dataset_v3_clean_background\train\images\frame_20260504_001441_961350_jpg.rf.aebad6485a90033e8aafb8473b255733_aug_contrast_1.jpg
NEAR_162,NEAR_DHASH_DIST_1,8,datasets\dataset_v2_4defect\train\images\frame_20260504_001442_973718_jpg.rf.90d4f9f9ea14388c79734122d099959d.jpg | datasets\dataset_v2_5class\train\images\frame_20260504_001442_973718_jpg.rf.90d4f9f9ea14388c79734122d099959d.jpg | datasets\dataset_v3_clean_background\train\images\frame_20260504_001442_973718_jpg.rf.90d4f9f9ea14388c79734122d099959d.jpg | real_world_controlled_v1\longitudinal_tear\longitudinal_tear_04_frame_20260504_001442_973718_jpg.rf.90d4f9f9ea14388c79734122d099959d.jpg | real_world_validation_v2\longitudinal_tear\longitudinal_tear_04_frame_20260504_001442_973718_jpg.rf.90d4f9f9ea14388c79734122d099959d.jpg | datasets\dataset_v2_4defect\train\images\frame_20260504_001442_973718_jpg.rf.90d4f9f9ea14388c79734122d099959d_aug_contrast_1.jpg | datasets\dataset_v2_5class\train\images\frame_20260504_001442_973718_jpg.rf.90d4f9f9ea14388c79734122d099959d_aug_contrast_1.jpg | datasets\dataset_v3_clean_background\train\images\frame_20260504_001442_973718_jpg.rf.90d4f9f9ea14388c79734122d099959d_aug_contrast_1.jpg
NEAR_163,NEAR_DHASH_DIST_1,10,datasets\dataset_v2_4defect\train\images\frame_20260504_001445_047434_jpg.rf.1fd76942948d19edb8efa98b10b9b4a5.jpg | datasets\dataset_v2_5class\train\images\frame_20260504_001445_047434_jpg.rf.1fd76942948d19edb8efa98b10b9b4a5.jpg | datasets\dataset_v3_clean_background\train\images\frame_20260504_001445_047434_jpg.rf.1fd76942948d19edb8efa98b10b9b4a5.jpg | reports\real_world_v2_false_positives\fp_1_belt_splice_02_frame_20260504_001445_047434_jpg.rf.1fd76942948d19edb8efa98b10b9b4a5.jpg | datasets\dataset_v2_4defect\train\images\frame_20260504_001445_047434_jpg.rf.1fd76942948d19edb8efa98b10b9b4a5_aug_contrast_3.jpg | datasets\dataset_v2_5class\train\images\frame_20260504_001445_047434_jpg.rf.1fd76942948d19edb8efa98b10b9b4a5_aug_contrast_3.jpg | datasets\dataset_v3_clean_background\train\images\frame_20260504_001445_047434_jpg.rf.1fd76942948d19edb8efa98b10b9b4a5_aug_contrast_3.jpg | real_world_controlled_v1\belt_splice\belt_splice_02_frame_20260504_001445_047434_jpg.rf.1fd76942948d19edb8efa98b10b9b4a5.jpg | real_world_validation_v2\belt_splice\belt_splice_02_frame_20260504_001445_047434_jpg.rf.1fd76942948d19edb8efa98b10b9b4a5.jpg | reports\real_world_v2_false_negatives\fn_1_belt_splice_02_frame_20260504_001445_047434_jpg.rf.1fd76942948d19edb8efa98b10b9b4a5.jpg
NEAR_164,NEAR_DHASH_DIST_2,8,datasets\dataset_v2_4defect\train\images\frame_20260504_001448_939978_jpg.rf.7bf0c76ea72908b43a9992a6835b52fc.jpg | datasets\dataset_v2_5class\train\images\frame_20260504_001448_939978_jpg.rf.7bf0c76ea72908b43a9992a6835b52fc.jpg | datasets\dataset_v3_clean_background\train\images\frame_20260504_001448_939978_jpg.rf.7bf0c76ea72908b43a9992a6835b52fc.jpg | real_world_controlled_v1\belt_splice\belt_splice_03_frame_20260504_001448_939978_jpg.rf.7bf0c76ea72908b43a9992a6835b52fc.jpg | real_world_validation_v2\belt_splice\belt_splice_03_frame_20260504_001448_939978_jpg.rf.7bf0c76ea72908b43a9992a6835b52fc.jpg | datasets\dataset_v2_4defect\train\images\frame_20260504_001448_939978_jpg.rf.7bf0c76ea72908b43a9992a6835b52fc_aug_contrast_3.jpg | datasets\dataset_v2_5class\train\images\frame_20260504_001448_939978_jpg.rf.7bf0c76ea72908b43a9992a6835b52fc_aug_contrast_3.jpg | datasets\dataset_v3_clean_background\train\images\frame_20260504_001448_939978_jpg.rf.7bf0c76ea72908b43a9992a6835b52fc_aug_contrast_3.jpg
NEAR_165,NEAR_DHASH_DIST_1,7,datasets\dataset_v2_4defect\train\images\frame_20260504_001452_040040_jpg.rf.18d7d5655e4dd4ae51f2216eab0a746a.jpg | datasets\dataset_v2_5class\train\images\frame_20260504_001452_040040_jpg.rf.18d7d5655e4dd4ae51f2216eab0a746a.jpg | datasets\dataset_v3_clean_background\train\images\frame_20260504_001452_040040_jpg.rf.18d7d5655e4dd4ae51f2216eab0a746a.jpg | real_world_controlled_v1\deep_scratch\deep_scratch_14_frame_20260504_001452_040040_jpg.rf.18d7d5655e4dd4ae51f2216eab0a746a.jpg | datasets\dataset_v2_4defect\train\images\frame_20260504_001452_040040_jpg.rf.18d7d5655e4dd4ae51f2216eab0a746a_aug_contrast_2.jpg | datasets\dataset_v2_5class\train\images\frame_20260504_001452_040040_jpg.rf.18d7d5655e4dd4ae51f2216eab0a746a_aug_contrast_2.jpg | datasets\dataset_v3_clean_background\train\images\frame_20260504_001452_040040_jpg.rf.18d7d5655e4dd4ae51f2216eab0a746a_aug_contrast_2.jpg
NEAR_166,NEAR_DHASH_DIST_1,7,datasets\dataset_v2_4defect\train\images\frame_20260504_001455_947952_jpg.rf.a59f4518711a13185bc4b021c761c130.jpg | datasets\dataset_v2_5class\train\images\frame_20260504_001455_947952_jpg.rf.a59f4518711a13185bc4b021c761c130.jpg | datasets\dataset_v3_clean_background\train\images\frame_20260504_001455_947952_jpg.rf.a59f4518711a13185bc4b021c761c130.jpg | datasets\dataset_v2_4defect\train\images\frame_20260504_001455_947952_jpg.rf.a59f4518711a13185bc4b021c761c130_aug_contrast_2.jpg | datasets\dataset_v2_5class\train\images\frame_20260504_001455_947952_jpg.rf.a59f4518711a13185bc4b021c761c130_aug_contrast_2.jpg | datasets\dataset_v3_clean_background\train\images\frame_20260504_001455_947952_jpg.rf.a59f4518711a13185bc4b021c761c130_aug_contrast_2.jpg | real_world_controlled_v1\deep_scratch\deep_scratch_15_frame_20260504_001455_947952_jpg.rf.a59f4518711a13185bc4b021c761c130.jpg
NEAR_167,NEAR_DHASH_DIST_2,8,datasets\dataset_v2_4defect\train\images\frame_20260504_001500_986995_jpg.rf.137e077228e57924f663b0fc7ab37f2c.jpg | datasets\dataset_v2_5class\train\images\frame_20260504_001500_986995_jpg.rf.137e077228e57924f663b0fc7ab37f2c.jpg | datasets\dataset_v3_clean_background\train\images\frame_20260504_001500_986995_jpg.rf.137e077228e57924f663b0fc7ab37f2c.jpg | real_world_controlled_v1\longitudinal_tear\longitudinal_tear_07_frame_20260504_001500_986995_jpg.rf.137e077228e57924f663b0fc7ab37f2c.jpg | real_world_validation_v2\longitudinal_tear\longitudinal_tear_07_frame_20260504_001500_986995_jpg.rf.137e077228e57924f663b0fc7ab37f2c.jpg | datasets\dataset_v2_4defect\train\images\frame_20260504_001500_986995_jpg.rf.137e077228e57924f663b0fc7ab37f2c_aug_contrast_1.jpg | datasets\dataset_v2_5class\train\images\frame_20260504_001500_986995_jpg.rf.137e077228e57924f663b0fc7ab37f2c_aug_contrast_1.jpg | datasets\dataset_v3_clean_background\train\images\frame_20260504_001500_986995_jpg.rf.137e077228e57924f663b0fc7ab37f2c_aug_contrast_1.jpg
NEAR_168,NEAR_DHASH_DIST_1,8,datasets\dataset_v2_4defect\train\images\frame_20260504_001506_013874_jpg.rf.505f8f14ab8c2fd9a7fa0609dcc8f890.jpg | datasets\dataset_v2_5class\train\images\frame_20260504_001506_013874_jpg.rf.505f8f14ab8c2fd9a7fa0609dcc8f890.jpg | datasets\dataset_v3_clean_background\train\images\frame_20260504_001506_013874_jpg.rf.505f8f14ab8c2fd9a7fa0609dcc8f890.jpg | datasets\dataset_v2_4defect\train\images\frame_20260504_001506_013874_jpg.rf.505f8f14ab8c2fd9a7fa0609dcc8f890_aug_contrast_1.jpg | datasets\dataset_v2_5class\train\images\frame_20260504_001506_013874_jpg.rf.505f8f14ab8c2fd9a7fa0609dcc8f890_aug_contrast_1.jpg | datasets\dataset_v3_clean_background\train\images\frame_20260504_001506_013874_jpg.rf.505f8f14ab8c2fd9a7fa0609dcc8f890_aug_contrast_1.jpg | real_world_controlled_v1\slight_scratch\slight_scratch_06_frame_20260504_001506_013874_jpg.rf.505f8f14ab8c2fd9a7fa0609dcc8f890.jpg | real_world_validation_v2\slight_scratch\slight_scratch_06_frame_20260504_001506_013874_jpg.rf.505f8f14ab8c2fd9a7fa0609dcc8f890.jpg
NEAR_169,NEAR_DHASH_DIST_1,8,datasets\dataset_v2_4defect\train\images\frame_20260504_001508_000036_jpg.rf.efb61e2418a00773b1f1ece1ade28d53.jpg | datasets\dataset_v2_5class\train\images\frame_20260504_001508_000036_jpg.rf.efb61e2418a00773b1f1ece1ade28d53.jpg | datasets\dataset_v3_clean_background\train\images\frame_20260504_001508_000036_jpg.rf.efb61e2418a00773b1f1ece1ade28d53.jpg | real_world_controlled_v1\slight_scratch\slight_scratch_07_frame_20260504_001508_000036_jpg.rf.efb61e2418a00773b1f1ece1ade28d53.jpg | real_world_validation_v2\slight_scratch\slight_scratch_07_frame_20260504_001508_000036_jpg.rf.efb61e2418a00773b1f1ece1ade28d53.jpg | datasets\dataset_v2_4defect\train\images\frame_20260504_001508_000036_jpg.rf.efb61e2418a00773b1f1ece1ade28d53_aug_contrast_1.jpg | datasets\dataset_v2_5class\train\images\frame_20260504_001508_000036_jpg.rf.efb61e2418a00773b1f1ece1ade28d53_aug_contrast_1.jpg | datasets\dataset_v3_clean_background\train\images\frame_20260504_001508_000036_jpg.rf.efb61e2418a00773b1f1ece1ade28d53_aug_contrast_1.jpg
NEAR_170,NEAR_DHASH_DIST_2,8,datasets\dataset_v2_4defect\train\images\frame_20260504_001513_018302_jpg.rf.f7516e8158c1e059f9d729290f1cadd1.jpg | datasets\dataset_v2_5class\train\images\frame_20260504_001513_018302_jpg.rf.f7516e8158c1e059f9d729290f1cadd1.jpg | datasets\dataset_v3_clean_background\train\images\frame_20260504_001513_018302_jpg.rf.f7516e8158c1e059f9d729290f1cadd1.jpg | real_world_controlled_v1\longitudinal_tear\longitudinal_tear_08_frame_20260504_001513_018302_jpg.rf.f7516e8158c1e059f9d729290f1cadd1.jpg | real_world_validation_v2\longitudinal_tear\longitudinal_tear_08_frame_20260504_001513_018302_jpg.rf.f7516e8158c1e059f9d729290f1cadd1.jpg | datasets\dataset_v2_4defect\train\images\frame_20260504_001513_018302_jpg.rf.f7516e8158c1e059f9d729290f1cadd1_aug_contrast_1.jpg | datasets\dataset_v2_5class\train\images\frame_20260504_001513_018302_jpg.rf.f7516e8158c1e059f9d729290f1cadd1_aug_contrast_1.jpg | datasets\dataset_v3_clean_background\train\images\frame_20260504_001513_018302_jpg.rf.f7516e8158c1e059f9d729290f1cadd1_aug_contrast_1.jpg
NEAR_171,NEAR_DHASH_DIST_1,7,datasets\dataset_v2_4defect\train\images\frame_20260504_001530_072063_jpg.rf.f4c1202042ea105fc6517cd283fdcc3c.jpg | datasets\dataset_v2_5class\train\images\frame_20260504_001530_072063_jpg.rf.f4c1202042ea105fc6517cd283fdcc3c.jpg | datasets\dataset_v3_clean_background\train\images\frame_20260504_001530_072063_jpg.rf.f4c1202042ea105fc6517cd283fdcc3c.jpg | real_world_controlled_v1\deep_scratch\deep_scratch_18_frame_20260504_001530_072063_jpg.rf.f4c1202042ea105fc6517cd283fdcc3c.jpg | datasets\dataset_v2_4defect\train\images\frame_20260504_001530_072063_jpg.rf.f4c1202042ea105fc6517cd283fdcc3c_aug_contrast_2.jpg | datasets\dataset_v2_5class\train\images\frame_20260504_001530_072063_jpg.rf.f4c1202042ea105fc6517cd283fdcc3c_aug_contrast_2.jpg | datasets\dataset_v3_clean_background\train\images\frame_20260504_001530_072063_jpg.rf.f4c1202042ea105fc6517cd283fdcc3c_aug_contrast_2.jpg
NEAR_172,NEAR_DHASH_DIST_1,6,datasets\dataset_v2_4defect\train\images\frame_20260504_001530_996480_jpg.rf.79076124b49cc1e78d71bf932343f671.jpg | datasets\dataset_v2_5class\train\images\frame_20260504_001530_996480_jpg.rf.79076124b49cc1e78d71bf932343f671.jpg | datasets\dataset_v3_clean_background\train\images\frame_20260504_001530_996480_jpg.rf.79076124b49cc1e78d71bf932343f671.jpg | datasets\dataset_v2_4defect\train\images\frame_20260504_001530_996480_jpg.rf.79076124b49cc1e78d71bf932343f671_aug_contrast_1.jpg | datasets\dataset_v2_5class\train\images\frame_20260504_001530_996480_jpg.rf.79076124b49cc1e78d71bf932343f671_aug_contrast_1.jpg | datasets\dataset_v3_clean_background\train\images\frame_20260504_001530_996480_jpg.rf.79076124b49cc1e78d71bf932343f671_aug_contrast_1.jpg
NEAR_173,NEAR_DHASH_DIST_1,7,datasets\dataset_v2_4defect\train\images\frame_20260504_001532_107976_jpg.rf.e2256b7b504ab5419bc49e378fe15c04.jpg | datasets\dataset_v2_5class\train\images\frame_20260504_001532_107976_jpg.rf.e2256b7b504ab5419bc49e378fe15c04.jpg | datasets\dataset_v3_clean_background\train\images\frame_20260504_001532_107976_jpg.rf.e2256b7b504ab5419bc49e378fe15c04.jpg | real_world_controlled_v1\longitudinal_tear\longitudinal_tear_11_frame_20260504_001532_107976_jpg.rf.e2256b7b504ab5419bc49e378fe15c04.jpg | datasets\dataset_v2_4defect\train\images\frame_20260504_001532_107976_jpg.rf.e2256b7b504ab5419bc49e378fe15c04_aug_contrast_1.jpg | datasets\dataset_v2_5class\train\images\frame_20260504_001532_107976_jpg.rf.e2256b7b504ab5419bc49e378fe15c04_aug_contrast_1.jpg | datasets\dataset_v3_clean_background\train\images\frame_20260504_001532_107976_jpg.rf.e2256b7b504ab5419bc49e378fe15c04_aug_contrast_1.jpg
NEAR_174,NEAR_DHASH_DIST_2,9,datasets\dataset_v2_4defect\train\images\frame_20260504_001534_122536_jpg.rf.ccb51e749bead969d37c4cbeea5d6bcc.jpg | datasets\dataset_v2_5class\train\images\frame_20260504_001534_122536_jpg.rf.ccb51e749bead969d37c4cbeea5d6bcc.jpg | datasets\dataset_v3_clean_background\train\images\frame_20260504_001534_122536_jpg.rf.ccb51e749bead969d37c4cbeea5d6bcc.jpg | real_world_controlled_v1\belt_splice\belt_splice_04_frame_20260504_001534_122536_jpg.rf.ccb51e749bead969d37c4cbeea5d6bcc.jpg | real_world_validation_v2\belt_splice\belt_splice_04_frame_20260504_001534_122536_jpg.rf.ccb51e749bead969d37c4cbeea5d6bcc.jpg | reports\real_world_v2_false_negatives\fn_2_belt_splice_04_frame_20260504_001534_122536_jpg.rf.ccb51e749bead969d37c4cbeea5d6bcc.jpg | datasets\dataset_v2_4defect\train\images\frame_20260504_001534_122536_jpg.rf.ccb51e749bead969d37c4cbeea5d6bcc_aug_contrast_3.jpg | datasets\dataset_v2_5class\train\images\frame_20260504_001534_122536_jpg.rf.ccb51e749bead969d37c4cbeea5d6bcc_aug_contrast_3.jpg | datasets\dataset_v3_clean_background\train\images\frame_20260504_001534_122536_jpg.rf.ccb51e749bead969d37c4cbeea5d6bcc_aug_contrast_3.jpg
NEAR_175,NEAR_DHASH_DIST_2,9,datasets\dataset_v2_4defect\train\images\frame_20260504_001534_122536_jpg.rf.ccb51e749bead969d37c4cbeea5d6bcc_aug_contrast_3.jpg | datasets\dataset_v2_5class\train\images\frame_20260504_001534_122536_jpg.rf.ccb51e749bead969d37c4cbeea5d6bcc_aug_contrast_3.jpg | datasets\dataset_v3_clean_background\train\images\frame_20260504_001534_122536_jpg.rf.ccb51e749bead969d37c4cbeea5d6bcc_aug_contrast_3.jpg | datasets\dataset_v2_4defect\train\images\frame_20260504_001549_078762_jpg.rf.4c9b6a416fb4d0d4d54b9f63c4bc5d6f.jpg | datasets\dataset_v2_4defect\train\images\frame_20260504_001549_078762_jpg.rf.4c9b6a416fb4d0d4d54b9f63c4bc5d6f_aug_contrast_3.jpg | datasets\dataset_v2_5class\train\images\frame_20260504_001549_078762_jpg.rf.4c9b6a416fb4d0d4d54b9f63c4bc5d6f.jpg | datasets\dataset_v2_5class\train\images\frame_20260504_001549_078762_jpg.rf.4c9b6a416fb4d0d4d54b9f63c4bc5d6f_aug_contrast_3.jpg | datasets\dataset_v3_clean_background\train\images\frame_20260504_001549_078762_jpg.rf.4c9b6a416fb4d0d4d54b9f63c4bc5d6f.jpg | datasets\dataset_v3_clean_background\train\images\frame_20260504_001549_078762_jpg.rf.4c9b6a416fb4d0d4d54b9f63c4bc5d6f_aug_contrast_3.jpg
NEAR_176,NEAR_DHASH_DIST_1,7,datasets\dataset_v2_4defect\train\images\frame_20260504_001545_043138_jpg.rf.a204ab3dbdb152a48315b19067e521d8.jpg | datasets\dataset_v2_5class\train\images\frame_20260504_001545_043138_jpg.rf.a204ab3dbdb152a48315b19067e521d8.jpg | datasets\dataset_v3_clean_background\train\images\frame_20260504_001545_043138_jpg.rf.a204ab3dbdb152a48315b19067e521d8.jpg | datasets\dataset_v2_4defect\train\images\frame_20260504_001545_043138_jpg.rf.a204ab3dbdb152a48315b19067e521d8_aug_contrast_2.jpg | datasets\dataset_v2_5class\train\images\frame_20260504_001545_043138_jpg.rf.a204ab3dbdb152a48315b19067e521d8_aug_contrast_2.jpg | datasets\dataset_v3_clean_background\train\images\frame_20260504_001545_043138_jpg.rf.a204ab3dbdb152a48315b19067e521d8_aug_contrast_2.jpg | real_world_controlled_v1\deep_scratch\deep_scratch_19_frame_20260504_001545_043138_jpg.rf.a204ab3dbdb152a48315b19067e521d8.jpg
NEAR_177,NEAR_DHASH_DIST_1,8,datasets\dataset_v2_4defect\train\images\frame_20260504_001553_104920_jpg.rf.06910f1fa4eef6889b1ae7cbc7dfe8a1.jpg | datasets\dataset_v2_5class\train\images\frame_20260504_001553_104920_jpg.rf.06910f1fa4eef6889b1ae7cbc7dfe8a1.jpg | datasets\dataset_v3_clean_background\train\images\frame_20260504_001553_104920_jpg.rf.06910f1fa4eef6889b1ae7cbc7dfe8a1.jpg | datasets\dataset_v2_4defect\train\images\frame_20260504_001553_104920_jpg.rf.06910f1fa4eef6889b1ae7cbc7dfe8a1_aug_contrast_3.jpg | datasets\dataset_v2_5class\train\images\frame_20260504_001553_104920_jpg.rf.06910f1fa4eef6889b1ae7cbc7dfe8a1_aug_contrast_3.jpg | datasets\dataset_v3_clean_background\train\images\frame_20260504_001553_104920_jpg.rf.06910f1fa4eef6889b1ae7cbc7dfe8a1_aug_contrast_3.jpg | real_world_controlled_v1\belt_splice\belt_splice_06_frame_20260504_001553_104920_jpg.rf.06910f1fa4eef6889b1ae7cbc7dfe8a1.jpg | real_world_validation_v2\belt_splice\belt_splice_06_frame_20260504_001553_104920_jpg.rf.06910f1fa4eef6889b1ae7cbc7dfe8a1.jpg
NEAR_178,NEAR_DHASH_DIST_1,8,datasets\dataset_v2_4defect\train\images\frame_20260504_001608_041157_jpg.rf.895ce85f4da9544401e7c7ae81b135b4.jpg | datasets\dataset_v2_5class\train\images\frame_20260504_001608_041157_jpg.rf.895ce85f4da9544401e7c7ae81b135b4.jpg | datasets\dataset_v3_clean_background\train\images\frame_20260504_001608_041157_jpg.rf.895ce85f4da9544401e7c7ae81b135b4.jpg | real_world_controlled_v1\belt_splice\belt_splice_07_frame_20260504_001608_041157_jpg.rf.895ce85f4da9544401e7c7ae81b135b4.jpg | real_world_validation_v2\belt_splice\belt_splice_07_frame_20260504_001608_041157_jpg.rf.895ce85f4da9544401e7c7ae81b135b4.jpg | datasets\dataset_v2_4defect\train\images\frame_20260504_001608_041157_jpg.rf.895ce85f4da9544401e7c7ae81b135b4_aug_contrast_3.jpg | datasets\dataset_v2_5class\train\images\frame_20260504_001608_041157_jpg.rf.895ce85f4da9544401e7c7ae81b135b4_aug_contrast_3.jpg | datasets\dataset_v3_clean_background\train\images\frame_20260504_001608_041157_jpg.rf.895ce85f4da9544401e7c7ae81b135b4_aug_contrast_3.jpg
NEAR_179,NEAR_DHASH_DIST_2,7,datasets\dataset_v2_4defect\train\images\frame_20260504_002346_693302_jpg.rf.84b51e397889636ea10532bf918b10eb.jpg | datasets\dataset_v2_5class\train\images\frame_20260504_002346_693302_jpg.rf.84b51e397889636ea10532bf918b10eb.jpg | datasets\dataset_v3_clean_background\train\images\frame_20260504_002346_693302_jpg.rf.84b51e397889636ea10532bf918b10eb.jpg | real_world_controlled_v1\longitudinal_tear\longitudinal_tear_21_frame_20260504_002346_693302_jpg.rf.84b51e397889636ea10532bf918b10eb.jpg | datasets\dataset_v2_4defect\train\images\frame_20260504_002346_693302_jpg.rf.84b51e397889636ea10532bf918b10eb_aug_contrast_1.jpg | datasets\dataset_v2_5class\train\images\frame_20260504_002346_693302_jpg.rf.84b51e397889636ea10532bf918b10eb_aug_contrast_1.jpg | datasets\dataset_v3_clean_background\train\images\frame_20260504_002346_693302_jpg.rf.84b51e397889636ea10532bf918b10eb_aug_contrast_1.jpg
NEAR_180,NEAR_DHASH_DIST_1,10,datasets\dataset_v2_4defect\train\images\frame_20260504_002351_721258_jpg.rf.61050ff5514265572a506e35b06ad461.jpg | datasets\dataset_v2_5class\train\images\frame_20260504_002351_721258_jpg.rf.61050ff5514265572a506e35b06ad461.jpg | datasets\dataset_v3_clean_background\train\images\frame_20260504_002351_721258_jpg.rf.61050ff5514265572a506e35b06ad461.jpg | real_world_controlled_v1\belt_splice\belt_splice_08_frame_20260504_002351_721258_jpg.rf.61050ff5514265572a506e35b06ad461.jpg | real_world_validation_v2\belt_splice\belt_splice_08_frame_20260504_002351_721258_jpg.rf.61050ff5514265572a506e35b06ad461.jpg | reports\real_world_v2_false_positives\fp_5_belt_splice_08_frame_20260504_002351_721258_jpg.rf.61050ff5514265572a506e35b06ad461.jpg | datasets\dataset_v2_4defect\train\images\frame_20260504_002351_721258_jpg.rf.61050ff5514265572a506e35b06ad461_aug_contrast_3.jpg | datasets\dataset_v2_5class\train\images\frame_20260504_002351_721258_jpg.rf.61050ff5514265572a506e35b06ad461_aug_contrast_3.jpg | datasets\dataset_v3_clean_background\train\images\frame_20260504_002351_721258_jpg.rf.61050ff5514265572a506e35b06ad461_aug_contrast_3.jpg | reports\real_world_v2_false_positives\fp_4_belt_splice_08_frame_20260504_002351_721258_jpg.rf.61050ff5514265572a506e35b06ad461.jpg
NEAR_181,NEAR_DHASH_DIST_2,8,datasets\dataset_v2_4defect\train\images\frame_20260504_002406_708018_jpg.rf.be4013cacfa2e012ff1421bd1bb97e7c.jpg | datasets\dataset_v2_5class\train\images\frame_20260504_002406_708018_jpg.rf.be4013cacfa2e012ff1421bd1bb97e7c.jpg | datasets\dataset_v3_clean_background\train\images\frame_20260504_002406_708018_jpg.rf.be4013cacfa2e012ff1421bd1bb97e7c.jpg | reports\real_world_v2_false_negatives\fn_7_belt_splice_10_frame_20260504_002406_708018_jpg.rf.be4013cacfa2e012ff1421bd1bb97e7c.jpg | datasets\dataset_v2_4defect\train\images\frame_20260504_002406_708018_jpg.rf.be4013cacfa2e012ff1421bd1bb97e7c_aug_contrast_3.jpg | datasets\dataset_v2_5class\train\images\frame_20260504_002406_708018_jpg.rf.be4013cacfa2e012ff1421bd1bb97e7c_aug_contrast_3.jpg | datasets\dataset_v3_clean_background\train\images\frame_20260504_002406_708018_jpg.rf.be4013cacfa2e012ff1421bd1bb97e7c_aug_contrast_3.jpg | reports\real_world_v2_false_positives\fp_7_belt_splice_10_frame_20260504_002406_708018_jpg.rf.be4013cacfa2e012ff1421bd1bb97e7c.jpg
NEAR_182,NEAR_DHASH_DIST_1,7,datasets\dataset_v2_4defect\train\images\frame_20260504_002407_724847_jpg.rf.d50408168af6d073c0a39ed77110132c.jpg | datasets\dataset_v2_5class\train\images\frame_20260504_002407_724847_jpg.rf.d50408168af6d073c0a39ed77110132c.jpg | datasets\dataset_v3_clean_background\train\images\frame_20260504_002407_724847_jpg.rf.d50408168af6d073c0a39ed77110132c.jpg | real_world_controlled_v1\longitudinal_tear\longitudinal_tear_28_frame_20260504_002407_724847_jpg.rf.d50408168af6d073c0a39ed77110132c.jpg | datasets\dataset_v2_4defect\train\images\frame_20260504_002407_724847_jpg.rf.d50408168af6d073c0a39ed77110132c_aug_contrast_1.jpg | datasets\dataset_v2_5class\train\images\frame_20260504_002407_724847_jpg.rf.d50408168af6d073c0a39ed77110132c_aug_contrast_1.jpg | datasets\dataset_v3_clean_background\train\images\frame_20260504_002407_724847_jpg.rf.d50408168af6d073c0a39ed77110132c_aug_contrast_1.jpg
NEAR_183,NEAR_DHASH_DIST_2,7,datasets\dataset_v2_4defect\train\images\frame_20260504_002422_730793_jpg.rf.cb5fc4c97565b782ae4c5776fb3ea026.jpg | datasets\dataset_v2_5class\train\images\frame_20260504_002422_730793_jpg.rf.cb5fc4c97565b782ae4c5776fb3ea026.jpg | datasets\dataset_v3_clean_background\train\images\frame_20260504_002422_730793_jpg.rf.cb5fc4c97565b782ae4c5776fb3ea026.jpg | real_world_controlled_v1\longitudinal_tear\longitudinal_tear_29_frame_20260504_002422_730793_jpg.rf.cb5fc4c97565b782ae4c5776fb3ea026.jpg | datasets\dataset_v2_4defect\train\images\frame_20260504_002422_730793_jpg.rf.cb5fc4c97565b782ae4c5776fb3ea026_aug_contrast_1.jpg | datasets\dataset_v2_5class\train\images\frame_20260504_002422_730793_jpg.rf.cb5fc4c97565b782ae4c5776fb3ea026_aug_contrast_1.jpg | datasets\dataset_v3_clean_background\train\images\frame_20260504_002422_730793_jpg.rf.cb5fc4c97565b782ae4c5776fb3ea026_aug_contrast_1.jpg
NEAR_184,NEAR_DHASH_DIST_2,7,datasets\dataset_v2_4defect\train\images\frame_20260504_002432_760097_jpg.rf.3c7e098a361a24b3487ba55e392faf4e.jpg | datasets\dataset_v2_5class\train\images\frame_20260504_002432_760097_jpg.rf.3c7e098a361a24b3487ba55e392faf4e.jpg | datasets\dataset_v3_clean_background\train\images\frame_20260504_002432_760097_jpg.rf.3c7e098a361a24b3487ba55e392faf4e.jpg | real_world_controlled_v1\slight_scratch\slight_scratch_11_frame_20260504_002432_760097_jpg.rf.3c7e098a361a24b3487ba55e392faf4e.jpg | datasets\dataset_v2_4defect\train\images\frame_20260504_002432_760097_jpg.rf.3c7e098a361a24b3487ba55e392faf4e_aug_contrast_1.jpg | datasets\dataset_v2_5class\train\images\frame_20260504_002432_760097_jpg.rf.3c7e098a361a24b3487ba55e392faf4e_aug_contrast_1.jpg | datasets\dataset_v3_clean_background\train\images\frame_20260504_002432_760097_jpg.rf.3c7e098a361a24b3487ba55e392faf4e_aug_contrast_1.jpg
NEAR_185,NEAR_DHASH_DIST_2,6,datasets\dataset_v2_4defect\train\images\frame_20260504_002434_835725_jpg.rf.3de390eb41e6b433c78d46b85711320c.jpg | datasets\dataset_v2_5class\train\images\frame_20260504_002434_835725_jpg.rf.3de390eb41e6b433c78d46b85711320c.jpg | datasets\dataset_v3_clean_background\train\images\frame_20260504_002434_835725_jpg.rf.3de390eb41e6b433c78d46b85711320c.jpg | datasets\dataset_v2_4defect\train\images\frame_20260504_002434_835725_jpg.rf.3de390eb41e6b433c78d46b85711320c_aug_contrast_1.jpg | datasets\dataset_v2_5class\train\images\frame_20260504_002434_835725_jpg.rf.3de390eb41e6b433c78d46b85711320c_aug_contrast_1.jpg | datasets\dataset_v3_clean_background\train\images\frame_20260504_002434_835725_jpg.rf.3de390eb41e6b433c78d46b85711320c_aug_contrast_1.jpg
NEAR_186,NEAR_DHASH_DIST_3,6,datasets\dataset_v2_4defect\train\images\frame_20260504_002434_835725_jpg.rf.3de390eb41e6b433c78d46b85711320c_aug_hflip_0.jpg | datasets\dataset_v2_5class\train\images\frame_20260504_002434_835725_jpg.rf.3de390eb41e6b433c78d46b85711320c_aug_hflip_0.jpg | datasets\dataset_v3_clean_background\train\images\frame_20260504_002434_835725_jpg.rf.3de390eb41e6b433c78d46b85711320c_aug_hflip_0.jpg | datasets\dataset_v2_4defect\train\images\frame_20260504_002438_736207_jpg.rf.8156d0200d27880c738a8b0f7f71fb42_aug_hflip_0.jpg | datasets\dataset_v2_5class\train\images\frame_20260504_002438_736207_jpg.rf.8156d0200d27880c738a8b0f7f71fb42_aug_hflip_0.jpg | datasets\dataset_v3_clean_background\train\images\frame_20260504_002438_736207_jpg.rf.8156d0200d27880c738a8b0f7f71fb42_aug_hflip_0.jpg
NEAR_187,NEAR_DHASH_DIST_3,6,datasets\dataset_v2_4defect\train\images\frame_20260504_002440_754928_jpg.rf.6f9273205dd81c9df04bb6a1b0ace422.jpg | datasets\dataset_v2_5class\train\images\frame_20260504_002440_754928_jpg.rf.6f9273205dd81c9df04bb6a1b0ace422.jpg | datasets\dataset_v3_clean_background\train\images\frame_20260504_002440_754928_jpg.rf.6f9273205dd81c9df04bb6a1b0ace422.jpg | datasets\dataset_v2_4defect\train\images\frame_20260504_002440_754928_jpg.rf.6f9273205dd81c9df04bb6a1b0ace422_aug_contrast_3.jpg | datasets\dataset_v2_5class\train\images\frame_20260504_002440_754928_jpg.rf.6f9273205dd81c9df04bb6a1b0ace422_aug_contrast_3.jpg | datasets\dataset_v3_clean_background\train\images\frame_20260504_002440_754928_jpg.rf.6f9273205dd81c9df04bb6a1b0ace422_aug_contrast_3.jpg
NEAR_188,NEAR_DHASH_DIST_1,7,datasets\dataset_v2_4defect\train\images\frame_20260504_002452_150649_jpg.rf.5bb4b8d3d8b40fd75e1b4abdf487be92.jpg | datasets\dataset_v2_5class\train\images\frame_20260504_002452_150649_jpg.rf.5bb4b8d3d8b40fd75e1b4abdf487be92.jpg | datasets\dataset_v3_clean_background\train\images\frame_20260504_002452_150649_jpg.rf.5bb4b8d3d8b40fd75e1b4abdf487be92.jpg | datasets\dataset_v2_4defect\train\images\frame_20260504_002452_150649_jpg.rf.5bb4b8d3d8b40fd75e1b4abdf487be92_aug_contrast_2.jpg | datasets\dataset_v2_5class\train\images\frame_20260504_002452_150649_jpg.rf.5bb4b8d3d8b40fd75e1b4abdf487be92_aug_contrast_2.jpg | datasets\dataset_v3_clean_background\train\images\frame_20260504_002452_150649_jpg.rf.5bb4b8d3d8b40fd75e1b4abdf487be92_aug_contrast_2.jpg | real_world_controlled_v1\deep_scratch\deep_scratch_22_frame_20260504_002452_150649_jpg.rf.5bb4b8d3d8b40fd75e1b4abdf487be92.jpg
NEAR_189,NEAR_DHASH_DIST_1,31,datasets\dataset_v2_4defect\train\images\frame_20260504_003200_300380_jpg.rf.d01c7c124f66fa632b692823c8e1baa9.jpg | datasets\dataset_v2_4defect\train\images\frame_20260504_003201_178219_jpg.rf.e005c8a6d4a09e0fa36936efeb83509b.jpg | datasets\dataset_v2_4defect\train\images\frame_20260504_003204_269019_jpg.rf.1bdd1feb77ea230c7d36f0e0cbc60ab0.jpg | datasets\dataset_v2_4defect\train\images\frame_20260504_003206_223347_jpg.rf.b651970cfd8a13092cd5212d40902a79.jpg | datasets\dataset_v2_4defect\train\images\frame_20260504_003208_164135_jpg.rf.5752a18bea9d53891c7b9cc59f07d068.jpg | datasets\dataset_v2_4defect\train\images\frame_20260504_003211_767211_jpg.rf.24aa0cd6a067fe59e27ec4740554ff24.jpg | datasets\dataset_v2_4defect\train\images\frame_20260504_003223_261865_jpg.rf.c57cb6c90f2306caa729815a699c3894.jpg | datasets\dataset_v2_5class\train\images\frame_20260504_003200_300380_jpg.rf.d01c7c124f66fa632b692823c8e1baa9.jpg | datasets\dataset_v2_5class\train\images\frame_20260504_003201_178219_jpg.rf.e005c8a6d4a09e0fa36936efeb83509b.jpg | datasets\dataset_v2_5class\train\images\frame_20260504_003204_269019_jpg.rf.1bdd1feb77ea230c7d36f0e0cbc60ab0.jpg | datasets\dataset_v2_5class\train\images\frame_20260504_003206_223347_jpg.rf.b651970cfd8a13092cd5212d40902a79.jpg | datasets\dataset_v2_5class\train\images\frame_20260504_003208_164135_jpg.rf.5752a18bea9d53891c7b9cc59f07d068.jpg | datasets\dataset_v2_5class\train\images\frame_20260504_003211_767211_jpg.rf.24aa0cd6a067fe59e27ec4740554ff24.jpg | datasets\dataset_v2_5class\train\images\frame_20260504_003223_261865_jpg.rf.c57cb6c90f2306caa729815a699c3894.jpg | datasets\dataset_v3_clean_background\train\images\frame_20260504_003200_300380_jpg.rf.d01c7c124f66fa632b692823c8e1baa9.jpg | datasets\dataset_v3_clean_background\train\images\frame_20260504_003201_178219_jpg.rf.e005c8a6d4a09e0fa36936efeb83509b.jpg | datasets\dataset_v3_clean_background\train\images\frame_20260504_003204_269019_jpg.rf.1bdd1feb77ea230c7d36f0e0cbc60ab0.jpg | datasets\dataset_v3_clean_background\train\images\frame_20260504_003206_223347_jpg.rf.b651970cfd8a13092cd5212d40902a79.jpg | datasets\dataset_v3_clean_background\train\images\frame_20260504_003208_164135_jpg.rf.5752a18bea9d53891c7b9cc59f07d068.jpg | datasets\dataset_v3_clean_background\train\images\frame_20260504_003211_767211_jpg.rf.24aa0cd6a067fe59e27ec4740554ff24.jpg | datasets\dataset_v3_clean_background\train\images\frame_20260504_003223_261865_jpg.rf.c57cb6c90f2306caa729815a699c3894.jpg | datasets\future_training_candidates\hard_negatives\healthy_04_frame_20260504_003223_261865_jpg.rf.c57cb6c90f2306caa729815a699c3894.jpg | datasets\future_training_candidates\optical_failures\healthy_04_frame_20260504_003223_261865_jpg.rf.c57cb6c90f2306caa729815a699c3894.jpg | real_world_controlled_v1\healthy\healthy_04_frame_20260504_003223_261865_jpg.rf.c57cb6c90f2306caa729815a699c3894.jpg | real_world_validation_v2\healthy\healthy_04_frame_20260504_003223_261865_jpg.rf.c57cb6c90f2306caa729815a699c3894.jpg | datasets\dataset_v2_4defect\train\images\frame_20260504_003202_188372_jpg.rf.2923e02e80779cc3849fa09ac0e29eb6.jpg | datasets\dataset_v2_4defect\train\images\frame_20260504_003219_130213_jpg.rf.3baf4ab673c4d4fafad1eb32aaa54dad.jpg | datasets\dataset_v2_5class\train\images\frame_20260504_003202_188372_jpg.rf.2923e02e80779cc3849fa09ac0e29eb6.jpg | datasets\dataset_v2_5class\train\images\frame_20260504_003219_130213_jpg.rf.3baf4ab673c4d4fafad1eb32aaa54dad.jpg | datasets\dataset_v3_clean_background\train\images\frame_20260504_003202_188372_jpg.rf.2923e02e80779cc3849fa09ac0e29eb6.jpg | datasets\dataset_v3_clean_background\train\images\frame_20260504_003219_130213_jpg.rf.3baf4ab673c4d4fafad1eb32aaa54dad.jpg
NEAR_190,NEAR_DHASH_DIST_2,28,datasets\dataset_v2_4defect\train\images\frame_20260504_003200_300380_jpg.rf.d01c7c124f66fa632b692823c8e1baa9.jpg | datasets\dataset_v2_4defect\train\images\frame_20260504_003201_178219_jpg.rf.e005c8a6d4a09e0fa36936efeb83509b.jpg | datasets\dataset_v2_4defect\train\images\frame_20260504_003204_269019_jpg.rf.1bdd1feb77ea230c7d36f0e0cbc60ab0.jpg | datasets\dataset_v2_4defect\train\images\frame_20260504_003206_223347_jpg.rf.b651970cfd8a13092cd5212d40902a79.jpg | datasets\dataset_v2_4defect\train\images\frame_20260504_003208_164135_jpg.rf.5752a18bea9d53891c7b9cc59f07d068.jpg | datasets\dataset_v2_4defect\train\images\frame_20260504_003211_767211_jpg.rf.24aa0cd6a067fe59e27ec4740554ff24.jpg | datasets\dataset_v2_4defect\train\images\frame_20260504_003223_261865_jpg.rf.c57cb6c90f2306caa729815a699c3894.jpg | datasets\dataset_v2_5class\train\images\frame_20260504_003200_300380_jpg.rf.d01c7c124f66fa632b692823c8e1baa9.jpg | datasets\dataset_v2_5class\train\images\frame_20260504_003201_178219_jpg.rf.e005c8a6d4a09e0fa36936efeb83509b.jpg | datasets\dataset_v2_5class\train\images\frame_20260504_003204_269019_jpg.rf.1bdd1feb77ea230c7d36f0e0cbc60ab0.jpg | datasets\dataset_v2_5class\train\images\frame_20260504_003206_223347_jpg.rf.b651970cfd8a13092cd5212d40902a79.jpg | datasets\dataset_v2_5class\train\images\frame_20260504_003208_164135_jpg.rf.5752a18bea9d53891c7b9cc59f07d068.jpg | datasets\dataset_v2_5class\train\images\frame_20260504_003211_767211_jpg.rf.24aa0cd6a067fe59e27ec4740554ff24.jpg | datasets\dataset_v2_5class\train\images\frame_20260504_003223_261865_jpg.rf.c57cb6c90f2306caa729815a699c3894.jpg | datasets\dataset_v3_clean_background\train\images\frame_20260504_003200_300380_jpg.rf.d01c7c124f66fa632b692823c8e1baa9.jpg | datasets\dataset_v3_clean_background\train\images\frame_20260504_003201_178219_jpg.rf.e005c8a6d4a09e0fa36936efeb83509b.jpg | datasets\dataset_v3_clean_background\train\images\frame_20260504_003204_269019_jpg.rf.1bdd1feb77ea230c7d36f0e0cbc60ab0.jpg | datasets\dataset_v3_clean_background\train\images\frame_20260504_003206_223347_jpg.rf.b651970cfd8a13092cd5212d40902a79.jpg | datasets\dataset_v3_clean_background\train\images\frame_20260504_003208_164135_jpg.rf.5752a18bea9d53891c7b9cc59f07d068.jpg | datasets\dataset_v3_clean_background\train\images\frame_20260504_003211_767211_jpg.rf.24aa0cd6a067fe59e27ec4740554ff24.jpg | datasets\dataset_v3_clean_background\train\images\frame_20260504_003223_261865_jpg.rf.c57cb6c90f2306caa729815a699c3894.jpg | datasets\future_training_candidates\hard_negatives\healthy_04_frame_20260504_003223_261865_jpg.rf.c57cb6c90f2306caa729815a699c3894.jpg | datasets\future_training_candidates\optical_failures\healthy_04_frame_20260504_003223_261865_jpg.rf.c57cb6c90f2306caa729815a699c3894.jpg | real_world_controlled_v1\healthy\healthy_04_frame_20260504_003223_261865_jpg.rf.c57cb6c90f2306caa729815a699c3894.jpg | real_world_validation_v2\healthy\healthy_04_frame_20260504_003223_261865_jpg.rf.c57cb6c90f2306caa729815a699c3894.jpg | datasets\dataset_v2_4defect\train\images\frame_20260504_003203_249735_jpg.rf.a7f0044f922611f4982c42a57a6b0fe8.jpg | datasets\dataset_v2_5class\train\images\frame_20260504_003203_249735_jpg.rf.a7f0044f922611f4982c42a57a6b0fe8.jpg | datasets\dataset_v3_clean_background\train\images\frame_20260504_003203_249735_jpg.rf.a7f0044f922611f4982c42a57a6b0fe8.jpg
NEAR_191,NEAR_DHASH_DIST_2,28,datasets\dataset_v2_4defect\train\images\frame_20260504_003200_300380_jpg.rf.d01c7c124f66fa632b692823c8e1baa9.jpg | datasets\dataset_v2_4defect\train\images\frame_20260504_003201_178219_jpg.rf.e005c8a6d4a09e0fa36936efeb83509b.jpg | datasets\dataset_v2_4defect\train\images\frame_20260504_003204_269019_jpg.rf.1bdd1feb77ea230c7d36f0e0cbc60ab0.jpg | datasets\dataset_v2_4defect\train\images\frame_20260504_003206_223347_jpg.rf.b651970cfd8a13092cd5212d40902a79.jpg | datasets\dataset_v2_4defect\train\images\frame_20260504_003208_164135_jpg.rf.5752a18bea9d53891c7b9cc59f07d068.jpg | datasets\dataset_v2_4defect\train\images\frame_20260504_003211_767211_jpg.rf.24aa0cd6a067fe59e27ec4740554ff24.jpg | datasets\dataset_v2_4defect\train\images\frame_20260504_003223_261865_jpg.rf.c57cb6c90f2306caa729815a699c3894.jpg | datasets\dataset_v2_5class\train\images\frame_20260504_003200_300380_jpg.rf.d01c7c124f66fa632b692823c8e1baa9.jpg | datasets\dataset_v2_5class\train\images\frame_20260504_003201_178219_jpg.rf.e005c8a6d4a09e0fa36936efeb83509b.jpg | datasets\dataset_v2_5class\train\images\frame_20260504_003204_269019_jpg.rf.1bdd1feb77ea230c7d36f0e0cbc60ab0.jpg | datasets\dataset_v2_5class\train\images\frame_20260504_003206_223347_jpg.rf.b651970cfd8a13092cd5212d40902a79.jpg | datasets\dataset_v2_5class\train\images\frame_20260504_003208_164135_jpg.rf.5752a18bea9d53891c7b9cc59f07d068.jpg | datasets\dataset_v2_5class\train\images\frame_20260504_003211_767211_jpg.rf.24aa0cd6a067fe59e27ec4740554ff24.jpg | datasets\dataset_v2_5class\train\images\frame_20260504_003223_261865_jpg.rf.c57cb6c90f2306caa729815a699c3894.jpg | datasets\dataset_v3_clean_background\train\images\frame_20260504_003200_300380_jpg.rf.d01c7c124f66fa632b692823c8e1baa9.jpg | datasets\dataset_v3_clean_background\train\images\frame_20260504_003201_178219_jpg.rf.e005c8a6d4a09e0fa36936efeb83509b.jpg | datasets\dataset_v3_clean_background\train\images\frame_20260504_003204_269019_jpg.rf.1bdd1feb77ea230c7d36f0e0cbc60ab0.jpg | datasets\dataset_v3_clean_background\train\images\frame_20260504_003206_223347_jpg.rf.b651970cfd8a13092cd5212d40902a79.jpg | datasets\dataset_v3_clean_background\train\images\frame_20260504_003208_164135_jpg.rf.5752a18bea9d53891c7b9cc59f07d068.jpg | datasets\dataset_v3_clean_background\train\images\frame_20260504_003211_767211_jpg.rf.24aa0cd6a067fe59e27ec4740554ff24.jpg | datasets\dataset_v3_clean_background\train\images\frame_20260504_003223_261865_jpg.rf.c57cb6c90f2306caa729815a699c3894.jpg | datasets\future_training_candidates\hard_negatives\healthy_04_frame_20260504_003223_261865_jpg.rf.c57cb6c90f2306caa729815a699c3894.jpg | datasets\future_training_candidates\optical_failures\healthy_04_frame_20260504_003223_261865_jpg.rf.c57cb6c90f2306caa729815a699c3894.jpg | real_world_controlled_v1\healthy\healthy_04_frame_20260504_003223_261865_jpg.rf.c57cb6c90f2306caa729815a699c3894.jpg | real_world_validation_v2\healthy\healthy_04_frame_20260504_003223_261865_jpg.rf.c57cb6c90f2306caa729815a699c3894.jpg | datasets\dataset_v2_4defect\train\images\frame_20260504_003205_331722_jpg.rf.31a75d5f13ddd606ec044e83704d43d0.jpg | datasets\dataset_v2_5class\train\images\frame_20260504_003205_331722_jpg.rf.31a75d5f13ddd606ec044e83704d43d0.jpg | datasets\dataset_v3_clean_background\train\images\frame_20260504_003205_331722_jpg.rf.31a75d5f13ddd606ec044e83704d43d0.jpg
NEAR_192,NEAR_DHASH_DIST_2,28,datasets\dataset_v2_4defect\train\images\frame_20260504_003200_300380_jpg.rf.d01c7c124f66fa632b692823c8e1baa9.jpg | datasets\dataset_v2_4defect\train\images\frame_20260504_003201_178219_jpg.rf.e005c8a6d4a09e0fa36936efeb83509b.jpg | datasets\dataset_v2_4defect\train\images\frame_20260504_003204_269019_jpg.rf.1bdd1feb77ea230c7d36f0e0cbc60ab0.jpg | datasets\dataset_v2_4defect\train\images\frame_20260504_003206_223347_jpg.rf.b651970cfd8a13092cd5212d40902a79.jpg | datasets\dataset_v2_4defect\train\images\frame_20260504_003208_164135_jpg.rf.5752a18bea9d53891c7b9cc59f07d068.jpg | datasets\dataset_v2_4defect\train\images\frame_20260504_003211_767211_jpg.rf.24aa0cd6a067fe59e27ec4740554ff24.jpg | datasets\dataset_v2_4defect\train\images\frame_20260504_003223_261865_jpg.rf.c57cb6c90f2306caa729815a699c3894.jpg | datasets\dataset_v2_5class\train\images\frame_20260504_003200_300380_jpg.rf.d01c7c124f66fa632b692823c8e1baa9.jpg | datasets\dataset_v2_5class\train\images\frame_20260504_003201_178219_jpg.rf.e005c8a6d4a09e0fa36936efeb83509b.jpg | datasets\dataset_v2_5class\train\images\frame_20260504_003204_269019_jpg.rf.1bdd1feb77ea230c7d36f0e0cbc60ab0.jpg | datasets\dataset_v2_5class\train\images\frame_20260504_003206_223347_jpg.rf.b651970cfd8a13092cd5212d40902a79.jpg | datasets\dataset_v2_5class\train\images\frame_20260504_003208_164135_jpg.rf.5752a18bea9d53891c7b9cc59f07d068.jpg | datasets\dataset_v2_5class\train\images\frame_20260504_003211_767211_jpg.rf.24aa0cd6a067fe59e27ec4740554ff24.jpg | datasets\dataset_v2_5class\train\images\frame_20260504_003223_261865_jpg.rf.c57cb6c90f2306caa729815a699c3894.jpg | datasets\dataset_v3_clean_background\train\images\frame_20260504_003200_300380_jpg.rf.d01c7c124f66fa632b692823c8e1baa9.jpg | datasets\dataset_v3_clean_background\train\images\frame_20260504_003201_178219_jpg.rf.e005c8a6d4a09e0fa36936efeb83509b.jpg | datasets\dataset_v3_clean_background\train\images\frame_20260504_003204_269019_jpg.rf.1bdd1feb77ea230c7d36f0e0cbc60ab0.jpg | datasets\dataset_v3_clean_background\train\images\frame_20260504_003206_223347_jpg.rf.b651970cfd8a13092cd5212d40902a79.jpg | datasets\dataset_v3_clean_background\train\images\frame_20260504_003208_164135_jpg.rf.5752a18bea9d53891c7b9cc59f07d068.jpg | datasets\dataset_v3_clean_background\train\images\frame_20260504_003211_767211_jpg.rf.24aa0cd6a067fe59e27ec4740554ff24.jpg | datasets\dataset_v3_clean_background\train\images\frame_20260504_003223_261865_jpg.rf.c57cb6c90f2306caa729815a699c3894.jpg | datasets\future_training_candidates\hard_negatives\healthy_04_frame_20260504_003223_261865_jpg.rf.c57cb6c90f2306caa729815a699c3894.jpg | datasets\future_training_candidates\optical_failures\healthy_04_frame_20260504_003223_261865_jpg.rf.c57cb6c90f2306caa729815a699c3894.jpg | real_world_controlled_v1\healthy\healthy_04_frame_20260504_003223_261865_jpg.rf.c57cb6c90f2306caa729815a699c3894.jpg | real_world_validation_v2\healthy\healthy_04_frame_20260504_003223_261865_jpg.rf.c57cb6c90f2306caa729815a699c3894.jpg | datasets\dataset_v2_4defect\train\images\frame_20260504_003212_296983_jpg.rf.c1503e5357a782c369ddb0e86495d9b5.jpg | datasets\dataset_v2_5class\train\images\frame_20260504_003212_296983_jpg.rf.c1503e5357a782c369ddb0e86495d9b5.jpg | datasets\dataset_v3_clean_background\train\images\frame_20260504_003212_296983_jpg.rf.c1503e5357a782c369ddb0e86495d9b5.jpg
NEAR_193,NEAR_DHASH_DIST_1,9,datasets\dataset_v2_4defect\train\images\frame_20260504_003202_188372_jpg.rf.2923e02e80779cc3849fa09ac0e29eb6.jpg | datasets\dataset_v2_4defect\train\images\frame_20260504_003219_130213_jpg.rf.3baf4ab673c4d4fafad1eb32aaa54dad.jpg | datasets\dataset_v2_5class\train\images\frame_20260504_003202_188372_jpg.rf.2923e02e80779cc3849fa09ac0e29eb6.jpg | datasets\dataset_v2_5class\train\images\frame_20260504_003219_130213_jpg.rf.3baf4ab673c4d4fafad1eb32aaa54dad.jpg | datasets\dataset_v3_clean_background\train\images\frame_20260504_003202_188372_jpg.rf.2923e02e80779cc3849fa09ac0e29eb6.jpg | datasets\dataset_v3_clean_background\train\images\frame_20260504_003219_130213_jpg.rf.3baf4ab673c4d4fafad1eb32aaa54dad.jpg | datasets\dataset_v2_4defect\train\images\frame_20260504_003203_249735_jpg.rf.a7f0044f922611f4982c42a57a6b0fe8.jpg | datasets\dataset_v2_5class\train\images\frame_20260504_003203_249735_jpg.rf.a7f0044f922611f4982c42a57a6b0fe8.jpg | datasets\dataset_v3_clean_background\train\images\frame_20260504_003203_249735_jpg.rf.a7f0044f922611f4982c42a57a6b0fe8.jpg
NEAR_194,NEAR_DHASH_DIST_3,9,datasets\dataset_v2_4defect\train\images\frame_20260504_003202_188372_jpg.rf.2923e02e80779cc3849fa09ac0e29eb6.jpg | datasets\dataset_v2_4defect\train\images\frame_20260504_003219_130213_jpg.rf.3baf4ab673c4d4fafad1eb32aaa54dad.jpg | datasets\dataset_v2_5class\train\images\frame_20260504_003202_188372_jpg.rf.2923e02e80779cc3849fa09ac0e29eb6.jpg | datasets\dataset_v2_5class\train\images\frame_20260504_003219_130213_jpg.rf.3baf4ab673c4d4fafad1eb32aaa54dad.jpg | datasets\dataset_v3_clean_background\train\images\frame_20260504_003202_188372_jpg.rf.2923e02e80779cc3849fa09ac0e29eb6.jpg | datasets\dataset_v3_clean_background\train\images\frame_20260504_003219_130213_jpg.rf.3baf4ab673c4d4fafad1eb32aaa54dad.jpg | datasets\dataset_v2_4defect\train\images\frame_20260504_003205_331722_jpg.rf.31a75d5f13ddd606ec044e83704d43d0.jpg | datasets\dataset_v2_5class\train\images\frame_20260504_003205_331722_jpg.rf.31a75d5f13ddd606ec044e83704d43d0.jpg | datasets\dataset_v3_clean_background\train\images\frame_20260504_003205_331722_jpg.rf.31a75d5f13ddd606ec044e83704d43d0.jpg
NEAR_195,NEAR_DHASH_DIST_1,9,datasets\dataset_v2_4defect\train\images\frame_20260504_003202_188372_jpg.rf.2923e02e80779cc3849fa09ac0e29eb6.jpg | datasets\dataset_v2_4defect\train\images\frame_20260504_003219_130213_jpg.rf.3baf4ab673c4d4fafad1eb32aaa54dad.jpg | datasets\dataset_v2_5class\train\images\frame_20260504_003202_188372_jpg.rf.2923e02e80779cc3849fa09ac0e29eb6.jpg | datasets\dataset_v2_5class\train\images\frame_20260504_003219_130213_jpg.rf.3baf4ab673c4d4fafad1eb32aaa54dad.jpg | datasets\dataset_v3_clean_background\train\images\frame_20260504_003202_188372_jpg.rf.2923e02e80779cc3849fa09ac0e29eb6.jpg | datasets\dataset_v3_clean_background\train\images\frame_20260504_003219_130213_jpg.rf.3baf4ab673c4d4fafad1eb32aaa54dad.jpg | datasets\dataset_v2_4defect\train\images\frame_20260504_003212_296983_jpg.rf.c1503e5357a782c369ddb0e86495d9b5.jpg | datasets\dataset_v2_5class\train\images\frame_20260504_003212_296983_jpg.rf.c1503e5357a782c369ddb0e86495d9b5.jpg | datasets\dataset_v3_clean_background\train\images\frame_20260504_003212_296983_jpg.rf.c1503e5357a782c369ddb0e86495d9b5.jpg
NEAR_196,NEAR_DHASH_DIST_2,6,datasets\dataset_v2_4defect\train\images\frame_20260504_003203_249735_jpg.rf.a7f0044f922611f4982c42a57a6b0fe8.jpg | datasets\dataset_v2_5class\train\images\frame_20260504_003203_249735_jpg.rf.a7f0044f922611f4982c42a57a6b0fe8.jpg | datasets\dataset_v3_clean_background\train\images\frame_20260504_003203_249735_jpg.rf.a7f0044f922611f4982c42a57a6b0fe8.jpg | datasets\dataset_v2_4defect\train\images\frame_20260504_003205_331722_jpg.rf.31a75d5f13ddd606ec044e83704d43d0.jpg | datasets\dataset_v2_5class\train\images\frame_20260504_003205_331722_jpg.rf.31a75d5f13ddd606ec044e83704d43d0.jpg | datasets\dataset_v3_clean_background\train\images\frame_20260504_003205_331722_jpg.rf.31a75d5f13ddd606ec044e83704d43d0.jpg
NEAR_197,NEAR_DHASH_DIST_2,6,datasets\dataset_v2_4defect\train\images\frame_20260504_003203_249735_jpg.rf.a7f0044f922611f4982c42a57a6b0fe8.jpg | datasets\dataset_v2_5class\train\images\frame_20260504_003203_249735_jpg.rf.a7f0044f922611f4982c42a57a6b0fe8.jpg | datasets\dataset_v3_clean_background\train\images\frame_20260504_003203_249735_jpg.rf.a7f0044f922611f4982c42a57a6b0fe8.jpg | datasets\dataset_v2_4defect\train\images\frame_20260504_003212_296983_jpg.rf.c1503e5357a782c369ddb0e86495d9b5.jpg | datasets\dataset_v2_5class\train\images\frame_20260504_003212_296983_jpg.rf.c1503e5357a782c369ddb0e86495d9b5.jpg | datasets\dataset_v3_clean_background\train\images\frame_20260504_003212_296983_jpg.rf.c1503e5357a782c369ddb0e86495d9b5.jpg
NEAR_198,NEAR_DHASH_DIST_2,6,datasets\dataset_v2_4defect\train\images\frame_20260504_003205_331722_jpg.rf.31a75d5f13ddd606ec044e83704d43d0.jpg | datasets\dataset_v2_5class\train\images\frame_20260504_003205_331722_jpg.rf.31a75d5f13ddd606ec044e83704d43d0.jpg | datasets\dataset_v3_clean_background\train\images\frame_20260504_003205_331722_jpg.rf.31a75d5f13ddd606ec044e83704d43d0.jpg | datasets\dataset_v2_4defect\train\images\frame_20260504_003212_296983_jpg.rf.c1503e5357a782c369ddb0e86495d9b5.jpg | datasets\dataset_v2_5class\train\images\frame_20260504_003212_296983_jpg.rf.c1503e5357a782c369ddb0e86495d9b5.jpg | datasets\dataset_v3_clean_background\train\images\frame_20260504_003212_296983_jpg.rf.c1503e5357a782c369ddb0e86495d9b5.jpg
NEAR_199,NEAR_DHASH_DIST_2,6,datasets\dataset_v2_4defect\train\images\frame_20260504_003717_312621_jpg.rf.21e1e1a655707633c9c97511214d01c6.jpg | datasets\dataset_v2_5class\train\images\frame_20260504_003717_312621_jpg.rf.21e1e1a655707633c9c97511214d01c6.jpg | datasets\dataset_v3_clean_background\train\images\frame_20260504_003717_312621_jpg.rf.21e1e1a655707633c9c97511214d01c6.jpg | datasets\dataset_v2_4defect\train\images\frame_20260504_003752_272879_jpg.rf.4ea2f649e453cfe4e47ceb4081304ee8.jpg | datasets\dataset_v2_5class\train\images\frame_20260504_003752_272879_jpg.rf.4ea2f649e453cfe4e47ceb4081304ee8.jpg | datasets\dataset_v3_clean_background\train\images\frame_20260504_003752_272879_jpg.rf.4ea2f649e453cfe4e47ceb4081304ee8.jpg
NEAR_200,NEAR_DHASH_DIST_3,9,datasets\dataset_v2_4defect\train\images\frame_20260504_003728_277086_jpg.rf.3fb4e0ce3d29765ca003da43bf90f3cf.jpg | datasets\dataset_v2_4defect\train\images\frame_20260504_003743_306443_jpg.rf.33701eb52f5f1b8e8ce8e08fb56b75f9.jpg | datasets\dataset_v2_5class\train\images\frame_20260504_003728_277086_jpg.rf.3fb4e0ce3d29765ca003da43bf90f3cf.jpg | datasets\dataset_v2_5class\train\images\frame_20260504_003743_306443_jpg.rf.33701eb52f5f1b8e8ce8e08fb56b75f9.jpg | datasets\dataset_v3_clean_background\train\images\frame_20260504_003728_277086_jpg.rf.3fb4e0ce3d29765ca003da43bf90f3cf.jpg | datasets\dataset_v3_clean_background\train\images\frame_20260504_003743_306443_jpg.rf.33701eb52f5f1b8e8ce8e08fb56b75f9.jpg | datasets\dataset_v2_4defect\train\images\frame_20260504_003736_276444_jpg.rf.770c7b46ff3e6b6f42b5dc1472820752.jpg | datasets\dataset_v2_5class\train\images\frame_20260504_003736_276444_jpg.rf.770c7b46ff3e6b6f42b5dc1472820752.jpg | datasets\dataset_v3_clean_background\train\images\frame_20260504_003736_276444_jpg.rf.770c7b46ff3e6b6f42b5dc1472820752.jpg
NEAR_201,NEAR_DHASH_DIST_1,9,datasets\dataset_v2_4defect\train\images\frame_20260504_003728_277086_jpg.rf.3fb4e0ce3d29765ca003da43bf90f3cf.jpg | datasets\dataset_v2_4defect\train\images\frame_20260504_003743_306443_jpg.rf.33701eb52f5f1b8e8ce8e08fb56b75f9.jpg | datasets\dataset_v2_5class\train\images\frame_20260504_003728_277086_jpg.rf.3fb4e0ce3d29765ca003da43bf90f3cf.jpg | datasets\dataset_v2_5class\train\images\frame_20260504_003743_306443_jpg.rf.33701eb52f5f1b8e8ce8e08fb56b75f9.jpg | datasets\dataset_v3_clean_background\train\images\frame_20260504_003728_277086_jpg.rf.3fb4e0ce3d29765ca003da43bf90f3cf.jpg | datasets\dataset_v3_clean_background\train\images\frame_20260504_003743_306443_jpg.rf.33701eb52f5f1b8e8ce8e08fb56b75f9.jpg | datasets\dataset_v2_4defect\train\images\frame_20260504_003740_274263_jpg.rf.c84eaaf5d045bafc8a06bb7b1cc180f8.jpg | datasets\dataset_v2_5class\train\images\frame_20260504_003740_274263_jpg.rf.c84eaaf5d045bafc8a06bb7b1cc180f8.jpg | datasets\dataset_v3_clean_background\train\images\frame_20260504_003740_274263_jpg.rf.c84eaaf5d045bafc8a06bb7b1cc180f8.jpg
NEAR_202,NEAR_DHASH_DIST_2,16,datasets\dataset_v2_4defect\train\images\frame_20260504_003728_277086_jpg.rf.3fb4e0ce3d29765ca003da43bf90f3cf.jpg | datasets\dataset_v2_4defect\train\images\frame_20260504_003743_306443_jpg.rf.33701eb52f5f1b8e8ce8e08fb56b75f9.jpg | datasets\dataset_v2_5class\train\images\frame_20260504_003728_277086_jpg.rf.3fb4e0ce3d29765ca003da43bf90f3cf.jpg | datasets\dataset_v2_5class\train\images\frame_20260504_003743_306443_jpg.rf.33701eb52f5f1b8e8ce8e08fb56b75f9.jpg | datasets\dataset_v3_clean_background\train\images\frame_20260504_003728_277086_jpg.rf.3fb4e0ce3d29765ca003da43bf90f3cf.jpg | datasets\dataset_v3_clean_background\train\images\frame_20260504_003743_306443_jpg.rf.33701eb52f5f1b8e8ce8e08fb56b75f9.jpg | datasets\dataset_v2_4defect\train\images\frame_20260504_003751_279429_jpg.rf.1d65e958909e76e16226a7b388d7f5e2.jpg | datasets\dataset_v2_4defect\train\images\frame_20260504_003802_291892_jpg.rf.fe3ac5c51825d422e5a8e85657e472e3.jpg | datasets\dataset_v2_5class\train\images\frame_20260504_003751_279429_jpg.rf.1d65e958909e76e16226a7b388d7f5e2.jpg | datasets\dataset_v2_5class\train\images\frame_20260504_003802_291892_jpg.rf.fe3ac5c51825d422e5a8e85657e472e3.jpg | datasets\dataset_v3_clean_background\train\images\frame_20260504_003751_279429_jpg.rf.1d65e958909e76e16226a7b388d7f5e2.jpg | datasets\dataset_v3_clean_background\train\images\frame_20260504_003802_291892_jpg.rf.fe3ac5c51825d422e5a8e85657e472e3.jpg | datasets\future_training_candidates\hard_negatives\healthy_05_frame_20260504_003751_279429_jpg.rf.1d65e958909e76e16226a7b388d7f5e2.jpg | datasets\future_training_candidates\optical_failures\healthy_05_frame_20260504_003751_279429_jpg.rf.1d65e958909e76e16226a7b388d7f5e2.jpg | real_world_controlled_v1\healthy\healthy_05_frame_20260504_003751_279429_jpg.rf.1d65e958909e76e16226a7b388d7f5e2.jpg | real_world_validation_v2\healthy\healthy_05_frame_20260504_003751_279429_jpg.rf.1d65e958909e76e16226a7b388d7f5e2.jpg
NEAR_203,NEAR_DHASH_DIST_2,9,datasets\dataset_v2_4defect\train\images\frame_20260504_003728_277086_jpg.rf.3fb4e0ce3d29765ca003da43bf90f3cf.jpg | datasets\dataset_v2_4defect\train\images\frame_20260504_003743_306443_jpg.rf.33701eb52f5f1b8e8ce8e08fb56b75f9.jpg | datasets\dataset_v2_5class\train\images\frame_20260504_003728_277086_jpg.rf.3fb4e0ce3d29765ca003da43bf90f3cf.jpg | datasets\dataset_v2_5class\train\images\frame_20260504_003743_306443_jpg.rf.33701eb52f5f1b8e8ce8e08fb56b75f9.jpg | datasets\dataset_v3_clean_background\train\images\frame_20260504_003728_277086_jpg.rf.3fb4e0ce3d29765ca003da43bf90f3cf.jpg | datasets\dataset_v3_clean_background\train\images\frame_20260504_003743_306443_jpg.rf.33701eb52f5f1b8e8ce8e08fb56b75f9.jpg | datasets\dataset_v2_4defect\train\images\frame_20260504_003803_293861_jpg.rf.f623a63839e9230fd2c0351fc3f5dd6a.jpg | datasets\dataset_v2_5class\train\images\frame_20260504_003803_293861_jpg.rf.f623a63839e9230fd2c0351fc3f5dd6a.jpg | datasets\dataset_v3_clean_background\train\images\frame_20260504_003803_293861_jpg.rf.f623a63839e9230fd2c0351fc3f5dd6a.jpg
NEAR_204,NEAR_DHASH_DIST_2,9,datasets\dataset_v2_4defect\train\images\frame_20260504_003728_277086_jpg.rf.3fb4e0ce3d29765ca003da43bf90f3cf.jpg | datasets\dataset_v2_4defect\train\images\frame_20260504_003743_306443_jpg.rf.33701eb52f5f1b8e8ce8e08fb56b75f9.jpg | datasets\dataset_v2_5class\train\images\frame_20260504_003728_277086_jpg.rf.3fb4e0ce3d29765ca003da43bf90f3cf.jpg | datasets\dataset_v2_5class\train\images\frame_20260504_003743_306443_jpg.rf.33701eb52f5f1b8e8ce8e08fb56b75f9.jpg | datasets\dataset_v3_clean_background\train\images\frame_20260504_003728_277086_jpg.rf.3fb4e0ce3d29765ca003da43bf90f3cf.jpg | datasets\dataset_v3_clean_background\train\images\frame_20260504_003743_306443_jpg.rf.33701eb52f5f1b8e8ce8e08fb56b75f9.jpg | datasets\dataset_v2_4defect\train\images\frame_20260504_003806_307882_jpg.rf.b917a97a7117c01cb7af5577a8437142.jpg | datasets\dataset_v2_5class\train\images\frame_20260504_003806_307882_jpg.rf.b917a97a7117c01cb7af5577a8437142.jpg | datasets\dataset_v3_clean_background\train\images\frame_20260504_003806_307882_jpg.rf.b917a97a7117c01cb7af5577a8437142.jpg
NEAR_205,NEAR_DHASH_DIST_2,6,datasets\dataset_v2_4defect\train\images\frame_20260504_003729_284542_jpg.rf.c1cc9ece7a908f494b8371280a69a531.jpg | datasets\dataset_v2_5class\train\images\frame_20260504_003729_284542_jpg.rf.c1cc9ece7a908f494b8371280a69a531.jpg | datasets\dataset_v3_clean_background\train\images\frame_20260504_003729_284542_jpg.rf.c1cc9ece7a908f494b8371280a69a531.jpg | datasets\dataset_v2_4defect\train\images\frame_20260504_003736_276444_jpg.rf.770c7b46ff3e6b6f42b5dc1472820752.jpg | datasets\dataset_v2_5class\train\images\frame_20260504_003736_276444_jpg.rf.770c7b46ff3e6b6f42b5dc1472820752.jpg | datasets\dataset_v3_clean_background\train\images\frame_20260504_003736_276444_jpg.rf.770c7b46ff3e6b6f42b5dc1472820752.jpg
NEAR_206,NEAR_DHASH_DIST_3,6,datasets\dataset_v2_4defect\train\images\frame_20260504_003729_284542_jpg.rf.c1cc9ece7a908f494b8371280a69a531.jpg | datasets\dataset_v2_5class\train\images\frame_20260504_003729_284542_jpg.rf.c1cc9ece7a908f494b8371280a69a531.jpg | datasets\dataset_v3_clean_background\train\images\frame_20260504_003729_284542_jpg.rf.c1cc9ece7a908f494b8371280a69a531.jpg | datasets\dataset_v2_4defect\train\images\frame_20260504_003744_255847_jpg.rf.337efddedc0a2f6e96dfeeb3e8fd704f.jpg | datasets\dataset_v2_5class\train\images\frame_20260504_003744_255847_jpg.rf.337efddedc0a2f6e96dfeeb3e8fd704f.jpg | datasets\dataset_v3_clean_background\train\images\frame_20260504_003744_255847_jpg.rf.337efddedc0a2f6e96dfeeb3e8fd704f.jpg
NEAR_207,NEAR_DHASH_DIST_3,6,datasets\dataset_v2_4defect\train\images\frame_20260504_003729_284542_jpg.rf.c1cc9ece7a908f494b8371280a69a531.jpg | datasets\dataset_v2_5class\train\images\frame_20260504_003729_284542_jpg.rf.c1cc9ece7a908f494b8371280a69a531.jpg | datasets\dataset_v3_clean_background\train\images\frame_20260504_003729_284542_jpg.rf.c1cc9ece7a908f494b8371280a69a531.jpg | datasets\dataset_v2_4defect\train\images\frame_20260504_003748_269952_jpg.rf.e0af07aa931dd7d04443167c02ba6bfe.jpg | datasets\dataset_v2_5class\train\images\frame_20260504_003748_269952_jpg.rf.e0af07aa931dd7d04443167c02ba6bfe.jpg | datasets\dataset_v3_clean_background\train\images\frame_20260504_003748_269952_jpg.rf.e0af07aa931dd7d04443167c02ba6bfe.jpg
NEAR_208,NEAR_DHASH_DIST_3,13,datasets\dataset_v2_4defect\train\images\frame_20260504_003729_284542_jpg.rf.c1cc9ece7a908f494b8371280a69a531.jpg | datasets\dataset_v2_5class\train\images\frame_20260504_003729_284542_jpg.rf.c1cc9ece7a908f494b8371280a69a531.jpg | datasets\dataset_v3_clean_background\train\images\frame_20260504_003729_284542_jpg.rf.c1cc9ece7a908f494b8371280a69a531.jpg | datasets\dataset_v2_4defect\train\images\frame_20260504_003751_279429_jpg.rf.1d65e958909e76e16226a7b388d7f5e2.jpg | datasets\dataset_v2_4defect\train\images\frame_20260504_003802_291892_jpg.rf.fe3ac5c51825d422e5a8e85657e472e3.jpg | datasets\dataset_v2_5class\train\images\frame_20260504_003751_279429_jpg.rf.1d65e958909e76e16226a7b388d7f5e2.jpg | datasets\dataset_v2_5class\train\images\frame_20260504_003802_291892_jpg.rf.fe3ac5c51825d422e5a8e85657e472e3.jpg | datasets\dataset_v3_clean_background\train\images\frame_20260504_003751_279429_jpg.rf.1d65e958909e76e16226a7b388d7f5e2.jpg | datasets\dataset_v3_clean_background\train\images\frame_20260504_003802_291892_jpg.rf.fe3ac5c51825d422e5a8e85657e472e3.jpg | datasets\future_training_candidates\hard_negatives\healthy_05_frame_20260504_003751_279429_jpg.rf.1d65e958909e76e16226a7b388d7f5e2.jpg | datasets\future_training_candidates\optical_failures\healthy_05_frame_20260504_003751_279429_jpg.rf.1d65e958909e76e16226a7b388d7f5e2.jpg | real_world_controlled_v1\healthy\healthy_05_frame_20260504_003751_279429_jpg.rf.1d65e958909e76e16226a7b388d7f5e2.jpg | real_world_validation_v2\healthy\healthy_05_frame_20260504_003751_279429_jpg.rf.1d65e958909e76e16226a7b388d7f5e2.jpg
NEAR_209,NEAR_DHASH_DIST_3,6,datasets\dataset_v2_4defect\train\images\frame_20260504_003729_284542_jpg.rf.c1cc9ece7a908f494b8371280a69a531.jpg | datasets\dataset_v2_5class\train\images\frame_20260504_003729_284542_jpg.rf.c1cc9ece7a908f494b8371280a69a531.jpg | datasets\dataset_v3_clean_background\train\images\frame_20260504_003729_284542_jpg.rf.c1cc9ece7a908f494b8371280a69a531.jpg | datasets\dataset_v2_4defect\train\images\frame_20260504_003803_293861_jpg.rf.f623a63839e9230fd2c0351fc3f5dd6a.jpg | datasets\dataset_v2_5class\train\images\frame_20260504_003803_293861_jpg.rf.f623a63839e9230fd2c0351fc3f5dd6a.jpg | datasets\dataset_v3_clean_background\train\images\frame_20260504_003803_293861_jpg.rf.f623a63839e9230fd2c0351fc3f5dd6a.jpg
NEAR_210,NEAR_DHASH_DIST_3,6,datasets\dataset_v2_4defect\train\images\frame_20260504_003732_277680_jpg.rf.5236a66d3166c974e6c6a6b63ccec823.jpg | datasets\dataset_v2_5class\train\images\frame_20260504_003732_277680_jpg.rf.5236a66d3166c974e6c6a6b63ccec823.jpg | datasets\dataset_v3_clean_background\train\images\frame_20260504_003732_277680_jpg.rf.5236a66d3166c974e6c6a6b63ccec823.jpg | datasets\dataset_v2_4defect\train\images\frame_20260504_003736_276444_jpg.rf.770c7b46ff3e6b6f42b5dc1472820752.jpg | datasets\dataset_v2_5class\train\images\frame_20260504_003736_276444_jpg.rf.770c7b46ff3e6b6f42b5dc1472820752.jpg | datasets\dataset_v3_clean_background\train\images\frame_20260504_003736_276444_jpg.rf.770c7b46ff3e6b6f42b5dc1472820752.jpg
NEAR_211,NEAR_DHASH_DIST_2,6,datasets\dataset_v2_4defect\train\images\frame_20260504_003736_276444_jpg.rf.770c7b46ff3e6b6f42b5dc1472820752.jpg | datasets\dataset_v2_5class\train\images\frame_20260504_003736_276444_jpg.rf.770c7b46ff3e6b6f42b5dc1472820752.jpg | datasets\dataset_v3_clean_background\train\images\frame_20260504_003736_276444_jpg.rf.770c7b46ff3e6b6f42b5dc1472820752.jpg | datasets\dataset_v2_4defect\train\images\frame_20260504_003740_274263_jpg.rf.c84eaaf5d045bafc8a06bb7b1cc180f8.jpg | datasets\dataset_v2_5class\train\images\frame_20260504_003740_274263_jpg.rf.c84eaaf5d045bafc8a06bb7b1cc180f8.jpg | datasets\dataset_v3_clean_background\train\images\frame_20260504_003740_274263_jpg.rf.c84eaaf5d045bafc8a06bb7b1cc180f8.jpg
NEAR_212,NEAR_DHASH_DIST_3,6,datasets\dataset_v2_4defect\train\images\frame_20260504_003736_276444_jpg.rf.770c7b46ff3e6b6f42b5dc1472820752.jpg | datasets\dataset_v2_5class\train\images\frame_20260504_003736_276444_jpg.rf.770c7b46ff3e6b6f42b5dc1472820752.jpg | datasets\dataset_v3_clean_background\train\images\frame_20260504_003736_276444_jpg.rf.770c7b46ff3e6b6f42b5dc1472820752.jpg | datasets\dataset_v2_4defect\train\images\frame_20260504_003748_269952_jpg.rf.e0af07aa931dd7d04443167c02ba6bfe.jpg | datasets\dataset_v2_5class\train\images\frame_20260504_003748_269952_jpg.rf.e0af07aa931dd7d04443167c02ba6bfe.jpg | datasets\dataset_v3_clean_background\train\images\frame_20260504_003748_269952_jpg.rf.e0af07aa931dd7d04443167c02ba6bfe.jpg
NEAR_213,NEAR_DHASH_DIST_1,13,datasets\dataset_v2_4defect\train\images\frame_20260504_003736_276444_jpg.rf.770c7b46ff3e6b6f42b5dc1472820752.jpg | datasets\dataset_v2_5class\train\images\frame_20260504_003736_276444_jpg.rf.770c7b46ff3e6b6f42b5dc1472820752.jpg | datasets\dataset_v3_clean_background\train\images\frame_20260504_003736_276444_jpg.rf.770c7b46ff3e6b6f42b5dc1472820752.jpg | datasets\dataset_v2_4defect\train\images\frame_20260504_003751_279429_jpg.rf.1d65e958909e76e16226a7b388d7f5e2.jpg | datasets\dataset_v2_4defect\train\images\frame_20260504_003802_291892_jpg.rf.fe3ac5c51825d422e5a8e85657e472e3.jpg | datasets\dataset_v2_5class\train\images\frame_20260504_003751_279429_jpg.rf.1d65e958909e76e16226a7b388d7f5e2.jpg | datasets\dataset_v2_5class\train\images\frame_20260504_003802_291892_jpg.rf.fe3ac5c51825d422e5a8e85657e472e3.jpg | datasets\dataset_v3_clean_background\train\images\frame_20260504_003751_279429_jpg.rf.1d65e958909e76e16226a7b388d7f5e2.jpg | datasets\dataset_v3_clean_background\train\images\frame_20260504_003802_291892_jpg.rf.fe3ac5c51825d422e5a8e85657e472e3.jpg | datasets\future_training_candidates\hard_negatives\healthy_05_frame_20260504_003751_279429_jpg.rf.1d65e958909e76e16226a7b388d7f5e2.jpg | datasets\future_training_candidates\optical_failures\healthy_05_frame_20260504_003751_279429_jpg.rf.1d65e958909e76e16226a7b388d7f5e2.jpg | real_world_controlled_v1\healthy\healthy_05_frame_20260504_003751_279429_jpg.rf.1d65e958909e76e16226a7b388d7f5e2.jpg | real_world_validation_v2\healthy\healthy_05_frame_20260504_003751_279429_jpg.rf.1d65e958909e76e16226a7b388d7f5e2.jpg
NEAR_214,NEAR_DHASH_DIST_3,6,datasets\dataset_v2_4defect\train\images\frame_20260504_003736_276444_jpg.rf.770c7b46ff3e6b6f42b5dc1472820752.jpg | datasets\dataset_v2_5class\train\images\frame_20260504_003736_276444_jpg.rf.770c7b46ff3e6b6f42b5dc1472820752.jpg | datasets\dataset_v3_clean_background\train\images\frame_20260504_003736_276444_jpg.rf.770c7b46ff3e6b6f42b5dc1472820752.jpg | datasets\dataset_v2_4defect\train\images\frame_20260504_003803_293861_jpg.rf.f623a63839e9230fd2c0351fc3f5dd6a.jpg | datasets\dataset_v2_5class\train\images\frame_20260504_003803_293861_jpg.rf.f623a63839e9230fd2c0351fc3f5dd6a.jpg | datasets\dataset_v3_clean_background\train\images\frame_20260504_003803_293861_jpg.rf.f623a63839e9230fd2c0351fc3f5dd6a.jpg
NEAR_215,NEAR_DHASH_DIST_3,6,datasets\dataset_v2_4defect\train\images\frame_20260504_003736_276444_jpg.rf.770c7b46ff3e6b6f42b5dc1472820752.jpg | datasets\dataset_v2_5class\train\images\frame_20260504_003736_276444_jpg.rf.770c7b46ff3e6b6f42b5dc1472820752.jpg | datasets\dataset_v3_clean_background\train\images\frame_20260504_003736_276444_jpg.rf.770c7b46ff3e6b6f42b5dc1472820752.jpg | datasets\dataset_v2_4defect\train\images\frame_20260504_003806_307882_jpg.rf.b917a97a7117c01cb7af5577a8437142.jpg | datasets\dataset_v2_5class\train\images\frame_20260504_003806_307882_jpg.rf.b917a97a7117c01cb7af5577a8437142.jpg | datasets\dataset_v3_clean_background\train\images\frame_20260504_003806_307882_jpg.rf.b917a97a7117c01cb7af5577a8437142.jpg
NEAR_216,NEAR_DHASH_DIST_2,9,datasets\dataset_v2_4defect\train\images\frame_20260504_003737_295509_jpg.rf.628e99c1a7473859ea2f796a1f746af2.jpg | datasets\dataset_v2_4defect\train\images\frame_20260504_003750_292935_jpg.rf.255938dc3def9c33d5bb52ada5960d97.jpg | datasets\dataset_v2_5class\train\images\frame_20260504_003737_295509_jpg.rf.628e99c1a7473859ea2f796a1f746af2.jpg | datasets\dataset_v2_5class\train\images\frame_20260504_003750_292935_jpg.rf.255938dc3def9c33d5bb52ada5960d97.jpg | datasets\dataset_v3_clean_background\train\images\frame_20260504_003737_295509_jpg.rf.628e99c1a7473859ea2f796a1f746af2.jpg | datasets\dataset_v3_clean_background\train\images\frame_20260504_003750_292935_jpg.rf.255938dc3def9c33d5bb52ada5960d97.jpg | datasets\dataset_v2_4defect\train\images\frame_20260504_003752_272879_jpg.rf.4ea2f649e453cfe4e47ceb4081304ee8.jpg | datasets\dataset_v2_5class\train\images\frame_20260504_003752_272879_jpg.rf.4ea2f649e453cfe4e47ceb4081304ee8.jpg | datasets\dataset_v3_clean_background\train\images\frame_20260504_003752_272879_jpg.rf.4ea2f649e453cfe4e47ceb4081304ee8.jpg
NEAR_217,NEAR_DHASH_DIST_3,9,datasets\dataset_v2_4defect\train\images\frame_20260504_003737_295509_jpg.rf.628e99c1a7473859ea2f796a1f746af2.jpg | datasets\dataset_v2_4defect\train\images\frame_20260504_003750_292935_jpg.rf.255938dc3def9c33d5bb52ada5960d97.jpg | datasets\dataset_v2_5class\train\images\frame_20260504_003737_295509_jpg.rf.628e99c1a7473859ea2f796a1f746af2.jpg | datasets\dataset_v2_5class\train\images\frame_20260504_003750_292935_jpg.rf.255938dc3def9c33d5bb52ada5960d97.jpg | datasets\dataset_v3_clean_background\train\images\frame_20260504_003737_295509_jpg.rf.628e99c1a7473859ea2f796a1f746af2.jpg | datasets\dataset_v3_clean_background\train\images\frame_20260504_003750_292935_jpg.rf.255938dc3def9c33d5bb52ada5960d97.jpg | datasets\dataset_v2_4defect\train\images\frame_20260504_003803_293861_jpg.rf.f623a63839e9230fd2c0351fc3f5dd6a.jpg | datasets\dataset_v2_5class\train\images\frame_20260504_003803_293861_jpg.rf.f623a63839e9230fd2c0351fc3f5dd6a.jpg | datasets\dataset_v3_clean_background\train\images\frame_20260504_003803_293861_jpg.rf.f623a63839e9230fd2c0351fc3f5dd6a.jpg
NEAR_218,NEAR_DHASH_DIST_3,6,datasets\dataset_v2_4defect\train\images\frame_20260504_003740_274263_jpg.rf.c84eaaf5d045bafc8a06bb7b1cc180f8.jpg | datasets\dataset_v2_5class\train\images\frame_20260504_003740_274263_jpg.rf.c84eaaf5d045bafc8a06bb7b1cc180f8.jpg | datasets\dataset_v3_clean_background\train\images\frame_20260504_003740_274263_jpg.rf.c84eaaf5d045bafc8a06bb7b1cc180f8.jpg | datasets\dataset_v2_4defect\train\images\frame_20260504_003748_269952_jpg.rf.e0af07aa931dd7d04443167c02ba6bfe.jpg | datasets\dataset_v2_5class\train\images\frame_20260504_003748_269952_jpg.rf.e0af07aa931dd7d04443167c02ba6bfe.jpg | datasets\dataset_v3_clean_background\train\images\frame_20260504_003748_269952_jpg.rf.e0af07aa931dd7d04443167c02ba6bfe.jpg
NEAR_219,NEAR_DHASH_DIST_1,13,datasets\dataset_v2_4defect\train\images\frame_20260504_003740_274263_jpg.rf.c84eaaf5d045bafc8a06bb7b1cc180f8.jpg | datasets\dataset_v2_5class\train\images\frame_20260504_003740_274263_jpg.rf.c84eaaf5d045bafc8a06bb7b1cc180f8.jpg | datasets\dataset_v3_clean_background\train\images\frame_20260504_003740_274263_jpg.rf.c84eaaf5d045bafc8a06bb7b1cc180f8.jpg | datasets\dataset_v2_4defect\train\images\frame_20260504_003751_279429_jpg.rf.1d65e958909e76e16226a7b388d7f5e2.jpg | datasets\dataset_v2_4defect\train\images\frame_20260504_003802_291892_jpg.rf.fe3ac5c51825d422e5a8e85657e472e3.jpg | datasets\dataset_v2_5class\train\images\frame_20260504_003751_279429_jpg.rf.1d65e958909e76e16226a7b388d7f5e2.jpg | datasets\dataset_v2_5class\train\images\frame_20260504_003802_291892_jpg.rf.fe3ac5c51825d422e5a8e85657e472e3.jpg | datasets\dataset_v3_clean_background\train\images\frame_20260504_003751_279429_jpg.rf.1d65e958909e76e16226a7b388d7f5e2.jpg | datasets\dataset_v3_clean_background\train\images\frame_20260504_003802_291892_jpg.rf.fe3ac5c51825d422e5a8e85657e472e3.jpg | datasets\future_training_candidates\hard_negatives\healthy_05_frame_20260504_003751_279429_jpg.rf.1d65e958909e76e16226a7b388d7f5e2.jpg | datasets\future_training_candidates\optical_failures\healthy_05_frame_20260504_003751_279429_jpg.rf.1d65e958909e76e16226a7b388d7f5e2.jpg | real_world_controlled_v1\healthy\healthy_05_frame_20260504_003751_279429_jpg.rf.1d65e958909e76e16226a7b388d7f5e2.jpg | real_world_validation_v2\healthy\healthy_05_frame_20260504_003751_279429_jpg.rf.1d65e958909e76e16226a7b388d7f5e2.jpg
NEAR_220,NEAR_DHASH_DIST_3,6,datasets\dataset_v2_4defect\train\images\frame_20260504_003740_274263_jpg.rf.c84eaaf5d045bafc8a06bb7b1cc180f8.jpg | datasets\dataset_v2_5class\train\images\frame_20260504_003740_274263_jpg.rf.c84eaaf5d045bafc8a06bb7b1cc180f8.jpg | datasets\dataset_v3_clean_background\train\images\frame_20260504_003740_274263_jpg.rf.c84eaaf5d045bafc8a06bb7b1cc180f8.jpg | datasets\dataset_v2_4defect\train\images\frame_20260504_003803_293861_jpg.rf.f623a63839e9230fd2c0351fc3f5dd6a.jpg | datasets\dataset_v2_5class\train\images\frame_20260504_003803_293861_jpg.rf.f623a63839e9230fd2c0351fc3f5dd6a.jpg | datasets\dataset_v3_clean_background\train\images\frame_20260504_003803_293861_jpg.rf.f623a63839e9230fd2c0351fc3f5dd6a.jpg
NEAR_221,NEAR_DHASH_DIST_3,6,datasets\dataset_v2_4defect\train\images\frame_20260504_003740_274263_jpg.rf.c84eaaf5d045bafc8a06bb7b1cc180f8.jpg | datasets\dataset_v2_5class\train\images\frame_20260504_003740_274263_jpg.rf.c84eaaf5d045bafc8a06bb7b1cc180f8.jpg | datasets\dataset_v3_clean_background\train\images\frame_20260504_003740_274263_jpg.rf.c84eaaf5d045bafc8a06bb7b1cc180f8.jpg | datasets\dataset_v2_4defect\train\images\frame_20260504_003806_307882_jpg.rf.b917a97a7117c01cb7af5577a8437142.jpg | datasets\dataset_v2_5class\train\images\frame_20260504_003806_307882_jpg.rf.b917a97a7117c01cb7af5577a8437142.jpg | datasets\dataset_v3_clean_background\train\images\frame_20260504_003806_307882_jpg.rf.b917a97a7117c01cb7af5577a8437142.jpg
NEAR_222,NEAR_DHASH_DIST_2,13,datasets\dataset_v2_4defect\train\images\frame_20260504_003748_269952_jpg.rf.e0af07aa931dd7d04443167c02ba6bfe.jpg | datasets\dataset_v2_5class\train\images\frame_20260504_003748_269952_jpg.rf.e0af07aa931dd7d04443167c02ba6bfe.jpg | datasets\dataset_v3_clean_background\train\images\frame_20260504_003748_269952_jpg.rf.e0af07aa931dd7d04443167c02ba6bfe.jpg | datasets\dataset_v2_4defect\train\images\frame_20260504_003751_279429_jpg.rf.1d65e958909e76e16226a7b388d7f5e2.jpg | datasets\dataset_v2_4defect\train\images\frame_20260504_003802_291892_jpg.rf.fe3ac5c51825d422e5a8e85657e472e3.jpg | datasets\dataset_v2_5class\train\images\frame_20260504_003751_279429_jpg.rf.1d65e958909e76e16226a7b388d7f5e2.jpg | datasets\dataset_v2_5class\train\images\frame_20260504_003802_291892_jpg.rf.fe3ac5c51825d422e5a8e85657e472e3.jpg | datasets\dataset_v3_clean_background\train\images\frame_20260504_003751_279429_jpg.rf.1d65e958909e76e16226a7b388d7f5e2.jpg | datasets\dataset_v3_clean_background\train\images\frame_20260504_003802_291892_jpg.rf.fe3ac5c51825d422e5a8e85657e472e3.jpg | datasets\future_training_candidates\hard_negatives\healthy_05_frame_20260504_003751_279429_jpg.rf.1d65e958909e76e16226a7b388d7f5e2.jpg | datasets\future_training_candidates\optical_failures\healthy_05_frame_20260504_003751_279429_jpg.rf.1d65e958909e76e16226a7b388d7f5e2.jpg | real_world_controlled_v1\healthy\healthy_05_frame_20260504_003751_279429_jpg.rf.1d65e958909e76e16226a7b388d7f5e2.jpg | real_world_validation_v2\healthy\healthy_05_frame_20260504_003751_279429_jpg.rf.1d65e958909e76e16226a7b388d7f5e2.jpg
NEAR_223,NEAR_DHASH_DIST_2,6,datasets\dataset_v2_4defect\train\images\frame_20260504_003748_269952_jpg.rf.e0af07aa931dd7d04443167c02ba6bfe.jpg | datasets\dataset_v2_5class\train\images\frame_20260504_003748_269952_jpg.rf.e0af07aa931dd7d04443167c02ba6bfe.jpg | datasets\dataset_v3_clean_background\train\images\frame_20260504_003748_269952_jpg.rf.e0af07aa931dd7d04443167c02ba6bfe.jpg | datasets\dataset_v2_4defect\train\images\frame_20260504_003803_293861_jpg.rf.f623a63839e9230fd2c0351fc3f5dd6a.jpg | datasets\dataset_v2_5class\train\images\frame_20260504_003803_293861_jpg.rf.f623a63839e9230fd2c0351fc3f5dd6a.jpg | datasets\dataset_v3_clean_background\train\images\frame_20260504_003803_293861_jpg.rf.f623a63839e9230fd2c0351fc3f5dd6a.jpg
NEAR_224,NEAR_DHASH_DIST_1,7,datasets\dataset_v2_4defect\train\images\frame_20260504_003749_285762_jpg.rf.52f0b53fab1f1fa2d768eea9abef141f.jpg | datasets\dataset_v2_5class\train\images\frame_20260504_003749_285762_jpg.rf.52f0b53fab1f1fa2d768eea9abef141f.jpg | datasets\dataset_v3_clean_background\train\images\frame_20260504_003749_285762_jpg.rf.52f0b53fab1f1fa2d768eea9abef141f.jpg | real_world_controlled_v1\belt_splice\belt_splice_14_frame_20260504_003749_285762_jpg.rf.52f0b53fab1f1fa2d768eea9abef141f.jpg | datasets\dataset_v2_4defect\train\images\frame_20260504_003749_285762_jpg.rf.52f0b53fab1f1fa2d768eea9abef141f_aug_contrast_3.jpg | datasets\dataset_v2_5class\train\images\frame_20260504_003749_285762_jpg.rf.52f0b53fab1f1fa2d768eea9abef141f_aug_contrast_3.jpg | datasets\dataset_v3_clean_background\train\images\frame_20260504_003749_285762_jpg.rf.52f0b53fab1f1fa2d768eea9abef141f_aug_contrast_3.jpg
NEAR_225,NEAR_DHASH_DIST_3,7,datasets\dataset_v2_4defect\train\images\frame_20260504_003749_285762_jpg.rf.52f0b53fab1f1fa2d768eea9abef141f.jpg | datasets\dataset_v2_5class\train\images\frame_20260504_003749_285762_jpg.rf.52f0b53fab1f1fa2d768eea9abef141f.jpg | datasets\dataset_v3_clean_background\train\images\frame_20260504_003749_285762_jpg.rf.52f0b53fab1f1fa2d768eea9abef141f.jpg | real_world_controlled_v1\belt_splice\belt_splice_14_frame_20260504_003749_285762_jpg.rf.52f0b53fab1f1fa2d768eea9abef141f.jpg | datasets\dataset_v2_4defect\train\images\frame_20260504_003804_298077_jpg.rf.5953da7289d654c56b9d3a3c2545f702.jpg | datasets\dataset_v2_5class\train\images\frame_20260504_003804_298077_jpg.rf.5953da7289d654c56b9d3a3c2545f702.jpg | datasets\dataset_v3_clean_background\train\images\frame_20260504_003804_298077_jpg.rf.5953da7289d654c56b9d3a3c2545f702.jpg
NEAR_226,NEAR_DHASH_DIST_2,13,datasets\dataset_v2_4defect\train\images\frame_20260504_003751_279429_jpg.rf.1d65e958909e76e16226a7b388d7f5e2.jpg | datasets\dataset_v2_4defect\train\images\frame_20260504_003802_291892_jpg.rf.fe3ac5c51825d422e5a8e85657e472e3.jpg | datasets\dataset_v2_5class\train\images\frame_20260504_003751_279429_jpg.rf.1d65e958909e76e16226a7b388d7f5e2.jpg | datasets\dataset_v2_5class\train\images\frame_20260504_003802_291892_jpg.rf.fe3ac5c51825d422e5a8e85657e472e3.jpg | datasets\dataset_v3_clean_background\train\images\frame_20260504_003751_279429_jpg.rf.1d65e958909e76e16226a7b388d7f5e2.jpg | datasets\dataset_v3_clean_background\train\images\frame_20260504_003802_291892_jpg.rf.fe3ac5c51825d422e5a8e85657e472e3.jpg | datasets\future_training_candidates\hard_negatives\healthy_05_frame_20260504_003751_279429_jpg.rf.1d65e958909e76e16226a7b388d7f5e2.jpg | datasets\future_training_candidates\optical_failures\healthy_05_frame_20260504_003751_279429_jpg.rf.1d65e958909e76e16226a7b388d7f5e2.jpg | real_world_controlled_v1\healthy\healthy_05_frame_20260504_003751_279429_jpg.rf.1d65e958909e76e16226a7b388d7f5e2.jpg | real_world_validation_v2\healthy\healthy_05_frame_20260504_003751_279429_jpg.rf.1d65e958909e76e16226a7b388d7f5e2.jpg | datasets\dataset_v2_4defect\train\images\frame_20260504_003803_293861_jpg.rf.f623a63839e9230fd2c0351fc3f5dd6a.jpg | datasets\dataset_v2_5class\train\images\frame_20260504_003803_293861_jpg.rf.f623a63839e9230fd2c0351fc3f5dd6a.jpg | datasets\dataset_v3_clean_background\train\images\frame_20260504_003803_293861_jpg.rf.f623a63839e9230fd2c0351fc3f5dd6a.jpg
NEAR_227,NEAR_DHASH_DIST_2,13,datasets\dataset_v2_4defect\train\images\frame_20260504_003751_279429_jpg.rf.1d65e958909e76e16226a7b388d7f5e2.jpg | datasets\dataset_v2_4defect\train\images\frame_20260504_003802_291892_jpg.rf.fe3ac5c51825d422e5a8e85657e472e3.jpg | datasets\dataset_v2_5class\train\images\frame_20260504_003751_279429_jpg.rf.1d65e958909e76e16226a7b388d7f5e2.jpg | datasets\dataset_v2_5class\train\images\frame_20260504_003802_291892_jpg.rf.fe3ac5c51825d422e5a8e85657e472e3.jpg | datasets\dataset_v3_clean_background\train\images\frame_20260504_003751_279429_jpg.rf.1d65e958909e76e16226a7b388d7f5e2.jpg | datasets\dataset_v3_clean_background\train\images\frame_20260504_003802_291892_jpg.rf.fe3ac5c51825d422e5a8e85657e472e3.jpg | datasets\future_training_candidates\hard_negatives\healthy_05_frame_20260504_003751_279429_jpg.rf.1d65e958909e76e16226a7b388d7f5e2.jpg | datasets\future_training_candidates\optical_failures\healthy_05_frame_20260504_003751_279429_jpg.rf.1d65e958909e76e16226a7b388d7f5e2.jpg | real_world_controlled_v1\healthy\healthy_05_frame_20260504_003751_279429_jpg.rf.1d65e958909e76e16226a7b388d7f5e2.jpg | real_world_validation_v2\healthy\healthy_05_frame_20260504_003751_279429_jpg.rf.1d65e958909e76e16226a7b388d7f5e2.jpg | datasets\dataset_v2_4defect\train\images\frame_20260504_003806_307882_jpg.rf.b917a97a7117c01cb7af5577a8437142.jpg | datasets\dataset_v2_5class\train\images\frame_20260504_003806_307882_jpg.rf.b917a97a7117c01cb7af5577a8437142.jpg | datasets\dataset_v3_clean_background\train\images\frame_20260504_003806_307882_jpg.rf.b917a97a7117c01cb7af5577a8437142.jpg
NEAR_228,NEAR_DHASH_DIST_2,6,datasets\dataset_v2_4defect\train\images\frame_20260504_003803_293861_jpg.rf.f623a63839e9230fd2c0351fc3f5dd6a.jpg | datasets\dataset_v2_5class\train\images\frame_20260504_003803_293861_jpg.rf.f623a63839e9230fd2c0351fc3f5dd6a.jpg | datasets\dataset_v3_clean_background\train\images\frame_20260504_003803_293861_jpg.rf.f623a63839e9230fd2c0351fc3f5dd6a.jpg | datasets\dataset_v2_4defect\train\images\frame_20260504_003806_307882_jpg.rf.b917a97a7117c01cb7af5577a8437142.jpg | datasets\dataset_v2_5class\train\images\frame_20260504_003806_307882_jpg.rf.b917a97a7117c01cb7af5577a8437142.jpg | datasets\dataset_v3_clean_background\train\images\frame_20260504_003806_307882_jpg.rf.b917a97a7117c01cb7af5577a8437142.jpg
NEAR_229,NEAR_DHASH_DIST_1,7,datasets\dataset_v2_4defect\train\images\frame_20260504_003808_345436_jpg.rf.b9abac02d81ba7193d7fa9a0f6232ed7.jpg | datasets\dataset_v2_5class\train\images\frame_20260504_003808_345436_jpg.rf.b9abac02d81ba7193d7fa9a0f6232ed7.jpg | datasets\dataset_v3_clean_background\train\images\frame_20260504_003808_345436_jpg.rf.b9abac02d81ba7193d7fa9a0f6232ed7.jpg | datasets\dataset_v2_4defect\train\images\frame_20260504_003808_345436_jpg.rf.b9abac02d81ba7193d7fa9a0f6232ed7_aug_contrast_3.jpg | datasets\dataset_v2_5class\train\images\frame_20260504_003808_345436_jpg.rf.b9abac02d81ba7193d7fa9a0f6232ed7_aug_contrast_3.jpg | datasets\dataset_v3_clean_background\train\images\frame_20260504_003808_345436_jpg.rf.b9abac02d81ba7193d7fa9a0f6232ed7_aug_contrast_3.jpg | real_world_controlled_v1\belt_splice\belt_splice_15_frame_20260504_003808_345436_jpg.rf.b9abac02d81ba7193d7fa9a0f6232ed7.jpg
NEAR_230,NEAR_DHASH_DIST_1,10,datasets\dataset_v2_4defect\train\images\frame_20260504_004417_338750_jpg.rf.020265f2aa7ade05c47663b04a049fee.jpg | datasets\dataset_v2_5class\train\images\frame_20260504_004417_338750_jpg.rf.020265f2aa7ade05c47663b04a049fee.jpg | datasets\dataset_v3_clean_background\train\images\frame_20260504_004417_338750_jpg.rf.020265f2aa7ade05c47663b04a049fee.jpg | datasets\dataset_v2_4defect\train\images\frame_20260504_004418_010416_jpg.rf.ff6ac19afaa7604f8c0f19030bdcdbfb.jpg | datasets\dataset_v2_4defect\train\images\frame_20260504_004419_135670_jpg.rf.ee9bd7158c50245cb4253366baea415c_aug_contrast_2.jpg | datasets\dataset_v2_5class\train\images\frame_20260504_004418_010416_jpg.rf.ff6ac19afaa7604f8c0f19030bdcdbfb.jpg | datasets\dataset_v2_5class\train\images\frame_20260504_004419_135670_jpg.rf.ee9bd7158c50245cb4253366baea415c_aug_contrast_2.jpg | datasets\dataset_v3_clean_background\train\images\frame_20260504_004418_010416_jpg.rf.ff6ac19afaa7604f8c0f19030bdcdbfb.jpg | datasets\dataset_v3_clean_background\train\images\frame_20260504_004419_135670_jpg.rf.ee9bd7158c50245cb4253366baea415c_aug_contrast_2.jpg | real_world_controlled_v1\deep_scratch\deep_scratch_24_frame_20260504_004419_135670_jpg.rf.ee9bd7158c50245cb4253366baea415c.jpg
NEAR_231,NEAR_DHASH_DIST_3,10,datasets\dataset_v2_4defect\train\images\frame_20260504_004417_338750_jpg.rf.020265f2aa7ade05c47663b04a049fee.jpg | datasets\dataset_v2_5class\train\images\frame_20260504_004417_338750_jpg.rf.020265f2aa7ade05c47663b04a049fee.jpg | datasets\dataset_v3_clean_background\train\images\frame_20260504_004417_338750_jpg.rf.020265f2aa7ade05c47663b04a049fee.jpg | datasets\dataset_v2_4defect\train\images\frame_20260504_004427_979748_jpg.rf.73625f18ced5a5540d1146b85bc57ff0.jpg | datasets\dataset_v2_4defect\train\images\frame_20260504_004427_979748_jpg.rf.73625f18ced5a5540d1146b85bc57ff0_aug_contrast_2.jpg | datasets\dataset_v2_5class\train\images\frame_20260504_004427_979748_jpg.rf.73625f18ced5a5540d1146b85bc57ff0.jpg | datasets\dataset_v2_5class\train\images\frame_20260504_004427_979748_jpg.rf.73625f18ced5a5540d1146b85bc57ff0_aug_contrast_2.jpg | datasets\dataset_v3_clean_background\train\images\frame_20260504_004427_979748_jpg.rf.73625f18ced5a5540d1146b85bc57ff0.jpg | datasets\dataset_v3_clean_background\train\images\frame_20260504_004427_979748_jpg.rf.73625f18ced5a5540d1146b85bc57ff0_aug_contrast_2.jpg | real_world_controlled_v1\deep_scratch\deep_scratch_26_frame_20260504_004427_979748_jpg.rf.73625f18ced5a5540d1146b85bc57ff0.jpg
NEAR_232,NEAR_DHASH_DIST_1,6,datasets\dataset_v2_4defect\train\images\frame_20260504_004417_338750_jpg.rf.020265f2aa7ade05c47663b04a049fee_aug_vflip_1.jpg | datasets\dataset_v2_5class\train\images\frame_20260504_004417_338750_jpg.rf.020265f2aa7ade05c47663b04a049fee_aug_vflip_1.jpg | datasets\dataset_v3_clean_background\train\images\frame_20260504_004417_338750_jpg.rf.020265f2aa7ade05c47663b04a049fee_aug_vflip_1.jpg | datasets\dataset_v2_4defect\train\images\frame_20260504_004419_135670_jpg.rf.ee9bd7158c50245cb4253366baea415c_aug_vflip_1.jpg | datasets\dataset_v2_5class\train\images\frame_20260504_004419_135670_jpg.rf.ee9bd7158c50245cb4253366baea415c_aug_vflip_1.jpg | datasets\dataset_v3_clean_background\train\images\frame_20260504_004419_135670_jpg.rf.ee9bd7158c50245cb4253366baea415c_aug_vflip_1.jpg
NEAR_233,NEAR_DHASH_DIST_3,6,datasets\dataset_v2_4defect\train\images\frame_20260504_004417_338750_jpg.rf.020265f2aa7ade05c47663b04a049fee_aug_vflip_1.jpg | datasets\dataset_v2_5class\train\images\frame_20260504_004417_338750_jpg.rf.020265f2aa7ade05c47663b04a049fee_aug_vflip_1.jpg | datasets\dataset_v3_clean_background\train\images\frame_20260504_004417_338750_jpg.rf.020265f2aa7ade05c47663b04a049fee_aug_vflip_1.jpg | datasets\dataset_v2_4defect\train\images\frame_20260504_004427_979748_jpg.rf.73625f18ced5a5540d1146b85bc57ff0_aug_vflip_1.jpg | datasets\dataset_v2_5class\train\images\frame_20260504_004427_979748_jpg.rf.73625f18ced5a5540d1146b85bc57ff0_aug_vflip_1.jpg | datasets\dataset_v3_clean_background\train\images\frame_20260504_004427_979748_jpg.rf.73625f18ced5a5540d1146b85bc57ff0_aug_vflip_1.jpg
NEAR_234,NEAR_DHASH_DIST_2,14,datasets\dataset_v2_4defect\train\images\frame_20260504_004418_010416_jpg.rf.ff6ac19afaa7604f8c0f19030bdcdbfb.jpg | datasets\dataset_v2_4defect\train\images\frame_20260504_004419_135670_jpg.rf.ee9bd7158c50245cb4253366baea415c_aug_contrast_2.jpg | datasets\dataset_v2_5class\train\images\frame_20260504_004418_010416_jpg.rf.ff6ac19afaa7604f8c0f19030bdcdbfb.jpg | datasets\dataset_v2_5class\train\images\frame_20260504_004419_135670_jpg.rf.ee9bd7158c50245cb4253366baea415c_aug_contrast_2.jpg | datasets\dataset_v3_clean_background\train\images\frame_20260504_004418_010416_jpg.rf.ff6ac19afaa7604f8c0f19030bdcdbfb.jpg | datasets\dataset_v3_clean_background\train\images\frame_20260504_004419_135670_jpg.rf.ee9bd7158c50245cb4253366baea415c_aug_contrast_2.jpg | real_world_controlled_v1\deep_scratch\deep_scratch_24_frame_20260504_004419_135670_jpg.rf.ee9bd7158c50245cb4253366baea415c.jpg | datasets\dataset_v2_4defect\train\images\frame_20260504_004427_979748_jpg.rf.73625f18ced5a5540d1146b85bc57ff0.jpg | datasets\dataset_v2_4defect\train\images\frame_20260504_004427_979748_jpg.rf.73625f18ced5a5540d1146b85bc57ff0_aug_contrast_2.jpg | datasets\dataset_v2_5class\train\images\frame_20260504_004427_979748_jpg.rf.73625f18ced5a5540d1146b85bc57ff0.jpg | datasets\dataset_v2_5class\train\images\frame_20260504_004427_979748_jpg.rf.73625f18ced5a5540d1146b85bc57ff0_aug_contrast_2.jpg | datasets\dataset_v3_clean_background\train\images\frame_20260504_004427_979748_jpg.rf.73625f18ced5a5540d1146b85bc57ff0.jpg | datasets\dataset_v3_clean_background\train\images\frame_20260504_004427_979748_jpg.rf.73625f18ced5a5540d1146b85bc57ff0_aug_contrast_2.jpg | real_world_controlled_v1\deep_scratch\deep_scratch_26_frame_20260504_004427_979748_jpg.rf.73625f18ced5a5540d1146b85bc57ff0.jpg
NEAR_235,NEAR_DHASH_DIST_2,6,datasets\dataset_v2_4defect\train\images\frame_20260504_004419_135670_jpg.rf.ee9bd7158c50245cb4253366baea415c_aug_vflip_1.jpg | datasets\dataset_v2_5class\train\images\frame_20260504_004419_135670_jpg.rf.ee9bd7158c50245cb4253366baea415c_aug_vflip_1.jpg | datasets\dataset_v3_clean_background\train\images\frame_20260504_004419_135670_jpg.rf.ee9bd7158c50245cb4253366baea415c_aug_vflip_1.jpg | datasets\dataset_v2_4defect\train\images\frame_20260504_004427_979748_jpg.rf.73625f18ced5a5540d1146b85bc57ff0_aug_vflip_1.jpg | datasets\dataset_v2_5class\train\images\frame_20260504_004427_979748_jpg.rf.73625f18ced5a5540d1146b85bc57ff0_aug_vflip_1.jpg | datasets\dataset_v3_clean_background\train\images\frame_20260504_004427_979748_jpg.rf.73625f18ced5a5540d1146b85bc57ff0_aug_vflip_1.jpg
NEAR_236,NEAR_DHASH_DIST_1,7,datasets\dataset_v2_4defect\train\images\frame_20260504_004432_961191_jpg.rf.3d345c7e243dc6d4805602b88c894e53.jpg | datasets\dataset_v2_5class\train\images\frame_20260504_004432_961191_jpg.rf.3d345c7e243dc6d4805602b88c894e53.jpg | datasets\dataset_v3_clean_background\train\images\frame_20260504_004432_961191_jpg.rf.3d345c7e243dc6d4805602b88c894e53.jpg | real_world_controlled_v1\slight_scratch\slight_scratch_12_frame_20260504_004432_961191_jpg.rf.3d345c7e243dc6d4805602b88c894e53.jpg | datasets\dataset_v2_4defect\train\images\frame_20260504_004432_961191_jpg.rf.3d345c7e243dc6d4805602b88c894e53_aug_contrast_1.jpg | datasets\dataset_v2_5class\train\images\frame_20260504_004432_961191_jpg.rf.3d345c7e243dc6d4805602b88c894e53_aug_contrast_1.jpg | datasets\dataset_v3_clean_background\train\images\frame_20260504_004432_961191_jpg.rf.3d345c7e243dc6d4805602b88c894e53_aug_contrast_1.jpg
NEAR_237,NEAR_DHASH_DIST_3,7,datasets\dataset_v2_4defect\train\images\frame_20260504_004432_961191_jpg.rf.3d345c7e243dc6d4805602b88c894e53.jpg | datasets\dataset_v2_5class\train\images\frame_20260504_004432_961191_jpg.rf.3d345c7e243dc6d4805602b88c894e53.jpg | datasets\dataset_v3_clean_background\train\images\frame_20260504_004432_961191_jpg.rf.3d345c7e243dc6d4805602b88c894e53.jpg | real_world_controlled_v1\slight_scratch\slight_scratch_12_frame_20260504_004432_961191_jpg.rf.3d345c7e243dc6d4805602b88c894e53.jpg | datasets\dataset_v2_4defect\train\images\frame_20260504_004447_974224_jpg.rf.c2a90542747a571732118a90f30d442a_aug_contrast_1.jpg | datasets\dataset_v2_5class\train\images\frame_20260504_004447_974224_jpg.rf.c2a90542747a571732118a90f30d442a_aug_contrast_1.jpg | datasets\dataset_v3_clean_background\train\images\frame_20260504_004447_974224_jpg.rf.c2a90542747a571732118a90f30d442a_aug_contrast_1.jpg
NEAR_238,NEAR_DHASH_DIST_2,6,datasets\dataset_v2_4defect\train\images\frame_20260504_004432_961191_jpg.rf.3d345c7e243dc6d4805602b88c894e53_aug_contrast_1.jpg | datasets\dataset_v2_5class\train\images\frame_20260504_004432_961191_jpg.rf.3d345c7e243dc6d4805602b88c894e53_aug_contrast_1.jpg | datasets\dataset_v3_clean_background\train\images\frame_20260504_004432_961191_jpg.rf.3d345c7e243dc6d4805602b88c894e53_aug_contrast_1.jpg | datasets\dataset_v2_4defect\train\images\frame_20260504_004447_974224_jpg.rf.c2a90542747a571732118a90f30d442a_aug_contrast_1.jpg | datasets\dataset_v2_5class\train\images\frame_20260504_004447_974224_jpg.rf.c2a90542747a571732118a90f30d442a_aug_contrast_1.jpg | datasets\dataset_v3_clean_background\train\images\frame_20260504_004447_974224_jpg.rf.c2a90542747a571732118a90f30d442a_aug_contrast_1.jpg
NEAR_239,NEAR_DHASH_DIST_1,7,datasets\dataset_v2_4defect\train\images\frame_20260504_004437_949566_jpg.rf.b37247f8d50fb96426e555de8ce4a54a.jpg | datasets\dataset_v2_5class\train\images\frame_20260504_004437_949566_jpg.rf.b37247f8d50fb96426e555de8ce4a54a.jpg | datasets\dataset_v3_clean_background\train\images\frame_20260504_004437_949566_jpg.rf.b37247f8d50fb96426e555de8ce4a54a.jpg | real_world_controlled_v1\deep_scratch\deep_scratch_27_frame_20260504_004437_949566_jpg.rf.b37247f8d50fb96426e555de8ce4a54a.jpg | datasets\dataset_v2_4defect\train\images\frame_20260504_004437_949566_jpg.rf.b37247f8d50fb96426e555de8ce4a54a_aug_contrast_2.jpg | datasets\dataset_v2_5class\train\images\frame_20260504_004437_949566_jpg.rf.b37247f8d50fb96426e555de8ce4a54a_aug_contrast_2.jpg | datasets\dataset_v3_clean_background\train\images\frame_20260504_004437_949566_jpg.rf.b37247f8d50fb96426e555de8ce4a54a_aug_contrast_2.jpg
NEAR_240,NEAR_DHASH_DIST_1,7,datasets\dataset_v2_4defect\train\images\frame_20260504_004445_970180_jpg.rf.69abb3f3ae45da9dd5b4a6b016d46a03.jpg | datasets\dataset_v2_5class\train\images\frame_20260504_004445_970180_jpg.rf.69abb3f3ae45da9dd5b4a6b016d46a03.jpg | datasets\dataset_v3_clean_background\train\images\frame_20260504_004445_970180_jpg.rf.69abb3f3ae45da9dd5b4a6b016d46a03.jpg | real_world_controlled_v1\belt_splice\belt_splice_17_frame_20260504_004445_970180_jpg.rf.69abb3f3ae45da9dd5b4a6b016d46a03.jpg | datasets\dataset_v2_4defect\train\images\frame_20260504_004445_970180_jpg.rf.69abb3f3ae45da9dd5b4a6b016d46a03_aug_contrast_3.jpg | datasets\dataset_v2_5class\train\images\frame_20260504_004445_970180_jpg.rf.69abb3f3ae45da9dd5b4a6b016d46a03_aug_contrast_3.jpg | datasets\dataset_v3_clean_background\train\images\frame_20260504_004445_970180_jpg.rf.69abb3f3ae45da9dd5b4a6b016d46a03_aug_contrast_3.jpg
NEAR_241,NEAR_DHASH_DIST_2,7,datasets\dataset_v2_4defect\train\images\frame_20260504_004447_974224_jpg.rf.c2a90542747a571732118a90f30d442a.jpg | datasets\dataset_v2_5class\train\images\frame_20260504_004447_974224_jpg.rf.c2a90542747a571732118a90f30d442a.jpg | datasets\dataset_v3_clean_background\train\images\frame_20260504_004447_974224_jpg.rf.c2a90542747a571732118a90f30d442a.jpg | real_world_controlled_v1\slight_scratch\slight_scratch_13_frame_20260504_004447_974224_jpg.rf.c2a90542747a571732118a90f30d442a.jpg | datasets\dataset_v2_4defect\train\images\frame_20260504_004447_974224_jpg.rf.c2a90542747a571732118a90f30d442a_aug_contrast_1.jpg | datasets\dataset_v2_5class\train\images\frame_20260504_004447_974224_jpg.rf.c2a90542747a571732118a90f30d442a_aug_contrast_1.jpg | datasets\dataset_v3_clean_background\train\images\frame_20260504_004447_974224_jpg.rf.c2a90542747a571732118a90f30d442a_aug_contrast_1.jpg
NEAR_242,NEAR_DHASH_DIST_2,7,datasets\dataset_v2_4defect\train\images\frame_20260504_004451_049861_jpg.rf.a69f79979dcd2b1a492471f623b10c32.jpg | datasets\dataset_v2_5class\train\images\frame_20260504_004451_049861_jpg.rf.a69f79979dcd2b1a492471f623b10c32.jpg | datasets\dataset_v3_clean_background\train\images\frame_20260504_004451_049861_jpg.rf.a69f79979dcd2b1a492471f623b10c32.jpg | real_world_controlled_v1\deep_scratch\deep_scratch_29_frame_20260504_004451_049861_jpg.rf.a69f79979dcd2b1a492471f623b10c32.jpg | datasets\dataset_v2_4defect\train\images\frame_20260504_004451_049861_jpg.rf.a69f79979dcd2b1a492471f623b10c32_aug_contrast_2.jpg | datasets\dataset_v2_5class\train\images\frame_20260504_004451_049861_jpg.rf.a69f79979dcd2b1a492471f623b10c32_aug_contrast_2.jpg | datasets\dataset_v3_clean_background\train\images\frame_20260504_004451_049861_jpg.rf.a69f79979dcd2b1a492471f623b10c32_aug_contrast_2.jpg
NEAR_243,NEAR_DHASH_DIST_1,7,datasets\dataset_v2_4defect\train\images\frame_20260504_004501_016110_jpg.rf.d77b1094a463b29f8e3528567e6a70cf.jpg | datasets\dataset_v2_5class\train\images\frame_20260504_004501_016110_jpg.rf.d77b1094a463b29f8e3528567e6a70cf.jpg | datasets\dataset_v3_clean_background\train\images\frame_20260504_004501_016110_jpg.rf.d77b1094a463b29f8e3528567e6a70cf.jpg | real_world_controlled_v1\belt_splice\belt_splice_18_frame_20260504_004501_016110_jpg.rf.d77b1094a463b29f8e3528567e6a70cf.jpg | datasets\dataset_v2_4defect\train\images\frame_20260504_004501_016110_jpg.rf.d77b1094a463b29f8e3528567e6a70cf_aug_contrast_3.jpg | datasets\dataset_v2_5class\train\images\frame_20260504_004501_016110_jpg.rf.d77b1094a463b29f8e3528567e6a70cf_aug_contrast_3.jpg | datasets\dataset_v3_clean_background\train\images\frame_20260504_004501_016110_jpg.rf.d77b1094a463b29f8e3528567e6a70cf_aug_contrast_3.jpg
NEAR_244,NEAR_DHASH_DIST_2,6,datasets\dataset_v2_4defect\train\images\frame_20260504_005312_597339_jpg.rf.a44b1aa378f5d2b4ebf83a5cca6e04e8.jpg | datasets\dataset_v2_5class\train\images\frame_20260504_005312_597339_jpg.rf.a44b1aa378f5d2b4ebf83a5cca6e04e8.jpg | datasets\dataset_v3_clean_background\train\images\frame_20260504_005312_597339_jpg.rf.a44b1aa378f5d2b4ebf83a5cca6e04e8.jpg | datasets\dataset_v2_4defect\train\images\frame_20260504_005312_597339_jpg.rf.a44b1aa378f5d2b4ebf83a5cca6e04e8_aug_contrast_2.jpg | datasets\dataset_v2_5class\train\images\frame_20260504_005312_597339_jpg.rf.a44b1aa378f5d2b4ebf83a5cca6e04e8_aug_contrast_2.jpg | datasets\dataset_v3_clean_background\train\images\frame_20260504_005312_597339_jpg.rf.a44b1aa378f5d2b4ebf83a5cca6e04e8_aug_contrast_2.jpg
NEAR_245,NEAR_DHASH_DIST_2,6,datasets\dataset_v2_4defect\train\images\frame_20260504_005312_597339_jpg.rf.a44b1aa378f5d2b4ebf83a5cca6e04e8.jpg | datasets\dataset_v2_5class\train\images\frame_20260504_005312_597339_jpg.rf.a44b1aa378f5d2b4ebf83a5cca6e04e8.jpg | datasets\dataset_v3_clean_background\train\images\frame_20260504_005312_597339_jpg.rf.a44b1aa378f5d2b4ebf83a5cca6e04e8.jpg | datasets\dataset_v2_4defect\train\images\frame_20260504_005313_848486_jpg.rf.20d810f340187d4069e35af5bd3eb2d1.jpg | datasets\dataset_v2_5class\train\images\frame_20260504_005313_848486_jpg.rf.20d810f340187d4069e35af5bd3eb2d1.jpg | datasets\dataset_v3_clean_background\train\images\frame_20260504_005313_848486_jpg.rf.20d810f340187d4069e35af5bd3eb2d1.jpg
NEAR_246,NEAR_DHASH_DIST_1,7,datasets\dataset_v2_4defect\train\images\frame_20260504_005312_597339_jpg.rf.a44b1aa378f5d2b4ebf83a5cca6e04e8.jpg | datasets\dataset_v2_5class\train\images\frame_20260504_005312_597339_jpg.rf.a44b1aa378f5d2b4ebf83a5cca6e04e8.jpg | datasets\dataset_v3_clean_background\train\images\frame_20260504_005312_597339_jpg.rf.a44b1aa378f5d2b4ebf83a5cca6e04e8.jpg | datasets\dataset_v2_4defect\train\images\frame_20260504_005313_848486_jpg.rf.20d810f340187d4069e35af5bd3eb2d1_aug_contrast_1.jpg | datasets\dataset_v2_5class\train\images\frame_20260504_005313_848486_jpg.rf.20d810f340187d4069e35af5bd3eb2d1_aug_contrast_1.jpg | datasets\dataset_v3_clean_background\train\images\frame_20260504_005313_848486_jpg.rf.20d810f340187d4069e35af5bd3eb2d1_aug_contrast_1.jpg | real_world_controlled_v1\slight_scratch\slight_scratch_15_frame_20260504_005313_848486_jpg.rf.20d810f340187d4069e35af5bd3eb2d1.jpg
NEAR_247,NEAR_DHASH_DIST_3,6,datasets\dataset_v2_4defect\train\images\frame_20260504_005312_597339_jpg.rf.a44b1aa378f5d2b4ebf83a5cca6e04e8.jpg | datasets\dataset_v2_5class\train\images\frame_20260504_005312_597339_jpg.rf.a44b1aa378f5d2b4ebf83a5cca6e04e8.jpg | datasets\dataset_v3_clean_background\train\images\frame_20260504_005312_597339_jpg.rf.a44b1aa378f5d2b4ebf83a5cca6e04e8.jpg | datasets\dataset_v2_4defect\train\images\frame_20260504_005316_078867_jpg.rf.798b9fa7082401fae52e561340199147.jpg | datasets\dataset_v2_5class\train\images\frame_20260504_005316_078867_jpg.rf.798b9fa7082401fae52e561340199147.jpg | datasets\dataset_v3_clean_background\train\images\frame_20260504_005316_078867_jpg.rf.798b9fa7082401fae52e561340199147.jpg
NEAR_248,NEAR_DHASH_DIST_1,7,datasets\dataset_v2_4defect\train\images\frame_20260504_005312_597339_jpg.rf.a44b1aa378f5d2b4ebf83a5cca6e04e8.jpg | datasets\dataset_v2_5class\train\images\frame_20260504_005312_597339_jpg.rf.a44b1aa378f5d2b4ebf83a5cca6e04e8.jpg | datasets\dataset_v3_clean_background\train\images\frame_20260504_005312_597339_jpg.rf.a44b1aa378f5d2b4ebf83a5cca6e04e8.jpg | datasets\dataset_v2_4defect\train\images\frame_20260504_005316_078867_jpg.rf.798b9fa7082401fae52e561340199147_aug_contrast_2.jpg | datasets\dataset_v2_5class\train\images\frame_20260504_005316_078867_jpg.rf.798b9fa7082401fae52e561340199147_aug_contrast_2.jpg | datasets\dataset_v3_clean_background\train\images\frame_20260504_005316_078867_jpg.rf.798b9fa7082401fae52e561340199147_aug_contrast_2.jpg | real_world_controlled_v1\slight_scratch\slight_scratch_14_frame_20260504_005312_597339_jpg.rf.a44b1aa378f5d2b4ebf83a5cca6e04e8.jpg
NEAR_249,NEAR_DHASH_DIST_2,9,datasets\dataset_v2_4defect\train\images\frame_20260504_005312_597339_jpg.rf.a44b1aa378f5d2b4ebf83a5cca6e04e8.jpg | datasets\dataset_v2_5class\train\images\frame_20260504_005312_597339_jpg.rf.a44b1aa378f5d2b4ebf83a5cca6e04e8.jpg | datasets\dataset_v3_clean_background\train\images\frame_20260504_005312_597339_jpg.rf.a44b1aa378f5d2b4ebf83a5cca6e04e8.jpg | datasets\dataset_v2_4defect\train\images\frame_20260504_005316_820953_jpg.rf.f7655344574d707d269a8619ae8d1306.jpg | datasets\dataset_v2_4defect\train\images\frame_20260504_005316_820953_jpg.rf.f7655344574d707d269a8619ae8d1306_aug_contrast_2.jpg | datasets\dataset_v2_5class\train\images\frame_20260504_005316_820953_jpg.rf.f7655344574d707d269a8619ae8d1306.jpg | datasets\dataset_v2_5class\train\images\frame_20260504_005316_820953_jpg.rf.f7655344574d707d269a8619ae8d1306_aug_contrast_2.jpg | datasets\dataset_v3_clean_background\train\images\frame_20260504_005316_820953_jpg.rf.f7655344574d707d269a8619ae8d1306.jpg | datasets\dataset_v3_clean_background\train\images\frame_20260504_005316_820953_jpg.rf.f7655344574d707d269a8619ae8d1306_aug_contrast_2.jpg
NEAR_250,NEAR_DHASH_DIST_3,6,datasets\dataset_v2_4defect\train\images\frame_20260504_005312_597339_jpg.rf.a44b1aa378f5d2b4ebf83a5cca6e04e8.jpg | datasets\dataset_v2_5class\train\images\frame_20260504_005312_597339_jpg.rf.a44b1aa378f5d2b4ebf83a5cca6e04e8.jpg | datasets\dataset_v3_clean_background\train\images\frame_20260504_005312_597339_jpg.rf.a44b1aa378f5d2b4ebf83a5cca6e04e8.jpg | datasets\dataset_v2_4defect\train\images\frame_20260504_005322_621231_jpg.rf.8de2ff35e4f6d1a3048d7e6449d44736.jpg | datasets\dataset_v2_5class\train\images\frame_20260504_005322_621231_jpg.rf.8de2ff35e4f6d1a3048d7e6449d44736.jpg | datasets\dataset_v3_clean_background\train\images\frame_20260504_005322_621231_jpg.rf.8de2ff35e4f6d1a3048d7e6449d44736.jpg
NEAR_251,NEAR_DHASH_DIST_2,6,datasets\dataset_v2_4defect\train\images\frame_20260504_005312_597339_jpg.rf.a44b1aa378f5d2b4ebf83a5cca6e04e8.jpg | datasets\dataset_v2_5class\train\images\frame_20260504_005312_597339_jpg.rf.a44b1aa378f5d2b4ebf83a5cca6e04e8.jpg | datasets\dataset_v3_clean_background\train\images\frame_20260504_005312_597339_jpg.rf.a44b1aa378f5d2b4ebf83a5cca6e04e8.jpg | datasets\dataset_v2_4defect\train\images\frame_20260504_005322_621231_jpg.rf.8de2ff35e4f6d1a3048d7e6449d44736_aug_contrast_2.jpg | datasets\dataset_v2_5class\train\images\frame_20260504_005322_621231_jpg.rf.8de2ff35e4f6d1a3048d7e6449d44736_aug_contrast_2.jpg | datasets\dataset_v3_clean_background\train\images\frame_20260504_005322_621231_jpg.rf.8de2ff35e4f6d1a3048d7e6449d44736_aug_contrast_2.jpg
NEAR_252,NEAR_DHASH_DIST_3,7,datasets\dataset_v2_4defect\train\images\frame_20260504_005312_597339_jpg.rf.a44b1aa378f5d2b4ebf83a5cca6e04e8_aug_contrast_2.jpg | datasets\dataset_v2_5class\train\images\frame_20260504_005312_597339_jpg.rf.a44b1aa378f5d2b4ebf83a5cca6e04e8_aug_contrast_2.jpg | datasets\dataset_v3_clean_background\train\images\frame_20260504_005312_597339_jpg.rf.a44b1aa378f5d2b4ebf83a5cca6e04e8_aug_contrast_2.jpg | datasets\dataset_v2_4defect\train\images\frame_20260504_005313_848486_jpg.rf.20d810f340187d4069e35af5bd3eb2d1_aug_contrast_1.jpg | datasets\dataset_v2_5class\train\images\frame_20260504_005313_848486_jpg.rf.20d810f340187d4069e35af5bd3eb2d1_aug_contrast_1.jpg | datasets\dataset_v3_clean_background\train\images\frame_20260504_005313_848486_jpg.rf.20d810f340187d4069e35af5bd3eb2d1_aug_contrast_1.jpg | real_world_controlled_v1\slight_scratch\slight_scratch_15_frame_20260504_005313_848486_jpg.rf.20d810f340187d4069e35af5bd3eb2d1.jpg
NEAR_253,NEAR_DHASH_DIST_3,6,datasets\dataset_v2_4defect\train\images\frame_20260504_005312_597339_jpg.rf.a44b1aa378f5d2b4ebf83a5cca6e04e8_aug_contrast_2.jpg | datasets\dataset_v2_5class\train\images\frame_20260504_005312_597339_jpg.rf.a44b1aa378f5d2b4ebf83a5cca6e04e8_aug_contrast_2.jpg | datasets\dataset_v3_clean_background\train\images\frame_20260504_005312_597339_jpg.rf.a44b1aa378f5d2b4ebf83a5cca6e04e8_aug_contrast_2.jpg | datasets\dataset_v2_4defect\train\images\frame_20260504_005316_078867_jpg.rf.798b9fa7082401fae52e561340199147.jpg | datasets\dataset_v2_5class\train\images\frame_20260504_005316_078867_jpg.rf.798b9fa7082401fae52e561340199147.jpg | datasets\dataset_v3_clean_background\train\images\frame_20260504_005316_078867_jpg.rf.798b9fa7082401fae52e561340199147.jpg
NEAR_254,NEAR_DHASH_DIST_1,7,datasets\dataset_v2_4defect\train\images\frame_20260504_005312_597339_jpg.rf.a44b1aa378f5d2b4ebf83a5cca6e04e8_aug_contrast_2.jpg | datasets\dataset_v2_5class\train\images\frame_20260504_005312_597339_jpg.rf.a44b1aa378f5d2b4ebf83a5cca6e04e8_aug_contrast_2.jpg | datasets\dataset_v3_clean_background\train\images\frame_20260504_005312_597339_jpg.rf.a44b1aa378f5d2b4ebf83a5cca6e04e8_aug_contrast_2.jpg | datasets\dataset_v2_4defect\train\images\frame_20260504_005316_078867_jpg.rf.798b9fa7082401fae52e561340199147_aug_contrast_2.jpg | datasets\dataset_v2_5class\train\images\frame_20260504_005316_078867_jpg.rf.798b9fa7082401fae52e561340199147_aug_contrast_2.jpg | datasets\dataset_v3_clean_background\train\images\frame_20260504_005316_078867_jpg.rf.798b9fa7082401fae52e561340199147_aug_contrast_2.jpg | real_world_controlled_v1\slight_scratch\slight_scratch_14_frame_20260504_005312_597339_jpg.rf.a44b1aa378f5d2b4ebf83a5cca6e04e8.jpg
NEAR_255,NEAR_DHASH_DIST_2,9,datasets\dataset_v2_4defect\train\images\frame_20260504_005312_597339_jpg.rf.a44b1aa378f5d2b4ebf83a5cca6e04e8_aug_contrast_2.jpg | datasets\dataset_v2_5class\train\images\frame_20260504_005312_597339_jpg.rf.a44b1aa378f5d2b4ebf83a5cca6e04e8_aug_contrast_2.jpg | datasets\dataset_v3_clean_background\train\images\frame_20260504_005312_597339_jpg.rf.a44b1aa378f5d2b4ebf83a5cca6e04e8_aug_contrast_2.jpg | datasets\dataset_v2_4defect\train\images\frame_20260504_005316_820953_jpg.rf.f7655344574d707d269a8619ae8d1306.jpg | datasets\dataset_v2_4defect\train\images\frame_20260504_005316_820953_jpg.rf.f7655344574d707d269a8619ae8d1306_aug_contrast_2.jpg | datasets\dataset_v2_5class\train\images\frame_20260504_005316_820953_jpg.rf.f7655344574d707d269a8619ae8d1306.jpg | datasets\dataset_v2_5class\train\images\frame_20260504_005316_820953_jpg.rf.f7655344574d707d269a8619ae8d1306_aug_contrast_2.jpg | datasets\dataset_v3_clean_background\train\images\frame_20260504_005316_820953_jpg.rf.f7655344574d707d269a8619ae8d1306.jpg | datasets\dataset_v3_clean_background\train\images\frame_20260504_005316_820953_jpg.rf.f7655344574d707d269a8619ae8d1306_aug_contrast_2.jpg
NEAR_256,NEAR_DHASH_DIST_1,15,datasets\dataset_v2_4defect\train\images\frame_20260504_005312_597339_jpg.rf.a44b1aa378f5d2b4ebf83a5cca6e04e8_aug_hflip_0.jpg | datasets\dataset_v2_4defect\train\images\frame_20260504_005313_848486_jpg.rf.20d810f340187d4069e35af5bd3eb2d1_aug_hflip_0.jpg | datasets\dataset_v2_4defect\train\images\frame_20260504_005316_078867_jpg.rf.798b9fa7082401fae52e561340199147_aug_hflip_0.jpg | datasets\dataset_v2_5class\train\images\frame_20260504_005312_597339_jpg.rf.a44b1aa378f5d2b4ebf83a5cca6e04e8_aug_hflip_0.jpg | datasets\dataset_v2_5class\train\images\frame_20260504_005313_848486_jpg.rf.20d810f340187d4069e35af5bd3eb2d1_aug_hflip_0.jpg | datasets\dataset_v2_5class\train\images\frame_20260504_005316_078867_jpg.rf.798b9fa7082401fae52e561340199147_aug_hflip_0.jpg | datasets\dataset_v3_clean_background\train\images\frame_20260504_005312_597339_jpg.rf.a44b1aa378f5d2b4ebf83a5cca6e04e8_aug_hflip_0.jpg | datasets\dataset_v3_clean_background\train\images\frame_20260504_005313_848486_jpg.rf.20d810f340187d4069e35af5bd3eb2d1_aug_hflip_0.jpg | datasets\dataset_v3_clean_background\train\images\frame_20260504_005316_078867_jpg.rf.798b9fa7082401fae52e561340199147_aug_hflip_0.jpg | datasets\dataset_v2_4defect\train\images\frame_20260504_005316_820953_jpg.rf.f7655344574d707d269a8619ae8d1306_aug_hflip_0.jpg | datasets\dataset_v2_4defect\train\images\frame_20260504_005322_621231_jpg.rf.8de2ff35e4f6d1a3048d7e6449d44736_aug_hflip_0.jpg | datasets\dataset_v2_5class\train\images\frame_20260504_005316_820953_jpg.rf.f7655344574d707d269a8619ae8d1306_aug_hflip_0.jpg | datasets\dataset_v2_5class\train\images\frame_20260504_005322_621231_jpg.rf.8de2ff35e4f6d1a3048d7e6449d44736_aug_hflip_0.jpg | datasets\dataset_v3_clean_background\train\images\frame_20260504_005316_820953_jpg.rf.f7655344574d707d269a8619ae8d1306_aug_hflip_0.jpg | datasets\dataset_v3_clean_background\train\images\frame_20260504_005322_621231_jpg.rf.8de2ff35e4f6d1a3048d7e6449d44736_aug_hflip_0.jpg
NEAR_257,NEAR_DHASH_DIST_3,6,datasets\dataset_v2_4defect\train\images\frame_20260504_005312_597339_jpg.rf.a44b1aa378f5d2b4ebf83a5cca6e04e8_aug_vflip_1.jpg | datasets\dataset_v2_5class\train\images\frame_20260504_005312_597339_jpg.rf.a44b1aa378f5d2b4ebf83a5cca6e04e8_aug_vflip_1.jpg | datasets\dataset_v3_clean_background\train\images\frame_20260504_005312_597339_jpg.rf.a44b1aa378f5d2b4ebf83a5cca6e04e8_aug_vflip_1.jpg | datasets\dataset_v2_4defect\train\images\frame_20260504_005316_078867_jpg.rf.798b9fa7082401fae52e561340199147_aug_vflip_1.jpg | datasets\dataset_v2_5class\train\images\frame_20260504_005316_078867_jpg.rf.798b9fa7082401fae52e561340199147_aug_vflip_1.jpg | datasets\dataset_v3_clean_background\train\images\frame_20260504_005316_078867_jpg.rf.798b9fa7082401fae52e561340199147_aug_vflip_1.jpg
NEAR_258,NEAR_DHASH_DIST_2,6,datasets\dataset_v2_4defect\train\images\frame_20260504_005312_597339_jpg.rf.a44b1aa378f5d2b4ebf83a5cca6e04e8_aug_vflip_1.jpg | datasets\dataset_v2_5class\train\images\frame_20260504_005312_597339_jpg.rf.a44b1aa378f5d2b4ebf83a5cca6e04e8_aug_vflip_1.jpg | datasets\dataset_v3_clean_background\train\images\frame_20260504_005312_597339_jpg.rf.a44b1aa378f5d2b4ebf83a5cca6e04e8_aug_vflip_1.jpg | datasets\dataset_v2_4defect\train\images\frame_20260504_005316_820953_jpg.rf.f7655344574d707d269a8619ae8d1306_aug_vflip_1.jpg | datasets\dataset_v2_5class\train\images\frame_20260504_005316_820953_jpg.rf.f7655344574d707d269a8619ae8d1306_aug_vflip_1.jpg | datasets\dataset_v3_clean_background\train\images\frame_20260504_005316_820953_jpg.rf.f7655344574d707d269a8619ae8d1306_aug_vflip_1.jpg
NEAR_259,NEAR_DHASH_DIST_3,6,datasets\dataset_v2_4defect\train\images\frame_20260504_005312_597339_jpg.rf.a44b1aa378f5d2b4ebf83a5cca6e04e8_aug_vflip_1.jpg | datasets\dataset_v2_5class\train\images\frame_20260504_005312_597339_jpg.rf.a44b1aa378f5d2b4ebf83a5cca6e04e8_aug_vflip_1.jpg | datasets\dataset_v3_clean_background\train\images\frame_20260504_005312_597339_jpg.rf.a44b1aa378f5d2b4ebf83a5cca6e04e8_aug_vflip_1.jpg | datasets\dataset_v2_4defect\train\images\frame_20260504_005322_621231_jpg.rf.8de2ff35e4f6d1a3048d7e6449d44736_aug_vflip_1.jpg | datasets\dataset_v2_5class\train\images\frame_20260504_005322_621231_jpg.rf.8de2ff35e4f6d1a3048d7e6449d44736_aug_vflip_1.jpg | datasets\dataset_v3_clean_background\train\images\frame_20260504_005322_621231_jpg.rf.8de2ff35e4f6d1a3048d7e6449d44736_aug_vflip_1.jpg
NEAR_260,NEAR_DHASH_DIST_1,7,datasets\dataset_v2_4defect\train\images\frame_20260504_005313_848486_jpg.rf.20d810f340187d4069e35af5bd3eb2d1.jpg | datasets\dataset_v2_5class\train\images\frame_20260504_005313_848486_jpg.rf.20d810f340187d4069e35af5bd3eb2d1.jpg | datasets\dataset_v3_clean_background\train\images\frame_20260504_005313_848486_jpg.rf.20d810f340187d4069e35af5bd3eb2d1.jpg | datasets\dataset_v2_4defect\train\images\frame_20260504_005313_848486_jpg.rf.20d810f340187d4069e35af5bd3eb2d1_aug_contrast_1.jpg | datasets\dataset_v2_5class\train\images\frame_20260504_005313_848486_jpg.rf.20d810f340187d4069e35af5bd3eb2d1_aug_contrast_1.jpg | datasets\dataset_v3_clean_background\train\images\frame_20260504_005313_848486_jpg.rf.20d810f340187d4069e35af5bd3eb2d1_aug_contrast_1.jpg | real_world_controlled_v1\slight_scratch\slight_scratch_15_frame_20260504_005313_848486_jpg.rf.20d810f340187d4069e35af5bd3eb2d1.jpg
NEAR_261,NEAR_DHASH_DIST_3,6,datasets\dataset_v2_4defect\train\images\frame_20260504_005313_848486_jpg.rf.20d810f340187d4069e35af5bd3eb2d1.jpg | datasets\dataset_v2_5class\train\images\frame_20260504_005313_848486_jpg.rf.20d810f340187d4069e35af5bd3eb2d1.jpg | datasets\dataset_v3_clean_background\train\images\frame_20260504_005313_848486_jpg.rf.20d810f340187d4069e35af5bd3eb2d1.jpg | datasets\dataset_v2_4defect\train\images\frame_20260504_005316_078867_jpg.rf.798b9fa7082401fae52e561340199147.jpg | datasets\dataset_v2_5class\train\images\frame_20260504_005316_078867_jpg.rf.798b9fa7082401fae52e561340199147.jpg | datasets\dataset_v3_clean_background\train\images\frame_20260504_005316_078867_jpg.rf.798b9fa7082401fae52e561340199147.jpg
NEAR_262,NEAR_DHASH_DIST_3,7,datasets\dataset_v2_4defect\train\images\frame_20260504_005313_848486_jpg.rf.20d810f340187d4069e35af5bd3eb2d1.jpg | datasets\dataset_v2_5class\train\images\frame_20260504_005313_848486_jpg.rf.20d810f340187d4069e35af5bd3eb2d1.jpg | datasets\dataset_v3_clean_background\train\images\frame_20260504_005313_848486_jpg.rf.20d810f340187d4069e35af5bd3eb2d1.jpg | datasets\dataset_v2_4defect\train\images\frame_20260504_005316_078867_jpg.rf.798b9fa7082401fae52e561340199147_aug_contrast_2.jpg | datasets\dataset_v2_5class\train\images\frame_20260504_005316_078867_jpg.rf.798b9fa7082401fae52e561340199147_aug_contrast_2.jpg | datasets\dataset_v3_clean_background\train\images\frame_20260504_005316_078867_jpg.rf.798b9fa7082401fae52e561340199147_aug_contrast_2.jpg | real_world_controlled_v1\slight_scratch\slight_scratch_14_frame_20260504_005312_597339_jpg.rf.a44b1aa378f5d2b4ebf83a5cca6e04e8.jpg
NEAR_263,NEAR_DHASH_DIST_2,9,datasets\dataset_v2_4defect\train\images\frame_20260504_005313_848486_jpg.rf.20d810f340187d4069e35af5bd3eb2d1.jpg | datasets\dataset_v2_5class\train\images\frame_20260504_005313_848486_jpg.rf.20d810f340187d4069e35af5bd3eb2d1.jpg | datasets\dataset_v3_clean_background\train\images\frame_20260504_005313_848486_jpg.rf.20d810f340187d4069e35af5bd3eb2d1.jpg | datasets\dataset_v2_4defect\train\images\frame_20260504_005316_820953_jpg.rf.f7655344574d707d269a8619ae8d1306.jpg | datasets\dataset_v2_4defect\train\images\frame_20260504_005316_820953_jpg.rf.f7655344574d707d269a8619ae8d1306_aug_contrast_2.jpg | datasets\dataset_v2_5class\train\images\frame_20260504_005316_820953_jpg.rf.f7655344574d707d269a8619ae8d1306.jpg | datasets\dataset_v2_5class\train\images\frame_20260504_005316_820953_jpg.rf.f7655344574d707d269a8619ae8d1306_aug_contrast_2.jpg | datasets\dataset_v3_clean_background\train\images\frame_20260504_005316_820953_jpg.rf.f7655344574d707d269a8619ae8d1306.jpg | datasets\dataset_v3_clean_background\train\images\frame_20260504_005316_820953_jpg.rf.f7655344574d707d269a8619ae8d1306_aug_contrast_2.jpg
NEAR_264,NEAR_DHASH_DIST_1,6,datasets\dataset_v2_4defect\train\images\frame_20260504_005313_848486_jpg.rf.20d810f340187d4069e35af5bd3eb2d1.jpg | datasets\dataset_v2_5class\train\images\frame_20260504_005313_848486_jpg.rf.20d810f340187d4069e35af5bd3eb2d1.jpg | datasets\dataset_v3_clean_background\train\images\frame_20260504_005313_848486_jpg.rf.20d810f340187d4069e35af5bd3eb2d1.jpg | datasets\dataset_v2_4defect\train\images\frame_20260504_005322_621231_jpg.rf.8de2ff35e4f6d1a3048d7e6449d44736.jpg | datasets\dataset_v2_5class\train\images\frame_20260504_005322_621231_jpg.rf.8de2ff35e4f6d1a3048d7e6449d44736.jpg | datasets\dataset_v3_clean_background\train\images\frame_20260504_005322_621231_jpg.rf.8de2ff35e4f6d1a3048d7e6449d44736.jpg
NEAR_265,NEAR_DHASH_DIST_2,6,datasets\dataset_v2_4defect\train\images\frame_20260504_005313_848486_jpg.rf.20d810f340187d4069e35af5bd3eb2d1.jpg | datasets\dataset_v2_5class\train\images\frame_20260504_005313_848486_jpg.rf.20d810f340187d4069e35af5bd3eb2d1.jpg | datasets\dataset_v3_clean_background\train\images\frame_20260504_005313_848486_jpg.rf.20d810f340187d4069e35af5bd3eb2d1.jpg | datasets\dataset_v2_4defect\train\images\frame_20260504_005322_621231_jpg.rf.8de2ff35e4f6d1a3048d7e6449d44736_aug_contrast_2.jpg | datasets\dataset_v2_5class\train\images\frame_20260504_005322_621231_jpg.rf.8de2ff35e4f6d1a3048d7e6449d44736_aug_contrast_2.jpg | datasets\dataset_v3_clean_background\train\images\frame_20260504_005322_621231_jpg.rf.8de2ff35e4f6d1a3048d7e6449d44736_aug_contrast_2.jpg
NEAR_266,NEAR_DHASH_DIST_2,7,datasets\dataset_v2_4defect\train\images\frame_20260504_005313_848486_jpg.rf.20d810f340187d4069e35af5bd3eb2d1_aug_contrast_1.jpg | datasets\dataset_v2_5class\train\images\frame_20260504_005313_848486_jpg.rf.20d810f340187d4069e35af5bd3eb2d1_aug_contrast_1.jpg | datasets\dataset_v3_clean_background\train\images\frame_20260504_005313_848486_jpg.rf.20d810f340187d4069e35af5bd3eb2d1_aug_contrast_1.jpg | real_world_controlled_v1\slight_scratch\slight_scratch_15_frame_20260504_005313_848486_jpg.rf.20d810f340187d4069e35af5bd3eb2d1.jpg | datasets\dataset_v2_4defect\train\images\frame_20260504_005316_078867_jpg.rf.798b9fa7082401fae52e561340199147.jpg | datasets\dataset_v2_5class\train\images\frame_20260504_005316_078867_jpg.rf.798b9fa7082401fae52e561340199147.jpg | datasets\dataset_v3_clean_background\train\images\frame_20260504_005316_078867_jpg.rf.798b9fa7082401fae52e561340199147.jpg
NEAR_267,NEAR_DHASH_DIST_2,8,datasets\dataset_v2_4defect\train\images\frame_20260504_005313_848486_jpg.rf.20d810f340187d4069e35af5bd3eb2d1_aug_contrast_1.jpg | datasets\dataset_v2_5class\train\images\frame_20260504_005313_848486_jpg.rf.20d810f340187d4069e35af5bd3eb2d1_aug_contrast_1.jpg | datasets\dataset_v3_clean_background\train\images\frame_20260504_005313_848486_jpg.rf.20d810f340187d4069e35af5bd3eb2d1_aug_contrast_1.jpg | real_world_controlled_v1\slight_scratch\slight_scratch_15_frame_20260504_005313_848486_jpg.rf.20d810f340187d4069e35af5bd3eb2d1.jpg | datasets\dataset_v2_4defect\train\images\frame_20260504_005316_078867_jpg.rf.798b9fa7082401fae52e561340199147_aug_contrast_2.jpg | datasets\dataset_v2_5class\train\images\frame_20260504_005316_078867_jpg.rf.798b9fa7082401fae52e561340199147_aug_contrast_2.jpg | datasets\dataset_v3_clean_background\train\images\frame_20260504_005316_078867_jpg.rf.798b9fa7082401fae52e561340199147_aug_contrast_2.jpg | real_world_controlled_v1\slight_scratch\slight_scratch_14_frame_20260504_005312_597339_jpg.rf.a44b1aa378f5d2b4ebf83a5cca6e04e8.jpg
NEAR_268,NEAR_DHASH_DIST_1,10,datasets\dataset_v2_4defect\train\images\frame_20260504_005313_848486_jpg.rf.20d810f340187d4069e35af5bd3eb2d1_aug_contrast_1.jpg | datasets\dataset_v2_5class\train\images\frame_20260504_005313_848486_jpg.rf.20d810f340187d4069e35af5bd3eb2d1_aug_contrast_1.jpg | datasets\dataset_v3_clean_background\train\images\frame_20260504_005313_848486_jpg.rf.20d810f340187d4069e35af5bd3eb2d1_aug_contrast_1.jpg | real_world_controlled_v1\slight_scratch\slight_scratch_15_frame_20260504_005313_848486_jpg.rf.20d810f340187d4069e35af5bd3eb2d1.jpg | datasets\dataset_v2_4defect\train\images\frame_20260504_005316_820953_jpg.rf.f7655344574d707d269a8619ae8d1306.jpg | datasets\dataset_v2_4defect\train\images\frame_20260504_005316_820953_jpg.rf.f7655344574d707d269a8619ae8d1306_aug_contrast_2.jpg | datasets\dataset_v2_5class\train\images\frame_20260504_005316_820953_jpg.rf.f7655344574d707d269a8619ae8d1306.jpg | datasets\dataset_v2_5class\train\images\frame_20260504_005316_820953_jpg.rf.f7655344574d707d269a8619ae8d1306_aug_contrast_2.jpg | datasets\dataset_v3_clean_background\train\images\frame_20260504_005316_820953_jpg.rf.f7655344574d707d269a8619ae8d1306.jpg | datasets\dataset_v3_clean_background\train\images\frame_20260504_005316_820953_jpg.rf.f7655344574d707d269a8619ae8d1306_aug_contrast_2.jpg
NEAR_269,NEAR_DHASH_DIST_2,7,datasets\dataset_v2_4defect\train\images\frame_20260504_005313_848486_jpg.rf.20d810f340187d4069e35af5bd3eb2d1_aug_contrast_1.jpg | datasets\dataset_v2_5class\train\images\frame_20260504_005313_848486_jpg.rf.20d810f340187d4069e35af5bd3eb2d1_aug_contrast_1.jpg | datasets\dataset_v3_clean_background\train\images\frame_20260504_005313_848486_jpg.rf.20d810f340187d4069e35af5bd3eb2d1_aug_contrast_1.jpg | real_world_controlled_v1\slight_scratch\slight_scratch_15_frame_20260504_005313_848486_jpg.rf.20d810f340187d4069e35af5bd3eb2d1.jpg | datasets\dataset_v2_4defect\train\images\frame_20260504_005322_621231_jpg.rf.8de2ff35e4f6d1a3048d7e6449d44736.jpg | datasets\dataset_v2_5class\train\images\frame_20260504_005322_621231_jpg.rf.8de2ff35e4f6d1a3048d7e6449d44736.jpg | datasets\dataset_v3_clean_background\train\images\frame_20260504_005322_621231_jpg.rf.8de2ff35e4f6d1a3048d7e6449d44736.jpg
NEAR_270,NEAR_DHASH_DIST_1,7,datasets\dataset_v2_4defect\train\images\frame_20260504_005313_848486_jpg.rf.20d810f340187d4069e35af5bd3eb2d1_aug_contrast_1.jpg | datasets\dataset_v2_5class\train\images\frame_20260504_005313_848486_jpg.rf.20d810f340187d4069e35af5bd3eb2d1_aug_contrast_1.jpg | datasets\dataset_v3_clean_background\train\images\frame_20260504_005313_848486_jpg.rf.20d810f340187d4069e35af5bd3eb2d1_aug_contrast_1.jpg | real_world_controlled_v1\slight_scratch\slight_scratch_15_frame_20260504_005313_848486_jpg.rf.20d810f340187d4069e35af5bd3eb2d1.jpg | datasets\dataset_v2_4defect\train\images\frame_20260504_005322_621231_jpg.rf.8de2ff35e4f6d1a3048d7e6449d44736_aug_contrast_2.jpg | datasets\dataset_v2_5class\train\images\frame_20260504_005322_621231_jpg.rf.8de2ff35e4f6d1a3048d7e6449d44736_aug_contrast_2.jpg | datasets\dataset_v3_clean_background\train\images\frame_20260504_005322_621231_jpg.rf.8de2ff35e4f6d1a3048d7e6449d44736_aug_contrast_2.jpg
NEAR_271,NEAR_DHASH_DIST_2,7,datasets\dataset_v2_4defect\train\images\frame_20260504_005316_078867_jpg.rf.798b9fa7082401fae52e561340199147.jpg | datasets\dataset_v2_5class\train\images\frame_20260504_005316_078867_jpg.rf.798b9fa7082401fae52e561340199147.jpg | datasets\dataset_v3_clean_background\train\images\frame_20260504_005316_078867_jpg.rf.798b9fa7082401fae52e561340199147.jpg | datasets\dataset_v2_4defect\train\images\frame_20260504_005316_078867_jpg.rf.798b9fa7082401fae52e561340199147_aug_contrast_2.jpg | datasets\dataset_v2_5class\train\images\frame_20260504_005316_078867_jpg.rf.798b9fa7082401fae52e561340199147_aug_contrast_2.jpg | datasets\dataset_v3_clean_background\train\images\frame_20260504_005316_078867_jpg.rf.798b9fa7082401fae52e561340199147_aug_contrast_2.jpg | real_world_controlled_v1\slight_scratch\slight_scratch_14_frame_20260504_005312_597339_jpg.rf.a44b1aa378f5d2b4ebf83a5cca6e04e8.jpg
NEAR_272,NEAR_DHASH_DIST_1,9,datasets\dataset_v2_4defect\train\images\frame_20260504_005316_078867_jpg.rf.798b9fa7082401fae52e561340199147.jpg | datasets\dataset_v2_5class\train\images\frame_20260504_005316_078867_jpg.rf.798b9fa7082401fae52e561340199147.jpg | datasets\dataset_v3_clean_background\train\images\frame_20260504_005316_078867_jpg.rf.798b9fa7082401fae52e561340199147.jpg | datasets\dataset_v2_4defect\train\images\frame_20260504_005316_820953_jpg.rf.f7655344574d707d269a8619ae8d1306.jpg | datasets\dataset_v2_4defect\train\images\frame_20260504_005316_820953_jpg.rf.f7655344574d707d269a8619ae8d1306_aug_contrast_2.jpg | datasets\dataset_v2_5class\train\images\frame_20260504_005316_820953_jpg.rf.f7655344574d707d269a8619ae8d1306.jpg | datasets\dataset_v2_5class\train\images\frame_20260504_005316_820953_jpg.rf.f7655344574d707d269a8619ae8d1306_aug_contrast_2.jpg | datasets\dataset_v3_clean_background\train\images\frame_20260504_005316_820953_jpg.rf.f7655344574d707d269a8619ae8d1306.jpg | datasets\dataset_v3_clean_background\train\images\frame_20260504_005316_820953_jpg.rf.f7655344574d707d269a8619ae8d1306_aug_contrast_2.jpg
NEAR_273,NEAR_DHASH_DIST_2,6,datasets\dataset_v2_4defect\train\images\frame_20260504_005316_078867_jpg.rf.798b9fa7082401fae52e561340199147.jpg | datasets\dataset_v2_5class\train\images\frame_20260504_005316_078867_jpg.rf.798b9fa7082401fae52e561340199147.jpg | datasets\dataset_v3_clean_background\train\images\frame_20260504_005316_078867_jpg.rf.798b9fa7082401fae52e561340199147.jpg | datasets\dataset_v2_4defect\train\images\frame_20260504_005322_621231_jpg.rf.8de2ff35e4f6d1a3048d7e6449d44736.jpg | datasets\dataset_v2_5class\train\images\frame_20260504_005322_621231_jpg.rf.8de2ff35e4f6d1a3048d7e6449d44736.jpg | datasets\dataset_v3_clean_background\train\images\frame_20260504_005322_621231_jpg.rf.8de2ff35e4f6d1a3048d7e6449d44736.jpg
NEAR_274,NEAR_DHASH_DIST_1,6,datasets\dataset_v2_4defect\train\images\frame_20260504_005316_078867_jpg.rf.798b9fa7082401fae52e561340199147.jpg | datasets\dataset_v2_5class\train\images\frame_20260504_005316_078867_jpg.rf.798b9fa7082401fae52e561340199147.jpg | datasets\dataset_v3_clean_background\train\images\frame_20260504_005316_078867_jpg.rf.798b9fa7082401fae52e561340199147.jpg | datasets\dataset_v2_4defect\train\images\frame_20260504_005322_621231_jpg.rf.8de2ff35e4f6d1a3048d7e6449d44736_aug_contrast_2.jpg | datasets\dataset_v2_5class\train\images\frame_20260504_005322_621231_jpg.rf.8de2ff35e4f6d1a3048d7e6449d44736_aug_contrast_2.jpg | datasets\dataset_v3_clean_background\train\images\frame_20260504_005322_621231_jpg.rf.8de2ff35e4f6d1a3048d7e6449d44736_aug_contrast_2.jpg
NEAR_275,NEAR_DHASH_DIST_1,10,datasets\dataset_v2_4defect\train\images\frame_20260504_005316_078867_jpg.rf.798b9fa7082401fae52e561340199147_aug_contrast_2.jpg | datasets\dataset_v2_5class\train\images\frame_20260504_005316_078867_jpg.rf.798b9fa7082401fae52e561340199147_aug_contrast_2.jpg | datasets\dataset_v3_clean_background\train\images\frame_20260504_005316_078867_jpg.rf.798b9fa7082401fae52e561340199147_aug_contrast_2.jpg | real_world_controlled_v1\slight_scratch\slight_scratch_14_frame_20260504_005312_597339_jpg.rf.a44b1aa378f5d2b4ebf83a5cca6e04e8.jpg | datasets\dataset_v2_4defect\train\images\frame_20260504_005316_820953_jpg.rf.f7655344574d707d269a8619ae8d1306.jpg | datasets\dataset_v2_4defect\train\images\frame_20260504_005316_820953_jpg.rf.f7655344574d707d269a8619ae8d1306_aug_contrast_2.jpg | datasets\dataset_v2_5class\train\images\frame_20260504_005316_820953_jpg.rf.f7655344574d707d269a8619ae8d1306.jpg | datasets\dataset_v2_5class\train\images\frame_20260504_005316_820953_jpg.rf.f7655344574d707d269a8619ae8d1306_aug_contrast_2.jpg | datasets\dataset_v3_clean_background\train\images\frame_20260504_005316_820953_jpg.rf.f7655344574d707d269a8619ae8d1306.jpg | datasets\dataset_v3_clean_background\train\images\frame_20260504_005316_820953_jpg.rf.f7655344574d707d269a8619ae8d1306_aug_contrast_2.jpg
NEAR_276,NEAR_DHASH_DIST_3,7,datasets\dataset_v2_4defect\train\images\frame_20260504_005316_078867_jpg.rf.798b9fa7082401fae52e561340199147_aug_contrast_2.jpg | datasets\dataset_v2_5class\train\images\frame_20260504_005316_078867_jpg.rf.798b9fa7082401fae52e561340199147_aug_contrast_2.jpg | datasets\dataset_v3_clean_background\train\images\frame_20260504_005316_078867_jpg.rf.798b9fa7082401fae52e561340199147_aug_contrast_2.jpg | real_world_controlled_v1\slight_scratch\slight_scratch_14_frame_20260504_005312_597339_jpg.rf.a44b1aa378f5d2b4ebf83a5cca6e04e8.jpg | datasets\dataset_v2_4defect\train\images\frame_20260504_005322_621231_jpg.rf.8de2ff35e4f6d1a3048d7e6449d44736_aug_contrast_2.jpg | datasets\dataset_v2_5class\train\images\frame_20260504_005322_621231_jpg.rf.8de2ff35e4f6d1a3048d7e6449d44736_aug_contrast_2.jpg | datasets\dataset_v3_clean_background\train\images\frame_20260504_005322_621231_jpg.rf.8de2ff35e4f6d1a3048d7e6449d44736_aug_contrast_2.jpg
NEAR_277,NEAR_DHASH_DIST_1,6,datasets\dataset_v2_4defect\train\images\frame_20260504_005316_078867_jpg.rf.798b9fa7082401fae52e561340199147_aug_vflip_1.jpg | datasets\dataset_v2_5class\train\images\frame_20260504_005316_078867_jpg.rf.798b9fa7082401fae52e561340199147_aug_vflip_1.jpg | datasets\dataset_v3_clean_background\train\images\frame_20260504_005316_078867_jpg.rf.798b9fa7082401fae52e561340199147_aug_vflip_1.jpg | datasets\dataset_v2_4defect\train\images\frame_20260504_005316_820953_jpg.rf.f7655344574d707d269a8619ae8d1306_aug_vflip_1.jpg | datasets\dataset_v2_5class\train\images\frame_20260504_005316_820953_jpg.rf.f7655344574d707d269a8619ae8d1306_aug_vflip_1.jpg | datasets\dataset_v3_clean_background\train\images\frame_20260504_005316_820953_jpg.rf.f7655344574d707d269a8619ae8d1306_aug_vflip_1.jpg
NEAR_278,NEAR_DHASH_DIST_2,6,datasets\dataset_v2_4defect\train\images\frame_20260504_005316_078867_jpg.rf.798b9fa7082401fae52e561340199147_aug_vflip_1.jpg | datasets\dataset_v2_5class\train\images\frame_20260504_005316_078867_jpg.rf.798b9fa7082401fae52e561340199147_aug_vflip_1.jpg | datasets\dataset_v3_clean_background\train\images\frame_20260504_005316_078867_jpg.rf.798b9fa7082401fae52e561340199147_aug_vflip_1.jpg | datasets\dataset_v2_4defect\train\images\frame_20260504_005322_621231_jpg.rf.8de2ff35e4f6d1a3048d7e6449d44736_aug_vflip_1.jpg | datasets\dataset_v2_5class\train\images\frame_20260504_005322_621231_jpg.rf.8de2ff35e4f6d1a3048d7e6449d44736_aug_vflip_1.jpg | datasets\dataset_v3_clean_background\train\images\frame_20260504_005322_621231_jpg.rf.8de2ff35e4f6d1a3048d7e6449d44736_aug_vflip_1.jpg
NEAR_279,NEAR_DHASH_DIST_3,9,datasets\dataset_v2_4defect\train\images\frame_20260504_005316_820953_jpg.rf.f7655344574d707d269a8619ae8d1306.jpg | datasets\dataset_v2_4defect\train\images\frame_20260504_005316_820953_jpg.rf.f7655344574d707d269a8619ae8d1306_aug_contrast_2.jpg | datasets\dataset_v2_5class\train\images\frame_20260504_005316_820953_jpg.rf.f7655344574d707d269a8619ae8d1306.jpg | datasets\dataset_v2_5class\train\images\frame_20260504_005316_820953_jpg.rf.f7655344574d707d269a8619ae8d1306_aug_contrast_2.jpg | datasets\dataset_v3_clean_background\train\images\frame_20260504_005316_820953_jpg.rf.f7655344574d707d269a8619ae8d1306.jpg | datasets\dataset_v3_clean_background\train\images\frame_20260504_005316_820953_jpg.rf.f7655344574d707d269a8619ae8d1306_aug_contrast_2.jpg | datasets\dataset_v2_4defect\train\images\frame_20260504_005322_621231_jpg.rf.8de2ff35e4f6d1a3048d7e6449d44736.jpg | datasets\dataset_v2_5class\train\images\frame_20260504_005322_621231_jpg.rf.8de2ff35e4f6d1a3048d7e6449d44736.jpg | datasets\dataset_v3_clean_background\train\images\frame_20260504_005322_621231_jpg.rf.8de2ff35e4f6d1a3048d7e6449d44736.jpg
NEAR_280,NEAR_DHASH_DIST_2,9,datasets\dataset_v2_4defect\train\images\frame_20260504_005316_820953_jpg.rf.f7655344574d707d269a8619ae8d1306.jpg | datasets\dataset_v2_4defect\train\images\frame_20260504_005316_820953_jpg.rf.f7655344574d707d269a8619ae8d1306_aug_contrast_2.jpg | datasets\dataset_v2_5class\train\images\frame_20260504_005316_820953_jpg.rf.f7655344574d707d269a8619ae8d1306.jpg | datasets\dataset_v2_5class\train\images\frame_20260504_005316_820953_jpg.rf.f7655344574d707d269a8619ae8d1306_aug_contrast_2.jpg | datasets\dataset_v3_clean_background\train\images\frame_20260504_005316_820953_jpg.rf.f7655344574d707d269a8619ae8d1306.jpg | datasets\dataset_v3_clean_background\train\images\frame_20260504_005316_820953_jpg.rf.f7655344574d707d269a8619ae8d1306_aug_contrast_2.jpg | datasets\dataset_v2_4defect\train\images\frame_20260504_005322_621231_jpg.rf.8de2ff35e4f6d1a3048d7e6449d44736_aug_contrast_2.jpg | datasets\dataset_v2_5class\train\images\frame_20260504_005322_621231_jpg.rf.8de2ff35e4f6d1a3048d7e6449d44736_aug_contrast_2.jpg | datasets\dataset_v3_clean_background\train\images\frame_20260504_005322_621231_jpg.rf.8de2ff35e4f6d1a3048d7e6449d44736_aug_contrast_2.jpg
NEAR_281,NEAR_DHASH_DIST_3,6,datasets\dataset_v2_4defect\train\images\frame_20260504_005316_820953_jpg.rf.f7655344574d707d269a8619ae8d1306_aug_vflip_1.jpg | datasets\dataset_v2_5class\train\images\frame_20260504_005316_820953_jpg.rf.f7655344574d707d269a8619ae8d1306_aug_vflip_1.jpg | datasets\dataset_v3_clean_background\train\images\frame_20260504_005316_820953_jpg.rf.f7655344574d707d269a8619ae8d1306_aug_vflip_1.jpg | datasets\dataset_v2_4defect\train\images\frame_20260504_005322_621231_jpg.rf.8de2ff35e4f6d1a3048d7e6449d44736_aug_vflip_1.jpg | datasets\dataset_v2_5class\train\images\frame_20260504_005322_621231_jpg.rf.8de2ff35e4f6d1a3048d7e6449d44736_aug_vflip_1.jpg | datasets\dataset_v3_clean_background\train\images\frame_20260504_005322_621231_jpg.rf.8de2ff35e4f6d1a3048d7e6449d44736_aug_vflip_1.jpg
NEAR_282,NEAR_DHASH_DIST_1,6,datasets\dataset_v2_4defect\train\images\frame_20260504_005322_621231_jpg.rf.8de2ff35e4f6d1a3048d7e6449d44736.jpg | datasets\dataset_v2_5class\train\images\frame_20260504_005322_621231_jpg.rf.8de2ff35e4f6d1a3048d7e6449d44736.jpg | datasets\dataset_v3_clean_background\train\images\frame_20260504_005322_621231_jpg.rf.8de2ff35e4f6d1a3048d7e6449d44736.jpg | datasets\dataset_v2_4defect\train\images\frame_20260504_005322_621231_jpg.rf.8de2ff35e4f6d1a3048d7e6449d44736_aug_contrast_2.jpg | datasets\dataset_v2_5class\train\images\frame_20260504_005322_621231_jpg.rf.8de2ff35e4f6d1a3048d7e6449d44736_aug_contrast_2.jpg | datasets\dataset_v3_clean_background\train\images\frame_20260504_005322_621231_jpg.rf.8de2ff35e4f6d1a3048d7e6449d44736_aug_contrast_2.jpg
NEAR_283,NEAR_DHASH_DIST_2,6,datasets\dataset_v2_4defect\train\images\frame_20260504_005325_586893_jpg.rf.c4764091d214a9bcf4b95d6a1217d39e.jpg | datasets\dataset_v2_5class\train\images\frame_20260504_005325_586893_jpg.rf.c4764091d214a9bcf4b95d6a1217d39e.jpg | datasets\dataset_v3_clean_background\train\images\frame_20260504_005325_586893_jpg.rf.c4764091d214a9bcf4b95d6a1217d39e.jpg | datasets\dataset_v2_4defect\train\images\frame_20260504_005325_586893_jpg.rf.c4764091d214a9bcf4b95d6a1217d39e_aug_contrast_2.jpg | datasets\dataset_v2_5class\train\images\frame_20260504_005325_586893_jpg.rf.c4764091d214a9bcf4b95d6a1217d39e_aug_contrast_2.jpg | datasets\dataset_v3_clean_background\train\images\frame_20260504_005325_586893_jpg.rf.c4764091d214a9bcf4b95d6a1217d39e_aug_contrast_2.jpg
NEAR_284,NEAR_DHASH_DIST_1,7,datasets\dataset_v2_4defect\train\images\frame_20260504_005334_600307_jpg.rf.6f10585afc985232388f418f857d52bb.jpg | datasets\dataset_v2_5class\train\images\frame_20260504_005334_600307_jpg.rf.6f10585afc985232388f418f857d52bb.jpg | datasets\dataset_v3_clean_background\train\images\frame_20260504_005334_600307_jpg.rf.6f10585afc985232388f418f857d52bb.jpg | real_world_controlled_v1\belt_splice\belt_splice_20_frame_20260504_005334_600307_jpg.rf.6f10585afc985232388f418f857d52bb.jpg | datasets\dataset_v2_4defect\train\images\frame_20260504_005334_600307_jpg.rf.6f10585afc985232388f418f857d52bb_aug_contrast_3.jpg | datasets\dataset_v2_5class\train\images\frame_20260504_005334_600307_jpg.rf.6f10585afc985232388f418f857d52bb_aug_contrast_3.jpg | datasets\dataset_v3_clean_background\train\images\frame_20260504_005334_600307_jpg.rf.6f10585afc985232388f418f857d52bb_aug_contrast_3.jpg
NEAR_285,NEAR_DHASH_DIST_2,18,datasets\dataset_v2_4defect\train\images\frame_20260504_005840_721273_jpg.rf.117ddd8ca25b5ee0d24d16a8c64061ed.jpg | datasets\dataset_v2_5class\train\images\frame_20260504_005840_721273_jpg.rf.117ddd8ca25b5ee0d24d16a8c64061ed.jpg | datasets\dataset_v3_clean_background\train\images\frame_20260504_005840_721273_jpg.rf.117ddd8ca25b5ee0d24d16a8c64061ed.jpg | datasets\dataset_v2_4defect\train\images\frame_20260504_005841_669567_jpg.rf.3fd04fd5405cc984bf43bcfe6c6ab419.jpg | datasets\dataset_v2_4defect\train\images\frame_20260504_005842_678301_jpg.rf.375ec8311467a5f68cec5c5ab10a9719.jpg | datasets\dataset_v2_4defect\train\images\frame_20260504_005843_685632_jpg.rf.af8684afd05fee0dfc14c57a73a4108c.jpg | datasets\dataset_v2_4defect\train\images\frame_20260504_005843_685632_jpg.rf.af8684afd05fee0dfc14c57a73a4108c_aug_contrast_1.jpg | datasets\dataset_v2_5class\train\images\frame_20260504_005841_669567_jpg.rf.3fd04fd5405cc984bf43bcfe6c6ab419.jpg | datasets\dataset_v2_5class\train\images\frame_20260504_005842_678301_jpg.rf.375ec8311467a5f68cec5c5ab10a9719.jpg | datasets\dataset_v2_5class\train\images\frame_20260504_005843_685632_jpg.rf.af8684afd05fee0dfc14c57a73a4108c.jpg | datasets\dataset_v2_5class\train\images\frame_20260504_005843_685632_jpg.rf.af8684afd05fee0dfc14c57a73a4108c_aug_contrast_1.jpg | datasets\dataset_v3_clean_background\train\images\frame_20260504_005841_669567_jpg.rf.3fd04fd5405cc984bf43bcfe6c6ab419.jpg | datasets\dataset_v3_clean_background\train\images\frame_20260504_005842_678301_jpg.rf.375ec8311467a5f68cec5c5ab10a9719.jpg | datasets\dataset_v3_clean_background\train\images\frame_20260504_005843_685632_jpg.rf.af8684afd05fee0dfc14c57a73a4108c.jpg | datasets\dataset_v3_clean_background\train\images\frame_20260504_005843_685632_jpg.rf.af8684afd05fee0dfc14c57a73a4108c_aug_contrast_1.jpg | real_world_controlled_v1\slight_scratch\slight_scratch_02_frame_20260504_005841_669567_jpg.rf.3fd04fd5405cc984bf43bcfe6c6ab419.jpg | real_world_controlled_v1\slight_scratch\slight_scratch_17_frame_20260504_005843_685632_jpg.rf.af8684afd05fee0dfc14c57a73a4108c.jpg | real_world_validation_v2\slight_scratch\slight_scratch_02_frame_20260504_005841_669567_jpg.rf.3fd04fd5405cc984bf43bcfe6c6ab419.jpg
NEAR_286,NEAR_DHASH_DIST_3,19,datasets\dataset_v2_4defect\train\images\frame_20260504_005841_669567_jpg.rf.3fd04fd5405cc984bf43bcfe6c6ab419.jpg | datasets\dataset_v2_4defect\train\images\frame_20260504_005842_678301_jpg.rf.375ec8311467a5f68cec5c5ab10a9719.jpg | datasets\dataset_v2_4defect\train\images\frame_20260504_005843_685632_jpg.rf.af8684afd05fee0dfc14c57a73a4108c.jpg | datasets\dataset_v2_4defect\train\images\frame_20260504_005843_685632_jpg.rf.af8684afd05fee0dfc14c57a73a4108c_aug_contrast_1.jpg | datasets\dataset_v2_5class\train\images\frame_20260504_005841_669567_jpg.rf.3fd04fd5405cc984bf43bcfe6c6ab419.jpg | datasets\dataset_v2_5class\train\images\frame_20260504_005842_678301_jpg.rf.375ec8311467a5f68cec5c5ab10a9719.jpg | datasets\dataset_v2_5class\train\images\frame_20260504_005843_685632_jpg.rf.af8684afd05fee0dfc14c57a73a4108c.jpg | datasets\dataset_v2_5class\train\images\frame_20260504_005843_685632_jpg.rf.af8684afd05fee0dfc14c57a73a4108c_aug_contrast_1.jpg | datasets\dataset_v3_clean_background\train\images\frame_20260504_005841_669567_jpg.rf.3fd04fd5405cc984bf43bcfe6c6ab419.jpg | datasets\dataset_v3_clean_background\train\images\frame_20260504_005842_678301_jpg.rf.375ec8311467a5f68cec5c5ab10a9719.jpg | datasets\dataset_v3_clean_background\train\images\frame_20260504_005843_685632_jpg.rf.af8684afd05fee0dfc14c57a73a4108c.jpg | datasets\dataset_v3_clean_background\train\images\frame_20260504_005843_685632_jpg.rf.af8684afd05fee0dfc14c57a73a4108c_aug_contrast_1.jpg | real_world_controlled_v1\slight_scratch\slight_scratch_02_frame_20260504_005841_669567_jpg.rf.3fd04fd5405cc984bf43bcfe6c6ab419.jpg | real_world_controlled_v1\slight_scratch\slight_scratch_17_frame_20260504_005843_685632_jpg.rf.af8684afd05fee0dfc14c57a73a4108c.jpg | real_world_validation_v2\slight_scratch\slight_scratch_02_frame_20260504_005841_669567_jpg.rf.3fd04fd5405cc984bf43bcfe6c6ab419.jpg | datasets\dataset_v2_4defect\train\images\frame_20260504_005846_706580_jpg.rf.07e149f632e9ae44d4e1fe7f60f6b433.jpg | datasets\dataset_v2_5class\train\images\frame_20260504_005846_706580_jpg.rf.07e149f632e9ae44d4e1fe7f60f6b433.jpg | datasets\dataset_v3_clean_background\train\images\frame_20260504_005846_706580_jpg.rf.07e149f632e9ae44d4e1fe7f60f6b433.jpg | real_world_controlled_v1\slight_scratch\slight_scratch_18_frame_20260504_005846_706580_jpg.rf.07e149f632e9ae44d4e1fe7f60f6b433.jpg
NEAR_287,NEAR_DHASH_DIST_2,18,datasets\dataset_v2_4defect\train\images\frame_20260504_005841_669567_jpg.rf.3fd04fd5405cc984bf43bcfe6c6ab419.jpg | datasets\dataset_v2_4defect\train\images\frame_20260504_005842_678301_jpg.rf.375ec8311467a5f68cec5c5ab10a9719.jpg | datasets\dataset_v2_4defect\train\images\frame_20260504_005843_685632_jpg.rf.af8684afd05fee0dfc14c57a73a4108c.jpg | datasets\dataset_v2_4defect\train\images\frame_20260504_005843_685632_jpg.rf.af8684afd05fee0dfc14c57a73a4108c_aug_contrast_1.jpg | datasets\dataset_v2_5class\train\images\frame_20260504_005841_669567_jpg.rf.3fd04fd5405cc984bf43bcfe6c6ab419.jpg | datasets\dataset_v2_5class\train\images\frame_20260504_005842_678301_jpg.rf.375ec8311467a5f68cec5c5ab10a9719.jpg | datasets\dataset_v2_5class\train\images\frame_20260504_005843_685632_jpg.rf.af8684afd05fee0dfc14c57a73a4108c.jpg | datasets\dataset_v2_5class\train\images\frame_20260504_005843_685632_jpg.rf.af8684afd05fee0dfc14c57a73a4108c_aug_contrast_1.jpg | datasets\dataset_v3_clean_background\train\images\frame_20260504_005841_669567_jpg.rf.3fd04fd5405cc984bf43bcfe6c6ab419.jpg | datasets\dataset_v3_clean_background\train\images\frame_20260504_005842_678301_jpg.rf.375ec8311467a5f68cec5c5ab10a9719.jpg | datasets\dataset_v3_clean_background\train\images\frame_20260504_005843_685632_jpg.rf.af8684afd05fee0dfc14c57a73a4108c.jpg | datasets\dataset_v3_clean_background\train\images\frame_20260504_005843_685632_jpg.rf.af8684afd05fee0dfc14c57a73a4108c_aug_contrast_1.jpg | real_world_controlled_v1\slight_scratch\slight_scratch_02_frame_20260504_005841_669567_jpg.rf.3fd04fd5405cc984bf43bcfe6c6ab419.jpg | real_world_controlled_v1\slight_scratch\slight_scratch_17_frame_20260504_005843_685632_jpg.rf.af8684afd05fee0dfc14c57a73a4108c.jpg | real_world_validation_v2\slight_scratch\slight_scratch_02_frame_20260504_005841_669567_jpg.rf.3fd04fd5405cc984bf43bcfe6c6ab419.jpg | datasets\dataset_v2_4defect\train\images\frame_20260504_005846_706580_jpg.rf.07e149f632e9ae44d4e1fe7f60f6b433_aug_contrast_1.jpg | datasets\dataset_v2_5class\train\images\frame_20260504_005846_706580_jpg.rf.07e149f632e9ae44d4e1fe7f60f6b433_aug_contrast_1.jpg | datasets\dataset_v3_clean_background\train\images\frame_20260504_005846_706580_jpg.rf.07e149f632e9ae44d4e1fe7f60f6b433_aug_contrast_1.jpg
NEAR_288,NEAR_DHASH_DIST_3,6,datasets\dataset_v2_4defect\train\images\frame_20260504_005843_685632_jpg.rf.af8684afd05fee0dfc14c57a73a4108c_aug_hflip_0.jpg | datasets\dataset_v2_5class\train\images\frame_20260504_005843_685632_jpg.rf.af8684afd05fee0dfc14c57a73a4108c_aug_hflip_0.jpg | datasets\dataset_v3_clean_background\train\images\frame_20260504_005843_685632_jpg.rf.af8684afd05fee0dfc14c57a73a4108c_aug_hflip_0.jpg | datasets\dataset_v2_4defect\train\images\frame_20260504_005846_706580_jpg.rf.07e149f632e9ae44d4e1fe7f60f6b433_aug_hflip_0.jpg | datasets\dataset_v2_5class\train\images\frame_20260504_005846_706580_jpg.rf.07e149f632e9ae44d4e1fe7f60f6b433_aug_hflip_0.jpg | datasets\dataset_v3_clean_background\train\images\frame_20260504_005846_706580_jpg.rf.07e149f632e9ae44d4e1fe7f60f6b433_aug_hflip_0.jpg
NEAR_289,NEAR_DHASH_DIST_1,7,datasets\dataset_v2_4defect\train\images\frame_20260504_005846_706580_jpg.rf.07e149f632e9ae44d4e1fe7f60f6b433.jpg | datasets\dataset_v2_5class\train\images\frame_20260504_005846_706580_jpg.rf.07e149f632e9ae44d4e1fe7f60f6b433.jpg | datasets\dataset_v3_clean_background\train\images\frame_20260504_005846_706580_jpg.rf.07e149f632e9ae44d4e1fe7f60f6b433.jpg | real_world_controlled_v1\slight_scratch\slight_scratch_18_frame_20260504_005846_706580_jpg.rf.07e149f632e9ae44d4e1fe7f60f6b433.jpg | datasets\dataset_v2_4defect\train\images\frame_20260504_005846_706580_jpg.rf.07e149f632e9ae44d4e1fe7f60f6b433_aug_contrast_1.jpg | datasets\dataset_v2_5class\train\images\frame_20260504_005846_706580_jpg.rf.07e149f632e9ae44d4e1fe7f60f6b433_aug_contrast_1.jpg | datasets\dataset_v3_clean_background\train\images\frame_20260504_005846_706580_jpg.rf.07e149f632e9ae44d4e1fe7f60f6b433_aug_contrast_1.jpg
NEAR_290,NEAR_DHASH_DIST_1,7,datasets\dataset_v2_4defect\train\images\frame_20260504_005904_878080_jpg.rf.76c89b60828324b9603a29c2d168f93d.jpg | datasets\dataset_v2_5class\train\images\frame_20260504_005904_878080_jpg.rf.76c89b60828324b9603a29c2d168f93d.jpg | datasets\dataset_v3_clean_background\train\images\frame_20260504_005904_878080_jpg.rf.76c89b60828324b9603a29c2d168f93d.jpg | real_world_controlled_v1\belt_splice\belt_splice_21_frame_20260504_005904_878080_jpg.rf.76c89b60828324b9603a29c2d168f93d.jpg | datasets\dataset_v2_4defect\train\images\frame_20260504_005904_878080_jpg.rf.76c89b60828324b9603a29c2d168f93d_aug_contrast_3.jpg | datasets\dataset_v2_5class\train\images\frame_20260504_005904_878080_jpg.rf.76c89b60828324b9603a29c2d168f93d_aug_contrast_3.jpg | datasets\dataset_v3_clean_background\train\images\frame_20260504_005904_878080_jpg.rf.76c89b60828324b9603a29c2d168f93d_aug_contrast_3.jpg
NEAR_291,NEAR_DHASH_DIST_2,6,datasets\dataset_v2_4defect\train\images\frame_20260504_005910_724374_jpg.rf.a060ff08e8a8c698794022c8b7d7248f.jpg | datasets\dataset_v2_5class\train\images\frame_20260504_005910_724374_jpg.rf.a060ff08e8a8c698794022c8b7d7248f.jpg | datasets\dataset_v3_clean_background\train\images\frame_20260504_005910_724374_jpg.rf.a060ff08e8a8c698794022c8b7d7248f.jpg | datasets\dataset_v2_4defect\train\images\frame_20260504_005910_724374_jpg.rf.a060ff08e8a8c698794022c8b7d7248f_aug_contrast_1.jpg | datasets\dataset_v2_5class\train\images\frame_20260504_005910_724374_jpg.rf.a060ff08e8a8c698794022c8b7d7248f_aug_contrast_1.jpg | datasets\dataset_v3_clean_background\train\images\frame_20260504_005910_724374_jpg.rf.a060ff08e8a8c698794022c8b7d7248f_aug_contrast_1.jpg
NEAR_292,NEAR_DHASH_DIST_1,6,datasets\dataset_v2_4defect\train\images\frame_20260504_005911_687449_jpg.rf.d81aa89a5bb719c2dd721149bdbcbc62.jpg | datasets\dataset_v2_5class\train\images\frame_20260504_005911_687449_jpg.rf.d81aa89a5bb719c2dd721149bdbcbc62.jpg | datasets\dataset_v3_clean_background\train\images\frame_20260504_005911_687449_jpg.rf.d81aa89a5bb719c2dd721149bdbcbc62.jpg | datasets\dataset_v2_4defect\train\images\frame_20260504_005911_687449_jpg.rf.d81aa89a5bb719c2dd721149bdbcbc62_aug_contrast_2.jpg | datasets\dataset_v2_5class\train\images\frame_20260504_005911_687449_jpg.rf.d81aa89a5bb719c2dd721149bdbcbc62_aug_contrast_2.jpg | datasets\dataset_v3_clean_background\train\images\frame_20260504_005911_687449_jpg.rf.d81aa89a5bb719c2dd721149bdbcbc62_aug_contrast_2.jpg
NEAR_293,NEAR_DHASH_DIST_1,7,datasets\dataset_v2_4defect\train\images\frame_20260504_005919_851039_jpg.rf.ea52f15c4114ff8fa5eee8d43110263a.jpg | datasets\dataset_v2_5class\train\images\frame_20260504_005919_851039_jpg.rf.ea52f15c4114ff8fa5eee8d43110263a.jpg | datasets\dataset_v3_clean_background\train\images\frame_20260504_005919_851039_jpg.rf.ea52f15c4114ff8fa5eee8d43110263a.jpg | real_world_controlled_v1\belt_splice\belt_splice_23_frame_20260504_005919_851039_jpg.rf.ea52f15c4114ff8fa5eee8d43110263a.jpg | datasets\dataset_v2_4defect\train\images\frame_20260504_005919_851039_jpg.rf.ea52f15c4114ff8fa5eee8d43110263a_aug_contrast_3.jpg | datasets\dataset_v2_5class\train\images\frame_20260504_005919_851039_jpg.rf.ea52f15c4114ff8fa5eee8d43110263a_aug_contrast_3.jpg | datasets\dataset_v3_clean_background\train\images\frame_20260504_005919_851039_jpg.rf.ea52f15c4114ff8fa5eee8d43110263a_aug_contrast_3.jpg
NEAR_294,NEAR_DHASH_DIST_2,7,datasets\dataset_v2_4defect\train\images\frame_20260504_005939_055585_jpg.rf.a0c6486814cba0df8df9eddbfc813679.jpg | datasets\dataset_v2_5class\train\images\frame_20260504_005939_055585_jpg.rf.a0c6486814cba0df8df9eddbfc813679.jpg | datasets\dataset_v3_clean_background\train\images\frame_20260504_005939_055585_jpg.rf.a0c6486814cba0df8df9eddbfc813679.jpg | real_world_controlled_v1\belt_splice\belt_splice_25_frame_20260504_005939_055585_jpg.rf.a0c6486814cba0df8df9eddbfc813679.jpg | datasets\dataset_v2_4defect\train\images\frame_20260504_005939_055585_jpg.rf.a0c6486814cba0df8df9eddbfc813679_aug_contrast_3.jpg | datasets\dataset_v2_5class\train\images\frame_20260504_005939_055585_jpg.rf.a0c6486814cba0df8df9eddbfc813679_aug_contrast_3.jpg | datasets\dataset_v3_clean_background\train\images\frame_20260504_005939_055585_jpg.rf.a0c6486814cba0df8df9eddbfc813679_aug_contrast_3.jpg
NEAR_295,NEAR_DHASH_DIST_2,7,datasets\dataset_v2_4defect\train\images\frame_20260504_005939_055585_jpg.rf.a0c6486814cba0df8df9eddbfc813679_aug_contrast_3.jpg | datasets\dataset_v2_5class\train\images\frame_20260504_005939_055585_jpg.rf.a0c6486814cba0df8df9eddbfc813679_aug_contrast_3.jpg | datasets\dataset_v3_clean_background\train\images\frame_20260504_005939_055585_jpg.rf.a0c6486814cba0df8df9eddbfc813679_aug_contrast_3.jpg | datasets\dataset_v2_4defect\train\images\frame_20260504_010005_042922_jpg.rf.8e8f7ef5a02e465736fb7661a849fd26.jpg | datasets\dataset_v2_5class\train\images\frame_20260504_010005_042922_jpg.rf.8e8f7ef5a02e465736fb7661a849fd26.jpg | datasets\dataset_v3_clean_background\train\images\frame_20260504_010005_042922_jpg.rf.8e8f7ef5a02e465736fb7661a849fd26.jpg | real_world_controlled_v1\belt_splice\belt_splice_27_frame_20260504_010005_042922_jpg.rf.8e8f7ef5a02e465736fb7661a849fd26.jpg
NEAR_296,NEAR_DHASH_DIST_3,6,datasets\dataset_v2_4defect\train\images\frame_20260504_005939_055585_jpg.rf.a0c6486814cba0df8df9eddbfc813679_aug_contrast_3.jpg | datasets\dataset_v2_5class\train\images\frame_20260504_005939_055585_jpg.rf.a0c6486814cba0df8df9eddbfc813679_aug_contrast_3.jpg | datasets\dataset_v3_clean_background\train\images\frame_20260504_005939_055585_jpg.rf.a0c6486814cba0df8df9eddbfc813679_aug_contrast_3.jpg | datasets\dataset_v2_4defect\train\images\frame_20260504_010005_042922_jpg.rf.8e8f7ef5a02e465736fb7661a849fd26_aug_contrast_3.jpg | datasets\dataset_v2_5class\train\images\frame_20260504_010005_042922_jpg.rf.8e8f7ef5a02e465736fb7661a849fd26_aug_contrast_3.jpg | datasets\dataset_v3_clean_background\train\images\frame_20260504_010005_042922_jpg.rf.8e8f7ef5a02e465736fb7661a849fd26_aug_contrast_3.jpg
NEAR_297,NEAR_DHASH_DIST_2,6,datasets\dataset_v2_4defect\train\images\frame_20260504_005939_055585_jpg.rf.a0c6486814cba0df8df9eddbfc813679_aug_hflip_0.jpg | datasets\dataset_v2_5class\train\images\frame_20260504_005939_055585_jpg.rf.a0c6486814cba0df8df9eddbfc813679_aug_hflip_0.jpg | datasets\dataset_v3_clean_background\train\images\frame_20260504_005939_055585_jpg.rf.a0c6486814cba0df8df9eddbfc813679_aug_hflip_0.jpg | datasets\dataset_v2_4defect\train\images\frame_20260504_010005_042922_jpg.rf.8e8f7ef5a02e465736fb7661a849fd26_aug_hflip_0.jpg | datasets\dataset_v2_5class\train\images\frame_20260504_010005_042922_jpg.rf.8e8f7ef5a02e465736fb7661a849fd26_aug_hflip_0.jpg | datasets\dataset_v3_clean_background\train\images\frame_20260504_010005_042922_jpg.rf.8e8f7ef5a02e465736fb7661a849fd26_aug_hflip_0.jpg
NEAR_298,NEAR_DHASH_DIST_2,6,datasets\dataset_v2_4defect\train\images\frame_20260504_005939_055585_jpg.rf.a0c6486814cba0df8df9eddbfc813679_aug_hvflip_2.jpg | datasets\dataset_v2_5class\train\images\frame_20260504_005939_055585_jpg.rf.a0c6486814cba0df8df9eddbfc813679_aug_hvflip_2.jpg | datasets\dataset_v3_clean_background\train\images\frame_20260504_005939_055585_jpg.rf.a0c6486814cba0df8df9eddbfc813679_aug_hvflip_2.jpg | datasets\dataset_v2_4defect\train\images\frame_20260504_010005_042922_jpg.rf.8e8f7ef5a02e465736fb7661a849fd26_aug_hvflip_2.jpg | datasets\dataset_v2_5class\train\images\frame_20260504_010005_042922_jpg.rf.8e8f7ef5a02e465736fb7661a849fd26_aug_hvflip_2.jpg | datasets\dataset_v3_clean_background\train\images\frame_20260504_010005_042922_jpg.rf.8e8f7ef5a02e465736fb7661a849fd26_aug_hvflip_2.jpg
NEAR_299,NEAR_DHASH_DIST_3,6,datasets\dataset_v2_4defect\train\images\frame_20260504_005941_985035_jpg.rf.443b36939fe4355f2011e3c0e9bf75f6.jpg | datasets\dataset_v2_5class\train\images\frame_20260504_005941_985035_jpg.rf.443b36939fe4355f2011e3c0e9bf75f6.jpg | datasets\dataset_v3_clean_background\train\images\frame_20260504_005941_985035_jpg.rf.443b36939fe4355f2011e3c0e9bf75f6.jpg | datasets\dataset_v2_4defect\train\images\frame_20260504_005953_017942_jpg.rf.67f689a48067d68db170ccbb8c6a108c.jpg | datasets\dataset_v2_5class\train\images\frame_20260504_005953_017942_jpg.rf.67f689a48067d68db170ccbb8c6a108c.jpg | datasets\dataset_v3_clean_background\train\images\frame_20260504_005953_017942_jpg.rf.67f689a48067d68db170ccbb8c6a108c.jpg
NEAR_300,NEAR_DHASH_DIST_1,6,datasets\dataset_v2_4defect\train\images\frame_20260504_005953_017942_jpg.rf.67f689a48067d68db170ccbb8c6a108c.jpg | datasets\dataset_v2_5class\train\images\frame_20260504_005953_017942_jpg.rf.67f689a48067d68db170ccbb8c6a108c.jpg | datasets\dataset_v3_clean_background\train\images\frame_20260504_005953_017942_jpg.rf.67f689a48067d68db170ccbb8c6a108c.jpg | datasets\dataset_v2_4defect\train\images\frame_20260504_005953_017942_jpg.rf.67f689a48067d68db170ccbb8c6a108c_aug_contrast_1.jpg | datasets\dataset_v2_5class\train\images\frame_20260504_005953_017942_jpg.rf.67f689a48067d68db170ccbb8c6a108c_aug_contrast_1.jpg | datasets\dataset_v3_clean_background\train\images\frame_20260504_005953_017942_jpg.rf.67f689a48067d68db170ccbb8c6a108c_aug_contrast_1.jpg
NEAR_301,NEAR_DHASH_DIST_1,6,datasets\dataset_v2_4defect\train\images\frame_20260504_005953_017942_jpg.rf.67f689a48067d68db170ccbb8c6a108c.jpg | datasets\dataset_v2_5class\train\images\frame_20260504_005953_017942_jpg.rf.67f689a48067d68db170ccbb8c6a108c.jpg | datasets\dataset_v3_clean_background\train\images\frame_20260504_005953_017942_jpg.rf.67f689a48067d68db170ccbb8c6a108c.jpg | datasets\dataset_v2_4defect\train\images\frame_20260504_010348_906249_jpg.rf.f25feacd925258ae5102d7b3189c792e.jpg | datasets\dataset_v2_5class\train\images\frame_20260504_010348_906249_jpg.rf.f25feacd925258ae5102d7b3189c792e.jpg | datasets\dataset_v3_clean_background\train\images\frame_20260504_010348_906249_jpg.rf.f25feacd925258ae5102d7b3189c792e.jpg
NEAR_302,NEAR_DHASH_DIST_2,6,datasets\dataset_v2_4defect\train\images\frame_20260504_005953_017942_jpg.rf.67f689a48067d68db170ccbb8c6a108c.jpg | datasets\dataset_v2_5class\train\images\frame_20260504_005953_017942_jpg.rf.67f689a48067d68db170ccbb8c6a108c.jpg | datasets\dataset_v3_clean_background\train\images\frame_20260504_005953_017942_jpg.rf.67f689a48067d68db170ccbb8c6a108c.jpg | datasets\dataset_v2_4defect\train\images\frame_20260504_010348_906249_jpg.rf.f25feacd925258ae5102d7b3189c792e_aug_contrast_1.jpg | datasets\dataset_v2_5class\train\images\frame_20260504_010348_906249_jpg.rf.f25feacd925258ae5102d7b3189c792e_aug_contrast_1.jpg | datasets\dataset_v3_clean_background\train\images\frame_20260504_010348_906249_jpg.rf.f25feacd925258ae5102d7b3189c792e_aug_contrast_1.jpg
NEAR_303,NEAR_DHASH_DIST_2,6,datasets\dataset_v2_4defect\train\images\frame_20260504_005953_017942_jpg.rf.67f689a48067d68db170ccbb8c6a108c_aug_contrast_1.jpg | datasets\dataset_v2_5class\train\images\frame_20260504_005953_017942_jpg.rf.67f689a48067d68db170ccbb8c6a108c_aug_contrast_1.jpg | datasets\dataset_v3_clean_background\train\images\frame_20260504_005953_017942_jpg.rf.67f689a48067d68db170ccbb8c6a108c_aug_contrast_1.jpg | datasets\dataset_v2_4defect\train\images\frame_20260504_010348_906249_jpg.rf.f25feacd925258ae5102d7b3189c792e.jpg | datasets\dataset_v2_5class\train\images\frame_20260504_010348_906249_jpg.rf.f25feacd925258ae5102d7b3189c792e.jpg | datasets\dataset_v3_clean_background\train\images\frame_20260504_010348_906249_jpg.rf.f25feacd925258ae5102d7b3189c792e.jpg
NEAR_304,NEAR_DHASH_DIST_3,6,datasets\dataset_v2_4defect\train\images\frame_20260504_005953_017942_jpg.rf.67f689a48067d68db170ccbb8c6a108c_aug_contrast_1.jpg | datasets\dataset_v2_5class\train\images\frame_20260504_005953_017942_jpg.rf.67f689a48067d68db170ccbb8c6a108c_aug_contrast_1.jpg | datasets\dataset_v3_clean_background\train\images\frame_20260504_005953_017942_jpg.rf.67f689a48067d68db170ccbb8c6a108c_aug_contrast_1.jpg | datasets\dataset_v2_4defect\train\images\frame_20260504_010348_906249_jpg.rf.f25feacd925258ae5102d7b3189c792e_aug_contrast_1.jpg | datasets\dataset_v2_5class\train\images\frame_20260504_010348_906249_jpg.rf.f25feacd925258ae5102d7b3189c792e_aug_contrast_1.jpg | datasets\dataset_v3_clean_background\train\images\frame_20260504_010348_906249_jpg.rf.f25feacd925258ae5102d7b3189c792e_aug_contrast_1.jpg
NEAR_305,NEAR_DHASH_DIST_3,6,datasets\dataset_v2_4defect\train\images\frame_20260504_005953_017942_jpg.rf.67f689a48067d68db170ccbb8c6a108c_aug_hflip_0.jpg | datasets\dataset_v2_5class\train\images\frame_20260504_005953_017942_jpg.rf.67f689a48067d68db170ccbb8c6a108c_aug_hflip_0.jpg | datasets\dataset_v3_clean_background\train\images\frame_20260504_005953_017942_jpg.rf.67f689a48067d68db170ccbb8c6a108c_aug_hflip_0.jpg | datasets\dataset_v2_4defect\train\images\frame_20260504_010348_906249_jpg.rf.f25feacd925258ae5102d7b3189c792e_aug_hflip_0.jpg | datasets\dataset_v2_5class\train\images\frame_20260504_010348_906249_jpg.rf.f25feacd925258ae5102d7b3189c792e_aug_hflip_0.jpg | datasets\dataset_v3_clean_background\train\images\frame_20260504_010348_906249_jpg.rf.f25feacd925258ae5102d7b3189c792e_aug_hflip_0.jpg
NEAR_306,NEAR_DHASH_DIST_1,6,datasets\dataset_v2_4defect\train\images\frame_20260504_010000_031685_jpg.rf.4c42401e60a1f06679913b960c101329.jpg | datasets\dataset_v2_5class\train\images\frame_20260504_010000_031685_jpg.rf.4c42401e60a1f06679913b960c101329.jpg | datasets\dataset_v3_clean_background\train\images\frame_20260504_010000_031685_jpg.rf.4c42401e60a1f06679913b960c101329.jpg | datasets\dataset_v2_4defect\train\images\frame_20260504_010000_031685_jpg.rf.4c42401e60a1f06679913b960c101329_aug_contrast_1.jpg | datasets\dataset_v2_5class\train\images\frame_20260504_010000_031685_jpg.rf.4c42401e60a1f06679913b960c101329_aug_contrast_1.jpg | datasets\dataset_v3_clean_background\train\images\frame_20260504_010000_031685_jpg.rf.4c42401e60a1f06679913b960c101329_aug_contrast_1.jpg
NEAR_307,NEAR_DHASH_DIST_3,10,datasets\dataset_v2_4defect\train\images\frame_20260504_010001_005058_jpg.rf.7c329401c205a204bf6a9178329f2848.jpg | datasets\dataset_v2_4defect\train\images\frame_20260504_010001_005058_jpg.rf.7c329401c205a204bf6a9178329f2848_aug_contrast_3.jpg | datasets\dataset_v2_5class\train\images\frame_20260504_010001_005058_jpg.rf.7c329401c205a204bf6a9178329f2848.jpg | datasets\dataset_v2_5class\train\images\frame_20260504_010001_005058_jpg.rf.7c329401c205a204bf6a9178329f2848_aug_contrast_3.jpg | datasets\dataset_v3_clean_background\train\images\frame_20260504_010001_005058_jpg.rf.7c329401c205a204bf6a9178329f2848.jpg | datasets\dataset_v3_clean_background\train\images\frame_20260504_010001_005058_jpg.rf.7c329401c205a204bf6a9178329f2848_aug_contrast_3.jpg | real_world_controlled_v1\belt_splice\belt_splice_26_frame_20260504_010001_005058_jpg.rf.7c329401c205a204bf6a9178329f2848.jpg | datasets\dataset_v2_4defect\train\images\frame_20260504_010016_019268_jpg.rf.2539841ae4c0e74bf8e48dab700db809_aug_contrast_3.jpg | datasets\dataset_v2_5class\train\images\frame_20260504_010016_019268_jpg.rf.2539841ae4c0e74bf8e48dab700db809_aug_contrast_3.jpg | datasets\dataset_v3_clean_background\train\images\frame_20260504_010016_019268_jpg.rf.2539841ae4c0e74bf8e48dab700db809_aug_contrast_3.jpg
NEAR_308,NEAR_DHASH_DIST_1,7,datasets\dataset_v2_4defect\train\images\frame_20260504_010005_042922_jpg.rf.8e8f7ef5a02e465736fb7661a849fd26.jpg | datasets\dataset_v2_5class\train\images\frame_20260504_010005_042922_jpg.rf.8e8f7ef5a02e465736fb7661a849fd26.jpg | datasets\dataset_v3_clean_background\train\images\frame_20260504_010005_042922_jpg.rf.8e8f7ef5a02e465736fb7661a849fd26.jpg | real_world_controlled_v1\belt_splice\belt_splice_27_frame_20260504_010005_042922_jpg.rf.8e8f7ef5a02e465736fb7661a849fd26.jpg | datasets\dataset_v2_4defect\train\images\frame_20260504_010005_042922_jpg.rf.8e8f7ef5a02e465736fb7661a849fd26_aug_contrast_3.jpg | datasets\dataset_v2_5class\train\images\frame_20260504_010005_042922_jpg.rf.8e8f7ef5a02e465736fb7661a849fd26_aug_contrast_3.jpg | datasets\dataset_v3_clean_background\train\images\frame_20260504_010005_042922_jpg.rf.8e8f7ef5a02e465736fb7661a849fd26_aug_contrast_3.jpg
NEAR_309,NEAR_DHASH_DIST_1,9,datasets\dataset_v2_4defect\train\images\frame_20260504_010012_028519_jpg.rf.61c435c802a330caa19ad1eedc184a93.jpg | datasets\dataset_v2_4defect\train\images\frame_20260504_010012_028519_jpg.rf.61c435c802a330caa19ad1eedc184a93_aug_contrast_1.jpg | datasets\dataset_v2_5class\train\images\frame_20260504_010012_028519_jpg.rf.61c435c802a330caa19ad1eedc184a93.jpg | datasets\dataset_v2_5class\train\images\frame_20260504_010012_028519_jpg.rf.61c435c802a330caa19ad1eedc184a93_aug_contrast_1.jpg | datasets\dataset_v3_clean_background\train\images\frame_20260504_010012_028519_jpg.rf.61c435c802a330caa19ad1eedc184a93.jpg | datasets\dataset_v3_clean_background\train\images\frame_20260504_010012_028519_jpg.rf.61c435c802a330caa19ad1eedc184a93_aug_contrast_1.jpg | datasets\dataset_v2_4defect\train\images\frame_20260504_010352_906660_jpg.rf.b63c8898f86df0a09260efc803d15247.jpg | datasets\dataset_v2_5class\train\images\frame_20260504_010352_906660_jpg.rf.b63c8898f86df0a09260efc803d15247.jpg | datasets\dataset_v3_clean_background\train\images\frame_20260504_010352_906660_jpg.rf.b63c8898f86df0a09260efc803d15247.jpg
NEAR_310,NEAR_DHASH_DIST_3,6,datasets\dataset_v2_4defect\train\images\frame_20260504_010016_019268_jpg.rf.2539841ae4c0e74bf8e48dab700db809.jpg | datasets\dataset_v2_5class\train\images\frame_20260504_010016_019268_jpg.rf.2539841ae4c0e74bf8e48dab700db809.jpg | datasets\dataset_v3_clean_background\train\images\frame_20260504_010016_019268_jpg.rf.2539841ae4c0e74bf8e48dab700db809.jpg | datasets\dataset_v2_4defect\train\images\frame_20260504_010016_019268_jpg.rf.2539841ae4c0e74bf8e48dab700db809_aug_contrast_3.jpg | datasets\dataset_v2_5class\train\images\frame_20260504_010016_019268_jpg.rf.2539841ae4c0e74bf8e48dab700db809_aug_contrast_3.jpg | datasets\dataset_v3_clean_background\train\images\frame_20260504_010016_019268_jpg.rf.2539841ae4c0e74bf8e48dab700db809_aug_contrast_3.jpg
NEAR_311,NEAR_DHASH_DIST_1,6,datasets\dataset_v2_4defect\train\images\frame_20260504_010348_906249_jpg.rf.f25feacd925258ae5102d7b3189c792e.jpg | datasets\dataset_v2_5class\train\images\frame_20260504_010348_906249_jpg.rf.f25feacd925258ae5102d7b3189c792e.jpg | datasets\dataset_v3_clean_background\train\images\frame_20260504_010348_906249_jpg.rf.f25feacd925258ae5102d7b3189c792e.jpg | datasets\dataset_v2_4defect\train\images\frame_20260504_010348_906249_jpg.rf.f25feacd925258ae5102d7b3189c792e_aug_contrast_1.jpg | datasets\dataset_v2_5class\train\images\frame_20260504_010348_906249_jpg.rf.f25feacd925258ae5102d7b3189c792e_aug_contrast_1.jpg | datasets\dataset_v3_clean_background\train\images\frame_20260504_010348_906249_jpg.rf.f25feacd925258ae5102d7b3189c792e_aug_contrast_1.jpg
NEAR_312,NEAR_DHASH_DIST_1,6,datasets\dataset_v2_4defect\train\images\frame_20260504_010359_918819_jpg.rf.6e70b5fc0c0f23d7744b36498aa6744b.jpg | datasets\dataset_v2_5class\train\images\frame_20260504_010359_918819_jpg.rf.6e70b5fc0c0f23d7744b36498aa6744b.jpg | datasets\dataset_v3_clean_background\train\images\frame_20260504_010359_918819_jpg.rf.6e70b5fc0c0f23d7744b36498aa6744b.jpg | datasets\dataset_v2_4defect\train\images\frame_20260504_010359_918819_jpg.rf.6e70b5fc0c0f23d7744b36498aa6744b_aug_contrast_1.jpg | datasets\dataset_v2_5class\train\images\frame_20260504_010359_918819_jpg.rf.6e70b5fc0c0f23d7744b36498aa6744b_aug_contrast_1.jpg | datasets\dataset_v3_clean_background\train\images\frame_20260504_010359_918819_jpg.rf.6e70b5fc0c0f23d7744b36498aa6744b_aug_contrast_1.jpg
NEAR_313,NEAR_DHASH_DIST_1,6,datasets\dataset_v2_4defect\val\images\frame_00000_jpg.rf.a2ee0d4a3fc2adb8f97c3b8198a98f46.jpg | datasets\dataset_v2_5class\val\images\frame_00000_jpg.rf.a2ee0d4a3fc2adb8f97c3b8198a98f46.jpg | datasets\dataset_v3_clean_background\val\images\frame_00000_jpg.rf.a2ee0d4a3fc2adb8f97c3b8198a98f46.jpg | datasets\dataset_v2_4defect\val\images\frame_00000_jpg.rf.a2ee0d4a3fc2adb8f97c3b8198a98f46_aug_contrast_1.jpg | datasets\dataset_v2_5class\val\images\frame_00000_jpg.rf.a2ee0d4a3fc2adb8f97c3b8198a98f46_aug_contrast_1.jpg | datasets\dataset_v3_clean_background\val\images\frame_00000_jpg.rf.a2ee0d4a3fc2adb8f97c3b8198a98f46_aug_contrast_1.jpg
NEAR_314,NEAR_DHASH_DIST_3,6,datasets\dataset_v2_4defect\val\images\frame_00016_jpg.rf.6a0d913b35a523b3d9acd11956fdb2c7.jpg | datasets\dataset_v2_5class\val\images\frame_00016_jpg.rf.6a0d913b35a523b3d9acd11956fdb2c7.jpg | datasets\dataset_v3_clean_background\val\images\frame_00016_jpg.rf.6a0d913b35a523b3d9acd11956fdb2c7.jpg | datasets\dataset_v2_4defect\val\images\frame_00016_jpg.rf.6a0d913b35a523b3d9acd11956fdb2c7_aug_contrast_1.jpg | datasets\dataset_v2_5class\val\images\frame_00016_jpg.rf.6a0d913b35a523b3d9acd11956fdb2c7_aug_contrast_1.jpg | datasets\dataset_v3_clean_background\val\images\frame_00016_jpg.rf.6a0d913b35a523b3d9acd11956fdb2c7_aug_contrast_1.jpg
NEAR_315,NEAR_DHASH_DIST_1,6,datasets\dataset_v2_4defect\val\images\frame_00034_jpg.rf.fd5a784c518bff82a91378a56d91b1a8.jpg | datasets\dataset_v2_5class\val\images\frame_00034_jpg.rf.fd5a784c518bff82a91378a56d91b1a8.jpg | datasets\dataset_v3_clean_background\val\images\frame_00034_jpg.rf.fd5a784c518bff82a91378a56d91b1a8.jpg | datasets\dataset_v2_4defect\val\images\frame_00034_jpg.rf.fd5a784c518bff82a91378a56d91b1a8_aug_contrast_3.jpg | datasets\dataset_v2_5class\val\images\frame_00034_jpg.rf.fd5a784c518bff82a91378a56d91b1a8_aug_contrast_3.jpg | datasets\dataset_v3_clean_background\val\images\frame_00034_jpg.rf.fd5a784c518bff82a91378a56d91b1a8_aug_contrast_3.jpg
NEAR_316,NEAR_DHASH_DIST_1,6,datasets\dataset_v2_4defect\val\images\frame_00043_jpg.rf.3a6ca76b12671a581d3b1a7e5bd1eed1.jpg | datasets\dataset_v2_5class\val\images\frame_00043_jpg.rf.3a6ca76b12671a581d3b1a7e5bd1eed1.jpg | datasets\dataset_v3_clean_background\val\images\frame_00043_jpg.rf.3a6ca76b12671a581d3b1a7e5bd1eed1.jpg | datasets\dataset_v2_4defect\val\images\frame_00043_jpg.rf.3a6ca76b12671a581d3b1a7e5bd1eed1_aug_contrast_2.jpg | datasets\dataset_v2_5class\val\images\frame_00043_jpg.rf.3a6ca76b12671a581d3b1a7e5bd1eed1_aug_contrast_2.jpg | datasets\dataset_v3_clean_background\val\images\frame_00043_jpg.rf.3a6ca76b12671a581d3b1a7e5bd1eed1_aug_contrast_2.jpg
NEAR_317,NEAR_DHASH_DIST_1,6,datasets\dataset_v2_4defect\val\images\frame_00047_jpg.rf.513e6c95632593b0670419578da0689c.jpg | datasets\dataset_v2_5class\val\images\frame_00047_jpg.rf.513e6c95632593b0670419578da0689c.jpg | datasets\dataset_v3_clean_background\val\images\frame_00047_jpg.rf.513e6c95632593b0670419578da0689c.jpg | datasets\dataset_v2_4defect\val\images\frame_00047_jpg.rf.513e6c95632593b0670419578da0689c_aug_contrast_1.jpg | datasets\dataset_v2_5class\val\images\frame_00047_jpg.rf.513e6c95632593b0670419578da0689c_aug_contrast_1.jpg | datasets\dataset_v3_clean_background\val\images\frame_00047_jpg.rf.513e6c95632593b0670419578da0689c_aug_contrast_1.jpg
NEAR_318,NEAR_DHASH_DIST_1,6,datasets\dataset_v2_4defect\val\images\frame_00080_jpg.rf.efb59745fa1072782b14e4b425e60bee.jpg | datasets\dataset_v2_5class\val\images\frame_00080_jpg.rf.efb59745fa1072782b14e4b425e60bee.jpg | datasets\dataset_v3_clean_background\val\images\frame_00080_jpg.rf.efb59745fa1072782b14e4b425e60bee.jpg | datasets\dataset_v2_4defect\val\images\frame_00080_jpg.rf.efb59745fa1072782b14e4b425e60bee_aug_contrast_1.jpg | datasets\dataset_v2_5class\val\images\frame_00080_jpg.rf.efb59745fa1072782b14e4b425e60bee_aug_contrast_1.jpg | datasets\dataset_v3_clean_background\val\images\frame_00080_jpg.rf.efb59745fa1072782b14e4b425e60bee_aug_contrast_1.jpg
NEAR_319,NEAR_DHASH_DIST_2,6,datasets\dataset_v2_4defect\val\images\frame_00141_jpg.rf.401688c6f85f0c962e721e03e5616ecf.jpg | datasets\dataset_v2_5class\val\images\frame_00141_jpg.rf.401688c6f85f0c962e721e03e5616ecf.jpg | datasets\dataset_v3_clean_background\val\images\frame_00141_jpg.rf.401688c6f85f0c962e721e03e5616ecf.jpg | datasets\dataset_v2_4defect\val\images\frame_00141_jpg.rf.401688c6f85f0c962e721e03e5616ecf_aug_contrast_1.jpg | datasets\dataset_v2_5class\val\images\frame_00141_jpg.rf.401688c6f85f0c962e721e03e5616ecf_aug_contrast_1.jpg | datasets\dataset_v3_clean_background\val\images\frame_00141_jpg.rf.401688c6f85f0c962e721e03e5616ecf_aug_contrast_1.jpg
NEAR_320,NEAR_DHASH_DIST_3,7,datasets\dataset_v2_4defect\val\images\frame_00151_jpg.rf.d69634b232de3cd6ea5d428af7368966.jpg | datasets\dataset_v2_5class\val\images\frame_00151_jpg.rf.d69634b232de3cd6ea5d428af7368966.jpg | datasets\dataset_v3_clean_background\val\images\frame_00151_jpg.rf.d69634b232de3cd6ea5d428af7368966.jpg | datasets\dataset_v2_4defect\val\images\frame_00151_jpg.rf.d69634b232de3cd6ea5d428af7368966_aug_contrast_3.jpg | datasets\dataset_v2_5class\val\images\frame_00151_jpg.rf.d69634b232de3cd6ea5d428af7368966_aug_contrast_3.jpg | datasets\dataset_v3_clean_background\val\images\frame_00151_jpg.rf.d69634b232de3cd6ea5d428af7368966_aug_contrast_3.jpg | reports\deep_scratch_fn\FN_0_frame_00151_jpg.rf.d69634b232de3cd6ea5d428af7368966_aug_contrast_3.jpg
NEAR_321,NEAR_DHASH_DIST_3,6,datasets\dataset_v2_4defect\val\images\frame_00170_jpg.rf.ad470f29c43bbe36ed3f919c4fdc960a.jpg | datasets\dataset_v2_5class\val\images\frame_00170_jpg.rf.ad470f29c43bbe36ed3f919c4fdc960a.jpg | datasets\dataset_v3_clean_background\val\images\frame_00170_jpg.rf.ad470f29c43bbe36ed3f919c4fdc960a.jpg | datasets\dataset_v2_4defect\val\images\frame_00170_jpg.rf.ad470f29c43bbe36ed3f919c4fdc960a_aug_contrast_1.jpg | datasets\dataset_v2_5class\val\images\frame_00170_jpg.rf.ad470f29c43bbe36ed3f919c4fdc960a_aug_contrast_1.jpg | datasets\dataset_v3_clean_background\val\images\frame_00170_jpg.rf.ad470f29c43bbe36ed3f919c4fdc960a_aug_contrast_1.jpg
NEAR_322,NEAR_DHASH_DIST_1,6,datasets\dataset_v2_4defect\val\images\frame_00219_jpg.rf.bb096542fc798790e1104c3704221cf6.jpg | datasets\dataset_v2_5class\val\images\frame_00219_jpg.rf.bb096542fc798790e1104c3704221cf6.jpg | datasets\dataset_v3_clean_background\val\images\frame_00219_jpg.rf.bb096542fc798790e1104c3704221cf6.jpg | datasets\dataset_v2_4defect\val\images\frame_00219_jpg.rf.bb096542fc798790e1104c3704221cf6_aug_contrast_2.jpg | datasets\dataset_v2_5class\val\images\frame_00219_jpg.rf.bb096542fc798790e1104c3704221cf6_aug_contrast_2.jpg | datasets\dataset_v3_clean_background\val\images\frame_00219_jpg.rf.bb096542fc798790e1104c3704221cf6_aug_contrast_2.jpg
NEAR_323,NEAR_DHASH_DIST_1,8,datasets\dataset_v2_4defect\val\images\frame_00231_jpg.rf.200d0d27b4659b6c59b92e3bde750e03.jpg | datasets\dataset_v2_5class\val\images\frame_00231_jpg.rf.200d0d27b4659b6c59b92e3bde750e03.jpg | datasets\dataset_v3_clean_background\val\images\frame_00231_jpg.rf.200d0d27b4659b6c59b92e3bde750e03.jpg | reports\deep_scratch_fp\FP_5_frame_00231_jpg.rf.200d0d27b4659b6c59b92e3bde750e03.jpg | datasets\dataset_v2_4defect\val\images\frame_00231_jpg.rf.200d0d27b4659b6c59b92e3bde750e03_aug_contrast_1.jpg | datasets\dataset_v2_5class\val\images\frame_00231_jpg.rf.200d0d27b4659b6c59b92e3bde750e03_aug_contrast_1.jpg | datasets\dataset_v3_clean_background\val\images\frame_00231_jpg.rf.200d0d27b4659b6c59b92e3bde750e03_aug_contrast_1.jpg | reports\deep_scratch_fp\FP_6_frame_00231_jpg.rf.200d0d27b4659b6c59b92e3bde750e03_aug_contrast_1.jpg
NEAR_324,NEAR_DHASH_DIST_1,6,datasets\dataset_v2_4defect\val\images\frame_00264_jpg.rf.593e8de6fee679d386dbb6a7c5706c6f.jpg | datasets\dataset_v2_5class\val\images\frame_00264_jpg.rf.593e8de6fee679d386dbb6a7c5706c6f.jpg | datasets\dataset_v3_clean_background\val\images\frame_00264_jpg.rf.593e8de6fee679d386dbb6a7c5706c6f.jpg | datasets\dataset_v2_4defect\val\images\frame_00264_jpg.rf.593e8de6fee679d386dbb6a7c5706c6f_aug_contrast_2.jpg | datasets\dataset_v2_5class\val\images\frame_00264_jpg.rf.593e8de6fee679d386dbb6a7c5706c6f_aug_contrast_2.jpg | datasets\dataset_v3_clean_background\val\images\frame_00264_jpg.rf.593e8de6fee679d386dbb6a7c5706c6f_aug_contrast_2.jpg
NEAR_325,NEAR_DHASH_DIST_1,6,datasets\dataset_v2_4defect\val\images\frame_00275_jpg.rf.e01b52fd12bef086342ab93e907e6962.jpg | datasets\dataset_v2_5class\val\images\frame_00275_jpg.rf.e01b52fd12bef086342ab93e907e6962.jpg | datasets\dataset_v3_clean_background\val\images\frame_00275_jpg.rf.e01b52fd12bef086342ab93e907e6962.jpg | datasets\dataset_v2_4defect\val\images\frame_00275_jpg.rf.e01b52fd12bef086342ab93e907e6962_aug_contrast_1.jpg | datasets\dataset_v2_5class\val\images\frame_00275_jpg.rf.e01b52fd12bef086342ab93e907e6962_aug_contrast_1.jpg | datasets\dataset_v3_clean_background\val\images\frame_00275_jpg.rf.e01b52fd12bef086342ab93e907e6962_aug_contrast_1.jpg
NEAR_326,NEAR_DHASH_DIST_3,6,datasets\dataset_v2_4defect\val\images\frame_00309_jpg.rf.6b94fe49f12da98f7c6a5b25b404a825.jpg | datasets\dataset_v2_5class\val\images\frame_00309_jpg.rf.6b94fe49f12da98f7c6a5b25b404a825.jpg | datasets\dataset_v3_clean_background\val\images\frame_00309_jpg.rf.6b94fe49f12da98f7c6a5b25b404a825.jpg | datasets\dataset_v2_4defect\val\images\frame_00309_jpg.rf.6b94fe49f12da98f7c6a5b25b404a825_aug_contrast_3.jpg | datasets\dataset_v2_5class\val\images\frame_00309_jpg.rf.6b94fe49f12da98f7c6a5b25b404a825_aug_contrast_3.jpg | datasets\dataset_v3_clean_background\val\images\frame_00309_jpg.rf.6b94fe49f12da98f7c6a5b25b404a825_aug_contrast_3.jpg
NEAR_327,NEAR_DHASH_DIST_1,6,datasets\dataset_v2_4defect\val\images\frame_20260504_001446_073037_jpg.rf.41a1e03f738daaea4fa37ef8e77b8514.jpg | datasets\dataset_v2_5class\val\images\frame_20260504_001446_073037_jpg.rf.41a1e03f738daaea4fa37ef8e77b8514.jpg | datasets\dataset_v3_clean_background\val\images\frame_20260504_001446_073037_jpg.rf.41a1e03f738daaea4fa37ef8e77b8514.jpg | datasets\dataset_v2_4defect\val\images\frame_20260504_001446_073037_jpg.rf.41a1e03f738daaea4fa37ef8e77b8514_aug_contrast_1.jpg | datasets\dataset_v2_5class\val\images\frame_20260504_001446_073037_jpg.rf.41a1e03f738daaea4fa37ef8e77b8514_aug_contrast_1.jpg | datasets\dataset_v3_clean_background\val\images\frame_20260504_001446_073037_jpg.rf.41a1e03f738daaea4fa37ef8e77b8514_aug_contrast_1.jpg
NEAR_328,NEAR_DHASH_DIST_2,6,datasets\dataset_v2_4defect\val\images\frame_20260504_002347_704094_jpg.rf.5928463527010388c391e40919e8c784.jpg | datasets\dataset_v2_5class\val\images\frame_20260504_002347_704094_jpg.rf.5928463527010388c391e40919e8c784.jpg | datasets\dataset_v3_clean_background\val\images\frame_20260504_002347_704094_jpg.rf.5928463527010388c391e40919e8c784.jpg | datasets\dataset_v2_4defect\val\images\frame_20260504_002347_704094_jpg.rf.5928463527010388c391e40919e8c784_aug_contrast_2.jpg | datasets\dataset_v2_5class\val\images\frame_20260504_002347_704094_jpg.rf.5928463527010388c391e40919e8c784_aug_contrast_2.jpg | datasets\dataset_v3_clean_background\val\images\frame_20260504_002347_704094_jpg.rf.5928463527010388c391e40919e8c784_aug_contrast_2.jpg
NEAR_329,NEAR_DHASH_DIST_1,7,datasets\dataset_v2_4defect\val\images\frame_20260504_002349_703193_jpg.rf.95599bf96798561ecbb62f89c41e02fd.jpg | datasets\dataset_v2_5class\val\images\frame_20260504_002349_703193_jpg.rf.95599bf96798561ecbb62f89c41e02fd.jpg | datasets\dataset_v3_clean_background\val\images\frame_20260504_002349_703193_jpg.rf.95599bf96798561ecbb62f89c41e02fd.jpg | real_world_controlled_v1\longitudinal_tear\longitudinal_tear_23_frame_20260504_002349_703193_jpg.rf.95599bf96798561ecbb62f89c41e02fd.jpg | datasets\dataset_v2_4defect\val\images\frame_20260504_002349_703193_jpg.rf.95599bf96798561ecbb62f89c41e02fd_aug_contrast_1.jpg | datasets\dataset_v2_5class\val\images\frame_20260504_002349_703193_jpg.rf.95599bf96798561ecbb62f89c41e02fd_aug_contrast_1.jpg | datasets\dataset_v3_clean_background\val\images\frame_20260504_002349_703193_jpg.rf.95599bf96798561ecbb62f89c41e02fd_aug_contrast_1.jpg
NEAR_330,NEAR_DHASH_DIST_1,6,datasets\dataset_v2_4defect\val\images\frame_20260504_002401_714369_jpg.rf.d43df3b2eaf6df3ae01745c6530b7869.jpg | datasets\dataset_v2_5class\val\images\frame_20260504_002401_714369_jpg.rf.d43df3b2eaf6df3ae01745c6530b7869.jpg | datasets\dataset_v3_clean_background\val\images\frame_20260504_002401_714369_jpg.rf.d43df3b2eaf6df3ae01745c6530b7869.jpg | datasets\dataset_v2_4defect\val\images\frame_20260504_002401_714369_jpg.rf.d43df3b2eaf6df3ae01745c6530b7869_aug_contrast_1.jpg | datasets\dataset_v2_5class\val\images\frame_20260504_002401_714369_jpg.rf.d43df3b2eaf6df3ae01745c6530b7869_aug_contrast_1.jpg | datasets\dataset_v3_clean_background\val\images\frame_20260504_002401_714369_jpg.rf.d43df3b2eaf6df3ae01745c6530b7869_aug_contrast_1.jpg
NEAR_331,NEAR_DHASH_DIST_1,6,datasets\dataset_v2_4defect\val\images\frame_20260504_005340_601214_jpg.rf.c98697255d5f5eeb8450c6b7b7872926.jpg | datasets\dataset_v2_5class\val\images\frame_20260504_005340_601214_jpg.rf.c98697255d5f5eeb8450c6b7b7872926.jpg | datasets\dataset_v3_clean_background\val\images\frame_20260504_005340_601214_jpg.rf.c98697255d5f5eeb8450c6b7b7872926.jpg | datasets\dataset_v2_4defect\val\images\frame_20260504_005340_601214_jpg.rf.c98697255d5f5eeb8450c6b7b7872926_aug_contrast_2.jpg | datasets\dataset_v2_5class\val\images\frame_20260504_005340_601214_jpg.rf.c98697255d5f5eeb8450c6b7b7872926_aug_contrast_2.jpg | datasets\dataset_v3_clean_background\val\images\frame_20260504_005340_601214_jpg.rf.c98697255d5f5eeb8450c6b7b7872926_aug_contrast_2.jpg
NEAR_332,NEAR_DHASH_DIST_1,7,datasets\dataset_v2_4defect\val\images\frame_20260504_005928_792853_jpg.rf.8dde107f4396585bdc983bd3f503670d.jpg | datasets\dataset_v2_5class\val\images\frame_20260504_005928_792853_jpg.rf.8dde107f4396585bdc983bd3f503670d.jpg | datasets\dataset_v3_clean_background\val\images\frame_20260504_005928_792853_jpg.rf.8dde107f4396585bdc983bd3f503670d.jpg | datasets\dataset_v2_4defect\val\images\frame_20260504_005928_792853_jpg.rf.8dde107f4396585bdc983bd3f503670d_aug_contrast_1.jpg | datasets\dataset_v2_5class\val\images\frame_20260504_005928_792853_jpg.rf.8dde107f4396585bdc983bd3f503670d_aug_contrast_1.jpg | datasets\dataset_v3_clean_background\val\images\frame_20260504_005928_792853_jpg.rf.8dde107f4396585bdc983bd3f503670d_aug_contrast_1.jpg | real_world_controlled_v1\slight_scratch\slight_scratch_26_frame_20260504_005928_792853_jpg.rf.8dde107f4396585bdc983bd3f503670d.jpg
NEAR_333,NEAR_DHASH_DIST_2,6,datasets\hard_cases\defect_predicted_as_normal\FN_frame_00011_jpg.rf.19efdc8a690a0280e957f97f70f5a9fa.jpg | error_cases\FN_frame_00011_jpg.rf.19efdc8a690a0280e957f97f70f5a9fa.jpg | FALSE_NEGATIVES\FN_frame_00011_jpg.rf.19efdc8a690a0280e957f97f70f5a9fa.jpg | reports\false_negative_gallery\FN_frame_00011_jpg.rf.19efdc8a690a0280e957f97f70f5a9fa.jpg | final_visual_results\false_negative\FN_frame_00011.jpg | reports\final_visual_validation\False_Negative_Case.jpg
NEAR_334,NEAR_DHASH_DIST_3,5,final_visual_results\frame_00002_jpg.rf.5e28130cc2199a50e3b0fdc3d2e38885.jpg | real_world_predictions\NEW_MODEL_4_frame_00002_jpg.rf.5e28130cc2199a50e3b0fdc3d2e38885.jpg | final_visual_results\frame_00003_jpg.rf.49968cb55095c8b650a32b4de9b866a4.jpg | real_world_predictions\NEW_MODEL_4_frame_00003_jpg.rf.49968cb55095c8b650a32b4de9b866a4.jpg | reports\final_holdout_visuals\frame_00003_jpg.rf.49968cb55095c8b650a32b4de9b866a4.jpg
NEAR_335,NEAR_DHASH_DIST_3,3,final_visual_results\frame_00005_jpg.rf.0a13708ad0e588d678226308cacc8c9b.jpg | real_world_predictions\NEW_MODEL_4_frame_00005_jpg.rf.0a13708ad0e588d678226308cacc8c9b.jpg | real_world_predictions\BASELINE_ORIGINAL_MODEL_frame_00005_jpg.rf.0a13708ad0e588d678226308cacc8c9b.jpg
NEAR_336,NEAR_DHASH_DIST_1,6,final_visual_results\frame_00007_jpg.rf.fc0f5aff005d781418faaa297ff2471c.jpg | real_world_predictions\NEW_MODEL_4_frame_00007_jpg.rf.fc0f5aff005d781418faaa297ff2471c.jpg | visual_validation_sheets\longitudinal_tear_correct.jpg | final_visual_results\correct\tear_frame_00007.jpg | reports\final_holdout_visuals\frame_00007_jpg.rf.fc0f5aff005d781418faaa297ff2471c.jpg | reports\final_visual_validation\Longitudinal_Tear.jpg
NEAR_337,NEAR_DHASH_DIST_1,4,final_visual_results\frame_00007_jpg.rf.fc0f5aff005d781418faaa297ff2471c.jpg | real_world_predictions\NEW_MODEL_4_frame_00007_jpg.rf.fc0f5aff005d781418faaa297ff2471c.jpg | visual_validation_sheets\longitudinal_tear_correct.jpg | real_world_predictions\BASELINE_ORIGINAL_MODEL_frame_00007_jpg.rf.fc0f5aff005d781418faaa297ff2471c.jpg
NEAR_338,NEAR_DHASH_DIST_2,4,final_visual_results\frame_00012_jpg.rf.0bccc92f2975e1b5d666489e29c08648.jpg | real_world_predictions\BASELINE_ORIGINAL_MODEL_frame_00012_jpg.rf.0bccc92f2975e1b5d666489e29c08648.jpg | real_world_predictions\NEW_MODEL_4_frame_00012_jpg.rf.0bccc92f2975e1b5d666489e29c08648.jpg | reports\final_false_negative_gallery\FN_0_frame_00012_jpg.rf.0bccc92f2975e1b5d666489e29c08648.jpg
NEAR_339,NEAR_DHASH_DIST_2,5,final_visual_results\frame_00024_jpg.rf.40676e62568fb1c96b30338f08050897.jpg | real_world_predictions\NEW_MODEL_4_frame_00024_jpg.rf.40676e62568fb1c96b30338f08050897.jpg | final_visual_results\scratch_cases\deep_scratch_frame_00024.jpg | reports\final_holdout_visuals\frame_00024_jpg.rf.40676e62568fb1c96b30338f08050897.jpg | reports\final_visual_validation\Deep_Scratch.jpg
NEAR_340,NEAR_DHASH_DIST_1,3,final_visual_results\frame_00024_jpg.rf.40676e62568fb1c96b30338f08050897.jpg | real_world_predictions\NEW_MODEL_4_frame_00024_jpg.rf.40676e62568fb1c96b30338f08050897.jpg | real_world_predictions\BASELINE_ORIGINAL_MODEL_frame_00024_jpg.rf.40676e62568fb1c96b30338f08050897.jpg
NEAR_341,NEAR_DHASH_DIST_1,3,final_visual_results\frame_00035_jpg.rf.cfcbd4ea3415701965f8fedda293fb50.jpg | real_world_predictions\NEW_MODEL_4_frame_00035_jpg.rf.cfcbd4ea3415701965f8fedda293fb50.jpg | real_world_predictions\BASELINE_ORIGINAL_MODEL_frame_00035_jpg.rf.cfcbd4ea3415701965f8fedda293fb50.jpg
NEAR_342,NEAR_DHASH_DIST_2,4,final_visual_results\correct\tear_frame_00007.jpg | reports\final_holdout_visuals\frame_00007_jpg.rf.fc0f5aff005d781418faaa297ff2471c.jpg | reports\final_visual_validation\Longitudinal_Tear.jpg | real_world_predictions\BASELINE_ORIGINAL_MODEL_frame_00007_jpg.rf.fc0f5aff005d781418faaa297ff2471c.jpg
NEAR_343,NEAR_DHASH_DIST_1,4,final_visual_results\scratch_cases\deep_scratch_frame_00024.jpg | reports\final_holdout_visuals\frame_00024_jpg.rf.40676e62568fb1c96b30338f08050897.jpg | reports\final_visual_validation\Deep_Scratch.jpg | real_world_predictions\BASELINE_ORIGINAL_MODEL_frame_00024_jpg.rf.40676e62568fb1c96b30338f08050897.jpg
NEAR_344,NEAR_DHASH_DIST_1,2,real_world_predictions\BASELINE_ORIGINAL_MODEL_frame_00005_jpg.rf.0a13708ad0e588d678226308cacc8c9b.jpg | reports\final_holdout_visuals\frame_00005_jpg.rf.0a13708ad0e588d678226308cacc8c9b.jpg
NEAR_345,NEAR_DHASH_DIST_2,2,real_world_predictions\BASELINE_ORIGINAL_MODEL_frame_00035_jpg.rf.cfcbd4ea3415701965f8fedda293fb50.jpg | reports\final_holdout_visuals\frame_00035_jpg.rf.cfcbd4ea3415701965f8fedda293fb50.jpg
NEAR_346,NEAR_DHASH_DIST_2,4,reports\deep_scratch_fp\FP_0_frame_00023_jpg.rf.44df7834ed72fe1c2863a3590f71ae30.jpg | reports\final_false_positive_gallery\FP_3_frame_00023_jpg.rf.44df7834ed72fe1c2863a3590f71ae30.jpg | reports\deep_scratch_fp\FP_1_frame_00023_jpg.rf.44df7834ed72fe1c2863a3590f71ae30_aug_contrast_1.jpg | reports\final_false_positive_gallery\FP_5_frame_00023_jpg.rf.44df7834ed72fe1c2863a3590f71ae30_aug_contrast_1.jpg
NEAR_347,NEAR_DHASH_DIST_1,3,reports\final_false_negative_gallery\FN_0_frame_00012_jpg.rf.0bccc92f2975e1b5d666489e29c08648.jpg | reports\final_holdout_visuals\frame_00012_jpg.rf.0bccc92f2975e1b5d666489e29c08648.jpg | reports\final_visual_validation\Slight_Scratch.jpg
NEAR_348,NEAR_DHASH_DIST_3,2,runs\detect\experiments\candidate_B_v3\val_batch0_labels.jpg | runs\detect\experiments\candidate_B_v3\val_batch0_pred.jpg
NEAR_349,NEAR_DHASH_DIST_1,3,runs\detect\experiments\candidate_B_v3\val_batch0_labels.jpg | runs\detect\experiments\experiment_B_clean_dataset\val_batch0_labels.jpg | runs\detect\experiments\experiment_C_hard_cases\val_batch0_labels.jpg
NEAR_350,NEAR_DHASH_DIST_3,2,runs\detect\experiments\candidate_B_v3\val_batch0_labels.jpg | runs\detect\experiments\experiment_C_hard_cases\val_batch0_pred.jpg
NEAR_351,NEAR_DHASH_DIST_1,2,runs\detect\experiments\candidate_B_v3\val_batch0_pred.jpg | runs\detect\experiments\experiment_B_clean_dataset\val_batch0_pred.jpg
NEAR_352,NEAR_DHASH_DIST_2,2,runs\detect\experiments\candidate_B_v3\val_batch0_pred.jpg | runs\detect\experiments\experiment_C_hard_cases\val_batch0_pred.jpg
NEAR_353,NEAR_DHASH_DIST_1,2,runs\detect\experiments\candidate_B_v3\val_batch1_labels.jpg | runs\detect\experiments\candidate_B_v3\val_batch1_pred.jpg
NEAR_354,NEAR_DHASH_DIST_2,3,runs\detect\experiments\candidate_B_v3\val_batch1_labels.jpg | runs\detect\experiments\experiment_B_clean_dataset\val_batch1_labels.jpg | runs\detect\experiments\experiment_C_hard_cases\val_batch1_labels.jpg
NEAR_355,NEAR_DHASH_DIST_3,2,runs\detect\experiments\candidate_B_v3\val_batch1_labels.jpg | runs\detect\experiments\experiment_C_hard_cases\val_batch1_pred.jpg
NEAR_356,NEAR_DHASH_DIST_3,3,runs\detect\experiments\candidate_B_v3\val_batch1_pred.jpg | runs\detect\experiments\experiment_B_clean_dataset\val_batch1_labels.jpg | runs\detect\experiments\experiment_C_hard_cases\val_batch1_labels.jpg
NEAR_357,NEAR_DHASH_DIST_2,2,runs\detect\experiments\candidate_B_v3\val_batch1_pred.jpg | runs\detect\experiments\experiment_C_hard_cases\val_batch1_pred.jpg
NEAR_358,NEAR_DHASH_DIST_1,2,runs\detect\experiments\candidate_B_v3\val_batch2_labels.jpg | runs\detect\experiments\candidate_B_v3\val_batch2_pred.jpg
NEAR_359,NEAR_DHASH_DIST_1,3,runs\detect\experiments\candidate_B_v3\val_batch2_labels.jpg | runs\detect\experiments\experiment_B_clean_dataset\val_batch2_labels.jpg | runs\detect\experiments\experiment_C_hard_cases\val_batch2_labels.jpg
NEAR_360,NEAR_DHASH_DIST_1,2,runs\detect\experiments\candidate_B_v3\val_batch2_labels.jpg | runs\detect\experiments\experiment_C_hard_cases\val_batch2_pred.jpg
NEAR_361,NEAR_DHASH_DIST_2,3,runs\detect\experiments\candidate_B_v3\val_batch2_pred.jpg | runs\detect\experiments\experiment_B_clean_dataset\val_batch2_labels.jpg | runs\detect\experiments\experiment_C_hard_cases\val_batch2_labels.jpg
NEAR_362,NEAR_DHASH_DIST_2,2,runs\detect\experiments\candidate_B_v3\val_batch2_pred.jpg | runs\detect\experiments\experiment_C_hard_cases\val_batch2_pred.jpg
NEAR_363,NEAR_DHASH_DIST_3,2,runs\detect\experiments\experiment_B_clean_dataset\val_batch0_pred.jpg | runs\detect\experiments\experiment_C_hard_cases\val_batch0_pred.jpg
NEAR_364,NEAR_DHASH_DIST_2,3,runs\detect\experiments\experiment_B_clean_dataset\val_batch2_labels.jpg | runs\detect\experiments\experiment_C_hard_cases\val_batch2_labels.jpg | runs\detect\experiments\experiment_C_hard_cases\val_batch2_pred.jpg
NEAR_365,NEAR_DHASH_DIST_2,2,runs\detect\experiments\experiment_C_hard_cases\confusion_matrix.png | runs\detect\experiments\experiment_C_hard_cases\confusion_matrix_normalized.png
NEAR_366,NEAR_DHASH_DIST_3,2,runs\detect\experiments\experiment_C_hard_cases\confusion_matrix.png | runs\detect\val-3\confusion_matrix.png
NEAR_367,NEAR_DHASH_DIST_2,3,runs\detect\val\confusion_matrix_normalized.png | runs\detect\val-2\confusion_matrix_normalized.png | runs\detect\val-4\confusion_matrix_normalized.png
NEAR_368,NEAR_DHASH_DIST_3,4,runs\detect\val\val_batch1_labels.jpg | runs\detect\val-2\val_batch1_labels.jpg | runs\detect\val\val_batch1_pred.jpg | runs\detect\val-2\val_batch1_pred.jpg
NEAR_369,NEAR_DHASH_DIST_3,2,runs\detect\val-3\confusion_matrix.png | runs\detect\val-4\confusion_matrix.png
NEAR_370,NEAR_DHASH_DIST_3,2,runs\detect\val-3\confusion_matrix_normalized.png | runs\detect\val-4\confusion_matrix.png
NEAR_371,NEAR_DHASH_DIST_3,2,runs\detect\val-3\val_batch2_labels.jpg | runs\detect\val-3\val_batch2_pred.jpg
NEAR_372,NEAR_DHASH_DIST_2,2,runs\detect\val-4\BoxF1_curve.png | runs\detect\val-7\BoxF1_curve.png
NEAR_373,NEAR_DHASH_DIST_3,2,runs\detect\val-4\BoxP_curve.png | runs\detect\val-7\BoxP_curve.png
NEAR_374,NEAR_DHASH_DIST_1,2,runs\detect\val-4\BoxR_curve.png | runs\detect\val-7\BoxR_curve.png
NEAR_375,NEAR_DHASH_DIST_3,9,runs\detect\val-4\val_batch2_labels.jpg | runs\detect\val-5\val_batch2_labels.jpg | runs\detect\val-6\val_batch2_labels.jpg | runs\detect\val-7\val_batch2_labels.jpg | runs\detect\val-8\val_batch2_labels.jpg | runs\detect\val-4\val_batch2_pred.jpg | runs\detect\val-5\val_batch2_pred.jpg | runs\detect\val-6\val_batch2_pred.jpg | runs\detect\val-7\val_batch2_pred.jpg
NEAR_376,NEAR_DHASH_DIST_2,6,runs\detect\val-4\val_batch2_labels.jpg | runs\detect\val-5\val_batch2_labels.jpg | runs\detect\val-6\val_batch2_labels.jpg | runs\detect\val-7\val_batch2_labels.jpg | runs\detect\val-8\val_batch2_labels.jpg | runs\detect\val-8\val_batch2_pred.jpg
NEAR_377,NEAR_DHASH_DIST_1,5,runs\detect\val-4\val_batch2_pred.jpg | runs\detect\val-5\val_batch2_pred.jpg | runs\detect\val-6\val_batch2_pred.jpg | runs\detect\val-7\val_batch2_pred.jpg | runs\detect\val-8\val_batch2_pred.jpg
