image,old_annotation_count,new_annotation_count,action,reason,review_status
frame_00000_jpg.rf.b25756bb2ec71f1b58fd784c46a72cf8.jpg,1,0,CONVERTED_TO_BACKGROUND_SAMPLE,Normal belt box drawn on background rubber of an active defect frame. Creates false positive penalty for defect regions.,APPROVED_REMOVED
frame_00000_jpg.rf.b25756bb2ec71f1b58fd784c46a72cf8.jpg,1,0,CONVERTED_TO_BACKGROUND_SAMPLE,Normal belt box drawn on background rubber of an active defect frame. Creates false positive penalty for defect regions.,APPROVED_REMOVED
frame_00000_jpg.rf.b25756bb2ec71f1b58fd784c46a72cf8.jpg,1,0,CONVERTED_TO_BACKGROUND_SAMPLE,Normal belt box drawn on background rubber of an active defect frame. Creates false positive penalty for defect regions.,APPROVED_REMOVED
frame_00001_jpg.rf.a795d778a3333fd4ef5c3c3e3f4baa08.jpg,1,0,CONVERTED_TO_BACKGROUND_SAMPLE,Normal belt box drawn on background rubber of an active defect frame. Creates false positive penalty for defect regions.,APPROVED_REMOVED
frame_00001_jpg.rf.a795d778a3333fd4ef5c3c3e3f4baa08.jpg,1,0,CONVERTED_TO_BACKGROUND_SAMPLE,Normal belt box drawn on background rubber of an active defect frame. Creates false positive penalty for defect regions.,APPROVED_REMOVED
frame_00001_jpg.rf.a795d778a3333fd4ef5c3c3e3f4baa08.jpg,1,0,CONVERTED_TO_BACKGROUND_SAMPLE,Normal belt box drawn on background rubber of an active defect frame. Creates false positive penalty for defect regions.,APPROVED_REMOVED
frame_00004_jpg.rf.c8b21a966ebc1ff769b7844eaadd3301.jpg,1,0,CONVERTED_TO_BACKGROUND_SAMPLE,Normal belt box drawn on background rubber of an active defect frame. Creates false positive penalty for defect regions.,APPROVED_REMOVED
frame_00004_jpg.rf.c8b21a966ebc1ff769b7844eaadd3301.jpg,1,0,CONVERTED_TO_BACKGROUND_SAMPLE,Normal belt box drawn on background rubber of an active defect frame. Creates false positive penalty for defect regions.,APPROVED_REMOVED
frame_00007_jpg.rf.5840139dbf6bec3d431d816289f4af54.jpg,1,0,CONVERTED_TO_BACKGROUND_SAMPLE,Normal belt box drawn on background rubber of an active defect frame. Creates false positive penalty for defect regions.,APPROVED_REMOVED
frame_00008_jpg.rf.a3cbabe945107fa3f8f00e1c6316cafc.jpg,1,0,CONVERTED_TO_BACKGROUND_SAMPLE,Normal belt box drawn on background rubber of an active defect frame. Creates false positive penalty for defect regions.,APPROVED_REMOVED
frame_00009_jpg.rf.a978b612e1167476a670cb64d4d417c1.jpg,1,0,CONVERTED_TO_BACKGROUND_SAMPLE,Normal belt box drawn on background rubber of an active defect frame. Creates false positive penalty for defect regions.,APPROVED_REMOVED
frame_00009_jpg.rf.dd2cdffd9b79a503f4981402f9c3c4fd.jpg,1,0,CONVERTED_TO_BACKGROUND_SAMPLE,"Entire image represents clean conveyor belt. In standard object detection, clean background is represented by zero bounding boxes.",APPROVED_REMOVED
frame_00011_jpg.rf.482786caeb1cfb9778804640e7b2e590.jpg,1,0,CONVERTED_TO_BACKGROUND_SAMPLE,"Entire image represents clean conveyor belt. In standard object detection, clean background is represented by zero bounding boxes.",APPROVED_REMOVED
frame_00012_jpg.rf.0d8466686c462b0fa8ab27361226f251.jpg,1,0,CONVERTED_TO_BACKGROUND_SAMPLE,Normal belt box drawn on background rubber of an active defect frame. Creates false positive penalty for defect regions.,APPROVED_REMOVED
frame_00012_jpg.rf.0d8466686c462b0fa8ab27361226f251.jpg,1,0,CONVERTED_TO_BACKGROUND_SAMPLE,Normal belt box drawn on background rubber of an active defect frame. Creates false positive penalty for defect regions.,APPROVED_REMOVED
frame_00013_jpg.rf.2bf3ed412dcb2ad576ced4a4b390c9b8.jpg,1,0,CONVERTED_TO_BACKGROUND_SAMPLE,Normal belt box drawn on background rubber of an active defect frame. Creates false positive penalty for defect regions.,APPROVED_REMOVED
frame_00015_jpg.rf.70443fdd76906dd14f7a6ef3d2d77754.jpg,1,0,CONVERTED_TO_BACKGROUND_SAMPLE,Normal belt box drawn on background rubber of an active defect frame. Creates false positive penalty for defect regions.,APPROVED_REMOVED
frame_00015_jpg.rf.70443fdd76906dd14f7a6ef3d2d77754.jpg,1,0,CONVERTED_TO_BACKGROUND_SAMPLE,Normal belt box drawn on background rubber of an active defect frame. Creates false positive penalty for defect regions.,APPROVED_REMOVED
frame_00016_jpg.rf.611b1cd4f2359529a8618069ae363223.jpg,1,0,CONVERTED_TO_BACKGROUND_SAMPLE,Normal belt box drawn on background rubber of an active defect frame. Creates false positive penalty for defect regions.,APPROVED_REMOVED
frame_00016_jpg.rf.611b1cd4f2359529a8618069ae363223.jpg,1,0,CONVERTED_TO_BACKGROUND_SAMPLE,Normal belt box drawn on background rubber of an active defect frame. Creates false positive penalty for defect regions.,APPROVED_REMOVED
frame_00016_jpg.rf.6a0d913b35a523b3d9acd11956fdb2c7.jpg,1,0,CONVERTED_TO_BACKGROUND_SAMPLE,Normal belt box drawn on background rubber of an active defect frame. Creates false positive penalty for defect regions.,APPROVED_REMOVED
frame_00017_jpg.rf.644d1e2b3c01f185b37a8e3bc56edf30.jpg,1,0,CONVERTED_TO_BACKGROUND_SAMPLE,Normal belt box drawn on background rubber of an active defect frame. Creates false positive penalty for defect regions.,APPROVED_REMOVED
frame_00017_jpg.rf.644d1e2b3c01f185b37a8e3bc56edf30.jpg,1,0,CONVERTED_TO_BACKGROUND_SAMPLE,Normal belt box drawn on background rubber of an active defect frame. Creates false positive penalty for defect regions.,APPROVED_REMOVED
frame_00020_jpg.rf.23b2ddc2379ffccdf98a20bcded56a14.jpg,1,0,CONVERTED_TO_BACKGROUND_SAMPLE,Normal belt box drawn on background rubber of an active defect frame. Creates false positive penalty for defect regions.,APPROVED_REMOVED
frame_00020_jpg.rf.23b2ddc2379ffccdf98a20bcded56a14.jpg,1,0,CONVERTED_TO_BACKGROUND_SAMPLE,Normal belt box drawn on background rubber of an active defect frame. Creates false positive penalty for defect regions.,APPROVED_REMOVED
frame_00021_jpg.rf.0b557c963e8a8a7e967e431315ee2dc4.jpg,1,0,CONVERTED_TO_BACKGROUND_SAMPLE,Normal belt box drawn on background rubber of an active defect frame. Creates false positive penalty for defect regions.,APPROVED_REMOVED
frame_00021_jpg.rf.0b557c963e8a8a7e967e431315ee2dc4.jpg,1,0,CONVERTED_TO_BACKGROUND_SAMPLE,Normal belt box drawn on background rubber of an active defect frame. Creates false positive penalty for defect regions.,APPROVED_REMOVED
frame_00021_jpg.rf.0b557c963e8a8a7e967e431315ee2dc4.jpg,1,0,CONVERTED_TO_BACKGROUND_SAMPLE,Normal belt box drawn on background rubber of an active defect frame. Creates false positive penalty for defect regions.,APPROVED_REMOVED
frame_00023_jpg.rf.44df7834ed72fe1c2863a3590f71ae30.jpg,1,0,CONVERTED_TO_BACKGROUND_SAMPLE,Normal belt box drawn on background rubber of an active defect frame. Creates false positive penalty for defect regions.,APPROVED_REMOVED
frame_00023_jpg.rf.6725c6671d203cea73b8d2e94ab4a8de.jpg,1,0,CONVERTED_TO_BACKGROUND_SAMPLE,"Entire image represents clean conveyor belt. In standard object detection, clean background is represented by zero bounding boxes.",APPROVED_REMOVED
frame_00023_jpg.rf.6725c6671d203cea73b8d2e94ab4a8de.jpg,1,0,CONVERTED_TO_BACKGROUND_SAMPLE,"Entire image represents clean conveyor belt. In standard object detection, clean background is represented by zero bounding boxes.",APPROVED_REMOVED
frame_00025_jpg.rf.61ab6cbc375f53bdfb9ccc96ac1426a5.jpg,1,0,CONVERTED_TO_BACKGROUND_SAMPLE,Normal belt box drawn on background rubber of an active defect frame. Creates false positive penalty for defect regions.,APPROVED_REMOVED
frame_00025_jpg.rf.61ab6cbc375f53bdfb9ccc96ac1426a5.jpg,1,0,CONVERTED_TO_BACKGROUND_SAMPLE,Normal belt box drawn on background rubber of an active defect frame. Creates false positive penalty for defect regions.,APPROVED_REMOVED
frame_00026_jpg.rf.347ef269c9bb705faa7cfd0ed768522b.jpg,1,0,CONVERTED_TO_BACKGROUND_SAMPLE,Normal belt box drawn on background rubber of an active defect frame. Creates false positive penalty for defect regions.,APPROVED_REMOVED
frame_00026_jpg.rf.e8ec001ea693acc90402ee08c0d142aa.jpg,1,0,CONVERTED_TO_BACKGROUND_SAMPLE,Normal belt box drawn on background rubber of an active defect frame. Creates false positive penalty for defect regions.,APPROVED_REMOVED
frame_00026_jpg.rf.e8ec001ea693acc90402ee08c0d142aa.jpg,1,0,CONVERTED_TO_BACKGROUND_SAMPLE,Normal belt box drawn on background rubber of an active defect frame. Creates false positive penalty for defect regions.,APPROVED_REMOVED
frame_00026_jpg.rf.e8ec001ea693acc90402ee08c0d142aa.jpg,1,0,CONVERTED_TO_BACKGROUND_SAMPLE,Normal belt box drawn on background rubber of an active defect frame. Creates false positive penalty for defect regions.,APPROVED_REMOVED
frame_00030_jpg.rf.bf260995087fcb8392485fd8f4512e12.jpg,1,0,CONVERTED_TO_BACKGROUND_SAMPLE,Normal belt box drawn on background rubber of an active defect frame. Creates false positive penalty for defect regions.,APPROVED_REMOVED
frame_00030_jpg.rf.d93305d956d3e5f3e6c461f4232b863e.jpg,1,0,CONVERTED_TO_BACKGROUND_SAMPLE,"Entire image represents clean conveyor belt. In standard object detection, clean background is represented by zero bounding boxes.",APPROVED_REMOVED
frame_00030_jpg.rf.d93305d956d3e5f3e6c461f4232b863e.jpg,1,0,CONVERTED_TO_BACKGROUND_SAMPLE,"Entire image represents clean conveyor belt. In standard object detection, clean background is represented by zero bounding boxes.",APPROVED_REMOVED
frame_00031_jpg.rf.bc0a2d8565beaa78ccdd40fa9478921c.jpg,1,0,CONVERTED_TO_BACKGROUND_SAMPLE,Normal belt box drawn on background rubber of an active defect frame. Creates false positive penalty for defect regions.,APPROVED_REMOVED
frame_00031_jpg.rf.bc0a2d8565beaa78ccdd40fa9478921c.jpg,1,0,CONVERTED_TO_BACKGROUND_SAMPLE,Normal belt box drawn on background rubber of an active defect frame. Creates false positive penalty for defect regions.,APPROVED_REMOVED
frame_00031_jpg.rf.bc0a2d8565beaa78ccdd40fa9478921c.jpg,1,0,CONVERTED_TO_BACKGROUND_SAMPLE,Normal belt box drawn on background rubber of an active defect frame. Creates false positive penalty for defect regions.,APPROVED_REMOVED
frame_00031_jpg.rf.bc0a2d8565beaa78ccdd40fa9478921c.jpg,1,0,CONVERTED_TO_BACKGROUND_SAMPLE,Normal belt box drawn on background rubber of an active defect frame. Creates false positive penalty for defect regions.,APPROVED_REMOVED
frame_00031_jpg.rf.bc0a2d8565beaa78ccdd40fa9478921c.jpg,1,0,CONVERTED_TO_BACKGROUND_SAMPLE,Normal belt box drawn on background rubber of an active defect frame. Creates false positive penalty for defect regions.,APPROVED_REMOVED
frame_00031_jpg.rf.bc0a2d8565beaa78ccdd40fa9478921c.jpg,1,0,CONVERTED_TO_BACKGROUND_SAMPLE,Normal belt box drawn on background rubber of an active defect frame. Creates false positive penalty for defect regions.,APPROVED_REMOVED
frame_00031_jpg.rf.c1d1dde1b4c3e2dd897c4b21adb8986d.jpg,1,0,CONVERTED_TO_BACKGROUND_SAMPLE,Normal belt box drawn on background rubber of an active defect frame. Creates false positive penalty for defect regions.,APPROVED_REMOVED
frame_00031_jpg.rf.c1d1dde1b4c3e2dd897c4b21adb8986d.jpg,1,0,CONVERTED_TO_BACKGROUND_SAMPLE,Normal belt box drawn on background rubber of an active defect frame. Creates false positive penalty for defect regions.,APPROVED_REMOVED
frame_00031_jpg.rf.c1d1dde1b4c3e2dd897c4b21adb8986d.jpg,1,0,CONVERTED_TO_BACKGROUND_SAMPLE,Normal belt box drawn on background rubber of an active defect frame. Creates false positive penalty for defect regions.,APPROVED_REMOVED
frame_00032_jpg.rf.f262ae80344e26bc71968fd1e8a91642.jpg,1,0,CONVERTED_TO_BACKGROUND_SAMPLE,Normal belt box drawn on background rubber of an active defect frame. Creates false positive penalty for defect regions.,APPROVED_REMOVED
frame_00032_jpg.rf.f262ae80344e26bc71968fd1e8a91642.jpg,1,0,CONVERTED_TO_BACKGROUND_SAMPLE,Normal belt box drawn on background rubber of an active defect frame. Creates false positive penalty for defect regions.,APPROVED_REMOVED
frame_00034_jpg.rf.d102de3ba2cca0071c696c1d804ec954.jpg,1,0,CONVERTED_TO_BACKGROUND_SAMPLE,Normal belt box drawn on background rubber of an active defect frame. Creates false positive penalty for defect regions.,APPROVED_REMOVED
frame_00034_jpg.rf.d102de3ba2cca0071c696c1d804ec954.jpg,1,0,CONVERTED_TO_BACKGROUND_SAMPLE,Normal belt box drawn on background rubber of an active defect frame. Creates false positive penalty for defect regions.,APPROVED_REMOVED
frame_00035_jpg.rf.553089e9db46f7fae8ec730a83908a1a.jpg,1,0,CONVERTED_TO_BACKGROUND_SAMPLE,Normal belt box drawn on background rubber of an active defect frame. Creates false positive penalty for defect regions.,APPROVED_REMOVED
frame_00035_jpg.rf.553089e9db46f7fae8ec730a83908a1a.jpg,1,0,CONVERTED_TO_BACKGROUND_SAMPLE,Normal belt box drawn on background rubber of an active defect frame. Creates false positive penalty for defect regions.,APPROVED_REMOVED
frame_00036_jpg.rf.b5090e7cbc15ba1115c848400cbec5e5.jpg,1,0,CONVERTED_TO_BACKGROUND_SAMPLE,Normal belt box drawn on background rubber of an active defect frame. Creates false positive penalty for defect regions.,APPROVED_REMOVED
frame_00036_jpg.rf.b5090e7cbc15ba1115c848400cbec5e5.jpg,1,0,CONVERTED_TO_BACKGROUND_SAMPLE,Normal belt box drawn on background rubber of an active defect frame. Creates false positive penalty for defect regions.,APPROVED_REMOVED
frame_00037_jpg.rf.79a8c19f99317b2a85e37755f2d27373.jpg,1,0,CONVERTED_TO_BACKGROUND_SAMPLE,Normal belt box drawn on background rubber of an active defect frame. Creates false positive penalty for defect regions.,APPROVED_REMOVED
frame_00037_jpg.rf.79a8c19f99317b2a85e37755f2d27373.jpg,1,0,CONVERTED_TO_BACKGROUND_SAMPLE,Normal belt box drawn on background rubber of an active defect frame. Creates false positive penalty for defect regions.,APPROVED_REMOVED
frame_00038_jpg.rf.2f4b92ce4a36c5ba2fe20a551b480246.jpg,1,0,CONVERTED_TO_BACKGROUND_SAMPLE,"Entire image represents clean conveyor belt. In standard object detection, clean background is represented by zero bounding boxes.",APPROVED_REMOVED
frame_00038_jpg.rf.2f4b92ce4a36c5ba2fe20a551b480246.jpg,1,0,CONVERTED_TO_BACKGROUND_SAMPLE,"Entire image represents clean conveyor belt. In standard object detection, clean background is represented by zero bounding boxes.",APPROVED_REMOVED
frame_00038_jpg.rf.7eb546b40cacf41489785042a2070830.jpg,1,0,CONVERTED_TO_BACKGROUND_SAMPLE,Normal belt box drawn on background rubber of an active defect frame. Creates false positive penalty for defect regions.,APPROVED_REMOVED
frame_00039_jpg.rf.092f645af5ca08938054c6f218791721.jpg,1,0,CONVERTED_TO_BACKGROUND_SAMPLE,Normal belt box drawn on background rubber of an active defect frame. Creates false positive penalty for defect regions.,APPROVED_REMOVED
frame_00039_jpg.rf.092f645af5ca08938054c6f218791721.jpg,1,0,CONVERTED_TO_BACKGROUND_SAMPLE,Normal belt box drawn on background rubber of an active defect frame. Creates false positive penalty for defect regions.,APPROVED_REMOVED
frame_00040_jpg.rf.2fce5c9c3e9e79a5ca1a5afd7825810c.jpg,1,0,CONVERTED_TO_BACKGROUND_SAMPLE,Normal belt box drawn on background rubber of an active defect frame. Creates false positive penalty for defect regions.,APPROVED_REMOVED
frame_00041_jpg.rf.1993e2f7b2883d8bfd7ce168ff91fffc.jpg,1,0,CONVERTED_TO_BACKGROUND_SAMPLE,"Entire image represents clean conveyor belt. In standard object detection, clean background is represented by zero bounding boxes.",APPROVED_REMOVED
frame_00041_jpg.rf.1993e2f7b2883d8bfd7ce168ff91fffc.jpg,1,0,CONVERTED_TO_BACKGROUND_SAMPLE,"Entire image represents clean conveyor belt. In standard object detection, clean background is represented by zero bounding boxes.",APPROVED_REMOVED
frame_00041_jpg.rf.1993e2f7b2883d8bfd7ce168ff91fffc.jpg,1,0,CONVERTED_TO_BACKGROUND_SAMPLE,"Entire image represents clean conveyor belt. In standard object detection, clean background is represented by zero bounding boxes.",APPROVED_REMOVED
frame_00041_jpg.rf.1993e2f7b2883d8bfd7ce168ff91fffc.jpg,1,0,CONVERTED_TO_BACKGROUND_SAMPLE,"Entire image represents clean conveyor belt. In standard object detection, clean background is represented by zero bounding boxes.",APPROVED_REMOVED
frame_00041_jpg.rf.1993e2f7b2883d8bfd7ce168ff91fffc.jpg,1,0,CONVERTED_TO_BACKGROUND_SAMPLE,"Entire image represents clean conveyor belt. In standard object detection, clean background is represented by zero bounding boxes.",APPROVED_REMOVED
frame_00041_jpg.rf.e368101da6759a013c2a06b0b8576307.jpg,1,0,CONVERTED_TO_BACKGROUND_SAMPLE,Normal belt box drawn on background rubber of an active defect frame. Creates false positive penalty for defect regions.,APPROVED_REMOVED
frame_00041_jpg.rf.e368101da6759a013c2a06b0b8576307.jpg,1,0,CONVERTED_TO_BACKGROUND_SAMPLE,Normal belt box drawn on background rubber of an active defect frame. Creates false positive penalty for defect regions.,APPROVED_REMOVED
frame_00042_jpg.rf.b6e2adcab38cc7b604311294b7f58a35.jpg,1,0,CONVERTED_TO_BACKGROUND_SAMPLE,"Entire image represents clean conveyor belt. In standard object detection, clean background is represented by zero bounding boxes.",APPROVED_REMOVED
frame_00042_jpg.rf.b6e2adcab38cc7b604311294b7f58a35.jpg,1,0,CONVERTED_TO_BACKGROUND_SAMPLE,"Entire image represents clean conveyor belt. In standard object detection, clean background is represented by zero bounding boxes.",APPROVED_REMOVED
frame_00044_jpg.rf.6c75343077cedb31a508f69b503b22c2.jpg,1,0,CONVERTED_TO_BACKGROUND_SAMPLE,"Entire image represents clean conveyor belt. In standard object detection, clean background is represented by zero bounding boxes.",APPROVED_REMOVED
frame_00044_jpg.rf.6c75343077cedb31a508f69b503b22c2.jpg,1,0,CONVERTED_TO_BACKGROUND_SAMPLE,"Entire image represents clean conveyor belt. In standard object detection, clean background is represented by zero bounding boxes.",APPROVED_REMOVED
frame_00047_jpg.rf.1ee9df6fd5f198f4e37ccf814dc9801b.jpg,1,0,CONVERTED_TO_BACKGROUND_SAMPLE,"Entire image represents clean conveyor belt. In standard object detection, clean background is represented by zero bounding boxes.",APPROVED_REMOVED
frame_00047_jpg.rf.1ee9df6fd5f198f4e37ccf814dc9801b.jpg,1,0,CONVERTED_TO_BACKGROUND_SAMPLE,"Entire image represents clean conveyor belt. In standard object detection, clean background is represented by zero bounding boxes.",APPROVED_REMOVED
frame_00047_jpg.rf.1ee9df6fd5f198f4e37ccf814dc9801b.jpg,1,0,CONVERTED_TO_BACKGROUND_SAMPLE,"Entire image represents clean conveyor belt. In standard object detection, clean background is represented by zero bounding boxes.",APPROVED_REMOVED
frame_00047_jpg.rf.513e6c95632593b0670419578da0689c.jpg,1,0,CONVERTED_TO_BACKGROUND_SAMPLE,Normal belt box drawn on background rubber of an active defect frame. Creates false positive penalty for defect regions.,APPROVED_REMOVED
frame_00047_jpg.rf.513e6c95632593b0670419578da0689c.jpg,1,0,CONVERTED_TO_BACKGROUND_SAMPLE,Normal belt box drawn on background rubber of an active defect frame. Creates false positive penalty for defect regions.,APPROVED_REMOVED
frame_00050_jpg.rf.67795f75f13c07158bc6193f97812850.jpg,1,0,CONVERTED_TO_BACKGROUND_SAMPLE,Normal belt box drawn on background rubber of an active defect frame. Creates false positive penalty for defect regions.,APPROVED_REMOVED
frame_00050_jpg.rf.67795f75f13c07158bc6193f97812850.jpg,1,0,CONVERTED_TO_BACKGROUND_SAMPLE,Normal belt box drawn on background rubber of an active defect frame. Creates false positive penalty for defect regions.,APPROVED_REMOVED
frame_00050_jpg.rf.67795f75f13c07158bc6193f97812850.jpg,1,0,CONVERTED_TO_BACKGROUND_SAMPLE,Normal belt box drawn on background rubber of an active defect frame. Creates false positive penalty for defect regions.,APPROVED_REMOVED
frame_00050_jpg.rf.d0cf41b078a6cc884ae25da9280bfdba.jpg,1,0,CONVERTED_TO_BACKGROUND_SAMPLE,"Entire image represents clean conveyor belt. In standard object detection, clean background is represented by zero bounding boxes.",APPROVED_REMOVED
frame_00050_jpg.rf.d0cf41b078a6cc884ae25da9280bfdba.jpg,1,0,CONVERTED_TO_BACKGROUND_SAMPLE,"Entire image represents clean conveyor belt. In standard object detection, clean background is represented by zero bounding boxes.",APPROVED_REMOVED
frame_00050_jpg.rf.d0cf41b078a6cc884ae25da9280bfdba.jpg,1,0,CONVERTED_TO_BACKGROUND_SAMPLE,"Entire image represents clean conveyor belt. In standard object detection, clean background is represented by zero bounding boxes.",APPROVED_REMOVED
frame_00051_jpg.rf.19c9e212c43c05eafc0b85e39c0bf6a4.jpg,1,0,CONVERTED_TO_BACKGROUND_SAMPLE,Normal belt box drawn on background rubber of an active defect frame. Creates false positive penalty for defect regions.,APPROVED_REMOVED
frame_00051_jpg.rf.19c9e212c43c05eafc0b85e39c0bf6a4.jpg,1,0,CONVERTED_TO_BACKGROUND_SAMPLE,Normal belt box drawn on background rubber of an active defect frame. Creates false positive penalty for defect regions.,APPROVED_REMOVED
frame_00052_jpg.rf.2fdbaefb8e29fb459d6410f6dafa9643.jpg,1,0,CONVERTED_TO_BACKGROUND_SAMPLE,"Entire image represents clean conveyor belt. In standard object detection, clean background is represented by zero bounding boxes.",APPROVED_REMOVED
frame_00053_jpg.rf.1ef0c5b33b5b16934882d45b48f37473.jpg,1,0,CONVERTED_TO_BACKGROUND_SAMPLE,Normal belt box drawn on background rubber of an active defect frame. Creates false positive penalty for defect regions.,APPROVED_REMOVED
frame_00054_jpg.rf.78c8da677437c986af5991985d5736ff.jpg,1,0,CONVERTED_TO_BACKGROUND_SAMPLE,Normal belt box drawn on background rubber of an active defect frame. Creates false positive penalty for defect regions.,APPROVED_REMOVED
frame_00056_jpg.rf.0b6760113da2e32cc20a499f90a47420.jpg,1,0,CONVERTED_TO_BACKGROUND_SAMPLE,Normal belt box drawn on background rubber of an active defect frame. Creates false positive penalty for defect regions.,APPROVED_REMOVED
frame_00056_jpg.rf.0b6760113da2e32cc20a499f90a47420.jpg,1,0,CONVERTED_TO_BACKGROUND_SAMPLE,Normal belt box drawn on background rubber of an active defect frame. Creates false positive penalty for defect regions.,APPROVED_REMOVED
frame_00056_jpg.rf.0b6760113da2e32cc20a499f90a47420.jpg,1,0,CONVERTED_TO_BACKGROUND_SAMPLE,Normal belt box drawn on background rubber of an active defect frame. Creates false positive penalty for defect regions.,APPROVED_REMOVED
frame_00056_jpg.rf.0b6760113da2e32cc20a499f90a47420.jpg,1,0,CONVERTED_TO_BACKGROUND_SAMPLE,Normal belt box drawn on background rubber of an active defect frame. Creates false positive penalty for defect regions.,APPROVED_REMOVED
frame_00057_jpg.rf.b6c9e0f07a0ed3942291c67604ea0193.jpg,1,0,CONVERTED_TO_BACKGROUND_SAMPLE,"Entire image represents clean conveyor belt. In standard object detection, clean background is represented by zero bounding boxes.",APPROVED_REMOVED
frame_00058_jpg.rf.5a36be138357be768bad39e2d7ed488f.jpg,1,0,CONVERTED_TO_BACKGROUND_SAMPLE,Normal belt box drawn on background rubber of an active defect frame. Creates false positive penalty for defect regions.,APPROVED_REMOVED
frame_00058_jpg.rf.5a36be138357be768bad39e2d7ed488f.jpg,1,0,CONVERTED_TO_BACKGROUND_SAMPLE,Normal belt box drawn on background rubber of an active defect frame. Creates false positive penalty for defect regions.,APPROVED_REMOVED
frame_00058_jpg.rf.5a36be138357be768bad39e2d7ed488f.jpg,1,0,CONVERTED_TO_BACKGROUND_SAMPLE,Normal belt box drawn on background rubber of an active defect frame. Creates false positive penalty for defect regions.,APPROVED_REMOVED
frame_00058_jpg.rf.5a36be138357be768bad39e2d7ed488f.jpg,1,0,CONVERTED_TO_BACKGROUND_SAMPLE,Normal belt box drawn on background rubber of an active defect frame. Creates false positive penalty for defect regions.,APPROVED_REMOVED
frame_00058_jpg.rf.86a3b721a7d5f09de7ccf678457088fd.jpg,1,0,CONVERTED_TO_BACKGROUND_SAMPLE,Normal belt box drawn on background rubber of an active defect frame. Creates false positive penalty for defect regions.,APPROVED_REMOVED
frame_00058_jpg.rf.86a3b721a7d5f09de7ccf678457088fd.jpg,1,0,CONVERTED_TO_BACKGROUND_SAMPLE,Normal belt box drawn on background rubber of an active defect frame. Creates false positive penalty for defect regions.,APPROVED_REMOVED
frame_00059_jpg.rf.4df64c9b84a5255d1728fa2e53e70fe4.jpg,1,0,CONVERTED_TO_BACKGROUND_SAMPLE,Normal belt box drawn on background rubber of an active defect frame. Creates false positive penalty for defect regions.,APPROVED_REMOVED
frame_00059_jpg.rf.4df64c9b84a5255d1728fa2e53e70fe4.jpg,1,0,CONVERTED_TO_BACKGROUND_SAMPLE,Normal belt box drawn on background rubber of an active defect frame. Creates false positive penalty for defect regions.,APPROVED_REMOVED
frame_00059_jpg.rf.4df64c9b84a5255d1728fa2e53e70fe4.jpg,1,0,CONVERTED_TO_BACKGROUND_SAMPLE,Normal belt box drawn on background rubber of an active defect frame. Creates false positive penalty for defect regions.,APPROVED_REMOVED
frame_00059_jpg.rf.4df64c9b84a5255d1728fa2e53e70fe4.jpg,1,0,CONVERTED_TO_BACKGROUND_SAMPLE,Normal belt box drawn on background rubber of an active defect frame. Creates false positive penalty for defect regions.,APPROVED_REMOVED
frame_00059_jpg.rf.998c9e72058e3d94015fae3d3bf3bf2e.jpg,1,0,CONVERTED_TO_BACKGROUND_SAMPLE,"Entire image represents clean conveyor belt. In standard object detection, clean background is represented by zero bounding boxes.",APPROVED_REMOVED
frame_00060_jpg.rf.324847c05762fe6108c52af150fbca48.jpg,1,0,CONVERTED_TO_BACKGROUND_SAMPLE,"Entire image represents clean conveyor belt. In standard object detection, clean background is represented by zero bounding boxes.",APPROVED_REMOVED
frame_00060_jpg.rf.324847c05762fe6108c52af150fbca48.jpg,1,0,CONVERTED_TO_BACKGROUND_SAMPLE,"Entire image represents clean conveyor belt. In standard object detection, clean background is represented by zero bounding boxes.",APPROVED_REMOVED
frame_00061_jpg.rf.85864844781e7c2a28778d0a4e223ab8.jpg,1,0,CONVERTED_TO_BACKGROUND_SAMPLE,Normal belt box drawn on background rubber of an active defect frame. Creates false positive penalty for defect regions.,APPROVED_REMOVED
frame_00061_jpg.rf.85864844781e7c2a28778d0a4e223ab8.jpg,1,0,CONVERTED_TO_BACKGROUND_SAMPLE,Normal belt box drawn on background rubber of an active defect frame. Creates false positive penalty for defect regions.,APPROVED_REMOVED
frame_00062_jpg.rf.97566eabeb1a30e18da65a7addeccc9d.jpg,1,0,CONVERTED_TO_BACKGROUND_SAMPLE,Normal belt box drawn on background rubber of an active defect frame. Creates false positive penalty for defect regions.,APPROVED_REMOVED
frame_00062_jpg.rf.97566eabeb1a30e18da65a7addeccc9d.jpg,1,0,CONVERTED_TO_BACKGROUND_SAMPLE,Normal belt box drawn on background rubber of an active defect frame. Creates false positive penalty for defect regions.,APPROVED_REMOVED
frame_00063_jpg.rf.6edb9f7894aaa9009613459a65509495.jpg,1,0,CONVERTED_TO_BACKGROUND_SAMPLE,Normal belt box drawn on background rubber of an active defect frame. Creates false positive penalty for defect regions.,APPROVED_REMOVED
frame_00064_jpg.rf.59cf142d57780d3c799ca2029b593b54.jpg,1,0,CONVERTED_TO_BACKGROUND_SAMPLE,Normal belt box drawn on background rubber of an active defect frame. Creates false positive penalty for defect regions.,APPROVED_REMOVED
frame_00066_jpg.rf.47c7fe3b16ed16593e38c50de8195d8e.jpg,1,0,CONVERTED_TO_BACKGROUND_SAMPLE,Normal belt box drawn on background rubber of an active defect frame. Creates false positive penalty for defect regions.,APPROVED_REMOVED
frame_00066_jpg.rf.47c7fe3b16ed16593e38c50de8195d8e.jpg,1,0,CONVERTED_TO_BACKGROUND_SAMPLE,Normal belt box drawn on background rubber of an active defect frame. Creates false positive penalty for defect regions.,APPROVED_REMOVED
frame_00066_jpg.rf.47c7fe3b16ed16593e38c50de8195d8e.jpg,1,0,CONVERTED_TO_BACKGROUND_SAMPLE,Normal belt box drawn on background rubber of an active defect frame. Creates false positive penalty for defect regions.,APPROVED_REMOVED
frame_00066_jpg.rf.47c7fe3b16ed16593e38c50de8195d8e.jpg,1,0,CONVERTED_TO_BACKGROUND_SAMPLE,Normal belt box drawn on background rubber of an active defect frame. Creates false positive penalty for defect regions.,APPROVED_REMOVED
frame_00067_jpg.rf.a47e9b152181795c356ade04e4b49948.jpg,1,0,CONVERTED_TO_BACKGROUND_SAMPLE,Normal belt box drawn on background rubber of an active defect frame. Creates false positive penalty for defect regions.,APPROVED_REMOVED
frame_00067_jpg.rf.a47e9b152181795c356ade04e4b49948.jpg,1,0,CONVERTED_TO_BACKGROUND_SAMPLE,Normal belt box drawn on background rubber of an active defect frame. Creates false positive penalty for defect regions.,APPROVED_REMOVED
frame_00068_jpg.rf.5fafc057bb33fcb16dec1aeeb8041644.jpg,1,0,CONVERTED_TO_BACKGROUND_SAMPLE,Normal belt box drawn on background rubber of an active defect frame. Creates false positive penalty for defect regions.,APPROVED_REMOVED
frame_00069_jpg.rf.5f1e391d312cb886438add495154b3c7.jpg,1,0,CONVERTED_TO_BACKGROUND_SAMPLE,"Entire image represents clean conveyor belt. In standard object detection, clean background is represented by zero bounding boxes.",APPROVED_REMOVED
frame_00070_jpg.rf.3a50940319e25dd49af096ecb6339cf2.jpg,1,0,CONVERTED_TO_BACKGROUND_SAMPLE,Normal belt box drawn on background rubber of an active defect frame. Creates false positive penalty for defect regions.,APPROVED_REMOVED
frame_00071_jpg.rf.373bac3399376d9079a25ea62c74d297.jpg,1,0,CONVERTED_TO_BACKGROUND_SAMPLE,"Entire image represents clean conveyor belt. In standard object detection, clean background is represented by zero bounding boxes.",APPROVED_REMOVED
frame_00073_jpg.rf.ccd20b05465aeb8da5b7e719aa3fc7d6.jpg,1,0,CONVERTED_TO_BACKGROUND_SAMPLE,Normal belt box drawn on background rubber of an active defect frame. Creates false positive penalty for defect regions.,APPROVED_REMOVED
frame_00074_jpg.rf.166f6d5badf1b660e668254d5c37d79a.jpg,1,0,CONVERTED_TO_BACKGROUND_SAMPLE,Normal belt box drawn on background rubber of an active defect frame. Creates false positive penalty for defect regions.,APPROVED_REMOVED
frame_00075_jpg.rf.7a628860e24f79d1b0c9d8665706213b.jpg,1,0,CONVERTED_TO_BACKGROUND_SAMPLE,Normal belt box drawn on background rubber of an active defect frame. Creates false positive penalty for defect regions.,APPROVED_REMOVED
frame_00076_jpg.rf.ffa9f3ff77d739de43b895272e616802.jpg,1,0,CONVERTED_TO_BACKGROUND_SAMPLE,Normal belt box drawn on background rubber of an active defect frame. Creates false positive penalty for defect regions.,APPROVED_REMOVED
frame_00078_jpg.rf.73a0f44bcc578b069ea9374798309174.jpg,1,0,CONVERTED_TO_BACKGROUND_SAMPLE,Normal belt box drawn on background rubber of an active defect frame. Creates false positive penalty for defect regions.,APPROVED_REMOVED
frame_00079_jpg.rf.2521d4c05efaaccbe0f1930d3a762347.jpg,1,0,CONVERTED_TO_BACKGROUND_SAMPLE,"Entire image represents clean conveyor belt. In standard object detection, clean background is represented by zero bounding boxes.",APPROVED_REMOVED
frame_00079_jpg.rf.2521d4c05efaaccbe0f1930d3a762347.jpg,1,0,CONVERTED_TO_BACKGROUND_SAMPLE,"Entire image represents clean conveyor belt. In standard object detection, clean background is represented by zero bounding boxes.",APPROVED_REMOVED
frame_00081_jpg.rf.13c937a9496ad418b622d7e96cd22321.jpg,1,0,CONVERTED_TO_BACKGROUND_SAMPLE,Normal belt box drawn on background rubber of an active defect frame. Creates false positive penalty for defect regions.,APPROVED_REMOVED
frame_00082_jpg.rf.b55769a1a71678c24222d1535b1b459a.jpg,1,0,CONVERTED_TO_BACKGROUND_SAMPLE,Normal belt box drawn on background rubber of an active defect frame. Creates false positive penalty for defect regions.,APPROVED_REMOVED
frame_00084_jpg.rf.1e13157f9f2a95c41ad0aac9720e7bc7.jpg,1,0,CONVERTED_TO_BACKGROUND_SAMPLE,Normal belt box drawn on background rubber of an active defect frame. Creates false positive penalty for defect regions.,APPROVED_REMOVED
frame_00086_jpg.rf.3c8b35ab4c525cea0f49e92dfefd4ecf.jpg,1,0,CONVERTED_TO_BACKGROUND_SAMPLE,Normal belt box drawn on background rubber of an active defect frame. Creates false positive penalty for defect regions.,APPROVED_REMOVED
frame_00087_jpg.rf.1cf68942998e08d73f50812d0b838dff.jpg,1,0,CONVERTED_TO_BACKGROUND_SAMPLE,Normal belt box drawn on background rubber of an active defect frame. Creates false positive penalty for defect regions.,APPROVED_REMOVED
frame_00088_jpg.rf.87e59ab061d8b683f58916681b17a43c.jpg,1,0,CONVERTED_TO_BACKGROUND_SAMPLE,Normal belt box drawn on background rubber of an active defect frame. Creates false positive penalty for defect regions.,APPROVED_REMOVED
frame_00089_jpg.rf.3c4ac6448477b80b330e60b97e25f284.jpg,1,0,CONVERTED_TO_BACKGROUND_SAMPLE,Normal belt box drawn on background rubber of an active defect frame. Creates false positive penalty for defect regions.,APPROVED_REMOVED
frame_00089_jpg.rf.3c4ac6448477b80b330e60b97e25f284.jpg,1,0,CONVERTED_TO_BACKGROUND_SAMPLE,Normal belt box drawn on background rubber of an active defect frame. Creates false positive penalty for defect regions.,APPROVED_REMOVED
frame_00090_jpg.rf.2c4b5a5b87946e27956a95f2025e8ba2.jpg,1,0,CONVERTED_TO_BACKGROUND_SAMPLE,"Entire image represents clean conveyor belt. In standard object detection, clean background is represented by zero bounding boxes.",APPROVED_REMOVED
frame_00091_jpg.rf.1105ceb99a1da7237c52b3d3e35f9342.jpg,1,0,CONVERTED_TO_BACKGROUND_SAMPLE,Normal belt box drawn on background rubber of an active defect frame. Creates false positive penalty for defect regions.,APPROVED_REMOVED
frame_00091_jpg.rf.1105ceb99a1da7237c52b3d3e35f9342.jpg,1,0,CONVERTED_TO_BACKGROUND_SAMPLE,Normal belt box drawn on background rubber of an active defect frame. Creates false positive penalty for defect regions.,APPROVED_REMOVED
frame_00093_jpg.rf.326afc4876d0513be704b8a69f59a987.jpg,1,0,CONVERTED_TO_BACKGROUND_SAMPLE,Normal belt box drawn on background rubber of an active defect frame. Creates false positive penalty for defect regions.,APPROVED_REMOVED
frame_00093_jpg.rf.326afc4876d0513be704b8a69f59a987.jpg,1,0,CONVERTED_TO_BACKGROUND_SAMPLE,Normal belt box drawn on background rubber of an active defect frame. Creates false positive penalty for defect regions.,APPROVED_REMOVED
frame_00094_jpg.rf.d4336cd6c336ceb3c4498fa026f27e10.jpg,1,0,CONVERTED_TO_BACKGROUND_SAMPLE,"Entire image represents clean conveyor belt. In standard object detection, clean background is represented by zero bounding boxes.",APPROVED_REMOVED
frame_00096_jpg.rf.8edcb31f47a77839cec1bf5c64ece661.jpg,1,0,CONVERTED_TO_BACKGROUND_SAMPLE,Normal belt box drawn on background rubber of an active defect frame. Creates false positive penalty for defect regions.,APPROVED_REMOVED
frame_00097_jpg.rf.089abcc0aa4be83c175a4f0bad602d3c.jpg,1,0,CONVERTED_TO_BACKGROUND_SAMPLE,"Entire image represents clean conveyor belt. In standard object detection, clean background is represented by zero bounding boxes.",APPROVED_REMOVED
frame_00097_jpg.rf.089abcc0aa4be83c175a4f0bad602d3c.jpg,1,0,CONVERTED_TO_BACKGROUND_SAMPLE,"Entire image represents clean conveyor belt. In standard object detection, clean background is represented by zero bounding boxes.",APPROVED_REMOVED
frame_00097_jpg.rf.089abcc0aa4be83c175a4f0bad602d3c.jpg,1,0,CONVERTED_TO_BACKGROUND_SAMPLE,"Entire image represents clean conveyor belt. In standard object detection, clean background is represented by zero bounding boxes.",APPROVED_REMOVED
frame_00098_jpg.rf.e2f184e14e5c49e4918a3b8f897ea584.jpg,1,0,CONVERTED_TO_BACKGROUND_SAMPLE,"Entire image represents clean conveyor belt. In standard object detection, clean background is represented by zero bounding boxes.",APPROVED_REMOVED
frame_00099_jpg.rf.86c700d67db41c386ca3cdb733eb54c1.jpg,1,0,CONVERTED_TO_BACKGROUND_SAMPLE,"Entire image represents clean conveyor belt. In standard object detection, clean background is represented by zero bounding boxes.",APPROVED_REMOVED
frame_00099_jpg.rf.86c700d67db41c386ca3cdb733eb54c1.jpg,1,0,CONVERTED_TO_BACKGROUND_SAMPLE,"Entire image represents clean conveyor belt. In standard object detection, clean background is represented by zero bounding boxes.",APPROVED_REMOVED
frame_00100_jpg.rf.9b26930109b8d694df8cc71cd78f0633.jpg,1,0,CONVERTED_TO_BACKGROUND_SAMPLE,"Entire image represents clean conveyor belt. In standard object detection, clean background is represented by zero bounding boxes.",APPROVED_REMOVED
frame_00101_jpg.rf.006cb43f0d59b252a0bda660dccb2177.jpg,1,0,CONVERTED_TO_BACKGROUND_SAMPLE,"Entire image represents clean conveyor belt. In standard object detection, clean background is represented by zero bounding boxes.",APPROVED_REMOVED
frame_00103_jpg.rf.00b324ab7c066d8f8d7f6322599b3941.jpg,1,0,CONVERTED_TO_BACKGROUND_SAMPLE,Normal belt box drawn on background rubber of an active defect frame. Creates false positive penalty for defect regions.,APPROVED_REMOVED
frame_00105_jpg.rf.acf0df8cb6a8ac88b5dbcaca25d2461e.jpg,1,0,CONVERTED_TO_BACKGROUND_SAMPLE,"Entire image represents clean conveyor belt. In standard object detection, clean background is represented by zero bounding boxes.",APPROVED_REMOVED
frame_00106_jpg.rf.66c01adefaa664049888e17a96463474.jpg,1,0,CONVERTED_TO_BACKGROUND_SAMPLE,Normal belt box drawn on background rubber of an active defect frame. Creates false positive penalty for defect regions.,APPROVED_REMOVED
frame_00108_jpg.rf.a1d24cc58c7bca2b3967c9b335d4aa1a.jpg,1,0,CONVERTED_TO_BACKGROUND_SAMPLE,"Entire image represents clean conveyor belt. In standard object detection, clean background is represented by zero bounding boxes.",APPROVED_REMOVED
frame_00109_jpg.rf.b63ab4e3efb3483cfe7d129650b66942.jpg,1,0,CONVERTED_TO_BACKGROUND_SAMPLE,Normal belt box drawn on background rubber of an active defect frame. Creates false positive penalty for defect regions.,APPROVED_REMOVED
frame_00109_jpg.rf.b63ab4e3efb3483cfe7d129650b66942.jpg,1,0,CONVERTED_TO_BACKGROUND_SAMPLE,Normal belt box drawn on background rubber of an active defect frame. Creates false positive penalty for defect regions.,APPROVED_REMOVED
frame_00109_jpg.rf.b63ab4e3efb3483cfe7d129650b66942.jpg,1,0,CONVERTED_TO_BACKGROUND_SAMPLE,Normal belt box drawn on background rubber of an active defect frame. Creates false positive penalty for defect regions.,APPROVED_REMOVED
frame_00113_jpg.rf.3c24baa5375ef67e96377d9a4487b941.jpg,1,0,CONVERTED_TO_BACKGROUND_SAMPLE,Normal belt box drawn on background rubber of an active defect frame. Creates false positive penalty for defect regions.,APPROVED_REMOVED
frame_00115_jpg.rf.28b4796023ae92201ed0b6b52dcef9a5.jpg,1,0,CONVERTED_TO_BACKGROUND_SAMPLE,Normal belt box drawn on background rubber of an active defect frame. Creates false positive penalty for defect regions.,APPROVED_REMOVED
frame_00116_jpg.rf.08b34aaaa777a3d5d55fa22ff11b14de.jpg,1,0,CONVERTED_TO_BACKGROUND_SAMPLE,Normal belt box drawn on background rubber of an active defect frame. Creates false positive penalty for defect regions.,APPROVED_REMOVED
frame_00117_jpg.rf.dc8b15753471ed38160b14b362032076.jpg,1,0,CONVERTED_TO_BACKGROUND_SAMPLE,Normal belt box drawn on background rubber of an active defect frame. Creates false positive penalty for defect regions.,APPROVED_REMOVED
frame_00117_jpg.rf.dc8b15753471ed38160b14b362032076.jpg,1,0,CONVERTED_TO_BACKGROUND_SAMPLE,Normal belt box drawn on background rubber of an active defect frame. Creates false positive penalty for defect regions.,APPROVED_REMOVED
frame_00124_jpg.rf.db15bd75394c65b38849062d916baa6a.jpg,1,0,CONVERTED_TO_BACKGROUND_SAMPLE,Normal belt box drawn on background rubber of an active defect frame. Creates false positive penalty for defect regions.,APPROVED_REMOVED
frame_00126_jpg.rf.f2050ff5ea4bd64e8a4ffd0f4ace0ce2.jpg,1,0,CONVERTED_TO_BACKGROUND_SAMPLE,Normal belt box drawn on background rubber of an active defect frame. Creates false positive penalty for defect regions.,APPROVED_REMOVED
frame_00126_jpg.rf.f2050ff5ea4bd64e8a4ffd0f4ace0ce2.jpg,1,0,CONVERTED_TO_BACKGROUND_SAMPLE,Normal belt box drawn on background rubber of an active defect frame. Creates false positive penalty for defect regions.,APPROVED_REMOVED
frame_00126_jpg.rf.f2050ff5ea4bd64e8a4ffd0f4ace0ce2.jpg,1,0,CONVERTED_TO_BACKGROUND_SAMPLE,Normal belt box drawn on background rubber of an active defect frame. Creates false positive penalty for defect regions.,APPROVED_REMOVED
frame_00126_jpg.rf.f2050ff5ea4bd64e8a4ffd0f4ace0ce2_aug_hvflip_2.jpg,1,0,CONVERTED_TO_BACKGROUND_SAMPLE,Normal belt box drawn on background rubber of an active defect frame. Creates false positive penalty for defect regions.,APPROVED_REMOVED
frame_00126_jpg.rf.f2050ff5ea4bd64e8a4ffd0f4ace0ce2_aug_hvflip_2.jpg,1,0,CONVERTED_TO_BACKGROUND_SAMPLE,Normal belt box drawn on background rubber of an active defect frame. Creates false positive penalty for defect regions.,APPROVED_REMOVED
frame_00126_jpg.rf.f2050ff5ea4bd64e8a4ffd0f4ace0ce2_aug_vflip_1.jpg,1,0,CONVERTED_TO_BACKGROUND_SAMPLE,Normal belt box drawn on background rubber of an active defect frame. Creates false positive penalty for defect regions.,APPROVED_REMOVED
frame_00126_jpg.rf.f2050ff5ea4bd64e8a4ffd0f4ace0ce2_aug_vflip_1.jpg,1,0,CONVERTED_TO_BACKGROUND_SAMPLE,Normal belt box drawn on background rubber of an active defect frame. Creates false positive penalty for defect regions.,APPROVED_REMOVED
frame_00126_jpg.rf.f2050ff5ea4bd64e8a4ffd0f4ace0ce2_aug_vflip_1.jpg,1,0,CONVERTED_TO_BACKGROUND_SAMPLE,Normal belt box drawn on background rubber of an active defect frame. Creates false positive penalty for defect regions.,APPROVED_REMOVED
frame_00127_jpg.rf.6978339928de61ea4fa2fd4ddb5cd0ea.jpg,1,0,CONVERTED_TO_BACKGROUND_SAMPLE,"Entire image represents clean conveyor belt. In standard object detection, clean background is represented by zero bounding boxes.",APPROVED_REMOVED
frame_00130_jpg.rf.4411bebdb5be05dc67be5bddfe26f88b.jpg,1,0,CONVERTED_TO_BACKGROUND_SAMPLE,Normal belt box drawn on background rubber of an active defect frame. Creates false positive penalty for defect regions.,APPROVED_REMOVED
frame_00130_jpg.rf.4411bebdb5be05dc67be5bddfe26f88b.jpg,1,0,CONVERTED_TO_BACKGROUND_SAMPLE,Normal belt box drawn on background rubber of an active defect frame. Creates false positive penalty for defect regions.,APPROVED_REMOVED
frame_00130_jpg.rf.4411bebdb5be05dc67be5bddfe26f88b_aug_contrast_1.jpg,1,0,CONVERTED_TO_BACKGROUND_SAMPLE,Normal belt box drawn on background rubber of an active defect frame. Creates false positive penalty for defect regions.,APPROVED_REMOVED
frame_00130_jpg.rf.4411bebdb5be05dc67be5bddfe26f88b_aug_contrast_1.jpg,1,0,CONVERTED_TO_BACKGROUND_SAMPLE,Normal belt box drawn on background rubber of an active defect frame. Creates false positive penalty for defect regions.,APPROVED_REMOVED
frame_00130_jpg.rf.4411bebdb5be05dc67be5bddfe26f88b_aug_hflip_0.jpg,1,0,CONVERTED_TO_BACKGROUND_SAMPLE,Normal belt box drawn on background rubber of an active defect frame. Creates false positive penalty for defect regions.,APPROVED_REMOVED
frame_00130_jpg.rf.4411bebdb5be05dc67be5bddfe26f88b_aug_hflip_0.jpg,1,0,CONVERTED_TO_BACKGROUND_SAMPLE,Normal belt box drawn on background rubber of an active defect frame. Creates false positive penalty for defect regions.,APPROVED_REMOVED
frame_00131_jpg.rf.8aff8c3afc6564a1e458acb76f1fb0bb.jpg,1,0,CONVERTED_TO_BACKGROUND_SAMPLE,Normal belt box drawn on background rubber of an active defect frame. Creates false positive penalty for defect regions.,APPROVED_REMOVED
frame_00131_jpg.rf.8aff8c3afc6564a1e458acb76f1fb0bb.jpg,1,0,CONVERTED_TO_BACKGROUND_SAMPLE,Normal belt box drawn on background rubber of an active defect frame. Creates false positive penalty for defect regions.,APPROVED_REMOVED
frame_00131_jpg.rf.8aff8c3afc6564a1e458acb76f1fb0bb_aug_contrast_1.jpg,1,0,CONVERTED_TO_BACKGROUND_SAMPLE,Normal belt box drawn on background rubber of an active defect frame. Creates false positive penalty for defect regions.,APPROVED_REMOVED
frame_00131_jpg.rf.8aff8c3afc6564a1e458acb76f1fb0bb_aug_contrast_1.jpg,1,0,CONVERTED_TO_BACKGROUND_SAMPLE,Normal belt box drawn on background rubber of an active defect frame. Creates false positive penalty for defect regions.,APPROVED_REMOVED
frame_00131_jpg.rf.8aff8c3afc6564a1e458acb76f1fb0bb_aug_hflip_0.jpg,1,0,CONVERTED_TO_BACKGROUND_SAMPLE,Normal belt box drawn on background rubber of an active defect frame. Creates false positive penalty for defect regions.,APPROVED_REMOVED
frame_00131_jpg.rf.8aff8c3afc6564a1e458acb76f1fb0bb_aug_hflip_0.jpg,1,0,CONVERTED_TO_BACKGROUND_SAMPLE,Normal belt box drawn on background rubber of an active defect frame. Creates false positive penalty for defect regions.,APPROVED_REMOVED
frame_00132_jpg.rf.816b54bff7d7c1db1cffa085f95eb41f.jpg,1,0,CONVERTED_TO_BACKGROUND_SAMPLE,Normal belt box drawn on background rubber of an active defect frame. Creates false positive penalty for defect regions.,APPROVED_REMOVED
frame_00132_jpg.rf.816b54bff7d7c1db1cffa085f95eb41f_aug_contrast_1.jpg,1,0,CONVERTED_TO_BACKGROUND_SAMPLE,Normal belt box drawn on background rubber of an active defect frame. Creates false positive penalty for defect regions.,APPROVED_REMOVED
frame_00132_jpg.rf.816b54bff7d7c1db1cffa085f95eb41f_aug_hflip_0.jpg,1,0,CONVERTED_TO_BACKGROUND_SAMPLE,Normal belt box drawn on background rubber of an active defect frame. Creates false positive penalty for defect regions.,APPROVED_REMOVED
frame_00133_jpg.rf.02f04e0e9f8e84483807d4a29ad34c2c.jpg,1,0,CONVERTED_TO_BACKGROUND_SAMPLE,Normal belt box drawn on background rubber of an active defect frame. Creates false positive penalty for defect regions.,APPROVED_REMOVED
frame_00133_jpg.rf.02f04e0e9f8e84483807d4a29ad34c2c.jpg,1,0,CONVERTED_TO_BACKGROUND_SAMPLE,Normal belt box drawn on background rubber of an active defect frame. Creates false positive penalty for defect regions.,APPROVED_REMOVED
frame_00133_jpg.rf.02f04e0e9f8e84483807d4a29ad34c2c_aug_contrast_1.jpg,1,0,CONVERTED_TO_BACKGROUND_SAMPLE,Normal belt box drawn on background rubber of an active defect frame. Creates false positive penalty for defect regions.,APPROVED_REMOVED
frame_00133_jpg.rf.02f04e0e9f8e84483807d4a29ad34c2c_aug_contrast_1.jpg,1,0,CONVERTED_TO_BACKGROUND_SAMPLE,Normal belt box drawn on background rubber of an active defect frame. Creates false positive penalty for defect regions.,APPROVED_REMOVED
frame_00133_jpg.rf.02f04e0e9f8e84483807d4a29ad34c2c_aug_hflip_0.jpg,1,0,CONVERTED_TO_BACKGROUND_SAMPLE,Normal belt box drawn on background rubber of an active defect frame. Creates false positive penalty for defect regions.,APPROVED_REMOVED
frame_00133_jpg.rf.02f04e0e9f8e84483807d4a29ad34c2c_aug_hflip_0.jpg,1,0,CONVERTED_TO_BACKGROUND_SAMPLE,Normal belt box drawn on background rubber of an active defect frame. Creates false positive penalty for defect regions.,APPROVED_REMOVED
frame_00135_jpg.rf.fd7c6c2f8a055276d7da5d1fb3c8e0a5.jpg,1,0,CONVERTED_TO_BACKGROUND_SAMPLE,Normal belt box drawn on background rubber of an active defect frame. Creates false positive penalty for defect regions.,APPROVED_REMOVED
frame_00135_jpg.rf.fd7c6c2f8a055276d7da5d1fb3c8e0a5_aug_contrast_1.jpg,1,0,CONVERTED_TO_BACKGROUND_SAMPLE,Normal belt box drawn on background rubber of an active defect frame. Creates false positive penalty for defect regions.,APPROVED_REMOVED
frame_00135_jpg.rf.fd7c6c2f8a055276d7da5d1fb3c8e0a5_aug_hflip_0.jpg,1,0,CONVERTED_TO_BACKGROUND_SAMPLE,Normal belt box drawn on background rubber of an active defect frame. Creates false positive penalty for defect regions.,APPROVED_REMOVED
frame_00136_jpg.rf.0933f4c60a61ddd751562e77d012647a.jpg,1,0,CONVERTED_TO_BACKGROUND_SAMPLE,Normal belt box drawn on background rubber of an active defect frame. Creates false positive penalty for defect regions.,APPROVED_REMOVED
frame_00136_jpg.rf.0933f4c60a61ddd751562e77d012647a.jpg,1,0,CONVERTED_TO_BACKGROUND_SAMPLE,Normal belt box drawn on background rubber of an active defect frame. Creates false positive penalty for defect regions.,APPROVED_REMOVED
frame_00136_jpg.rf.0933f4c60a61ddd751562e77d012647a.jpg,1,0,CONVERTED_TO_BACKGROUND_SAMPLE,Normal belt box drawn on background rubber of an active defect frame. Creates false positive penalty for defect regions.,APPROVED_REMOVED
frame_00136_jpg.rf.0933f4c60a61ddd751562e77d012647a_aug_contrast_1.jpg,1,0,CONVERTED_TO_BACKGROUND_SAMPLE,Normal belt box drawn on background rubber of an active defect frame. Creates false positive penalty for defect regions.,APPROVED_REMOVED
frame_00136_jpg.rf.0933f4c60a61ddd751562e77d012647a_aug_contrast_1.jpg,1,0,CONVERTED_TO_BACKGROUND_SAMPLE,Normal belt box drawn on background rubber of an active defect frame. Creates false positive penalty for defect regions.,APPROVED_REMOVED
frame_00136_jpg.rf.0933f4c60a61ddd751562e77d012647a_aug_contrast_1.jpg,1,0,CONVERTED_TO_BACKGROUND_SAMPLE,Normal belt box drawn on background rubber of an active defect frame. Creates false positive penalty for defect regions.,APPROVED_REMOVED
frame_00136_jpg.rf.0933f4c60a61ddd751562e77d012647a_aug_hflip_0.jpg,1,0,CONVERTED_TO_BACKGROUND_SAMPLE,Normal belt box drawn on background rubber of an active defect frame. Creates false positive penalty for defect regions.,APPROVED_REMOVED
frame_00136_jpg.rf.0933f4c60a61ddd751562e77d012647a_aug_hflip_0.jpg,1,0,CONVERTED_TO_BACKGROUND_SAMPLE,Normal belt box drawn on background rubber of an active defect frame. Creates false positive penalty for defect regions.,APPROVED_REMOVED
frame_00136_jpg.rf.0933f4c60a61ddd751562e77d012647a_aug_hflip_0.jpg,1,0,CONVERTED_TO_BACKGROUND_SAMPLE,Normal belt box drawn on background rubber of an active defect frame. Creates false positive penalty for defect regions.,APPROVED_REMOVED
frame_00137_jpg.rf.5a218ff005e1500e85dd867ea1794ea2.jpg,1,0,CONVERTED_TO_BACKGROUND_SAMPLE,"Entire image represents clean conveyor belt. In standard object detection, clean background is represented by zero bounding boxes.",APPROVED_REMOVED
frame_00138_jpg.rf.396c04476b38d460b0af227fa794fef9.jpg,1,0,CONVERTED_TO_BACKGROUND_SAMPLE,Normal belt box drawn on background rubber of an active defect frame. Creates false positive penalty for defect regions.,APPROVED_REMOVED
frame_00138_jpg.rf.396c04476b38d460b0af227fa794fef9.jpg,1,0,CONVERTED_TO_BACKGROUND_SAMPLE,Normal belt box drawn on background rubber of an active defect frame. Creates false positive penalty for defect regions.,APPROVED_REMOVED
frame_00138_jpg.rf.396c04476b38d460b0af227fa794fef9_aug_contrast_1.jpg,1,0,CONVERTED_TO_BACKGROUND_SAMPLE,Normal belt box drawn on background rubber of an active defect frame. Creates false positive penalty for defect regions.,APPROVED_REMOVED
frame_00138_jpg.rf.396c04476b38d460b0af227fa794fef9_aug_contrast_1.jpg,1,0,CONVERTED_TO_BACKGROUND_SAMPLE,Normal belt box drawn on background rubber of an active defect frame. Creates false positive penalty for defect regions.,APPROVED_REMOVED
frame_00138_jpg.rf.396c04476b38d460b0af227fa794fef9_aug_hflip_0.jpg,1,0,CONVERTED_TO_BACKGROUND_SAMPLE,Normal belt box drawn on background rubber of an active defect frame. Creates false positive penalty for defect regions.,APPROVED_REMOVED
frame_00138_jpg.rf.396c04476b38d460b0af227fa794fef9_aug_hflip_0.jpg,1,0,CONVERTED_TO_BACKGROUND_SAMPLE,Normal belt box drawn on background rubber of an active defect frame. Creates false positive penalty for defect regions.,APPROVED_REMOVED
frame_00139_jpg.rf.d8ac4ec538406e8c87b94eb32823b952.jpg,1,0,CONVERTED_TO_BACKGROUND_SAMPLE,Normal belt box drawn on background rubber of an active defect frame. Creates false positive penalty for defect regions.,APPROVED_REMOVED
frame_00139_jpg.rf.d8ac4ec538406e8c87b94eb32823b952.jpg,1,0,CONVERTED_TO_BACKGROUND_SAMPLE,Normal belt box drawn on background rubber of an active defect frame. Creates false positive penalty for defect regions.,APPROVED_REMOVED
frame_00139_jpg.rf.d8ac4ec538406e8c87b94eb32823b952_aug_contrast_1.jpg,1,0,CONVERTED_TO_BACKGROUND_SAMPLE,Normal belt box drawn on background rubber of an active defect frame. Creates false positive penalty for defect regions.,APPROVED_REMOVED
frame_00139_jpg.rf.d8ac4ec538406e8c87b94eb32823b952_aug_contrast_1.jpg,1,0,CONVERTED_TO_BACKGROUND_SAMPLE,Normal belt box drawn on background rubber of an active defect frame. Creates false positive penalty for defect regions.,APPROVED_REMOVED
frame_00139_jpg.rf.d8ac4ec538406e8c87b94eb32823b952_aug_hflip_0.jpg,1,0,CONVERTED_TO_BACKGROUND_SAMPLE,Normal belt box drawn on background rubber of an active defect frame. Creates false positive penalty for defect regions.,APPROVED_REMOVED
frame_00139_jpg.rf.d8ac4ec538406e8c87b94eb32823b952_aug_hflip_0.jpg,1,0,CONVERTED_TO_BACKGROUND_SAMPLE,Normal belt box drawn on background rubber of an active defect frame. Creates false positive penalty for defect regions.,APPROVED_REMOVED
frame_00140_jpg.rf.3ad545e80ef4a9a51eb58094c30d4a6d.jpg,1,0,CONVERTED_TO_BACKGROUND_SAMPLE,Normal belt box drawn on background rubber of an active defect frame. Creates false positive penalty for defect regions.,APPROVED_REMOVED
frame_00140_jpg.rf.3ad545e80ef4a9a51eb58094c30d4a6d_aug_contrast_1.jpg,1,0,CONVERTED_TO_BACKGROUND_SAMPLE,Normal belt box drawn on background rubber of an active defect frame. Creates false positive penalty for defect regions.,APPROVED_REMOVED
frame_00140_jpg.rf.3ad545e80ef4a9a51eb58094c30d4a6d_aug_hflip_0.jpg,1,0,CONVERTED_TO_BACKGROUND_SAMPLE,Normal belt box drawn on background rubber of an active defect frame. Creates false positive penalty for defect regions.,APPROVED_REMOVED
frame_00141_jpg.rf.401688c6f85f0c962e721e03e5616ecf.jpg,1,0,CONVERTED_TO_BACKGROUND_SAMPLE,Normal belt box drawn on background rubber of an active defect frame. Creates false positive penalty for defect regions.,APPROVED_REMOVED
frame_00141_jpg.rf.401688c6f85f0c962e721e03e5616ecf.jpg,1,0,CONVERTED_TO_BACKGROUND_SAMPLE,Normal belt box drawn on background rubber of an active defect frame. Creates false positive penalty for defect regions.,APPROVED_REMOVED
frame_00141_jpg.rf.401688c6f85f0c962e721e03e5616ecf.jpg,1,0,CONVERTED_TO_BACKGROUND_SAMPLE,Normal belt box drawn on background rubber of an active defect frame. Creates false positive penalty for defect regions.,APPROVED_REMOVED
frame_00141_jpg.rf.401688c6f85f0c962e721e03e5616ecf_aug_contrast_1.jpg,1,0,CONVERTED_TO_BACKGROUND_SAMPLE,Normal belt box drawn on background rubber of an active defect frame. Creates false positive penalty for defect regions.,APPROVED_REMOVED
frame_00141_jpg.rf.401688c6f85f0c962e721e03e5616ecf_aug_contrast_1.jpg,1,0,CONVERTED_TO_BACKGROUND_SAMPLE,Normal belt box drawn on background rubber of an active defect frame. Creates false positive penalty for defect regions.,APPROVED_REMOVED
frame_00141_jpg.rf.401688c6f85f0c962e721e03e5616ecf_aug_contrast_1.jpg,1,0,CONVERTED_TO_BACKGROUND_SAMPLE,Normal belt box drawn on background rubber of an active defect frame. Creates false positive penalty for defect regions.,APPROVED_REMOVED
frame_00141_jpg.rf.401688c6f85f0c962e721e03e5616ecf_aug_hflip_0.jpg,1,0,CONVERTED_TO_BACKGROUND_SAMPLE,Normal belt box drawn on background rubber of an active defect frame. Creates false positive penalty for defect regions.,APPROVED_REMOVED
frame_00141_jpg.rf.401688c6f85f0c962e721e03e5616ecf_aug_hflip_0.jpg,1,0,CONVERTED_TO_BACKGROUND_SAMPLE,Normal belt box drawn on background rubber of an active defect frame. Creates false positive penalty for defect regions.,APPROVED_REMOVED
frame_00141_jpg.rf.401688c6f85f0c962e721e03e5616ecf_aug_hflip_0.jpg,1,0,CONVERTED_TO_BACKGROUND_SAMPLE,Normal belt box drawn on background rubber of an active defect frame. Creates false positive penalty for defect regions.,APPROVED_REMOVED
frame_00142_jpg.rf.751e6f668859a76a907abedd6bcbfb86.jpg,1,0,CONVERTED_TO_BACKGROUND_SAMPLE,"Entire image represents clean conveyor belt. In standard object detection, clean background is represented by zero bounding boxes.",APPROVED_REMOVED
frame_00143_jpg.rf.9c6a5ee5fe86522f3bc13bd72dbd4c0c.jpg,1,0,CONVERTED_TO_BACKGROUND_SAMPLE,"Entire image represents clean conveyor belt. In standard object detection, clean background is represented by zero bounding boxes.",APPROVED_REMOVED
frame_00145_jpg.rf.58a2422cfe0072c619318830fefe1def.jpg,1,0,CONVERTED_TO_BACKGROUND_SAMPLE,"Entire image represents clean conveyor belt. In standard object detection, clean background is represented by zero bounding boxes.",APPROVED_REMOVED
frame_00146_jpg.rf.df0fa335770dd8f74ca8300eae3c3d5b.jpg,1,0,CONVERTED_TO_BACKGROUND_SAMPLE,"Entire image represents clean conveyor belt. In standard object detection, clean background is represented by zero bounding boxes.",APPROVED_REMOVED
frame_00146_jpg.rf.df0fa335770dd8f74ca8300eae3c3d5b.jpg,1,0,CONVERTED_TO_BACKGROUND_SAMPLE,"Entire image represents clean conveyor belt. In standard object detection, clean background is represented by zero bounding boxes.",APPROVED_REMOVED
frame_00147_jpg.rf.5bc5557c0a6e941e902bb80f6c6606de.jpg,1,0,CONVERTED_TO_BACKGROUND_SAMPLE,"Entire image represents clean conveyor belt. In standard object detection, clean background is represented by zero bounding boxes.",APPROVED_REMOVED
frame_00147_jpg.rf.5bc5557c0a6e941e902bb80f6c6606de.jpg,1,0,CONVERTED_TO_BACKGROUND_SAMPLE,"Entire image represents clean conveyor belt. In standard object detection, clean background is represented by zero bounding boxes.",APPROVED_REMOVED
frame_00150_jpg.rf.0419ef8dc161183eed7cdedd3924f394.jpg,1,0,CONVERTED_TO_BACKGROUND_SAMPLE,Normal belt box drawn on background rubber of an active defect frame. Creates false positive penalty for defect regions.,APPROVED_REMOVED
frame_00150_jpg.rf.0419ef8dc161183eed7cdedd3924f394_aug_contrast_3.jpg,1,0,CONVERTED_TO_BACKGROUND_SAMPLE,Normal belt box drawn on background rubber of an active defect frame. Creates false positive penalty for defect regions.,APPROVED_REMOVED
frame_00150_jpg.rf.0419ef8dc161183eed7cdedd3924f394_aug_hflip_0.jpg,1,0,CONVERTED_TO_BACKGROUND_SAMPLE,Normal belt box drawn on background rubber of an active defect frame. Creates false positive penalty for defect regions.,APPROVED_REMOVED
frame_00150_jpg.rf.0419ef8dc161183eed7cdedd3924f394_aug_hvflip_2.jpg,1,0,CONVERTED_TO_BACKGROUND_SAMPLE,Normal belt box drawn on background rubber of an active defect frame. Creates false positive penalty for defect regions.,APPROVED_REMOVED
frame_00150_jpg.rf.0419ef8dc161183eed7cdedd3924f394_aug_vflip_1.jpg,1,0,CONVERTED_TO_BACKGROUND_SAMPLE,Normal belt box drawn on background rubber of an active defect frame. Creates false positive penalty for defect regions.,APPROVED_REMOVED
frame_00151_jpg.rf.d69634b232de3cd6ea5d428af7368966.jpg,1,0,CONVERTED_TO_BACKGROUND_SAMPLE,Normal belt box drawn on background rubber of an active defect frame. Creates false positive penalty for defect regions.,APPROVED_REMOVED
frame_00151_jpg.rf.d69634b232de3cd6ea5d428af7368966_aug_contrast_3.jpg,1,0,CONVERTED_TO_BACKGROUND_SAMPLE,Normal belt box drawn on background rubber of an active defect frame. Creates false positive penalty for defect regions.,APPROVED_REMOVED
frame_00151_jpg.rf.d69634b232de3cd6ea5d428af7368966_aug_hflip_0.jpg,1,0,CONVERTED_TO_BACKGROUND_SAMPLE,Normal belt box drawn on background rubber of an active defect frame. Creates false positive penalty for defect regions.,APPROVED_REMOVED
frame_00151_jpg.rf.d69634b232de3cd6ea5d428af7368966_aug_hvflip_2.jpg,1,0,CONVERTED_TO_BACKGROUND_SAMPLE,Normal belt box drawn on background rubber of an active defect frame. Creates false positive penalty for defect regions.,APPROVED_REMOVED
frame_00151_jpg.rf.d69634b232de3cd6ea5d428af7368966_aug_vflip_1.jpg,1,0,CONVERTED_TO_BACKGROUND_SAMPLE,Normal belt box drawn on background rubber of an active defect frame. Creates false positive penalty for defect regions.,APPROVED_REMOVED
frame_00156_jpg.rf.5b701fade6a73a61dd651ff073a8c448.jpg,1,0,CONVERTED_TO_BACKGROUND_SAMPLE,"Entire image represents clean conveyor belt. In standard object detection, clean background is represented by zero bounding boxes.",APPROVED_REMOVED
frame_00159_jpg.rf.048cfb46cc697add6524c0c93f10cdb4.jpg,1,0,CONVERTED_TO_BACKGROUND_SAMPLE,Normal belt box drawn on background rubber of an active defect frame. Creates false positive penalty for defect regions.,APPROVED_REMOVED
frame_00159_jpg.rf.048cfb46cc697add6524c0c93f10cdb4_aug_contrast_1.jpg,1,0,CONVERTED_TO_BACKGROUND_SAMPLE,Normal belt box drawn on background rubber of an active defect frame. Creates false positive penalty for defect regions.,APPROVED_REMOVED
frame_00159_jpg.rf.048cfb46cc697add6524c0c93f10cdb4_aug_hflip_0.jpg,1,0,CONVERTED_TO_BACKGROUND_SAMPLE,Normal belt box drawn on background rubber of an active defect frame. Creates false positive penalty for defect regions.,APPROVED_REMOVED
frame_00161_jpg.rf.fc7b2d99b4fbadf3e670ff35a69ca58c.jpg,1,0,CONVERTED_TO_BACKGROUND_SAMPLE,Normal belt box drawn on background rubber of an active defect frame. Creates false positive penalty for defect regions.,APPROVED_REMOVED
frame_00161_jpg.rf.fc7b2d99b4fbadf3e670ff35a69ca58c.jpg,1,0,CONVERTED_TO_BACKGROUND_SAMPLE,Normal belt box drawn on background rubber of an active defect frame. Creates false positive penalty for defect regions.,APPROVED_REMOVED
frame_00161_jpg.rf.fc7b2d99b4fbadf3e670ff35a69ca58c.jpg,1,0,CONVERTED_TO_BACKGROUND_SAMPLE,Normal belt box drawn on background rubber of an active defect frame. Creates false positive penalty for defect regions.,APPROVED_REMOVED
frame_00161_jpg.rf.fc7b2d99b4fbadf3e670ff35a69ca58c_aug_contrast_1.jpg,1,0,CONVERTED_TO_BACKGROUND_SAMPLE,Normal belt box drawn on background rubber of an active defect frame. Creates false positive penalty for defect regions.,APPROVED_REMOVED
frame_00161_jpg.rf.fc7b2d99b4fbadf3e670ff35a69ca58c_aug_contrast_1.jpg,1,0,CONVERTED_TO_BACKGROUND_SAMPLE,Normal belt box drawn on background rubber of an active defect frame. Creates false positive penalty for defect regions.,APPROVED_REMOVED
frame_00161_jpg.rf.fc7b2d99b4fbadf3e670ff35a69ca58c_aug_contrast_1.jpg,1,0,CONVERTED_TO_BACKGROUND_SAMPLE,Normal belt box drawn on background rubber of an active defect frame. Creates false positive penalty for defect regions.,APPROVED_REMOVED
frame_00161_jpg.rf.fc7b2d99b4fbadf3e670ff35a69ca58c_aug_hflip_0.jpg,1,0,CONVERTED_TO_BACKGROUND_SAMPLE,Normal belt box drawn on background rubber of an active defect frame. Creates false positive penalty for defect regions.,APPROVED_REMOVED
frame_00161_jpg.rf.fc7b2d99b4fbadf3e670ff35a69ca58c_aug_hflip_0.jpg,1,0,CONVERTED_TO_BACKGROUND_SAMPLE,Normal belt box drawn on background rubber of an active defect frame. Creates false positive penalty for defect regions.,APPROVED_REMOVED
frame_00161_jpg.rf.fc7b2d99b4fbadf3e670ff35a69ca58c_aug_hflip_0.jpg,1,0,CONVERTED_TO_BACKGROUND_SAMPLE,Normal belt box drawn on background rubber of an active defect frame. Creates false positive penalty for defect regions.,APPROVED_REMOVED
frame_00165_jpg.rf.7246e72ad9e3e06494919fa0c79f81b9.jpg,1,0,CONVERTED_TO_BACKGROUND_SAMPLE,Normal belt box drawn on background rubber of an active defect frame. Creates false positive penalty for defect regions.,APPROVED_REMOVED
frame_00165_jpg.rf.7246e72ad9e3e06494919fa0c79f81b9_aug_contrast_1.jpg,1,0,CONVERTED_TO_BACKGROUND_SAMPLE,Normal belt box drawn on background rubber of an active defect frame. Creates false positive penalty for defect regions.,APPROVED_REMOVED
frame_00165_jpg.rf.7246e72ad9e3e06494919fa0c79f81b9_aug_hflip_0.jpg,1,0,CONVERTED_TO_BACKGROUND_SAMPLE,Normal belt box drawn on background rubber of an active defect frame. Creates false positive penalty for defect regions.,APPROVED_REMOVED
frame_00167_jpg.rf.cf80e56149b05215cb319fb294984ac0.jpg,1,0,CONVERTED_TO_BACKGROUND_SAMPLE,Normal belt box drawn on background rubber of an active defect frame. Creates false positive penalty for defect regions.,APPROVED_REMOVED
frame_00167_jpg.rf.cf80e56149b05215cb319fb294984ac0_aug_contrast_1.jpg,1,0,CONVERTED_TO_BACKGROUND_SAMPLE,Normal belt box drawn on background rubber of an active defect frame. Creates false positive penalty for defect regions.,APPROVED_REMOVED
frame_00167_jpg.rf.cf80e56149b05215cb319fb294984ac0_aug_hflip_0.jpg,1,0,CONVERTED_TO_BACKGROUND_SAMPLE,Normal belt box drawn on background rubber of an active defect frame. Creates false positive penalty for defect regions.,APPROVED_REMOVED
frame_00168_jpg.rf.dad4ea37b0a2c85d0abde14ee8b09756.jpg,1,0,CONVERTED_TO_BACKGROUND_SAMPLE,Normal belt box drawn on background rubber of an active defect frame. Creates false positive penalty for defect regions.,APPROVED_REMOVED
frame_00168_jpg.rf.dad4ea37b0a2c85d0abde14ee8b09756_aug_contrast_1.jpg,1,0,CONVERTED_TO_BACKGROUND_SAMPLE,Normal belt box drawn on background rubber of an active defect frame. Creates false positive penalty for defect regions.,APPROVED_REMOVED
frame_00168_jpg.rf.dad4ea37b0a2c85d0abde14ee8b09756_aug_hflip_0.jpg,1,0,CONVERTED_TO_BACKGROUND_SAMPLE,Normal belt box drawn on background rubber of an active defect frame. Creates false positive penalty for defect regions.,APPROVED_REMOVED
frame_00170_jpg.rf.ad470f29c43bbe36ed3f919c4fdc960a.jpg,1,0,CONVERTED_TO_BACKGROUND_SAMPLE,Normal belt box drawn on background rubber of an active defect frame. Creates false positive penalty for defect regions.,APPROVED_REMOVED
frame_00170_jpg.rf.ad470f29c43bbe36ed3f919c4fdc960a_aug_contrast_1.jpg,1,0,CONVERTED_TO_BACKGROUND_SAMPLE,Normal belt box drawn on background rubber of an active defect frame. Creates false positive penalty for defect regions.,APPROVED_REMOVED
frame_00170_jpg.rf.ad470f29c43bbe36ed3f919c4fdc960a_aug_hflip_0.jpg,1,0,CONVERTED_TO_BACKGROUND_SAMPLE,Normal belt box drawn on background rubber of an active defect frame. Creates false positive penalty for defect regions.,APPROVED_REMOVED
frame_00171_jpg.rf.a7666719014b7aa5853970a38eb03ca0.jpg,1,0,CONVERTED_TO_BACKGROUND_SAMPLE,Normal belt box drawn on background rubber of an active defect frame. Creates false positive penalty for defect regions.,APPROVED_REMOVED
frame_00171_jpg.rf.a7666719014b7aa5853970a38eb03ca0_aug_contrast_3.jpg,1,0,CONVERTED_TO_BACKGROUND_SAMPLE,Normal belt box drawn on background rubber of an active defect frame. Creates false positive penalty for defect regions.,APPROVED_REMOVED
frame_00171_jpg.rf.a7666719014b7aa5853970a38eb03ca0_aug_hflip_0.jpg,1,0,CONVERTED_TO_BACKGROUND_SAMPLE,Normal belt box drawn on background rubber of an active defect frame. Creates false positive penalty for defect regions.,APPROVED_REMOVED
frame_00171_jpg.rf.a7666719014b7aa5853970a38eb03ca0_aug_hvflip_2.jpg,1,0,CONVERTED_TO_BACKGROUND_SAMPLE,Normal belt box drawn on background rubber of an active defect frame. Creates false positive penalty for defect regions.,APPROVED_REMOVED
frame_00171_jpg.rf.a7666719014b7aa5853970a38eb03ca0_aug_vflip_1.jpg,1,0,CONVERTED_TO_BACKGROUND_SAMPLE,Normal belt box drawn on background rubber of an active defect frame. Creates false positive penalty for defect regions.,APPROVED_REMOVED
frame_00173_jpg.rf.93e2d903951a07f8b9b14bd4ce3188da.jpg,1,0,CONVERTED_TO_BACKGROUND_SAMPLE,Normal belt box drawn on background rubber of an active defect frame. Creates false positive penalty for defect regions.,APPROVED_REMOVED
frame_00173_jpg.rf.93e2d903951a07f8b9b14bd4ce3188da.jpg,1,0,CONVERTED_TO_BACKGROUND_SAMPLE,Normal belt box drawn on background rubber of an active defect frame. Creates false positive penalty for defect regions.,APPROVED_REMOVED
frame_00173_jpg.rf.93e2d903951a07f8b9b14bd4ce3188da_aug_contrast_3.jpg,1,0,CONVERTED_TO_BACKGROUND_SAMPLE,Normal belt box drawn on background rubber of an active defect frame. Creates false positive penalty for defect regions.,APPROVED_REMOVED
frame_00173_jpg.rf.93e2d903951a07f8b9b14bd4ce3188da_aug_contrast_3.jpg,1,0,CONVERTED_TO_BACKGROUND_SAMPLE,Normal belt box drawn on background rubber of an active defect frame. Creates false positive penalty for defect regions.,APPROVED_REMOVED
frame_00173_jpg.rf.93e2d903951a07f8b9b14bd4ce3188da_aug_hflip_0.jpg,1,0,CONVERTED_TO_BACKGROUND_SAMPLE,Normal belt box drawn on background rubber of an active defect frame. Creates false positive penalty for defect regions.,APPROVED_REMOVED
frame_00173_jpg.rf.93e2d903951a07f8b9b14bd4ce3188da_aug_hflip_0.jpg,1,0,CONVERTED_TO_BACKGROUND_SAMPLE,Normal belt box drawn on background rubber of an active defect frame. Creates false positive penalty for defect regions.,APPROVED_REMOVED
frame_00173_jpg.rf.93e2d903951a07f8b9b14bd4ce3188da_aug_hvflip_2.jpg,1,0,CONVERTED_TO_BACKGROUND_SAMPLE,Normal belt box drawn on background rubber of an active defect frame. Creates false positive penalty for defect regions.,APPROVED_REMOVED
frame_00173_jpg.rf.93e2d903951a07f8b9b14bd4ce3188da_aug_hvflip_2.jpg,1,0,CONVERTED_TO_BACKGROUND_SAMPLE,Normal belt box drawn on background rubber of an active defect frame. Creates false positive penalty for defect regions.,APPROVED_REMOVED
frame_00173_jpg.rf.93e2d903951a07f8b9b14bd4ce3188da_aug_vflip_1.jpg,1,0,CONVERTED_TO_BACKGROUND_SAMPLE,Normal belt box drawn on background rubber of an active defect frame. Creates false positive penalty for defect regions.,APPROVED_REMOVED
frame_00173_jpg.rf.93e2d903951a07f8b9b14bd4ce3188da_aug_vflip_1.jpg,1,0,CONVERTED_TO_BACKGROUND_SAMPLE,Normal belt box drawn on background rubber of an active defect frame. Creates false positive penalty for defect regions.,APPROVED_REMOVED
frame_00174_jpg.rf.8b39e7837b983cd5e687c04e04c06aa0.jpg,1,0,CONVERTED_TO_BACKGROUND_SAMPLE,Normal belt box drawn on background rubber of an active defect frame. Creates false positive penalty for defect regions.,APPROVED_REMOVED
frame_00174_jpg.rf.8b39e7837b983cd5e687c04e04c06aa0_aug_contrast_3.jpg,1,0,CONVERTED_TO_BACKGROUND_SAMPLE,Normal belt box drawn on background rubber of an active defect frame. Creates false positive penalty for defect regions.,APPROVED_REMOVED
frame_00174_jpg.rf.8b39e7837b983cd5e687c04e04c06aa0_aug_hflip_0.jpg,1,0,CONVERTED_TO_BACKGROUND_SAMPLE,Normal belt box drawn on background rubber of an active defect frame. Creates false positive penalty for defect regions.,APPROVED_REMOVED
frame_00174_jpg.rf.8b39e7837b983cd5e687c04e04c06aa0_aug_hvflip_2.jpg,1,0,CONVERTED_TO_BACKGROUND_SAMPLE,Normal belt box drawn on background rubber of an active defect frame. Creates false positive penalty for defect regions.,APPROVED_REMOVED
frame_00174_jpg.rf.8b39e7837b983cd5e687c04e04c06aa0_aug_vflip_1.jpg,1,0,CONVERTED_TO_BACKGROUND_SAMPLE,Normal belt box drawn on background rubber of an active defect frame. Creates false positive penalty for defect regions.,APPROVED_REMOVED
frame_00212_jpg.rf.75c50a433ce13802ae77f9bdae6a92d0.jpg,1,0,CONVERTED_TO_BACKGROUND_SAMPLE,"Entire image represents clean conveyor belt. In standard object detection, clean background is represented by zero bounding boxes.",APPROVED_REMOVED
frame_00215_jpg.rf.0d7a44cc074f3934dd19e60d6edc61f8.jpg,1,0,CONVERTED_TO_BACKGROUND_SAMPLE,"Entire image represents clean conveyor belt. In standard object detection, clean background is represented by zero bounding boxes.",APPROVED_REMOVED
frame_00226_jpg.rf.b73032569d5c7b4046923242be6a223f.jpg,1,0,CONVERTED_TO_BACKGROUND_SAMPLE,"Entire image represents clean conveyor belt. In standard object detection, clean background is represented by zero bounding boxes.",APPROVED_REMOVED
frame_00229_jpg.rf.a15904a5f8cdab10c0301bcae5d4ab1a.jpg,1,0,CONVERTED_TO_BACKGROUND_SAMPLE,Normal belt box drawn on background rubber of an active defect frame. Creates false positive penalty for defect regions.,APPROVED_REMOVED
frame_00229_jpg.rf.a15904a5f8cdab10c0301bcae5d4ab1a_aug_contrast_1.jpg,1,0,CONVERTED_TO_BACKGROUND_SAMPLE,Normal belt box drawn on background rubber of an active defect frame. Creates false positive penalty for defect regions.,APPROVED_REMOVED
frame_00229_jpg.rf.a15904a5f8cdab10c0301bcae5d4ab1a_aug_hflip_0.jpg,1,0,CONVERTED_TO_BACKGROUND_SAMPLE,Normal belt box drawn on background rubber of an active defect frame. Creates false positive penalty for defect regions.,APPROVED_REMOVED
frame_00239_jpg.rf.e06f3cca97dae392c4b77e95eb2cea17.jpg,1,0,CONVERTED_TO_BACKGROUND_SAMPLE,"Entire image represents clean conveyor belt. In standard object detection, clean background is represented by zero bounding boxes.",APPROVED_REMOVED
frame_00241_jpg.rf.fb2fa19df85427701f04d5b530290a35.jpg,1,0,CONVERTED_TO_BACKGROUND_SAMPLE,"Entire image represents clean conveyor belt. In standard object detection, clean background is represented by zero bounding boxes.",APPROVED_REMOVED
frame_00242_jpg.rf.5203fc02faa0fef7fdd6d25f409847cc.jpg,1,0,CONVERTED_TO_BACKGROUND_SAMPLE,"Entire image represents clean conveyor belt. In standard object detection, clean background is represented by zero bounding boxes.",APPROVED_REMOVED
frame_00246_jpg.rf.1e0ee8aa28963ced72ccf5b118172fb7.jpg,1,0,CONVERTED_TO_BACKGROUND_SAMPLE,"Entire image represents clean conveyor belt. In standard object detection, clean background is represented by zero bounding boxes.",APPROVED_REMOVED
frame_00250_jpg.rf.09379da488d02f01e178e2999661a8ac.jpg,1,0,CONVERTED_TO_BACKGROUND_SAMPLE,Normal belt box drawn on background rubber of an active defect frame. Creates false positive penalty for defect regions.,APPROVED_REMOVED
frame_00250_jpg.rf.09379da488d02f01e178e2999661a8ac_aug_contrast_1.jpg,1,0,CONVERTED_TO_BACKGROUND_SAMPLE,Normal belt box drawn on background rubber of an active defect frame. Creates false positive penalty for defect regions.,APPROVED_REMOVED
frame_00250_jpg.rf.09379da488d02f01e178e2999661a8ac_aug_hflip_0.jpg,1,0,CONVERTED_TO_BACKGROUND_SAMPLE,Normal belt box drawn on background rubber of an active defect frame. Creates false positive penalty for defect regions.,APPROVED_REMOVED
frame_00254_jpg.rf.2e9883bea9dff64b70121d262a345ab0.jpg,1,0,CONVERTED_TO_BACKGROUND_SAMPLE,Normal belt box drawn on background rubber of an active defect frame. Creates false positive penalty for defect regions.,APPROVED_REMOVED
frame_00254_jpg.rf.2e9883bea9dff64b70121d262a345ab0_aug_contrast_1.jpg,1,0,CONVERTED_TO_BACKGROUND_SAMPLE,Normal belt box drawn on background rubber of an active defect frame. Creates false positive penalty for defect regions.,APPROVED_REMOVED
frame_00254_jpg.rf.2e9883bea9dff64b70121d262a345ab0_aug_hflip_0.jpg,1,0,CONVERTED_TO_BACKGROUND_SAMPLE,Normal belt box drawn on background rubber of an active defect frame. Creates false positive penalty for defect regions.,APPROVED_REMOVED
frame_00259_jpg.rf.42d1a8eaa7282f73d5cdf53115d8ea28.jpg,1,0,CONVERTED_TO_BACKGROUND_SAMPLE,"Entire image represents clean conveyor belt. In standard object detection, clean background is represented by zero bounding boxes.",APPROVED_REMOVED
frame_00261_jpg.rf.99e43006d6a8883edfe69e2a4373b90e.jpg,1,0,CONVERTED_TO_BACKGROUND_SAMPLE,Normal belt box drawn on background rubber of an active defect frame. Creates false positive penalty for defect regions.,APPROVED_REMOVED
frame_00261_jpg.rf.99e43006d6a8883edfe69e2a4373b90e_aug_contrast_3.jpg,1,0,CONVERTED_TO_BACKGROUND_SAMPLE,Normal belt box drawn on background rubber of an active defect frame. Creates false positive penalty for defect regions.,APPROVED_REMOVED
frame_00261_jpg.rf.99e43006d6a8883edfe69e2a4373b90e_aug_hflip_0.jpg,1,0,CONVERTED_TO_BACKGROUND_SAMPLE,Normal belt box drawn on background rubber of an active defect frame. Creates false positive penalty for defect regions.,APPROVED_REMOVED
frame_00261_jpg.rf.99e43006d6a8883edfe69e2a4373b90e_aug_hvflip_2.jpg,1,0,CONVERTED_TO_BACKGROUND_SAMPLE,Normal belt box drawn on background rubber of an active defect frame. Creates false positive penalty for defect regions.,APPROVED_REMOVED
frame_00261_jpg.rf.99e43006d6a8883edfe69e2a4373b90e_aug_vflip_1.jpg,1,0,CONVERTED_TO_BACKGROUND_SAMPLE,Normal belt box drawn on background rubber of an active defect frame. Creates false positive penalty for defect regions.,APPROVED_REMOVED
frame_00266_jpg.rf.501f204c049787fd32a74c1ae299d3e4.jpg,1,0,CONVERTED_TO_BACKGROUND_SAMPLE,Normal belt box drawn on background rubber of an active defect frame. Creates false positive penalty for defect regions.,APPROVED_REMOVED
frame_00266_jpg.rf.501f204c049787fd32a74c1ae299d3e4.jpg,1,0,CONVERTED_TO_BACKGROUND_SAMPLE,Normal belt box drawn on background rubber of an active defect frame. Creates false positive penalty for defect regions.,APPROVED_REMOVED
frame_00266_jpg.rf.501f204c049787fd32a74c1ae299d3e4.jpg,1,0,CONVERTED_TO_BACKGROUND_SAMPLE,Normal belt box drawn on background rubber of an active defect frame. Creates false positive penalty for defect regions.,APPROVED_REMOVED
frame_00266_jpg.rf.501f204c049787fd32a74c1ae299d3e4_aug_contrast_1.jpg,1,0,CONVERTED_TO_BACKGROUND_SAMPLE,Normal belt box drawn on background rubber of an active defect frame. Creates false positive penalty for defect regions.,APPROVED_REMOVED
frame_00266_jpg.rf.501f204c049787fd32a74c1ae299d3e4_aug_contrast_1.jpg,1,0,CONVERTED_TO_BACKGROUND_SAMPLE,Normal belt box drawn on background rubber of an active defect frame. Creates false positive penalty for defect regions.,APPROVED_REMOVED
frame_00266_jpg.rf.501f204c049787fd32a74c1ae299d3e4_aug_contrast_1.jpg,1,0,CONVERTED_TO_BACKGROUND_SAMPLE,Normal belt box drawn on background rubber of an active defect frame. Creates false positive penalty for defect regions.,APPROVED_REMOVED
frame_00266_jpg.rf.501f204c049787fd32a74c1ae299d3e4_aug_hflip_0.jpg,1,0,CONVERTED_TO_BACKGROUND_SAMPLE,Normal belt box drawn on background rubber of an active defect frame. Creates false positive penalty for defect regions.,APPROVED_REMOVED
frame_00266_jpg.rf.501f204c049787fd32a74c1ae299d3e4_aug_hflip_0.jpg,1,0,CONVERTED_TO_BACKGROUND_SAMPLE,Normal belt box drawn on background rubber of an active defect frame. Creates false positive penalty for defect regions.,APPROVED_REMOVED
frame_00266_jpg.rf.501f204c049787fd32a74c1ae299d3e4_aug_hflip_0.jpg,1,0,CONVERTED_TO_BACKGROUND_SAMPLE,Normal belt box drawn on background rubber of an active defect frame. Creates false positive penalty for defect regions.,APPROVED_REMOVED
frame_00288_jpg.rf.130a4c33afeeff83082db5650cc50ff2.jpg,1,0,CONVERTED_TO_BACKGROUND_SAMPLE,"Entire image represents clean conveyor belt. In standard object detection, clean background is represented by zero bounding boxes.",APPROVED_REMOVED
frame_00294_jpg.rf.56b00f3f19a6ff3888d890571593a43d.jpg,1,0,CONVERTED_TO_BACKGROUND_SAMPLE,Normal belt box drawn on background rubber of an active defect frame. Creates false positive penalty for defect regions.,APPROVED_REMOVED
frame_00294_jpg.rf.56b00f3f19a6ff3888d890571593a43d_aug_contrast_1.jpg,1,0,CONVERTED_TO_BACKGROUND_SAMPLE,Normal belt box drawn on background rubber of an active defect frame. Creates false positive penalty for defect regions.,APPROVED_REMOVED
frame_00294_jpg.rf.56b00f3f19a6ff3888d890571593a43d_aug_hflip_0.jpg,1,0,CONVERTED_TO_BACKGROUND_SAMPLE,Normal belt box drawn on background rubber of an active defect frame. Creates false positive penalty for defect regions.,APPROVED_REMOVED
frame_00295_jpg.rf.73cb1309239696b8ecfba78d6a3248fe.jpg,1,0,CONVERTED_TO_BACKGROUND_SAMPLE,Normal belt box drawn on background rubber of an active defect frame. Creates false positive penalty for defect regions.,APPROVED_REMOVED
frame_00295_jpg.rf.73cb1309239696b8ecfba78d6a3248fe_aug_contrast_2.jpg,1,0,CONVERTED_TO_BACKGROUND_SAMPLE,Normal belt box drawn on background rubber of an active defect frame. Creates false positive penalty for defect regions.,APPROVED_REMOVED
frame_00295_jpg.rf.73cb1309239696b8ecfba78d6a3248fe_aug_hflip_0.jpg,1,0,CONVERTED_TO_BACKGROUND_SAMPLE,Normal belt box drawn on background rubber of an active defect frame. Creates false positive penalty for defect regions.,APPROVED_REMOVED
frame_00295_jpg.rf.73cb1309239696b8ecfba78d6a3248fe_aug_vflip_1.jpg,1,0,CONVERTED_TO_BACKGROUND_SAMPLE,Normal belt box drawn on background rubber of an active defect frame. Creates false positive penalty for defect regions.,APPROVED_REMOVED
frame_00297_jpg.rf.0a4a1da94de8cf082cc7eeedf504eeeb.jpg,1,0,CONVERTED_TO_BACKGROUND_SAMPLE,Normal belt box drawn on background rubber of an active defect frame. Creates false positive penalty for defect regions.,APPROVED_REMOVED
frame_00297_jpg.rf.0a4a1da94de8cf082cc7eeedf504eeeb_aug_contrast_2.jpg,1,0,CONVERTED_TO_BACKGROUND_SAMPLE,Normal belt box drawn on background rubber of an active defect frame. Creates false positive penalty for defect regions.,APPROVED_REMOVED
frame_00297_jpg.rf.0a4a1da94de8cf082cc7eeedf504eeeb_aug_hflip_0.jpg,1,0,CONVERTED_TO_BACKGROUND_SAMPLE,Normal belt box drawn on background rubber of an active defect frame. Creates false positive penalty for defect regions.,APPROVED_REMOVED
frame_00297_jpg.rf.0a4a1da94de8cf082cc7eeedf504eeeb_aug_vflip_1.jpg,1,0,CONVERTED_TO_BACKGROUND_SAMPLE,Normal belt box drawn on background rubber of an active defect frame. Creates false positive penalty for defect regions.,APPROVED_REMOVED
frame_00299_jpg.rf.58913378fb97f6cd1ec19984ed1b552b.jpg,1,0,CONVERTED_TO_BACKGROUND_SAMPLE,Normal belt box drawn on background rubber of an active defect frame. Creates false positive penalty for defect regions.,APPROVED_REMOVED
frame_00299_jpg.rf.58913378fb97f6cd1ec19984ed1b552b_aug_contrast_1.jpg,1,0,CONVERTED_TO_BACKGROUND_SAMPLE,Normal belt box drawn on background rubber of an active defect frame. Creates false positive penalty for defect regions.,APPROVED_REMOVED
frame_00299_jpg.rf.58913378fb97f6cd1ec19984ed1b552b_aug_hflip_0.jpg,1,0,CONVERTED_TO_BACKGROUND_SAMPLE,Normal belt box drawn on background rubber of an active defect frame. Creates false positive penalty for defect regions.,APPROVED_REMOVED
frame_00304_jpg.rf.207920f57db81fe221bf24a796de7ba5.jpg,1,0,CONVERTED_TO_BACKGROUND_SAMPLE,Normal belt box drawn on background rubber of an active defect frame. Creates false positive penalty for defect regions.,APPROVED_REMOVED
frame_00304_jpg.rf.207920f57db81fe221bf24a796de7ba5_aug_contrast_1.jpg,1,0,CONVERTED_TO_BACKGROUND_SAMPLE,Normal belt box drawn on background rubber of an active defect frame. Creates false positive penalty for defect regions.,APPROVED_REMOVED
frame_00304_jpg.rf.207920f57db81fe221bf24a796de7ba5_aug_hflip_0.jpg,1,0,CONVERTED_TO_BACKGROUND_SAMPLE,Normal belt box drawn on background rubber of an active defect frame. Creates false positive penalty for defect regions.,APPROVED_REMOVED
frame_00306_jpg.rf.72655df170ca7e2abbec878e77a8f0a4.jpg,1,0,CONVERTED_TO_BACKGROUND_SAMPLE,"Entire image represents clean conveyor belt. In standard object detection, clean background is represented by zero bounding boxes.",APPROVED_REMOVED
frame_00309_jpg.rf.6b94fe49f12da98f7c6a5b25b404a825.jpg,1,0,CONVERTED_TO_BACKGROUND_SAMPLE,Normal belt box drawn on background rubber of an active defect frame. Creates false positive penalty for defect regions.,APPROVED_REMOVED
frame_00309_jpg.rf.6b94fe49f12da98f7c6a5b25b404a825_aug_contrast_3.jpg,1,0,CONVERTED_TO_BACKGROUND_SAMPLE,Normal belt box drawn on background rubber of an active defect frame. Creates false positive penalty for defect regions.,APPROVED_REMOVED
frame_00309_jpg.rf.6b94fe49f12da98f7c6a5b25b404a825_aug_hflip_0.jpg,1,0,CONVERTED_TO_BACKGROUND_SAMPLE,Normal belt box drawn on background rubber of an active defect frame. Creates false positive penalty for defect regions.,APPROVED_REMOVED
frame_00309_jpg.rf.6b94fe49f12da98f7c6a5b25b404a825_aug_hvflip_2.jpg,1,0,CONVERTED_TO_BACKGROUND_SAMPLE,Normal belt box drawn on background rubber of an active defect frame. Creates false positive penalty for defect regions.,APPROVED_REMOVED
frame_00309_jpg.rf.6b94fe49f12da98f7c6a5b25b404a825_aug_vflip_1.jpg,1,0,CONVERTED_TO_BACKGROUND_SAMPLE,Normal belt box drawn on background rubber of an active defect frame. Creates false positive penalty for defect regions.,APPROVED_REMOVED
frame_00310_jpg.rf.14d327f2549a0a5b93f50bae259473d1.jpg,1,0,CONVERTED_TO_BACKGROUND_SAMPLE,Normal belt box drawn on background rubber of an active defect frame. Creates false positive penalty for defect regions.,APPROVED_REMOVED
frame_00310_jpg.rf.14d327f2549a0a5b93f50bae259473d1.jpg,1,0,CONVERTED_TO_BACKGROUND_SAMPLE,Normal belt box drawn on background rubber of an active defect frame. Creates false positive penalty for defect regions.,APPROVED_REMOVED
frame_00310_jpg.rf.14d327f2549a0a5b93f50bae259473d1_aug_contrast_3.jpg,1,0,CONVERTED_TO_BACKGROUND_SAMPLE,Normal belt box drawn on background rubber of an active defect frame. Creates false positive penalty for defect regions.,APPROVED_REMOVED
frame_00310_jpg.rf.14d327f2549a0a5b93f50bae259473d1_aug_contrast_3.jpg,1,0,CONVERTED_TO_BACKGROUND_SAMPLE,Normal belt box drawn on background rubber of an active defect frame. Creates false positive penalty for defect regions.,APPROVED_REMOVED
frame_00310_jpg.rf.14d327f2549a0a5b93f50bae259473d1_aug_hflip_0.jpg,1,0,CONVERTED_TO_BACKGROUND_SAMPLE,Normal belt box drawn on background rubber of an active defect frame. Creates false positive penalty for defect regions.,APPROVED_REMOVED
frame_00310_jpg.rf.14d327f2549a0a5b93f50bae259473d1_aug_hflip_0.jpg,1,0,CONVERTED_TO_BACKGROUND_SAMPLE,Normal belt box drawn on background rubber of an active defect frame. Creates false positive penalty for defect regions.,APPROVED_REMOVED
frame_00310_jpg.rf.14d327f2549a0a5b93f50bae259473d1_aug_hvflip_2.jpg,1,0,CONVERTED_TO_BACKGROUND_SAMPLE,Normal belt box drawn on background rubber of an active defect frame. Creates false positive penalty for defect regions.,APPROVED_REMOVED
frame_00310_jpg.rf.14d327f2549a0a5b93f50bae259473d1_aug_hvflip_2.jpg,1,0,CONVERTED_TO_BACKGROUND_SAMPLE,Normal belt box drawn on background rubber of an active defect frame. Creates false positive penalty for defect regions.,APPROVED_REMOVED
frame_00310_jpg.rf.14d327f2549a0a5b93f50bae259473d1_aug_vflip_1.jpg,1,0,CONVERTED_TO_BACKGROUND_SAMPLE,Normal belt box drawn on background rubber of an active defect frame. Creates false positive penalty for defect regions.,APPROVED_REMOVED
frame_00310_jpg.rf.14d327f2549a0a5b93f50bae259473d1_aug_vflip_1.jpg,1,0,CONVERTED_TO_BACKGROUND_SAMPLE,Normal belt box drawn on background rubber of an active defect frame. Creates false positive penalty for defect regions.,APPROVED_REMOVED
frame_00313_jpg.rf.f50e311dd4a20248f796a5d651e36cb0.jpg,1,0,CONVERTED_TO_BACKGROUND_SAMPLE,Normal belt box drawn on background rubber of an active defect frame. Creates false positive penalty for defect regions.,APPROVED_REMOVED
frame_00313_jpg.rf.f50e311dd4a20248f796a5d651e36cb0.jpg,1,0,CONVERTED_TO_BACKGROUND_SAMPLE,Normal belt box drawn on background rubber of an active defect frame. Creates false positive penalty for defect regions.,APPROVED_REMOVED
frame_00313_jpg.rf.f50e311dd4a20248f796a5d651e36cb0_aug_contrast_2.jpg,1,0,CONVERTED_TO_BACKGROUND_SAMPLE,Normal belt box drawn on background rubber of an active defect frame. Creates false positive penalty for defect regions.,APPROVED_REMOVED
frame_00313_jpg.rf.f50e311dd4a20248f796a5d651e36cb0_aug_contrast_2.jpg,1,0,CONVERTED_TO_BACKGROUND_SAMPLE,Normal belt box drawn on background rubber of an active defect frame. Creates false positive penalty for defect regions.,APPROVED_REMOVED
frame_00313_jpg.rf.f50e311dd4a20248f796a5d651e36cb0_aug_hflip_0.jpg,1,0,CONVERTED_TO_BACKGROUND_SAMPLE,Normal belt box drawn on background rubber of an active defect frame. Creates false positive penalty for defect regions.,APPROVED_REMOVED
frame_00313_jpg.rf.f50e311dd4a20248f796a5d651e36cb0_aug_hflip_0.jpg,1,0,CONVERTED_TO_BACKGROUND_SAMPLE,Normal belt box drawn on background rubber of an active defect frame. Creates false positive penalty for defect regions.,APPROVED_REMOVED
frame_00313_jpg.rf.f50e311dd4a20248f796a5d651e36cb0_aug_vflip_1.jpg,1,0,CONVERTED_TO_BACKGROUND_SAMPLE,Normal belt box drawn on background rubber of an active defect frame. Creates false positive penalty for defect regions.,APPROVED_REMOVED
frame_00313_jpg.rf.f50e311dd4a20248f796a5d651e36cb0_aug_vflip_1.jpg,1,0,CONVERTED_TO_BACKGROUND_SAMPLE,Normal belt box drawn on background rubber of an active defect frame. Creates false positive penalty for defect regions.,APPROVED_REMOVED
frame_00323_jpg.rf.02afbff569d60b46f9c2e7ce494c3ce0.jpg,1,0,CONVERTED_TO_BACKGROUND_SAMPLE,Normal belt box drawn on background rubber of an active defect frame. Creates false positive penalty for defect regions.,APPROVED_REMOVED
frame_00323_jpg.rf.02afbff569d60b46f9c2e7ce494c3ce0.jpg,1,0,CONVERTED_TO_BACKGROUND_SAMPLE,Normal belt box drawn on background rubber of an active defect frame. Creates false positive penalty for defect regions.,APPROVED_REMOVED
frame_00323_jpg.rf.02afbff569d60b46f9c2e7ce494c3ce0.jpg,1,0,CONVERTED_TO_BACKGROUND_SAMPLE,Normal belt box drawn on background rubber of an active defect frame. Creates false positive penalty for defect regions.,APPROVED_REMOVED
frame_00323_jpg.rf.02afbff569d60b46f9c2e7ce494c3ce0.jpg,1,0,CONVERTED_TO_BACKGROUND_SAMPLE,Normal belt box drawn on background rubber of an active defect frame. Creates false positive penalty for defect regions.,APPROVED_REMOVED
frame_00323_jpg.rf.02afbff569d60b46f9c2e7ce494c3ce0_aug_contrast_1.jpg,1,0,CONVERTED_TO_BACKGROUND_SAMPLE,Normal belt box drawn on background rubber of an active defect frame. Creates false positive penalty for defect regions.,APPROVED_REMOVED
frame_00323_jpg.rf.02afbff569d60b46f9c2e7ce494c3ce0_aug_contrast_1.jpg,1,0,CONVERTED_TO_BACKGROUND_SAMPLE,Normal belt box drawn on background rubber of an active defect frame. Creates false positive penalty for defect regions.,APPROVED_REMOVED
frame_00323_jpg.rf.02afbff569d60b46f9c2e7ce494c3ce0_aug_contrast_1.jpg,1,0,CONVERTED_TO_BACKGROUND_SAMPLE,Normal belt box drawn on background rubber of an active defect frame. Creates false positive penalty for defect regions.,APPROVED_REMOVED
frame_00323_jpg.rf.02afbff569d60b46f9c2e7ce494c3ce0_aug_contrast_1.jpg,1,0,CONVERTED_TO_BACKGROUND_SAMPLE,Normal belt box drawn on background rubber of an active defect frame. Creates false positive penalty for defect regions.,APPROVED_REMOVED
frame_00323_jpg.rf.02afbff569d60b46f9c2e7ce494c3ce0_aug_hflip_0.jpg,1,0,CONVERTED_TO_BACKGROUND_SAMPLE,Normal belt box drawn on background rubber of an active defect frame. Creates false positive penalty for defect regions.,APPROVED_REMOVED
frame_00323_jpg.rf.02afbff569d60b46f9c2e7ce494c3ce0_aug_hflip_0.jpg,1,0,CONVERTED_TO_BACKGROUND_SAMPLE,Normal belt box drawn on background rubber of an active defect frame. Creates false positive penalty for defect regions.,APPROVED_REMOVED
frame_00323_jpg.rf.02afbff569d60b46f9c2e7ce494c3ce0_aug_hflip_0.jpg,1,0,CONVERTED_TO_BACKGROUND_SAMPLE,Normal belt box drawn on background rubber of an active defect frame. Creates false positive penalty for defect regions.,APPROVED_REMOVED
frame_00323_jpg.rf.02afbff569d60b46f9c2e7ce494c3ce0_aug_hflip_0.jpg,1,0,CONVERTED_TO_BACKGROUND_SAMPLE,Normal belt box drawn on background rubber of an active defect frame. Creates false positive penalty for defect regions.,APPROVED_REMOVED
frame_20260504_001441_961350_jpg.rf.aebad6485a90033e8aafb8473b255733.jpg,1,0,CONVERTED_TO_BACKGROUND_SAMPLE,Normal belt box drawn on background rubber of an active defect frame. Creates false positive penalty for defect regions.,APPROVED_REMOVED
frame_20260504_001441_961350_jpg.rf.aebad6485a90033e8aafb8473b255733_aug_contrast_1.jpg,1,0,CONVERTED_TO_BACKGROUND_SAMPLE,Normal belt box drawn on background rubber of an active defect frame. Creates false positive penalty for defect regions.,APPROVED_REMOVED
frame_20260504_001441_961350_jpg.rf.aebad6485a90033e8aafb8473b255733_aug_hflip_0.jpg,1,0,CONVERTED_TO_BACKGROUND_SAMPLE,Normal belt box drawn on background rubber of an active defect frame. Creates false positive penalty for defect regions.,APPROVED_REMOVED
frame_20260504_001443_963840_jpg.rf.791ffd9b275f42be102838619f9c3a4f.jpg,1,0,CONVERTED_TO_BACKGROUND_SAMPLE,"Entire image represents clean conveyor belt. In standard object detection, clean background is represented by zero bounding boxes.",APPROVED_REMOVED
frame_20260504_001453_094795_jpg.rf.965b1f19600269ad921f53f2648c46a9.jpg,1,0,CONVERTED_TO_BACKGROUND_SAMPLE,"Entire image represents clean conveyor belt. In standard object detection, clean background is represented by zero bounding boxes.",APPROVED_REMOVED
frame_20260504_001457_172954_jpg.rf.c14014192a520d1f9c41d3a31ef9b8e0.jpg,1,0,CONVERTED_TO_BACKGROUND_SAMPLE,"Entire image represents clean conveyor belt. In standard object detection, clean background is represented by zero bounding boxes.",APPROVED_REMOVED
frame_20260504_001459_046383_jpg.rf.9e74d9fd5028709eff76c5804d3ffbc3.jpg,1,0,CONVERTED_TO_BACKGROUND_SAMPLE,"Entire image represents clean conveyor belt. In standard object detection, clean background is represented by zero bounding boxes.",APPROVED_REMOVED
frame_20260504_001502_987492_jpg.rf.ea59c6a8e3d6142a6de006250a1f59ff.jpg,1,0,CONVERTED_TO_BACKGROUND_SAMPLE,"Entire image represents clean conveyor belt. In standard object detection, clean background is represented by zero bounding boxes.",APPROVED_REMOVED
frame_20260504_001508_967870_jpg.rf.b7771161e87c3437f792f3e372614fa0.jpg,1,0,CONVERTED_TO_BACKGROUND_SAMPLE,"Entire image represents clean conveyor belt. In standard object detection, clean background is represented by zero bounding boxes.",APPROVED_REMOVED
frame_20260504_001512_057324_jpg.rf.4c796b5db2f5f181c065f179bf92452e.jpg,1,0,CONVERTED_TO_BACKGROUND_SAMPLE,"Entire image represents clean conveyor belt. In standard object detection, clean background is represented by zero bounding boxes.",APPROVED_REMOVED
frame_20260504_001514_079555_jpg.rf.37495c3e65cc5b3de1175ca91421b6fb.jpg,1,0,CONVERTED_TO_BACKGROUND_SAMPLE,"Entire image represents clean conveyor belt. In standard object detection, clean background is represented by zero bounding boxes.",APPROVED_REMOVED
frame_20260504_001533_079628_jpg.rf.54a1f6294ab3d89ab46808bf151cbf93.jpg,1,0,CONVERTED_TO_BACKGROUND_SAMPLE,"Entire image represents clean conveyor belt. In standard object detection, clean background is represented by zero bounding boxes.",APPROVED_REMOVED
frame_20260504_001536_052864_jpg.rf.67016407ef0efb81ee410788bcd28473.jpg,1,0,CONVERTED_TO_BACKGROUND_SAMPLE,"Entire image represents clean conveyor belt. In standard object detection, clean background is represented by zero bounding boxes.",APPROVED_REMOVED
frame_20260504_001537_025726_jpg.rf.ec97a516259791d37b4e847ca318d5f5.jpg,1,0,CONVERTED_TO_BACKGROUND_SAMPLE,"Entire image represents clean conveyor belt. In standard object detection, clean background is represented by zero bounding boxes.",APPROVED_REMOVED
frame_20260504_001546_021033_jpg.rf.ab254af675da1ec558b09b0ab306214b.jpg,1,0,CONVERTED_TO_BACKGROUND_SAMPLE,"Entire image represents clean conveyor belt. In standard object detection, clean background is represented by zero bounding boxes.",APPROVED_REMOVED
frame_20260504_001548_002420_jpg.rf.546d4039eb67ad0fc551ffa6f7e6ecd1.jpg,1,0,CONVERTED_TO_BACKGROUND_SAMPLE,"Entire image represents clean conveyor belt. In standard object detection, clean background is represented by zero bounding boxes.",APPROVED_REMOVED
frame_20260504_001549_078762_jpg.rf.4c9b6a416fb4d0d4d54b9f63c4bc5d6f.jpg,1,0,CONVERTED_TO_BACKGROUND_SAMPLE,Normal belt box drawn on background rubber of an active defect frame. Creates false positive penalty for defect regions.,APPROVED_REMOVED
frame_20260504_001549_078762_jpg.rf.4c9b6a416fb4d0d4d54b9f63c4bc5d6f_aug_contrast_3.jpg,1,0,CONVERTED_TO_BACKGROUND_SAMPLE,Normal belt box drawn on background rubber of an active defect frame. Creates false positive penalty for defect regions.,APPROVED_REMOVED
frame_20260504_001549_078762_jpg.rf.4c9b6a416fb4d0d4d54b9f63c4bc5d6f_aug_hflip_0.jpg,1,0,CONVERTED_TO_BACKGROUND_SAMPLE,Normal belt box drawn on background rubber of an active defect frame. Creates false positive penalty for defect regions.,APPROVED_REMOVED
frame_20260504_001549_078762_jpg.rf.4c9b6a416fb4d0d4d54b9f63c4bc5d6f_aug_hvflip_2.jpg,1,0,CONVERTED_TO_BACKGROUND_SAMPLE,Normal belt box drawn on background rubber of an active defect frame. Creates false positive penalty for defect regions.,APPROVED_REMOVED
frame_20260504_001549_078762_jpg.rf.4c9b6a416fb4d0d4d54b9f63c4bc5d6f_aug_vflip_1.jpg,1,0,CONVERTED_TO_BACKGROUND_SAMPLE,Normal belt box drawn on background rubber of an active defect frame. Creates false positive penalty for defect regions.,APPROVED_REMOVED
frame_20260504_001550_044144_jpg.rf.691e57613f81c56eb9e6314e8cef8683.jpg,1,0,CONVERTED_TO_BACKGROUND_SAMPLE,Normal belt box drawn on background rubber of an active defect frame. Creates false positive penalty for defect regions.,APPROVED_REMOVED
frame_20260504_001550_044144_jpg.rf.691e57613f81c56eb9e6314e8cef8683_aug_contrast_1.jpg,1,0,CONVERTED_TO_BACKGROUND_SAMPLE,Normal belt box drawn on background rubber of an active defect frame. Creates false positive penalty for defect regions.,APPROVED_REMOVED
frame_20260504_001550_044144_jpg.rf.691e57613f81c56eb9e6314e8cef8683_aug_hflip_0.jpg,1,0,CONVERTED_TO_BACKGROUND_SAMPLE,Normal belt box drawn on background rubber of an active defect frame. Creates false positive penalty for defect regions.,APPROVED_REMOVED
frame_20260504_001552_051405_jpg.rf.fbe3c6f052dd7cd37e34610d9f0fb500.jpg,1,0,CONVERTED_TO_BACKGROUND_SAMPLE,"Entire image represents clean conveyor belt. In standard object detection, clean background is represented by zero bounding boxes.",APPROVED_REMOVED
frame_20260504_001554_019290_jpg.rf.cca280432ec81191b9cd2866d2c093cc.jpg,1,0,CONVERTED_TO_BACKGROUND_SAMPLE,"Entire image represents clean conveyor belt. In standard object detection, clean background is represented by zero bounding boxes.",APPROVED_REMOVED
frame_20260504_001557_041982_jpg.rf.9cde12a12079ac00cfbcc36a820f89bd.jpg,1,0,CONVERTED_TO_BACKGROUND_SAMPLE,"Entire image represents clean conveyor belt. In standard object detection, clean background is represented by zero bounding boxes.",APPROVED_REMOVED
frame_20260504_001558_022123_jpg.rf.842536e8ea30804bb731c12ca4f9b32b.jpg,1,0,CONVERTED_TO_BACKGROUND_SAMPLE,"Entire image represents clean conveyor belt. In standard object detection, clean background is represented by zero bounding boxes.",APPROVED_REMOVED
frame_20260504_001603_223753_jpg.rf.4eb1b8325d2139d1bc93d2ab51d84ce5.jpg,1,0,CONVERTED_TO_BACKGROUND_SAMPLE,"Entire image represents clean conveyor belt. In standard object detection, clean background is represented by zero bounding boxes.",APPROVED_REMOVED
frame_20260504_001607_186712_jpg.rf.f609f97e2f2811e62ebc1df49d6f9dc8.jpg,1,0,CONVERTED_TO_BACKGROUND_SAMPLE,"Entire image represents clean conveyor belt. In standard object detection, clean background is represented by zero bounding boxes.",APPROVED_REMOVED
frame_20260504_001609_085785_jpg.rf.564e198d7ed9f00b0a45420b33f61760.jpg,1,0,CONVERTED_TO_BACKGROUND_SAMPLE,"Entire image represents clean conveyor belt. In standard object detection, clean background is represented by zero bounding boxes.",APPROVED_REMOVED
frame_20260504_001616_036004_jpg.rf.08ea1340e060373c2a43dd4fd6e5aa98.jpg,1,0,CONVERTED_TO_BACKGROUND_SAMPLE,"Entire image represents clean conveyor belt. In standard object detection, clean background is represented by zero bounding boxes.",APPROVED_REMOVED
frame_20260504_002332_685934_jpg.rf.4ad06a701d2513465eb7824e282bba43.jpg,1,0,CONVERTED_TO_BACKGROUND_SAMPLE,"Entire image represents clean conveyor belt. In standard object detection, clean background is represented by zero bounding boxes.",APPROVED_REMOVED
frame_20260504_002335_732681_jpg.rf.d3e61a9888ef2b6ba2309574f5e732f5.jpg,1,0,CONVERTED_TO_BACKGROUND_SAMPLE,Normal belt box drawn on background rubber of an active defect frame. Creates false positive penalty for defect regions.,APPROVED_REMOVED
frame_20260504_002335_732681_jpg.rf.d3e61a9888ef2b6ba2309574f5e732f5_aug_contrast_1.jpg,1,0,CONVERTED_TO_BACKGROUND_SAMPLE,Normal belt box drawn on background rubber of an active defect frame. Creates false positive penalty for defect regions.,APPROVED_REMOVED
frame_20260504_002335_732681_jpg.rf.d3e61a9888ef2b6ba2309574f5e732f5_aug_hflip_0.jpg,1,0,CONVERTED_TO_BACKGROUND_SAMPLE,Normal belt box drawn on background rubber of an active defect frame. Creates false positive penalty for defect regions.,APPROVED_REMOVED
frame_20260504_002350_696874_jpg.rf.67afa279e2f7582b3f0d6e0188d0310a.jpg,1,0,CONVERTED_TO_BACKGROUND_SAMPLE,"Entire image represents clean conveyor belt. In standard object detection, clean background is represented by zero bounding boxes.",APPROVED_REMOVED
frame_20260504_002353_727595_jpg.rf.883e0b18bed32b79e1da8bb4f922c11a.jpg,1,0,CONVERTED_TO_BACKGROUND_SAMPLE,"Entire image represents clean conveyor belt. In standard object detection, clean background is represented by zero bounding boxes.",APPROVED_REMOVED
frame_20260504_002400_805702_jpg.rf.2e9b33f857a2f2388896b954a3dcacdc.jpg,1,0,CONVERTED_TO_BACKGROUND_SAMPLE,Normal belt box drawn on background rubber of an active defect frame. Creates false positive penalty for defect regions.,APPROVED_REMOVED
frame_20260504_002400_805702_jpg.rf.2e9b33f857a2f2388896b954a3dcacdc_aug_contrast_1.jpg,1,0,CONVERTED_TO_BACKGROUND_SAMPLE,Normal belt box drawn on background rubber of an active defect frame. Creates false positive penalty for defect regions.,APPROVED_REMOVED
frame_20260504_002400_805702_jpg.rf.2e9b33f857a2f2388896b954a3dcacdc_aug_hflip_0.jpg,1,0,CONVERTED_TO_BACKGROUND_SAMPLE,Normal belt box drawn on background rubber of an active defect frame. Creates false positive penalty for defect regions.,APPROVED_REMOVED
frame_20260504_002405_793625_jpg.rf.736f75cef00bdaf34523ddc61a1aca80.jpg,1,0,CONVERTED_TO_BACKGROUND_SAMPLE,"Entire image represents clean conveyor belt. In standard object detection, clean background is represented by zero bounding boxes.",APPROVED_REMOVED
frame_20260504_002433_747187_jpg.rf.3bd3b7c3891d2d694d5137bebf3be1e5.jpg,1,0,CONVERTED_TO_BACKGROUND_SAMPLE,"Entire image represents clean conveyor belt. In standard object detection, clean background is represented by zero bounding boxes.",APPROVED_REMOVED
frame_20260504_002439_746797_jpg.rf.71f5df3ee089bda14ee2e7222f62194d.jpg,1,0,CONVERTED_TO_BACKGROUND_SAMPLE,"Entire image represents clean conveyor belt. In standard object detection, clean background is represented by zero bounding boxes.",APPROVED_REMOVED
frame_20260504_002443_779404_jpg.rf.02f037bf5c18aad88907fcb8e01bb48c.jpg,1,0,CONVERTED_TO_BACKGROUND_SAMPLE,"Entire image represents clean conveyor belt. In standard object detection, clean background is represented by zero bounding boxes.",APPROVED_REMOVED
frame_20260504_002449_769055_jpg.rf.bd258b31dda3ef6dfd90338b16133eb8.jpg,1,0,CONVERTED_TO_BACKGROUND_SAMPLE,"Entire image represents clean conveyor belt. In standard object detection, clean background is represented by zero bounding boxes.",APPROVED_REMOVED
frame_20260504_002453_126063_jpg.rf.917f805c37535e6a88a8e20eb969cee3.jpg,1,0,CONVERTED_TO_BACKGROUND_SAMPLE,"Entire image represents clean conveyor belt. In standard object detection, clean background is represented by zero bounding boxes.",APPROVED_REMOVED
frame_20260504_003200_300380_jpg.rf.d01c7c124f66fa632b692823c8e1baa9.jpg,1,0,CONVERTED_TO_BACKGROUND_SAMPLE,"Entire image represents clean conveyor belt. In standard object detection, clean background is represented by zero bounding boxes.",APPROVED_REMOVED
frame_20260504_003201_178219_jpg.rf.e005c8a6d4a09e0fa36936efeb83509b.jpg,1,0,CONVERTED_TO_BACKGROUND_SAMPLE,"Entire image represents clean conveyor belt. In standard object detection, clean background is represented by zero bounding boxes.",APPROVED_REMOVED
frame_20260504_003202_188372_jpg.rf.2923e02e80779cc3849fa09ac0e29eb6.jpg,1,0,CONVERTED_TO_BACKGROUND_SAMPLE,"Entire image represents clean conveyor belt. In standard object detection, clean background is represented by zero bounding boxes.",APPROVED_REMOVED
frame_20260504_003203_249735_jpg.rf.a7f0044f922611f4982c42a57a6b0fe8.jpg,1,0,CONVERTED_TO_BACKGROUND_SAMPLE,"Entire image represents clean conveyor belt. In standard object detection, clean background is represented by zero bounding boxes.",APPROVED_REMOVED
frame_20260504_003204_269019_jpg.rf.1bdd1feb77ea230c7d36f0e0cbc60ab0.jpg,1,0,CONVERTED_TO_BACKGROUND_SAMPLE,"Entire image represents clean conveyor belt. In standard object detection, clean background is represented by zero bounding boxes.",APPROVED_REMOVED
frame_20260504_003205_331722_jpg.rf.31a75d5f13ddd606ec044e83704d43d0.jpg,1,0,CONVERTED_TO_BACKGROUND_SAMPLE,"Entire image represents clean conveyor belt. In standard object detection, clean background is represented by zero bounding boxes.",APPROVED_REMOVED
frame_20260504_003207_232708_jpg.rf.ff693030717c5a3eff5100efc072dc43.jpg,1,0,CONVERTED_TO_BACKGROUND_SAMPLE,"Entire image represents clean conveyor belt. In standard object detection, clean background is represented by zero bounding boxes.",APPROVED_REMOVED
frame_20260504_003208_164135_jpg.rf.5752a18bea9d53891c7b9cc59f07d068.jpg,1,0,CONVERTED_TO_BACKGROUND_SAMPLE,"Entire image represents clean conveyor belt. In standard object detection, clean background is represented by zero bounding boxes.",APPROVED_REMOVED
frame_20260504_003209_176977_jpg.rf.53c56a91d14d155c646808b5c0af2a1e.jpg,1,0,CONVERTED_TO_BACKGROUND_SAMPLE,"Entire image represents clean conveyor belt. In standard object detection, clean background is represented by zero bounding boxes.",APPROVED_REMOVED
frame_20260504_003211_767211_jpg.rf.24aa0cd6a067fe59e27ec4740554ff24.jpg,1,0,CONVERTED_TO_BACKGROUND_SAMPLE,"Entire image represents clean conveyor belt. In standard object detection, clean background is represented by zero bounding boxes.",APPROVED_REMOVED
frame_20260504_003224_170635_jpg.rf.f93cbe6755da3686af287f674962a132.jpg,1,0,CONVERTED_TO_BACKGROUND_SAMPLE,"Entire image represents clean conveyor belt. In standard object detection, clean background is represented by zero bounding boxes.",APPROVED_REMOVED
frame_20260504_003717_312621_jpg.rf.21e1e1a655707633c9c97511214d01c6.jpg,1,0,CONVERTED_TO_BACKGROUND_SAMPLE,"Entire image represents clean conveyor belt. In standard object detection, clean background is represented by zero bounding boxes.",APPROVED_REMOVED
frame_20260504_003718_280771_jpg.rf.c3647cf0579ee0f1bc05c4f6b0ee27ae.jpg,1,0,CONVERTED_TO_BACKGROUND_SAMPLE,"Entire image represents clean conveyor belt. In standard object detection, clean background is represented by zero bounding boxes.",APPROVED_REMOVED
frame_20260504_003726_285128_jpg.rf.2b0904f2541ecd404ff164bb592d1780.jpg,1,0,CONVERTED_TO_BACKGROUND_SAMPLE,"Entire image represents clean conveyor belt. In standard object detection, clean background is represented by zero bounding boxes.",APPROVED_REMOVED
frame_20260504_003727_347662_jpg.rf.efcde069b3b73e7d999255c87ad8a7ac.jpg,1,0,CONVERTED_TO_BACKGROUND_SAMPLE,"Entire image represents clean conveyor belt. In standard object detection, clean background is represented by zero bounding boxes.",APPROVED_REMOVED
frame_20260504_003728_277086_jpg.rf.3fb4e0ce3d29765ca003da43bf90f3cf.jpg,1,0,CONVERTED_TO_BACKGROUND_SAMPLE,"Entire image represents clean conveyor belt. In standard object detection, clean background is represented by zero bounding boxes.",APPROVED_REMOVED
frame_20260504_003730_260230_jpg.rf.2d34cc1f04928495c89cbe0a7335f876.jpg,1,0,CONVERTED_TO_BACKGROUND_SAMPLE,"Entire image represents clean conveyor belt. In standard object detection, clean background is represented by zero bounding boxes.",APPROVED_REMOVED
frame_20260504_003731_291734_jpg.rf.0fe76035a47dfc28df63312aa462f168.jpg,1,0,CONVERTED_TO_BACKGROUND_SAMPLE,"Entire image represents clean conveyor belt. In standard object detection, clean background is represented by zero bounding boxes.",APPROVED_REMOVED
frame_20260504_003735_272171_jpg.rf.7da0415225adbf46365cac9fa0d46be5.jpg,1,0,CONVERTED_TO_BACKGROUND_SAMPLE,"Entire image represents clean conveyor belt. In standard object detection, clean background is represented by zero bounding boxes.",APPROVED_REMOVED
frame_20260504_003736_276444_jpg.rf.770c7b46ff3e6b6f42b5dc1472820752.jpg,1,0,CONVERTED_TO_BACKGROUND_SAMPLE,"Entire image represents clean conveyor belt. In standard object detection, clean background is represented by zero bounding boxes.",APPROVED_REMOVED
frame_20260504_003737_295509_jpg.rf.628e99c1a7473859ea2f796a1f746af2.jpg,1,0,CONVERTED_TO_BACKGROUND_SAMPLE,"Entire image represents clean conveyor belt. In standard object detection, clean background is represented by zero bounding boxes.",APPROVED_REMOVED
frame_20260504_003740_274263_jpg.rf.c84eaaf5d045bafc8a06bb7b1cc180f8.jpg,1,0,CONVERTED_TO_BACKGROUND_SAMPLE,"Entire image represents clean conveyor belt. In standard object detection, clean background is represented by zero bounding boxes.",APPROVED_REMOVED
frame_20260504_003743_306443_jpg.rf.33701eb52f5f1b8e8ce8e08fb56b75f9.jpg,1,0,CONVERTED_TO_BACKGROUND_SAMPLE,"Entire image represents clean conveyor belt. In standard object detection, clean background is represented by zero bounding boxes.",APPROVED_REMOVED
frame_20260504_003743_306443_jpg.rf.33701eb52f5f1b8e8ce8e08fb56b75f9.jpg,1,0,CONVERTED_TO_BACKGROUND_SAMPLE,"Entire image represents clean conveyor belt. In standard object detection, clean background is represented by zero bounding boxes.",APPROVED_REMOVED
frame_20260504_003743_306443_jpg.rf.33701eb52f5f1b8e8ce8e08fb56b75f9.jpg,1,0,CONVERTED_TO_BACKGROUND_SAMPLE,"Entire image represents clean conveyor belt. In standard object detection, clean background is represented by zero bounding boxes.",APPROVED_REMOVED
frame_20260504_003743_306443_jpg.rf.33701eb52f5f1b8e8ce8e08fb56b75f9.jpg,1,0,CONVERTED_TO_BACKGROUND_SAMPLE,"Entire image represents clean conveyor belt. In standard object detection, clean background is represented by zero bounding boxes.",APPROVED_REMOVED
frame_20260504_003743_306443_jpg.rf.33701eb52f5f1b8e8ce8e08fb56b75f9.jpg,1,0,CONVERTED_TO_BACKGROUND_SAMPLE,"Entire image represents clean conveyor belt. In standard object detection, clean background is represented by zero bounding boxes.",APPROVED_REMOVED
frame_20260504_003744_255847_jpg.rf.337efddedc0a2f6e96dfeeb3e8fd704f.jpg,1,0,CONVERTED_TO_BACKGROUND_SAMPLE,"Entire image represents clean conveyor belt. In standard object detection, clean background is represented by zero bounding boxes.",APPROVED_REMOVED
frame_20260504_003744_255847_jpg.rf.337efddedc0a2f6e96dfeeb3e8fd704f.jpg,1,0,CONVERTED_TO_BACKGROUND_SAMPLE,"Entire image represents clean conveyor belt. In standard object detection, clean background is represented by zero bounding boxes.",APPROVED_REMOVED
frame_20260504_003744_255847_jpg.rf.337efddedc0a2f6e96dfeeb3e8fd704f.jpg,1,0,CONVERTED_TO_BACKGROUND_SAMPLE,"Entire image represents clean conveyor belt. In standard object detection, clean background is represented by zero bounding boxes.",APPROVED_REMOVED
frame_20260504_003744_255847_jpg.rf.337efddedc0a2f6e96dfeeb3e8fd704f.jpg,1,0,CONVERTED_TO_BACKGROUND_SAMPLE,"Entire image represents clean conveyor belt. In standard object detection, clean background is represented by zero bounding boxes.",APPROVED_REMOVED
frame_20260504_003744_255847_jpg.rf.337efddedc0a2f6e96dfeeb3e8fd704f.jpg,1,0,CONVERTED_TO_BACKGROUND_SAMPLE,"Entire image represents clean conveyor belt. In standard object detection, clean background is represented by zero bounding boxes.",APPROVED_REMOVED
frame_20260504_003744_255847_jpg.rf.337efddedc0a2f6e96dfeeb3e8fd704f.jpg,1,0,CONVERTED_TO_BACKGROUND_SAMPLE,"Entire image represents clean conveyor belt. In standard object detection, clean background is represented by zero bounding boxes.",APPROVED_REMOVED
frame_20260504_003748_269952_jpg.rf.e0af07aa931dd7d04443167c02ba6bfe.jpg,1,0,CONVERTED_TO_BACKGROUND_SAMPLE,"Entire image represents clean conveyor belt. In standard object detection, clean background is represented by zero bounding boxes.",APPROVED_REMOVED
frame_20260504_003752_272879_jpg.rf.4ea2f649e453cfe4e47ceb4081304ee8.jpg,1,0,CONVERTED_TO_BACKGROUND_SAMPLE,"Entire image represents clean conveyor belt. In standard object detection, clean background is represented by zero bounding boxes.",APPROVED_REMOVED
frame_20260504_003802_291892_jpg.rf.fe3ac5c51825d422e5a8e85657e472e3.jpg,1,0,CONVERTED_TO_BACKGROUND_SAMPLE,"Entire image represents clean conveyor belt. In standard object detection, clean background is represented by zero bounding boxes.",APPROVED_REMOVED
frame_20260504_003803_293861_jpg.rf.f623a63839e9230fd2c0351fc3f5dd6a.jpg,1,0,CONVERTED_TO_BACKGROUND_SAMPLE,"Entire image represents clean conveyor belt. In standard object detection, clean background is represented by zero bounding boxes.",APPROVED_REMOVED
frame_20260504_003804_298077_jpg.rf.5953da7289d654c56b9d3a3c2545f702.jpg,1,0,CONVERTED_TO_BACKGROUND_SAMPLE,"Entire image represents clean conveyor belt. In standard object detection, clean background is represented by zero bounding boxes.",APPROVED_REMOVED
frame_20260504_003806_307882_jpg.rf.b917a97a7117c01cb7af5577a8437142.jpg,1,0,CONVERTED_TO_BACKGROUND_SAMPLE,"Entire image represents clean conveyor belt. In standard object detection, clean background is represented by zero bounding boxes.",APPROVED_REMOVED
frame_20260504_003807_344530_jpg.rf.03c8a8ad0831ed3be46c107ea52cabef.jpg,1,0,CONVERTED_TO_BACKGROUND_SAMPLE,"Entire image represents clean conveyor belt. In standard object detection, clean background is represented by zero bounding boxes.",APPROVED_REMOVED
frame_00022_jpg.rf.5d14230a0e761bc15eaec31fac6e80d8.jpg,1,0,CONVERTED_TO_BACKGROUND_SAMPLE,Normal belt box drawn on background rubber of an active defect frame. Creates false positive penalty for defect regions.,APPROVED_REMOVED
frame_00022_jpg.rf.5d14230a0e761bc15eaec31fac6e80d8.jpg,1,0,CONVERTED_TO_BACKGROUND_SAMPLE,Normal belt box drawn on background rubber of an active defect frame. Creates false positive penalty for defect regions.,APPROVED_REMOVED
frame_00022_jpg.rf.5d14230a0e761bc15eaec31fac6e80d8.jpg,1,0,CONVERTED_TO_BACKGROUND_SAMPLE,Normal belt box drawn on background rubber of an active defect frame. Creates false positive penalty for defect regions.,APPROVED_REMOVED
frame_00022_jpg.rf.5d14230a0e761bc15eaec31fac6e80d8.jpg,1,0,CONVERTED_TO_BACKGROUND_SAMPLE,Normal belt box drawn on background rubber of an active defect frame. Creates false positive penalty for defect regions.,APPROVED_REMOVED
frame_00031_jpg.rf.f59233ad33836eda95f05dcc5ba5ef57.jpg,1,0,CONVERTED_TO_BACKGROUND_SAMPLE,"Entire image represents clean conveyor belt. In standard object detection, clean background is represented by zero bounding boxes.",APPROVED_REMOVED
frame_00031_jpg.rf.f59233ad33836eda95f05dcc5ba5ef57.jpg,1,0,CONVERTED_TO_BACKGROUND_SAMPLE,"Entire image represents clean conveyor belt. In standard object detection, clean background is represented by zero bounding boxes.",APPROVED_REMOVED
frame_00040_jpg.rf.152648caa55aaf841b8c2ad43566a747.jpg,1,0,CONVERTED_TO_BACKGROUND_SAMPLE,Normal belt box drawn on background rubber of an active defect frame. Creates false positive penalty for defect regions.,APPROVED_REMOVED
frame_00040_jpg.rf.152648caa55aaf841b8c2ad43566a747.jpg,1,0,CONVERTED_TO_BACKGROUND_SAMPLE,Normal belt box drawn on background rubber of an active defect frame. Creates false positive penalty for defect regions.,APPROVED_REMOVED
frame_00049_jpg.rf.d7a34499e224d988b7a7d12269c6c2d9.jpg,1,0,CONVERTED_TO_BACKGROUND_SAMPLE,"Entire image represents clean conveyor belt. In standard object detection, clean background is represented by zero bounding boxes.",APPROVED_REMOVED
frame_00049_jpg.rf.d7a34499e224d988b7a7d12269c6c2d9.jpg,1,0,CONVERTED_TO_BACKGROUND_SAMPLE,"Entire image represents clean conveyor belt. In standard object detection, clean background is represented by zero bounding boxes.",APPROVED_REMOVED
frame_00051_jpg.rf.c63b2cfbe9a1bd63daac7b16a6816015.jpg,1,0,CONVERTED_TO_BACKGROUND_SAMPLE,"Entire image represents clean conveyor belt. In standard object detection, clean background is represented by zero bounding boxes.",APPROVED_REMOVED
frame_00051_jpg.rf.c63b2cfbe9a1bd63daac7b16a6816015.jpg,1,0,CONVERTED_TO_BACKGROUND_SAMPLE,"Entire image represents clean conveyor belt. In standard object detection, clean background is represented by zero bounding boxes.",APPROVED_REMOVED
frame_00066_jpg.rf.78abbb5a4e03c98ff540cef205566125.jpg,1,0,CONVERTED_TO_BACKGROUND_SAMPLE,Normal belt box drawn on background rubber of an active defect frame. Creates false positive penalty for defect regions.,APPROVED_REMOVED
frame_00066_jpg.rf.78abbb5a4e03c98ff540cef205566125.jpg,1,0,CONVERTED_TO_BACKGROUND_SAMPLE,Normal belt box drawn on background rubber of an active defect frame. Creates false positive penalty for defect regions.,APPROVED_REMOVED
frame_00066_jpg.rf.78abbb5a4e03c98ff540cef205566125.jpg,1,0,CONVERTED_TO_BACKGROUND_SAMPLE,Normal belt box drawn on background rubber of an active defect frame. Creates false positive penalty for defect regions.,APPROVED_REMOVED
frame_00088_jpg.rf.3a1860ff9ad2dc53b01415d56b45f0c2.jpg,1,0,CONVERTED_TO_BACKGROUND_SAMPLE,Normal belt box drawn on background rubber of an active defect frame. Creates false positive penalty for defect regions.,APPROVED_REMOVED
frame_00092_jpg.rf.0a3ea5f53c60ab61308d1ff9635957a9.jpg,1,0,CONVERTED_TO_BACKGROUND_SAMPLE,Normal belt box drawn on background rubber of an active defect frame. Creates false positive penalty for defect regions.,APPROVED_REMOVED
frame_00095_jpg.rf.73fd9b14aedf960eb29fe942e586744c.jpg,1,0,CONVERTED_TO_BACKGROUND_SAMPLE,"Entire image represents clean conveyor belt. In standard object detection, clean background is represented by zero bounding boxes.",APPROVED_REMOVED
frame_00095_jpg.rf.73fd9b14aedf960eb29fe942e586744c.jpg,1,0,CONVERTED_TO_BACKGROUND_SAMPLE,"Entire image represents clean conveyor belt. In standard object detection, clean background is represented by zero bounding boxes.",APPROVED_REMOVED
frame_00095_jpg.rf.73fd9b14aedf960eb29fe942e586744c.jpg,1,0,CONVERTED_TO_BACKGROUND_SAMPLE,"Entire image represents clean conveyor belt. In standard object detection, clean background is represented by zero bounding boxes.",APPROVED_REMOVED
frame_00097_jpg.rf.2f7676c8ebbeacd07eef050597643b59.jpg,1,0,CONVERTED_TO_BACKGROUND_SAMPLE,Normal belt box drawn on background rubber of an active defect frame. Creates false positive penalty for defect regions.,APPROVED_REMOVED
frame_00097_jpg.rf.2f7676c8ebbeacd07eef050597643b59.jpg,1,0,CONVERTED_TO_BACKGROUND_SAMPLE,Normal belt box drawn on background rubber of an active defect frame. Creates false positive penalty for defect regions.,APPROVED_REMOVED
frame_00104_jpg.rf.9c59e812c20eda7a8f1049ae5bc1fb0e.jpg,1,0,CONVERTED_TO_BACKGROUND_SAMPLE,Normal belt box drawn on background rubber of an active defect frame. Creates false positive penalty for defect regions.,APPROVED_REMOVED
frame_00106_jpg.rf.d74973aeb96a2286e2ff0af46547676d.jpg,1,0,CONVERTED_TO_BACKGROUND_SAMPLE,Normal belt box drawn on background rubber of an active defect frame. Creates false positive penalty for defect regions.,APPROVED_REMOVED
frame_00107_jpg.rf.cefbb6849466e2fe63487d8f67cbbf83.jpg,1,0,CONVERTED_TO_BACKGROUND_SAMPLE,Normal belt box drawn on background rubber of an active defect frame. Creates false positive penalty for defect regions.,APPROVED_REMOVED
frame_00110_jpg.rf.42313121e547feec62a2f7cdb015bda2.jpg,1,0,CONVERTED_TO_BACKGROUND_SAMPLE,Normal belt box drawn on background rubber of an active defect frame. Creates false positive penalty for defect regions.,APPROVED_REMOVED
frame_00110_jpg.rf.42313121e547feec62a2f7cdb015bda2.jpg,1,0,CONVERTED_TO_BACKGROUND_SAMPLE,Normal belt box drawn on background rubber of an active defect frame. Creates false positive penalty for defect regions.,APPROVED_REMOVED
frame_00111_jpg.rf.a639ac443daad7b5631a22d5b1490fa6.jpg,1,0,CONVERTED_TO_BACKGROUND_SAMPLE,"Entire image represents clean conveyor belt. In standard object detection, clean background is represented by zero bounding boxes.",APPROVED_REMOVED
frame_00112_jpg.rf.84315d186bf506f996d73d0b32082171.jpg,1,0,CONVERTED_TO_BACKGROUND_SAMPLE,Normal belt box drawn on background rubber of an active defect frame. Creates false positive penalty for defect regions.,APPROVED_REMOVED
frame_00114_jpg.rf.bf68c9ffe229d1310914a1b699898b03.jpg,1,0,CONVERTED_TO_BACKGROUND_SAMPLE,Normal belt box drawn on background rubber of an active defect frame. Creates false positive penalty for defect regions.,APPROVED_REMOVED
frame_00114_jpg.rf.bf68c9ffe229d1310914a1b699898b03.jpg,1,0,CONVERTED_TO_BACKGROUND_SAMPLE,Normal belt box drawn on background rubber of an active defect frame. Creates false positive penalty for defect regions.,APPROVED_REMOVED
frame_00114_jpg.rf.bf68c9ffe229d1310914a1b699898b03.jpg,1,0,CONVERTED_TO_BACKGROUND_SAMPLE,Normal belt box drawn on background rubber of an active defect frame. Creates false positive penalty for defect regions.,APPROVED_REMOVED
frame_00114_jpg.rf.bf68c9ffe229d1310914a1b699898b03.jpg,1,0,CONVERTED_TO_BACKGROUND_SAMPLE,Normal belt box drawn on background rubber of an active defect frame. Creates false positive penalty for defect regions.,APPROVED_REMOVED
frame_00119_jpg.rf.289a50dfca24fa6b302d90498165896d.jpg,1,0,CONVERTED_TO_BACKGROUND_SAMPLE,"Entire image represents clean conveyor belt. In standard object detection, clean background is represented by zero bounding boxes.",APPROVED_REMOVED
frame_00119_jpg.rf.289a50dfca24fa6b302d90498165896d.jpg,1,0,CONVERTED_TO_BACKGROUND_SAMPLE,"Entire image represents clean conveyor belt. In standard object detection, clean background is represented by zero bounding boxes.",APPROVED_REMOVED
frame_00119_jpg.rf.3775ae1353159f616a1e6d4188664454.jpg,1,0,CONVERTED_TO_BACKGROUND_SAMPLE,"Entire image represents clean conveyor belt. In standard object detection, clean background is represented by zero bounding boxes.",APPROVED_REMOVED
frame_00123_jpg.rf.6f84b5a6de9b5a3127558f24371d6f55.jpg,1,0,CONVERTED_TO_BACKGROUND_SAMPLE,"Entire image represents clean conveyor belt. In standard object detection, clean background is represented by zero bounding boxes.",APPROVED_REMOVED
frame_00128_jpg.rf.338fdca7701bd7c0e61f430a67dda654.jpg,1,0,CONVERTED_TO_BACKGROUND_SAMPLE,"Entire image represents clean conveyor belt. In standard object detection, clean background is represented by zero bounding boxes.",APPROVED_REMOVED
frame_00134_jpg.rf.92113ddaeb18d60c3d074b0bbe4f9c70.jpg,1,0,CONVERTED_TO_BACKGROUND_SAMPLE,Normal belt box drawn on background rubber of an active defect frame. Creates false positive penalty for defect regions.,APPROVED_REMOVED
frame_00144_jpg.rf.e488a3770777cb5c16cfa762da095123.jpg,1,0,CONVERTED_TO_BACKGROUND_SAMPLE,Normal belt box drawn on background rubber of an active defect frame. Creates false positive penalty for defect regions.,APPROVED_REMOVED
frame_00153_jpg.rf.707036da6ca2753f6575ae8811cb6ac7.jpg,1,0,CONVERTED_TO_BACKGROUND_SAMPLE,Normal belt box drawn on background rubber of an active defect frame. Creates false positive penalty for defect regions.,APPROVED_REMOVED
frame_00153_jpg.rf.707036da6ca2753f6575ae8811cb6ac7.jpg,1,0,CONVERTED_TO_BACKGROUND_SAMPLE,Normal belt box drawn on background rubber of an active defect frame. Creates false positive penalty for defect regions.,APPROVED_REMOVED
frame_00162_jpg.rf.a3c042652dab6bdd9631f2c0ec9d25e9.jpg,1,0,CONVERTED_TO_BACKGROUND_SAMPLE,Normal belt box drawn on background rubber of an active defect frame. Creates false positive penalty for defect regions.,APPROVED_REMOVED
frame_00172_jpg.rf.656aae0267003eb4c94d5957e4068a2a.jpg,1,0,CONVERTED_TO_BACKGROUND_SAMPLE,Normal belt box drawn on background rubber of an active defect frame. Creates false positive penalty for defect regions.,APPROVED_REMOVED
frame_00172_jpg.rf.656aae0267003eb4c94d5957e4068a2a.jpg,1,0,CONVERTED_TO_BACKGROUND_SAMPLE,Normal belt box drawn on background rubber of an active defect frame. Creates false positive penalty for defect regions.,APPROVED_REMOVED
frame_00240_jpg.rf.a977c646f6364a33cda27295f0d07b2b.jpg,1,0,CONVERTED_TO_BACKGROUND_SAMPLE,Normal belt box drawn on background rubber of an active defect frame. Creates false positive penalty for defect regions.,APPROVED_REMOVED
frame_00241_jpg.rf.dca375dd71e22a5877969725d4c0e444.jpg,1,0,CONVERTED_TO_BACKGROUND_SAMPLE,Normal belt box drawn on background rubber of an active defect frame. Creates false positive penalty for defect regions.,APPROVED_REMOVED
frame_00245_jpg.rf.973b907942cf1b9c6ef01640fca7119d.jpg,1,0,CONVERTED_TO_BACKGROUND_SAMPLE,"Entire image represents clean conveyor belt. In standard object detection, clean background is represented by zero bounding boxes.",APPROVED_REMOVED
frame_00247_jpg.rf.5410bb937b8229ef41183b0ec196d9e9.jpg,1,0,CONVERTED_TO_BACKGROUND_SAMPLE,Normal belt box drawn on background rubber of an active defect frame. Creates false positive penalty for defect regions.,APPROVED_REMOVED
frame_00247_jpg.rf.5410bb937b8229ef41183b0ec196d9e9.jpg,1,0,CONVERTED_TO_BACKGROUND_SAMPLE,Normal belt box drawn on background rubber of an active defect frame. Creates false positive penalty for defect regions.,APPROVED_REMOVED
frame_00252_jpg.rf.2104f1ab13c064ee11afe87ccfc2f58a.jpg,1,0,CONVERTED_TO_BACKGROUND_SAMPLE,"Entire image represents clean conveyor belt. In standard object detection, clean background is represented by zero bounding boxes.",APPROVED_REMOVED
frame_00260_jpg.rf.081b26a80a4862628943ea49abf7545e.jpg,1,0,CONVERTED_TO_BACKGROUND_SAMPLE,Normal belt box drawn on background rubber of an active defect frame. Creates false positive penalty for defect regions.,APPROVED_REMOVED
frame_00260_jpg.rf.081b26a80a4862628943ea49abf7545e.jpg,1,0,CONVERTED_TO_BACKGROUND_SAMPLE,Normal belt box drawn on background rubber of an active defect frame. Creates false positive penalty for defect regions.,APPROVED_REMOVED
frame_00262_jpg.rf.c7b6c9f6252a09d7782579194403bf9c.jpg,1,0,CONVERTED_TO_BACKGROUND_SAMPLE,Normal belt box drawn on background rubber of an active defect frame. Creates false positive penalty for defect regions.,APPROVED_REMOVED
frame_00265_jpg.rf.86fdcaf2b1d050762ec2c49232ad6ac4.jpg,1,0,CONVERTED_TO_BACKGROUND_SAMPLE,"Entire image represents clean conveyor belt. In standard object detection, clean background is represented by zero bounding boxes.",APPROVED_REMOVED
frame_00275_jpg.rf.ca371c774994c3da6eb71380d064ba54.jpg,1,0,CONVERTED_TO_BACKGROUND_SAMPLE,Normal belt box drawn on background rubber of an active defect frame. Creates false positive penalty for defect regions.,APPROVED_REMOVED
frame_00275_jpg.rf.ca371c774994c3da6eb71380d064ba54.jpg,1,0,CONVERTED_TO_BACKGROUND_SAMPLE,Normal belt box drawn on background rubber of an active defect frame. Creates false positive penalty for defect regions.,APPROVED_REMOVED
frame_00275_jpg.rf.ca371c774994c3da6eb71380d064ba54.jpg,1,0,CONVERTED_TO_BACKGROUND_SAMPLE,Normal belt box drawn on background rubber of an active defect frame. Creates false positive penalty for defect regions.,APPROVED_REMOVED
frame_00277_jpg.rf.b9a50cebe77976c7839123b7c9b376fa.jpg,1,0,CONVERTED_TO_BACKGROUND_SAMPLE,Normal belt box drawn on background rubber of an active defect frame. Creates false positive penalty for defect regions.,APPROVED_REMOVED
frame_00277_jpg.rf.b9a50cebe77976c7839123b7c9b376fa.jpg,1,0,CONVERTED_TO_BACKGROUND_SAMPLE,Normal belt box drawn on background rubber of an active defect frame. Creates false positive penalty for defect regions.,APPROVED_REMOVED
frame_00277_jpg.rf.b9a50cebe77976c7839123b7c9b376fa.jpg,1,0,CONVERTED_TO_BACKGROUND_SAMPLE,Normal belt box drawn on background rubber of an active defect frame. Creates false positive penalty for defect regions.,APPROVED_REMOVED
frame_00277_jpg.rf.b9a50cebe77976c7839123b7c9b376fa.jpg,1,0,CONVERTED_TO_BACKGROUND_SAMPLE,Normal belt box drawn on background rubber of an active defect frame. Creates false positive penalty for defect regions.,APPROVED_REMOVED
frame_00290_jpg.rf.9465c7ab98a485bbb88d83a7583a532d.jpg,1,0,CONVERTED_TO_BACKGROUND_SAMPLE,"Entire image represents clean conveyor belt. In standard object detection, clean background is represented by zero bounding boxes.",APPROVED_REMOVED
frame_00290_jpg.rf.9465c7ab98a485bbb88d83a7583a532d.jpg,1,0,CONVERTED_TO_BACKGROUND_SAMPLE,"Entire image represents clean conveyor belt. In standard object detection, clean background is represented by zero bounding boxes.",APPROVED_REMOVED
frame_00293_jpg.rf.d2f7e378f4455106077b75ed6643cc26.jpg,1,0,CONVERTED_TO_BACKGROUND_SAMPLE,Normal belt box drawn on background rubber of an active defect frame. Creates false positive penalty for defect regions.,APPROVED_REMOVED
frame_00293_jpg.rf.d2f7e378f4455106077b75ed6643cc26.jpg,1,0,CONVERTED_TO_BACKGROUND_SAMPLE,Normal belt box drawn on background rubber of an active defect frame. Creates false positive penalty for defect regions.,APPROVED_REMOVED
frame_00310_jpg.rf.fd07abab66750fc44e47a4eebcd2798c.jpg,1,0,CONVERTED_TO_BACKGROUND_SAMPLE,Normal belt box drawn on background rubber of an active defect frame. Creates false positive penalty for defect regions.,APPROVED_REMOVED
frame_00313_jpg.rf.06ecf93cabd3c886c090ef9ee6a4dcd0.jpg,1,0,CONVERTED_TO_BACKGROUND_SAMPLE,Normal belt box drawn on background rubber of an active defect frame. Creates false positive penalty for defect regions.,APPROVED_REMOVED
frame_00320_jpg.rf.b9dac8090ddbfa2ea88e555b3c8391d9.jpg,1,0,CONVERTED_TO_BACKGROUND_SAMPLE,Normal belt box drawn on background rubber of an active defect frame. Creates false positive penalty for defect regions.,APPROVED_REMOVED
frame_00320_jpg.rf.b9dac8090ddbfa2ea88e555b3c8391d9.jpg,1,0,CONVERTED_TO_BACKGROUND_SAMPLE,Normal belt box drawn on background rubber of an active defect frame. Creates false positive penalty for defect regions.,APPROVED_REMOVED
frame_00324_jpg.rf.6ec322afc65f7a414bba0b5b2e324c47.jpg,1,0,CONVERTED_TO_BACKGROUND_SAMPLE,Normal belt box drawn on background rubber of an active defect frame. Creates false positive penalty for defect regions.,APPROVED_REMOVED
frame_00339_jpg.rf.e90432e295ee79f2506e5e6dd4726f1d.jpg,1,0,CONVERTED_TO_BACKGROUND_SAMPLE,"Entire image represents clean conveyor belt. In standard object detection, clean background is represented by zero bounding boxes.",APPROVED_REMOVED
frame_00360_jpg.rf.ea20bf7c5e8ab7501f16abac75b20866.jpg,1,0,CONVERTED_TO_BACKGROUND_SAMPLE,Normal belt box drawn on background rubber of an active defect frame. Creates false positive penalty for defect regions.,APPROVED_REMOVED
frame_20260504_001433_181294_jpg.rf.119e5ca3e09c5febbff720673bf43e12.jpg,1,0,CONVERTED_TO_BACKGROUND_SAMPLE,Normal belt box drawn on background rubber of an active defect frame. Creates false positive penalty for defect regions.,APPROVED_REMOVED
frame_20260504_001453_966585_jpg.rf.a4790fcec9d367f9f403de3dbb34b00a.jpg,1,0,CONVERTED_TO_BACKGROUND_SAMPLE,"Entire image represents clean conveyor belt. In standard object detection, clean background is represented by zero bounding boxes.",APPROVED_REMOVED
frame_20260504_001500_053336_jpg.rf.a8505f41ddbfeeb79f8839ade894a2c1.jpg,1,0,CONVERTED_TO_BACKGROUND_SAMPLE,"Entire image represents clean conveyor belt. In standard object detection, clean background is represented by zero bounding boxes.",APPROVED_REMOVED
frame_20260504_001517_327370_jpg.rf.a758a6122411d631d170ce6fac148297.jpg,1,0,CONVERTED_TO_BACKGROUND_SAMPLE,"Entire image represents clean conveyor belt. In standard object detection, clean background is represented by zero bounding boxes.",APPROVED_REMOVED
frame_20260504_001518_018720_jpg.rf.d2415578a54771e59fb429ad4e6afdc9.jpg,1,0,CONVERTED_TO_BACKGROUND_SAMPLE,"Entire image represents clean conveyor belt. In standard object detection, clean background is represented by zero bounding boxes.",APPROVED_REMOVED
frame_20260504_001526_048751_jpg.rf.2c23b4910b8a85aef1cc9ab7898e8a63.jpg,1,0,CONVERTED_TO_BACKGROUND_SAMPLE,Normal belt box drawn on background rubber of an active defect frame. Creates false positive penalty for defect regions.,APPROVED_REMOVED
frame_20260504_001529_004005_jpg.rf.4f6e236adf04f26b539c1779b2781794.jpg,1,0,CONVERTED_TO_BACKGROUND_SAMPLE,"Entire image represents clean conveyor belt. In standard object detection, clean background is represented by zero bounding boxes.",APPROVED_REMOVED
frame_20260504_001542_022112_jpg.rf.d9f923c3e7e4ce971f13a2270957bd51.jpg,1,0,CONVERTED_TO_BACKGROUND_SAMPLE,"Entire image represents clean conveyor belt. In standard object detection, clean background is represented by zero bounding boxes.",APPROVED_REMOVED
frame_20260504_001604_151184_jpg.rf.c2c9d79cf45025edfdf2f30400d4dbdf.jpg,1,0,CONVERTED_TO_BACKGROUND_SAMPLE,Normal belt box drawn on background rubber of an active defect frame. Creates false positive penalty for defect regions.,APPROVED_REMOVED
frame_20260504_002354_699344_jpg.rf.b8ff37f203c1f27a1ad0ba01874446a1.jpg,1,0,CONVERTED_TO_BACKGROUND_SAMPLE,"Entire image represents clean conveyor belt. In standard object detection, clean background is represented by zero bounding boxes.",APPROVED_REMOVED
frame_20260504_002448_847547_jpg.rf.a963fe1f0451351d4cb892f7c9f4015b.jpg,1,0,CONVERTED_TO_BACKGROUND_SAMPLE,"Entire image represents clean conveyor belt. In standard object detection, clean background is represented by zero bounding boxes.",APPROVED_REMOVED
frame_20260504_003206_223347_jpg.rf.b651970cfd8a13092cd5212d40902a79.jpg,1,0,CONVERTED_TO_BACKGROUND_SAMPLE,"Entire image represents clean conveyor belt. In standard object detection, clean background is represented by zero bounding boxes.",APPROVED_REMOVED
frame_20260504_003212_296983_jpg.rf.c1503e5357a782c369ddb0e86495d9b5.jpg,1,0,CONVERTED_TO_BACKGROUND_SAMPLE,"Entire image represents clean conveyor belt. In standard object detection, clean background is represented by zero bounding boxes.",APPROVED_REMOVED
frame_20260504_003212_296983_jpg.rf.c1503e5357a782c369ddb0e86495d9b5.jpg,1,0,CONVERTED_TO_BACKGROUND_SAMPLE,"Entire image represents clean conveyor belt. In standard object detection, clean background is represented by zero bounding boxes.",APPROVED_REMOVED
frame_20260504_003219_130213_jpg.rf.3baf4ab673c4d4fafad1eb32aaa54dad.jpg,1,0,CONVERTED_TO_BACKGROUND_SAMPLE,"Entire image represents clean conveyor belt. In standard object detection, clean background is represented by zero bounding boxes.",APPROVED_REMOVED
frame_20260504_003220_190564_jpg.rf.ae609f9f4e5de7a542fd8f0beeedd564.jpg,1,0,CONVERTED_TO_BACKGROUND_SAMPLE,"Entire image represents clean conveyor belt. In standard object detection, clean background is represented by zero bounding boxes.",APPROVED_REMOVED
frame_20260504_003729_284542_jpg.rf.c1cc9ece7a908f494b8371280a69a531.jpg,1,0,CONVERTED_TO_BACKGROUND_SAMPLE,"Entire image represents clean conveyor belt. In standard object detection, clean background is represented by zero bounding boxes.",APPROVED_REMOVED
frame_20260504_003732_277680_jpg.rf.5236a66d3166c974e6c6a6b63ccec823.jpg,1,0,CONVERTED_TO_BACKGROUND_SAMPLE,"Entire image represents clean conveyor belt. In standard object detection, clean background is represented by zero bounding boxes.",APPROVED_REMOVED
frame_20260504_003750_292935_jpg.rf.255938dc3def9c33d5bb52ada5960d97.jpg,1,0,CONVERTED_TO_BACKGROUND_SAMPLE,"Entire image represents clean conveyor belt. In standard object detection, clean background is represented by zero bounding boxes.",APPROVED_REMOVED
frame_00002_jpg.rf.5e28130cc2199a50e3b0fdc3d2e38885.jpg,1,0,CONVERTED_TO_BACKGROUND_SAMPLE,Normal belt box drawn on background rubber of an active defect frame. Creates false positive penalty for defect regions.,APPROVED_REMOVED
frame_00002_jpg.rf.5e28130cc2199a50e3b0fdc3d2e38885.jpg,1,0,CONVERTED_TO_BACKGROUND_SAMPLE,Normal belt box drawn on background rubber of an active defect frame. Creates false positive penalty for defect regions.,APPROVED_REMOVED
frame_00003_jpg.rf.49968cb55095c8b650a32b4de9b866a4.jpg,1,0,CONVERTED_TO_BACKGROUND_SAMPLE,Normal belt box drawn on background rubber of an active defect frame. Creates false positive penalty for defect regions.,APPROVED_REMOVED
frame_00012_jpg.rf.0bccc92f2975e1b5d666489e29c08648.jpg,1,0,CONVERTED_TO_BACKGROUND_SAMPLE,Normal belt box drawn on background rubber of an active defect frame. Creates false positive penalty for defect regions.,APPROVED_REMOVED
frame_00015_jpg.rf.8130d85e915ded4d5e29721b9dda2ff3.jpg,1,0,CONVERTED_TO_BACKGROUND_SAMPLE,Normal belt box drawn on background rubber of an active defect frame. Creates false positive penalty for defect regions.,APPROVED_REMOVED
frame_00019_jpg.rf.c9d90cbe0a1e82afbccd085d19bd1cae.jpg,1,0,CONVERTED_TO_BACKGROUND_SAMPLE,Normal belt box drawn on background rubber of an active defect frame. Creates false positive penalty for defect regions.,APPROVED_REMOVED
frame_00021_jpg.rf.6831210c001ea5ff0d9b88a309b62f97.jpg,1,0,CONVERTED_TO_BACKGROUND_SAMPLE,"Entire image represents clean conveyor belt. In standard object detection, clean background is represented by zero bounding boxes.",APPROVED_REMOVED
frame_00021_jpg.rf.6831210c001ea5ff0d9b88a309b62f97.jpg,1,0,CONVERTED_TO_BACKGROUND_SAMPLE,"Entire image represents clean conveyor belt. In standard object detection, clean background is represented by zero bounding boxes.",APPROVED_REMOVED
frame_00035_jpg.rf.cfcbd4ea3415701965f8fedda293fb50.jpg,1,0,CONVERTED_TO_BACKGROUND_SAMPLE,Normal belt box drawn on background rubber of an active defect frame. Creates false positive penalty for defect regions.,APPROVED_REMOVED
frame_00043_jpg.rf.18a2450e12175f4369c1a958dc52304b.jpg,1,0,CONVERTED_TO_BACKGROUND_SAMPLE,Normal belt box drawn on background rubber of an active defect frame. Creates false positive penalty for defect regions.,APPROVED_REMOVED
frame_00045_jpg.rf.1ad7ac3267692d24b90701ef60772951.jpg,1,0,CONVERTED_TO_BACKGROUND_SAMPLE,Normal belt box drawn on background rubber of an active defect frame. Creates false positive penalty for defect regions.,APPROVED_REMOVED
frame_00056_jpg.rf.7154a70d40a859c07c4f74152c8ad5f8.jpg,1,0,CONVERTED_TO_BACKGROUND_SAMPLE,Normal belt box drawn on background rubber of an active defect frame. Creates false positive penalty for defect regions.,APPROVED_REMOVED
frame_00064_jpg.rf.388be8135d2ae5802f530028dd44d209.jpg,1,0,CONVERTED_TO_BACKGROUND_SAMPLE,Normal belt box drawn on background rubber of an active defect frame. Creates false positive penalty for defect regions.,APPROVED_REMOVED
frame_00064_jpg.rf.388be8135d2ae5802f530028dd44d209.jpg,1,0,CONVERTED_TO_BACKGROUND_SAMPLE,Normal belt box drawn on background rubber of an active defect frame. Creates false positive penalty for defect regions.,APPROVED_REMOVED
frame_00072_jpg.rf.17f52449f1addb0f6c6582bddc7799c5.jpg,1,0,CONVERTED_TO_BACKGROUND_SAMPLE,Normal belt box drawn on background rubber of an active defect frame. Creates false positive penalty for defect regions.,APPROVED_REMOVED
frame_00118_jpg.rf.e12e22049d8d6145c480a4dfa6d766a7.jpg,1,0,CONVERTED_TO_BACKGROUND_SAMPLE,Normal belt box drawn on background rubber of an active defect frame. Creates false positive penalty for defect regions.,APPROVED_REMOVED
frame_00121_jpg.rf.e676092e667ba16cc8dbaea2e3f6e68e.jpg,1,0,CONVERTED_TO_BACKGROUND_SAMPLE,"Entire image represents clean conveyor belt. In standard object detection, clean background is represented by zero bounding boxes.",APPROVED_REMOVED
frame_00121_jpg.rf.e676092e667ba16cc8dbaea2e3f6e68e.jpg,1,0,CONVERTED_TO_BACKGROUND_SAMPLE,"Entire image represents clean conveyor belt. In standard object detection, clean background is represented by zero bounding boxes.",APPROVED_REMOVED
frame_00122_jpg.rf.2b6e6a949ebb789b76b27f54547b6100.jpg,1,0,CONVERTED_TO_BACKGROUND_SAMPLE,Normal belt box drawn on background rubber of an active defect frame. Creates false positive penalty for defect regions.,APPROVED_REMOVED
frame_00122_jpg.rf.2b6e6a949ebb789b76b27f54547b6100.jpg,1,0,CONVERTED_TO_BACKGROUND_SAMPLE,Normal belt box drawn on background rubber of an active defect frame. Creates false positive penalty for defect regions.,APPROVED_REMOVED
frame_00122_jpg.rf.ef82374d953643dc00d5b2e740175659.jpg,1,0,CONVERTED_TO_BACKGROUND_SAMPLE,"Entire image represents clean conveyor belt. In standard object detection, clean background is represented by zero bounding boxes.",APPROVED_REMOVED
frame_00129_jpg.rf.7719d1d835cab947ea466cdf7469001a.jpg,1,0,CONVERTED_TO_BACKGROUND_SAMPLE,Normal belt box drawn on background rubber of an active defect frame. Creates false positive penalty for defect regions.,APPROVED_REMOVED
frame_00133_jpg.rf.08588b3c2c4d5f07036cdf7167fb5835.jpg,1,0,CONVERTED_TO_BACKGROUND_SAMPLE,Normal belt box drawn on background rubber of an active defect frame. Creates false positive penalty for defect regions.,APPROVED_REMOVED
frame_00133_jpg.rf.08588b3c2c4d5f07036cdf7167fb5835.jpg,1,0,CONVERTED_TO_BACKGROUND_SAMPLE,Normal belt box drawn on background rubber of an active defect frame. Creates false positive penalty for defect regions.,APPROVED_REMOVED
frame_00145_jpg.rf.28de6b4f1cefd6f0fcad1fa00844e109.jpg,1,0,CONVERTED_TO_BACKGROUND_SAMPLE,Normal belt box drawn on background rubber of an active defect frame. Creates false positive penalty for defect regions.,APPROVED_REMOVED
frame_00163_jpg.rf.b893a064c6aad478d69a8cc1526403f7.jpg,1,0,CONVERTED_TO_BACKGROUND_SAMPLE,Normal belt box drawn on background rubber of an active defect frame. Creates false positive penalty for defect regions.,APPROVED_REMOVED
frame_00211_jpg.rf.87abcf75c80cadd5d9698cf317255561.jpg,1,0,CONVERTED_TO_BACKGROUND_SAMPLE,"Entire image represents clean conveyor belt. In standard object detection, clean background is represented by zero bounding boxes.",APPROVED_REMOVED
frame_00227_jpg.rf.91588165b3a0ebb8b637b194bba4fb26.jpg,1,0,CONVERTED_TO_BACKGROUND_SAMPLE,Normal belt box drawn on background rubber of an active defect frame. Creates false positive penalty for defect regions.,APPROVED_REMOVED
frame_00234_jpg.rf.99360b072b65e0d3b9bb20ab111f4853.jpg,1,0,CONVERTED_TO_BACKGROUND_SAMPLE,"Entire image represents clean conveyor belt. In standard object detection, clean background is represented by zero bounding boxes.",APPROVED_REMOVED
frame_00234_jpg.rf.99360b072b65e0d3b9bb20ab111f4853.jpg,1,0,CONVERTED_TO_BACKGROUND_SAMPLE,"Entire image represents clean conveyor belt. In standard object detection, clean background is represented by zero bounding boxes.",APPROVED_REMOVED
frame_00258_jpg.rf.8495302627c08f50516bdb7cbad66c3c.jpg,1,0,CONVERTED_TO_BACKGROUND_SAMPLE,Normal belt box drawn on background rubber of an active defect frame. Creates false positive penalty for defect regions.,APPROVED_REMOVED
frame_00262_jpg.rf.17f62de077eac04c6467f356500ff063.jpg,1,0,CONVERTED_TO_BACKGROUND_SAMPLE,Normal belt box drawn on background rubber of an active defect frame. Creates false positive penalty for defect regions.,APPROVED_REMOVED
frame_00263_jpg.rf.1badb537291d9a32bd59c13d59f387d3.jpg,1,0,CONVERTED_TO_BACKGROUND_SAMPLE,Normal belt box drawn on background rubber of an active defect frame. Creates false positive penalty for defect regions.,APPROVED_REMOVED
frame_00270_jpg.rf.b3197b894a59cc2aec6f8122e789579a.jpg,1,0,CONVERTED_TO_BACKGROUND_SAMPLE,Normal belt box drawn on background rubber of an active defect frame. Creates false positive penalty for defect regions.,APPROVED_REMOVED
frame_00270_jpg.rf.b3197b894a59cc2aec6f8122e789579a.jpg,1,0,CONVERTED_TO_BACKGROUND_SAMPLE,Normal belt box drawn on background rubber of an active defect frame. Creates false positive penalty for defect regions.,APPROVED_REMOVED
frame_00334_jpg.rf.9f064ea934e0c7214b4d3f4226703337.jpg,1,0,CONVERTED_TO_BACKGROUND_SAMPLE,Normal belt box drawn on background rubber of an active defect frame. Creates false positive penalty for defect regions.,APPROVED_REMOVED
frame_20260504_001551_068015_jpg.rf.2eae1557a440a3106f20cad67bc9714f.jpg,1,0,CONVERTED_TO_BACKGROUND_SAMPLE,"Entire image represents clean conveyor belt. In standard object detection, clean background is represented by zero bounding boxes.",APPROVED_REMOVED
frame_20260504_001606_073276_jpg.rf.4548423d7cd1e025f133c156c2ba2c5b.jpg,1,0,CONVERTED_TO_BACKGROUND_SAMPLE,"Entire image represents clean conveyor belt. In standard object detection, clean background is represented by zero bounding boxes.",APPROVED_REMOVED
frame_20260504_001610_014236_jpg.rf.3eae5a7e3561521329e39c8bf75f3ab2.jpg,1,0,CONVERTED_TO_BACKGROUND_SAMPLE,"Entire image represents clean conveyor belt. In standard object detection, clean background is represented by zero bounding boxes.",APPROVED_REMOVED
frame_20260504_003223_261865_jpg.rf.c57cb6c90f2306caa729815a699c3894.jpg,1,0,CONVERTED_TO_BACKGROUND_SAMPLE,"Entire image represents clean conveyor belt. In standard object detection, clean background is represented by zero bounding boxes.",APPROVED_REMOVED
frame_20260504_003751_279429_jpg.rf.1d65e958909e76e16226a7b388d7f5e2.jpg,1,0,CONVERTED_TO_BACKGROUND_SAMPLE,"Entire image represents clean conveyor belt. In standard object detection, clean background is represented by zero bounding boxes.",APPROVED_REMOVED
frame_20260504_004428_968516_jpg.rf.17abd8ef295655f2457393854b6f0f2c.jpg,1,0,CONVERTED_TO_BACKGROUND_SAMPLE,"Entire image represents clean conveyor belt. In standard object detection, clean background is represented by zero bounding boxes.",APPROVED_REMOVED
