image,annotation_id,bbox,decision,reason
frame_00000_jpg.rf.b25756bb2ec71f1b58fd784c46a72cf8.jpg,1,"[0.5000,0.5768,0.5104,0.1328]",NORMAL_BACKGROUND_CANDIDATE,Normal belt box drawn on background rubber of an active defect frame. Creates false positive penalty for defect regions.
frame_00000_jpg.rf.b25756bb2ec71f1b58fd784c46a72cf8.jpg,3,"[0.6562,0.2370,0.1615,0.3385]",NORMAL_BACKGROUND_CANDIDATE,Normal belt box drawn on background rubber of an active defect frame. Creates false positive penalty for defect regions.
frame_00000_jpg.rf.b25756bb2ec71f1b58fd784c46a72cf8.jpg,4,"[0.2812,0.1680,0.1875,0.2786]",NORMAL_BACKGROUND_CANDIDATE,Normal belt box drawn on background rubber of an active defect frame. Creates false positive penalty for defect regions.
frame_00001_jpg.rf.a795d778a3333fd4ef5c3c3e3f4baa08.jpg,0,"[0.6016,0.3685,0.2031,0.6380]",NORMAL_BACKGROUND_CANDIDATE,Normal belt box drawn on background rubber of an active defect frame. Creates false positive penalty for defect regions.
frame_00001_jpg.rf.a795d778a3333fd4ef5c3c3e3f4baa08.jpg,2,"[0.2734,0.1445,0.1562,0.1641]",NORMAL_BACKGROUND_CANDIDATE,Normal belt box drawn on background rubber of an active defect frame. Creates false positive penalty for defect regions.
frame_00001_jpg.rf.a795d778a3333fd4ef5c3c3e3f4baa08.jpg,3,"[0.2331,0.5573,0.1016,0.1823]",NORMAL_BACKGROUND_CANDIDATE,Normal belt box drawn on background rubber of an active defect frame. Creates false positive penalty for defect regions.
frame_00004_jpg.rf.c8b21a966ebc1ff769b7844eaadd3301.jpg,0,"[0.3854,0.4349,0.6667,0.1667]",NORMAL_BACKGROUND_CANDIDATE,Normal belt box drawn on background rubber of an active defect frame. Creates false positive penalty for defect regions.
frame_00004_jpg.rf.c8b21a966ebc1ff769b7844eaadd3301.jpg,2,"[0.5312,0.1315,0.3542,0.1536]",NORMAL_BACKGROUND_CANDIDATE,Normal belt box drawn on background rubber of an active defect frame. Creates false positive penalty for defect regions.
frame_00007_jpg.rf.5840139dbf6bec3d431d816289f4af54.jpg,2,"[0.2227,0.5586,0.2161,0.7526]",NORMAL_BACKGROUND_CANDIDATE,Normal belt box drawn on background rubber of an active defect frame. Creates false positive penalty for defect regions.
frame_00008_jpg.rf.a3cbabe945107fa3f8f00e1c6316cafc.jpg,1,"[0.2005,0.5391,0.1979,0.6510]",NORMAL_BACKGROUND_CANDIDATE,Normal belt box drawn on background rubber of an active defect frame. Creates false positive penalty for defect regions.
frame_00009_jpg.rf.a978b612e1167476a670cb64d4d417c1.jpg,2,"[0.1849,0.5352,0.1510,0.7943]",NORMAL_BACKGROUND_CANDIDATE,Normal belt box drawn on background rubber of an active defect frame. Creates false positive penalty for defect regions.
frame_00009_jpg.rf.dd2cdffd9b79a503f4981402f9c3c4fd.jpg,0,"[0.5820,0.0977,0.5859,0.1328]",NORMAL_BACKGROUND_CANDIDATE,"Entire image represents clean conveyor belt. In standard object detection, clean background is represented by zero bounding boxes."
frame_00011_jpg.rf.482786caeb1cfb9778804640e7b2e590.jpg,0,"[0.4232,0.6497,0.6172,0.3932]",NORMAL_BACKGROUND_CANDIDATE,"Entire image represents clean conveyor belt. In standard object detection, clean background is represented by zero bounding boxes."
frame_00012_jpg.rf.0d8466686c462b0fa8ab27361226f251.jpg,3,"[0.2214,0.2279,0.2656,0.3828]",NORMAL_BACKGROUND_CANDIDATE,Normal belt box drawn on background rubber of an active defect frame. Creates false positive penalty for defect regions.
frame_00012_jpg.rf.0d8466686c462b0fa8ab27361226f251.jpg,4,"[0.6094,0.2435,0.1927,0.3568]",NORMAL_BACKGROUND_CANDIDATE,Normal belt box drawn on background rubber of an active defect frame. Creates false positive penalty for defect regions.
frame_00013_jpg.rf.2bf3ed412dcb2ad576ced4a4b390c9b8.jpg,0,"[0.4688,0.2148,0.7031,0.3255]",NORMAL_BACKGROUND_CANDIDATE,Normal belt box drawn on background rubber of an active defect frame. Creates false positive penalty for defect regions.
frame_00015_jpg.rf.70443fdd76906dd14f7a6ef3d2d77754.jpg,2,"[0.1458,0.3359,0.2344,0.5781]",NORMAL_BACKGROUND_CANDIDATE,Normal belt box drawn on background rubber of an active defect frame. Creates false positive penalty for defect regions.
frame_00015_jpg.rf.70443fdd76906dd14f7a6ef3d2d77754.jpg,3,"[0.6016,0.5990,0.1927,0.6979]",NORMAL_BACKGROUND_CANDIDATE,Normal belt box drawn on background rubber of an active defect frame. Creates false positive penalty for defect regions.
frame_00016_jpg.rf.611b1cd4f2359529a8618069ae363223.jpg,0,"[0.5703,0.5000,0.2396,0.8594]",NORMAL_BACKGROUND_CANDIDATE,Normal belt box drawn on background rubber of an active defect frame. Creates false positive penalty for defect regions.
frame_00016_jpg.rf.611b1cd4f2359529a8618069ae363223.jpg,2,"[0.1693,0.2148,0.2344,0.3932]",NORMAL_BACKGROUND_CANDIDATE,Normal belt box drawn on background rubber of an active defect frame. Creates false positive penalty for defect regions.
frame_00016_jpg.rf.6a0d913b35a523b3d9acd11956fdb2c7.jpg,0,"[0.4453,0.2031,0.6615,0.2812]",NORMAL_BACKGROUND_CANDIDATE,Normal belt box drawn on background rubber of an active defect frame. Creates false positive penalty for defect regions.
frame_00017_jpg.rf.644d1e2b3c01f185b37a8e3bc56edf30.jpg,0,"[0.2018,0.2370,0.2422,0.3698]",NORMAL_BACKGROUND_CANDIDATE,Normal belt box drawn on background rubber of an active defect frame. Creates false positive penalty for defect regions.
frame_00017_jpg.rf.644d1e2b3c01f185b37a8e3bc56edf30.jpg,2,"[0.6016,0.7057,0.2917,0.4792]",NORMAL_BACKGROUND_CANDIDATE,Normal belt box drawn on background rubber of an active defect frame. Creates false positive penalty for defect regions.
frame_00020_jpg.rf.23b2ddc2379ffccdf98a20bcded56a14.jpg,1,"[0.4961,0.5208,0.5286,0.1458]",NORMAL_BACKGROUND_CANDIDATE,Normal belt box drawn on background rubber of an active defect frame. Creates false positive penalty for defect regions.
frame_00020_jpg.rf.23b2ddc2379ffccdf98a20bcded56a14.jpg,3,"[0.6120,0.1497,0.2552,0.2109]",NORMAL_BACKGROUND_CANDIDATE,Normal belt box drawn on background rubber of an active defect frame. Creates false positive penalty for defect regions.
frame_00021_jpg.rf.0b557c963e8a8a7e967e431315ee2dc4.jpg,0,"[0.2214,0.6641,0.1979,0.5208]",NORMAL_BACKGROUND_CANDIDATE,Normal belt box drawn on background rubber of an active defect frame. Creates false positive penalty for defect regions.
frame_00021_jpg.rf.0b557c963e8a8a7e967e431315ee2dc4.jpg,2,"[0.4531,0.0820,0.6354,0.1224]",NORMAL_BACKGROUND_CANDIDATE,Normal belt box drawn on background rubber of an active defect frame. Creates false positive penalty for defect regions.
frame_00021_jpg.rf.0b557c963e8a8a7e967e431315ee2dc4.jpg,3,"[0.7266,0.5781,0.1510,0.3750]",NORMAL_BACKGROUND_CANDIDATE,Normal belt box drawn on background rubber of an active defect frame. Creates false positive penalty for defect regions.
frame_00023_jpg.rf.44df7834ed72fe1c2863a3590f71ae30.jpg,0,"[0.2721,0.5300,0.1693,0.5651]",NORMAL_BACKGROUND_CANDIDATE,Normal belt box drawn on background rubber of an active defect frame. Creates false positive penalty for defect regions.
frame_00023_jpg.rf.6725c6671d203cea73b8d2e94ab4a8de.jpg,0,"[0.4870,0.4375,0.5677,0.3021]",NORMAL_BACKGROUND_CANDIDATE,"Entire image represents clean conveyor belt. In standard object detection, clean background is represented by zero bounding boxes."
frame_00023_jpg.rf.6725c6671d203cea73b8d2e94ab4a8de.jpg,1,"[0.4740,0.2227,0.3490,0.1328]",NORMAL_BACKGROUND_CANDIDATE,"Entire image represents clean conveyor belt. In standard object detection, clean background is represented by zero bounding boxes."
frame_00025_jpg.rf.61ab6cbc375f53bdfb9ccc96ac1426a5.jpg,1,"[0.5065,0.6393,0.6172,0.2943]",NORMAL_BACKGROUND_CANDIDATE,Normal belt box drawn on background rubber of an active defect frame. Creates false positive penalty for defect regions.
frame_00025_jpg.rf.61ab6cbc375f53bdfb9ccc96ac1426a5.jpg,2,"[0.3242,0.1445,0.2734,0.1849]",NORMAL_BACKGROUND_CANDIDATE,Normal belt box drawn on background rubber of an active defect frame. Creates false positive penalty for defect regions.
frame_00026_jpg.rf.347ef269c9bb705faa7cfd0ed768522b.jpg,0,"[0.5208,0.4583,0.5521,0.1354]",NORMAL_BACKGROUND_CANDIDATE,Normal belt box drawn on background rubber of an active defect frame. Creates false positive penalty for defect regions.
frame_00026_jpg.rf.e8ec001ea693acc90402ee08c0d142aa.jpg,0,"[0.4414,0.4167,0.5964,0.4010]",NORMAL_BACKGROUND_CANDIDATE,Normal belt box drawn on background rubber of an active defect frame. Creates false positive penalty for defect regions.
frame_00026_jpg.rf.e8ec001ea693acc90402ee08c0d142aa.jpg,1,"[0.2721,0.7643,0.2318,0.2370]",NORMAL_BACKGROUND_CANDIDATE,Normal belt box drawn on background rubber of an active defect frame. Creates false positive penalty for defect regions.
frame_00026_jpg.rf.e8ec001ea693acc90402ee08c0d142aa.jpg,2,"[0.6680,0.8099,0.1693,0.2865]",NORMAL_BACKGROUND_CANDIDATE,Normal belt box drawn on background rubber of an active defect frame. Creates false positive penalty for defect regions.
frame_00030_jpg.rf.bf260995087fcb8392485fd8f4512e12.jpg,3,"[0.2617,0.8307,0.2839,0.2448]",NORMAL_BACKGROUND_CANDIDATE,Normal belt box drawn on background rubber of an active defect frame. Creates false positive penalty for defect regions.
frame_00030_jpg.rf.d93305d956d3e5f3e6c461f4232b863e.jpg,0,"[0.4180,0.7214,0.6120,0.3438]",NORMAL_BACKGROUND_CANDIDATE,"Entire image represents clean conveyor belt. In standard object detection, clean background is represented by zero bounding boxes."
frame_00030_jpg.rf.d93305d956d3e5f3e6c461f4232b863e.jpg,1,"[0.4492,0.4388,0.2318,0.0859]",NORMAL_BACKGROUND_CANDIDATE,"Entire image represents clean conveyor belt. In standard object detection, clean background is represented by zero bounding boxes."
frame_00031_jpg.rf.bc0a2d8565beaa78ccdd40fa9478921c.jpg,2,"[0.1094,0.6836,0.0938,0.5911]",NORMAL_BACKGROUND_CANDIDATE,Normal belt box drawn on background rubber of an active defect frame. Creates false positive penalty for defect regions.
frame_00031_jpg.rf.bc0a2d8565beaa78ccdd40fa9478921c.jpg,3,"[0.2643,0.7005,0.1693,0.5208]",NORMAL_BACKGROUND_CANDIDATE,Normal belt box drawn on background rubber of an active defect frame. Creates false positive penalty for defect regions.
frame_00031_jpg.rf.bc0a2d8565beaa78ccdd40fa9478921c.jpg,4,"[0.5638,0.7812,0.0547,0.3490]",NORMAL_BACKGROUND_CANDIDATE,Normal belt box drawn on background rubber of an active defect frame. Creates false positive penalty for defect regions.
frame_00031_jpg.rf.bc0a2d8565beaa78ccdd40fa9478921c.jpg,5,"[0.6849,0.7865,0.0677,0.3594]",NORMAL_BACKGROUND_CANDIDATE,Normal belt box drawn on background rubber of an active defect frame. Creates false positive penalty for defect regions.
frame_00031_jpg.rf.bc0a2d8565beaa78ccdd40fa9478921c.jpg,6,"[0.6016,0.1927,0.1667,0.1562]",NORMAL_BACKGROUND_CANDIDATE,Normal belt box drawn on background rubber of an active defect frame. Creates false positive penalty for defect regions.
frame_00031_jpg.rf.bc0a2d8565beaa78ccdd40fa9478921c.jpg,7,"[0.1914,0.1159,0.1641,0.1120]",NORMAL_BACKGROUND_CANDIDATE,Normal belt box drawn on background rubber of an active defect frame. Creates false positive penalty for defect regions.
frame_00031_jpg.rf.c1d1dde1b4c3e2dd897c4b21adb8986d.jpg,0,"[0.5078,0.6159,0.4323,0.2266]",NORMAL_BACKGROUND_CANDIDATE,Normal belt box drawn on background rubber of an active defect frame. Creates false positive penalty for defect regions.
frame_00031_jpg.rf.c1d1dde1b4c3e2dd897c4b21adb8986d.jpg,1,"[0.4622,0.3945,0.2526,0.0807]",NORMAL_BACKGROUND_CANDIDATE,Normal belt box drawn on background rubber of an active defect frame. Creates false positive penalty for defect regions.
frame_00031_jpg.rf.c1d1dde1b4c3e2dd897c4b21adb8986d.jpg,2,"[0.1784,0.6471,0.0964,0.2943]",NORMAL_BACKGROUND_CANDIDATE,Normal belt box drawn on background rubber of an active defect frame. Creates false positive penalty for defect regions.
frame_00032_jpg.rf.f262ae80344e26bc71968fd1e8a91642.jpg,1,"[0.5208,0.3281,0.5781,0.1042]",NORMAL_BACKGROUND_CANDIDATE,Normal belt box drawn on background rubber of an active defect frame. Creates false positive penalty for defect regions.
frame_00032_jpg.rf.f262ae80344e26bc71968fd1e8a91642.jpg,2,"[0.4987,0.1732,0.2266,0.0964]",NORMAL_BACKGROUND_CANDIDATE,Normal belt box drawn on background rubber of an active defect frame. Creates false positive penalty for defect regions.
frame_00034_jpg.rf.d102de3ba2cca0071c696c1d804ec954.jpg,0,"[0.6380,0.3958,0.2760,0.7292]",NORMAL_BACKGROUND_CANDIDATE,Normal belt box drawn on background rubber of an active defect frame. Creates false positive penalty for defect regions.
frame_00034_jpg.rf.d102de3ba2cca0071c696c1d804ec954.jpg,1,"[0.2435,0.1810,0.2422,0.2943]",NORMAL_BACKGROUND_CANDIDATE,Normal belt box drawn on background rubber of an active defect frame. Creates false positive penalty for defect regions.
frame_00035_jpg.rf.553089e9db46f7fae8ec730a83908a1a.jpg,0,"[0.4414,0.1966,0.6745,0.1901]",NORMAL_BACKGROUND_CANDIDATE,Normal belt box drawn on background rubber of an active defect frame. Creates false positive penalty for defect regions.
frame_00035_jpg.rf.553089e9db46f7fae8ec730a83908a1a.jpg,2,"[0.3086,0.6849,0.2891,0.0885]",NORMAL_BACKGROUND_CANDIDATE,Normal belt box drawn on background rubber of an active defect frame. Creates false positive penalty for defect regions.
frame_00036_jpg.rf.b5090e7cbc15ba1115c848400cbec5e5.jpg,1,"[0.4844,0.3529,0.6094,0.1484]",NORMAL_BACKGROUND_CANDIDATE,Normal belt box drawn on background rubber of an active defect frame. Creates false positive penalty for defect regions.
frame_00036_jpg.rf.b5090e7cbc15ba1115c848400cbec5e5.jpg,2,"[0.2917,0.6406,0.2292,0.2396]",NORMAL_BACKGROUND_CANDIDATE,Normal belt box drawn on background rubber of an active defect frame. Creates false positive penalty for defect regions.
frame_00037_jpg.rf.79a8c19f99317b2a85e37755f2d27373.jpg,0,"[0.5182,0.2513,0.4427,0.2474]",NORMAL_BACKGROUND_CANDIDATE,Normal belt box drawn on background rubber of an active defect frame. Creates false positive penalty for defect regions.
frame_00037_jpg.rf.79a8c19f99317b2a85e37755f2d27373.jpg,2,"[0.3372,0.5404,0.2891,0.1641]",NORMAL_BACKGROUND_CANDIDATE,Normal belt box drawn on background rubber of an active defect frame. Creates false positive penalty for defect regions.
frame_00038_jpg.rf.2f4b92ce4a36c5ba2fe20a551b480246.jpg,0,"[0.2500,0.6901,0.1927,0.4896]",NORMAL_BACKGROUND_CANDIDATE,"Entire image represents clean conveyor belt. In standard object detection, clean background is represented by zero bounding boxes."
frame_00038_jpg.rf.2f4b92ce4a36c5ba2fe20a551b480246.jpg,1,"[0.5026,0.1719,0.5781,0.2865]",NORMAL_BACKGROUND_CANDIDATE,"Entire image represents clean conveyor belt. In standard object detection, clean background is represented by zero bounding boxes."
frame_00038_jpg.rf.7eb546b40cacf41489785042a2070830.jpg,2,"[0.2617,0.5755,0.1641,0.8333]",NORMAL_BACKGROUND_CANDIDATE,Normal belt box drawn on background rubber of an active defect frame. Creates false positive penalty for defect regions.
frame_00039_jpg.rf.092f645af5ca08938054c6f218791721.jpg,0,"[0.3906,0.1250,0.3906,0.1562]",NORMAL_BACKGROUND_CANDIDATE,Normal belt box drawn on background rubber of an active defect frame. Creates false positive penalty for defect regions.
frame_00039_jpg.rf.092f645af5ca08938054c6f218791721.jpg,1,"[0.4206,0.5286,0.5859,0.1979]",NORMAL_BACKGROUND_CANDIDATE,Normal belt box drawn on background rubber of an active defect frame. Creates false positive penalty for defect regions.
frame_00040_jpg.rf.2fce5c9c3e9e79a5ca1a5afd7825810c.jpg,1,"[0.6575,0.6784,0.2370,0.1641]",NORMAL_BACKGROUND_CANDIDATE,Normal belt box drawn on background rubber of an active defect frame. Creates false positive penalty for defect regions.
frame_00041_jpg.rf.1993e2f7b2883d8bfd7ce168ff91fffc.jpg,0,"[0.4362,0.3073,0.6745,0.2917]",NORMAL_BACKGROUND_CANDIDATE,"Entire image represents clean conveyor belt. In standard object detection, clean background is represented by zero bounding boxes."
frame_00041_jpg.rf.1993e2f7b2883d8bfd7ce168ff91fffc.jpg,1,"[0.2148,0.6484,0.1276,0.2969]",NORMAL_BACKGROUND_CANDIDATE,"Entire image represents clean conveyor belt. In standard object detection, clean background is represented by zero bounding boxes."
frame_00041_jpg.rf.1993e2f7b2883d8bfd7ce168ff91fffc.jpg,2,"[0.6927,0.7279,0.1302,0.2995]",NORMAL_BACKGROUND_CANDIDATE,"Entire image represents clean conveyor belt. In standard object detection, clean background is represented by zero bounding boxes."
frame_00041_jpg.rf.1993e2f7b2883d8bfd7ce168ff91fffc.jpg,3,"[0.3724,0.6693,0.1042,0.2760]",NORMAL_BACKGROUND_CANDIDATE,"Entire image represents clean conveyor belt. In standard object detection, clean background is represented by zero bounding boxes."
frame_00041_jpg.rf.1993e2f7b2883d8bfd7ce168ff91fffc.jpg,4,"[0.5573,0.3151,0.0729,0.1354]",NORMAL_BACKGROUND_CANDIDATE,"Entire image represents clean conveyor belt. In standard object detection, clean background is represented by zero bounding boxes."
frame_00041_jpg.rf.e368101da6759a013c2a06b0b8576307.jpg,1,"[0.2461,0.3438,0.1693,0.5469]",NORMAL_BACKGROUND_CANDIDATE,Normal belt box drawn on background rubber of an active defect frame. Creates false positive penalty for defect regions.
frame_00041_jpg.rf.e368101da6759a013c2a06b0b8576307.jpg,2,"[0.5325,0.3672,0.1276,0.0625]",NORMAL_BACKGROUND_CANDIDATE,Normal belt box drawn on background rubber of an active defect frame. Creates false positive penalty for defect regions.
frame_00042_jpg.rf.b6e2adcab38cc7b604311294b7f58a35.jpg,0,"[0.1914,0.4675,0.2422,0.3359]",NORMAL_BACKGROUND_CANDIDATE,"Entire image represents clean conveyor belt. In standard object detection, clean background is represented by zero bounding boxes."
frame_00042_jpg.rf.b6e2adcab38cc7b604311294b7f58a35.jpg,1,"[0.4219,0.1198,0.5417,0.1667]",NORMAL_BACKGROUND_CANDIDATE,"Entire image represents clean conveyor belt. In standard object detection, clean background is represented by zero bounding boxes."
frame_00044_jpg.rf.6c75343077cedb31a508f69b503b22c2.jpg,0,"[0.6589,0.4388,0.1823,0.1380]",NORMAL_BACKGROUND_CANDIDATE,"Entire image represents clean conveyor belt. In standard object detection, clean background is represented by zero bounding boxes."
frame_00044_jpg.rf.6c75343077cedb31a508f69b503b22c2.jpg,1,"[0.3346,0.5807,0.2995,0.2604]",NORMAL_BACKGROUND_CANDIDATE,"Entire image represents clean conveyor belt. In standard object detection, clean background is represented by zero bounding boxes."
frame_00047_jpg.rf.1ee9df6fd5f198f4e37ccf814dc9801b.jpg,0,"[0.7344,0.4375,0.4688,0.1406]",NORMAL_BACKGROUND_CANDIDATE,"Entire image represents clean conveyor belt. In standard object detection, clean background is represented by zero bounding boxes."
frame_00047_jpg.rf.1ee9df6fd5f198f4e37ccf814dc9801b.jpg,1,"[0.1380,0.7266,0.0052,0.0156]",NORMAL_BACKGROUND_CANDIDATE,"Entire image represents clean conveyor belt. In standard object detection, clean background is represented by zero bounding boxes."
frame_00047_jpg.rf.1ee9df6fd5f198f4e37ccf814dc9801b.jpg,2,"[0.5729,0.6211,0.1927,0.0911]",NORMAL_BACKGROUND_CANDIDATE,"Entire image represents clean conveyor belt. In standard object detection, clean background is represented by zero bounding boxes."
frame_00047_jpg.rf.513e6c95632593b0670419578da0689c.jpg,1,"[0.6094,0.6719,0.4844,0.0781]",NORMAL_BACKGROUND_CANDIDATE,Normal belt box drawn on background rubber of an active defect frame. Creates false positive penalty for defect regions.
frame_00047_jpg.rf.513e6c95632593b0670419578da0689c.jpg,2,"[0.2383,0.4206,0.0182,0.0495]",NORMAL_BACKGROUND_CANDIDATE,Normal belt box drawn on background rubber of an active defect frame. Creates false positive penalty for defect regions.
frame_00050_jpg.rf.67795f75f13c07158bc6193f97812850.jpg,2,"[0.2643,0.6393,0.1432,0.5651]",NORMAL_BACKGROUND_CANDIDATE,Normal belt box drawn on background rubber of an active defect frame. Creates false positive penalty for defect regions.
frame_00050_jpg.rf.67795f75f13c07158bc6193f97812850.jpg,3,"[0.4284,0.4414,0.1016,0.1589]",NORMAL_BACKGROUND_CANDIDATE,Normal belt box drawn on background rubber of an active defect frame. Creates false positive penalty for defect regions.
frame_00050_jpg.rf.67795f75f13c07158bc6193f97812850.jpg,4,"[0.8034,0.6107,0.1589,0.1849]",NORMAL_BACKGROUND_CANDIDATE,Normal belt box drawn on background rubber of an active defect frame. Creates false positive penalty for defect regions.
frame_00050_jpg.rf.d0cf41b078a6cc884ae25da9280bfdba.jpg,0,"[0.5234,0.1289,0.5312,0.1849]",NORMAL_BACKGROUND_CANDIDATE,"Entire image represents clean conveyor belt. In standard object detection, clean background is represented by zero bounding boxes."
frame_00050_jpg.rf.d0cf41b078a6cc884ae25da9280bfdba.jpg,1,"[0.4193,0.8815,0.5469,0.2370]",NORMAL_BACKGROUND_CANDIDATE,"Entire image represents clean conveyor belt. In standard object detection, clean background is represented by zero bounding boxes."
frame_00050_jpg.rf.d0cf41b078a6cc884ae25da9280bfdba.jpg,2,"[0.4401,0.4648,0.0885,0.1901]",NORMAL_BACKGROUND_CANDIDATE,"Entire image represents clean conveyor belt. In standard object detection, clean background is represented by zero bounding boxes."
frame_00051_jpg.rf.19c9e212c43c05eafc0b85e39c0bf6a4.jpg,0,"[0.2526,0.6276,0.1354,0.7188]",NORMAL_BACKGROUND_CANDIDATE,Normal belt box drawn on background rubber of an active defect frame. Creates false positive penalty for defect regions.
frame_00051_jpg.rf.19c9e212c43c05eafc0b85e39c0bf6a4.jpg,3,"[0.7669,0.3932,0.1224,0.2396]",NORMAL_BACKGROUND_CANDIDATE,Normal belt box drawn on background rubber of an active defect frame. Creates false positive penalty for defect regions.
frame_00052_jpg.rf.2fdbaefb8e29fb459d6410f6dafa9643.jpg,0,"[0.5312,0.6302,0.5104,0.1927]",NORMAL_BACKGROUND_CANDIDATE,"Entire image represents clean conveyor belt. In standard object detection, clean background is represented by zero bounding boxes."
frame_00053_jpg.rf.1ef0c5b33b5b16934882d45b48f37473.jpg,1,"[0.5977,0.4180,0.4609,0.1328]",NORMAL_BACKGROUND_CANDIDATE,Normal belt box drawn on background rubber of an active defect frame. Creates false positive penalty for defect regions.
frame_00054_jpg.rf.78c8da677437c986af5991985d5736ff.jpg,1,"[0.4544,0.2448,0.3984,0.1615]",NORMAL_BACKGROUND_CANDIDATE,Normal belt box drawn on background rubber of an active defect frame. Creates false positive penalty for defect regions.
frame_00056_jpg.rf.0b6760113da2e32cc20a499f90a47420.jpg,0,"[0.3802,0.2474,0.2865,0.4271]",NORMAL_BACKGROUND_CANDIDATE,Normal belt box drawn on background rubber of an active defect frame. Creates false positive penalty for defect regions.
frame_00056_jpg.rf.0b6760113da2e32cc20a499f90a47420.jpg,1,"[0.8112,0.2891,0.2318,0.3958]",NORMAL_BACKGROUND_CANDIDATE,Normal belt box drawn on background rubber of an active defect frame. Creates false positive penalty for defect regions.
frame_00056_jpg.rf.0b6760113da2e32cc20a499f90a47420.jpg,2,"[0.2943,0.8294,0.1562,0.2526]",NORMAL_BACKGROUND_CANDIDATE,Normal belt box drawn on background rubber of an active defect frame. Creates false positive penalty for defect regions.
frame_00056_jpg.rf.0b6760113da2e32cc20a499f90a47420.jpg,3,"[0.7982,0.8346,0.3151,0.1016]",NORMAL_BACKGROUND_CANDIDATE,Normal belt box drawn on background rubber of an active defect frame. Creates false positive penalty for defect regions.
frame_00057_jpg.rf.b6c9e0f07a0ed3942291c67604ea0193.jpg,0,"[0.4831,0.3672,0.5443,0.2760]",NORMAL_BACKGROUND_CANDIDATE,"Entire image represents clean conveyor belt. In standard object detection, clean background is represented by zero bounding boxes."
frame_00058_jpg.rf.5a36be138357be768bad39e2d7ed488f.jpg,0,"[0.3398,0.2865,0.1953,0.0625]",NORMAL_BACKGROUND_CANDIDATE,Normal belt box drawn on background rubber of an active defect frame. Creates false positive penalty for defect regions.
frame_00058_jpg.rf.5a36be138357be768bad39e2d7ed488f.jpg,2,"[0.2839,0.8138,0.1719,0.3672]",NORMAL_BACKGROUND_CANDIDATE,Normal belt box drawn on background rubber of an active defect frame. Creates false positive penalty for defect regions.
frame_00058_jpg.rf.5a36be138357be768bad39e2d7ed488f.jpg,3,"[0.7031,0.6016,0.1302,0.1458]",NORMAL_BACKGROUND_CANDIDATE,Normal belt box drawn on background rubber of an active defect frame. Creates false positive penalty for defect regions.
frame_00058_jpg.rf.5a36be138357be768bad39e2d7ed488f.jpg,4,"[0.3763,0.4896,0.0911,0.2344]",NORMAL_BACKGROUND_CANDIDATE,Normal belt box drawn on background rubber of an active defect frame. Creates false positive penalty for defect regions.
frame_00058_jpg.rf.86a3b721a7d5f09de7ccf678457088fd.jpg,0,"[0.5000,0.1849,0.5573,0.2604]",NORMAL_BACKGROUND_CANDIDATE,Normal belt box drawn on background rubber of an active defect frame. Creates false positive penalty for defect regions.
frame_00058_jpg.rf.86a3b721a7d5f09de7ccf678457088fd.jpg,1,"[0.2409,0.6562,0.2422,0.3125]",NORMAL_BACKGROUND_CANDIDATE,Normal belt box drawn on background rubber of an active defect frame. Creates false positive penalty for defect regions.
frame_00059_jpg.rf.4df64c9b84a5255d1728fa2e53e70fe4.jpg,0,"[0.2591,0.5950,0.1016,0.4870]",NORMAL_BACKGROUND_CANDIDATE,Normal belt box drawn on background rubber of an active defect frame. Creates false positive penalty for defect regions.
frame_00059_jpg.rf.4df64c9b84a5255d1728fa2e53e70fe4.jpg,1,"[0.1589,0.5794,0.0573,0.4401]",NORMAL_BACKGROUND_CANDIDATE,Normal belt box drawn on background rubber of an active defect frame. Creates false positive penalty for defect regions.
frame_00059_jpg.rf.4df64c9b84a5255d1728fa2e53e70fe4.jpg,2,"[0.5885,0.7734,0.0781,0.3594]",NORMAL_BACKGROUND_CANDIDATE,Normal belt box drawn on background rubber of an active defect frame. Creates false positive penalty for defect regions.
frame_00059_jpg.rf.4df64c9b84a5255d1728fa2e53e70fe4.jpg,3,"[0.6914,0.6667,0.0755,0.3646]",NORMAL_BACKGROUND_CANDIDATE,Normal belt box drawn on background rubber of an active defect frame. Creates false positive penalty for defect regions.
frame_00059_jpg.rf.998c9e72058e3d94015fae3d3bf3bf2e.jpg,0,"[0.4922,0.4922,0.5156,0.2292]",NORMAL_BACKGROUND_CANDIDATE,"Entire image represents clean conveyor belt. In standard object detection, clean background is represented by zero bounding boxes."
frame_00060_jpg.rf.324847c05762fe6108c52af150fbca48.jpg,0,"[0.3281,0.6471,0.2760,0.5130]",NORMAL_BACKGROUND_CANDIDATE,"Entire image represents clean conveyor belt. In standard object detection, clean background is represented by zero bounding boxes."
frame_00060_jpg.rf.324847c05762fe6108c52af150fbca48.jpg,1,"[0.3450,0.1120,0.2266,0.0938]",NORMAL_BACKGROUND_CANDIDATE,"Entire image represents clean conveyor belt. In standard object detection, clean background is represented by zero bounding boxes."
frame_00061_jpg.rf.85864844781e7c2a28778d0a4e223ab8.jpg,0,"[0.3581,0.3763,0.2005,0.4193]",NORMAL_BACKGROUND_CANDIDATE,Normal belt box drawn on background rubber of an active defect frame. Creates false positive penalty for defect regions.
frame_00061_jpg.rf.85864844781e7c2a28778d0a4e223ab8.jpg,2,"[0.6706,0.2161,0.0547,0.1875]",NORMAL_BACKGROUND_CANDIDATE,Normal belt box drawn on background rubber of an active defect frame. Creates false positive penalty for defect regions.
frame_00062_jpg.rf.97566eabeb1a30e18da65a7addeccc9d.jpg,0,"[0.3620,0.2461,0.3490,0.3984]",NORMAL_BACKGROUND_CANDIDATE,Normal belt box drawn on background rubber of an active defect frame. Creates false positive penalty for defect regions.
frame_00062_jpg.rf.97566eabeb1a30e18da65a7addeccc9d.jpg,1,"[0.4974,0.7825,0.6406,0.2891]",NORMAL_BACKGROUND_CANDIDATE,Normal belt box drawn on background rubber of an active defect frame. Creates false positive penalty for defect regions.
frame_00063_jpg.rf.6edb9f7894aaa9009613459a65509495.jpg,1,"[0.3112,0.1719,0.2370,0.1979]",NORMAL_BACKGROUND_CANDIDATE,Normal belt box drawn on background rubber of an active defect frame. Creates false positive penalty for defect regions.
frame_00064_jpg.rf.59cf142d57780d3c799ca2029b593b54.jpg,0,"[0.3997,0.1654,0.4505,0.2370]",NORMAL_BACKGROUND_CANDIDATE,Normal belt box drawn on background rubber of an active defect frame. Creates false positive penalty for defect regions.
frame_00066_jpg.rf.47c7fe3b16ed16593e38c50de8195d8e.jpg,0,"[0.3216,0.6276,0.1953,0.7448]",NORMAL_BACKGROUND_CANDIDATE,Normal belt box drawn on background rubber of an active defect frame. Creates false positive penalty for defect regions.
frame_00066_jpg.rf.47c7fe3b16ed16593e38c50de8195d8e.jpg,1,"[0.3307,0.1133,0.1771,0.1901]",NORMAL_BACKGROUND_CANDIDATE,Normal belt box drawn on background rubber of an active defect frame. Creates false positive penalty for defect regions.
frame_00066_jpg.rf.47c7fe3b16ed16593e38c50de8195d8e.jpg,2,"[0.7969,0.1979,0.0833,0.2031]",NORMAL_BACKGROUND_CANDIDATE,Normal belt box drawn on background rubber of an active defect frame. Creates false positive penalty for defect regions.
frame_00066_jpg.rf.47c7fe3b16ed16593e38c50de8195d8e.jpg,3,"[0.7734,0.6081,0.2396,0.2161]",NORMAL_BACKGROUND_CANDIDATE,Normal belt box drawn on background rubber of an active defect frame. Creates false positive penalty for defect regions.
frame_00067_jpg.rf.a47e9b152181795c356ade04e4b49948.jpg,1,"[0.2825,0.5378,0.1797,0.3359]",NORMAL_BACKGROUND_CANDIDATE,Normal belt box drawn on background rubber of an active defect frame. Creates false positive penalty for defect regions.
frame_00067_jpg.rf.a47e9b152181795c356ade04e4b49948.jpg,2,"[0.6654,0.5039,0.2370,0.1276]",NORMAL_BACKGROUND_CANDIDATE,Normal belt box drawn on background rubber of an active defect frame. Creates false positive penalty for defect regions.
frame_00068_jpg.rf.5fafc057bb33fcb16dec1aeeb8041644.jpg,1,"[0.2656,0.4635,0.2292,0.2188]",NORMAL_BACKGROUND_CANDIDATE,Normal belt box drawn on background rubber of an active defect frame. Creates false positive penalty for defect regions.
frame_00069_jpg.rf.5f1e391d312cb886438add495154b3c7.jpg,0,"[0.3060,0.3450,0.2214,0.3932]",NORMAL_BACKGROUND_CANDIDATE,"Entire image represents clean conveyor belt. In standard object detection, clean background is represented by zero bounding boxes."
frame_00070_jpg.rf.3a50940319e25dd49af096ecb6339cf2.jpg,0,"[0.3672,0.2318,0.2083,0.2396]",NORMAL_BACKGROUND_CANDIDATE,Normal belt box drawn on background rubber of an active defect frame. Creates false positive penalty for defect regions.
frame_00071_jpg.rf.373bac3399376d9079a25ea62c74d297.jpg,0,"[0.5130,0.7904,0.5573,0.2578]",NORMAL_BACKGROUND_CANDIDATE,"Entire image represents clean conveyor belt. In standard object detection, clean background is represented by zero bounding boxes."
frame_00073_jpg.rf.ccd20b05465aeb8da5b7e719aa3fc7d6.jpg,0,"[0.5365,0.4401,0.6458,0.2656]",NORMAL_BACKGROUND_CANDIDATE,Normal belt box drawn on background rubber of an active defect frame. Creates false positive penalty for defect regions.
frame_00074_jpg.rf.166f6d5badf1b660e668254d5c37d79a.jpg,1,"[0.4531,0.8203,0.6406,0.3021]",NORMAL_BACKGROUND_CANDIDATE,Normal belt box drawn on background rubber of an active defect frame. Creates false positive penalty for defect regions.
frame_00075_jpg.rf.7a628860e24f79d1b0c9d8665706213b.jpg,1,"[0.4206,0.6432,0.6016,0.4219]",NORMAL_BACKGROUND_CANDIDATE,Normal belt box drawn on background rubber of an active defect frame. Creates false positive penalty for defect regions.
frame_00076_jpg.rf.ffa9f3ff77d739de43b895272e616802.jpg,1,"[0.4518,0.5195,0.5391,0.2839]",NORMAL_BACKGROUND_CANDIDATE,Normal belt box drawn on background rubber of an active defect frame. Creates false positive penalty for defect regions.
frame_00078_jpg.rf.73a0f44bcc578b069ea9374798309174.jpg,0,"[0.4753,0.1628,0.4505,0.1953]",NORMAL_BACKGROUND_CANDIDATE,Normal belt box drawn on background rubber of an active defect frame. Creates false positive penalty for defect regions.
frame_00079_jpg.rf.2521d4c05efaaccbe0f1930d3a762347.jpg,0,"[0.5339,0.6419,0.5417,0.2214]",NORMAL_BACKGROUND_CANDIDATE,"Entire image represents clean conveyor belt. In standard object detection, clean background is represented by zero bounding boxes."
frame_00079_jpg.rf.2521d4c05efaaccbe0f1930d3a762347.jpg,1,"[0.5938,0.1823,0.4948,0.2135]",NORMAL_BACKGROUND_CANDIDATE,"Entire image represents clean conveyor belt. In standard object detection, clean background is represented by zero bounding boxes."
frame_00081_jpg.rf.13c937a9496ad418b622d7e96cd22321.jpg,2,"[0.4388,0.4831,0.3307,0.1120]",NORMAL_BACKGROUND_CANDIDATE,Normal belt box drawn on background rubber of an active defect frame. Creates false positive penalty for defect regions.
frame_00082_jpg.rf.b55769a1a71678c24222d1535b1b459a.jpg,0,"[0.5300,0.1575,0.3620,0.1641]",NORMAL_BACKGROUND_CANDIDATE,Normal belt box drawn on background rubber of an active defect frame. Creates false positive penalty for defect regions.
frame_00084_jpg.rf.1e13157f9f2a95c41ad0aac9720e7bc7.jpg,0,"[0.4258,0.3320,0.4089,0.1693]",NORMAL_BACKGROUND_CANDIDATE,Normal belt box drawn on background rubber of an active defect frame. Creates false positive penalty for defect regions.
frame_00086_jpg.rf.3c8b35ab4c525cea0f49e92dfefd4ecf.jpg,0,"[0.2409,0.4010,0.2266,0.3542]",NORMAL_BACKGROUND_CANDIDATE,Normal belt box drawn on background rubber of an active defect frame. Creates false positive penalty for defect regions.
frame_00087_jpg.rf.1cf68942998e08d73f50812d0b838dff.jpg,0,"[0.1510,0.4675,0.2031,0.3984]",NORMAL_BACKGROUND_CANDIDATE,Normal belt box drawn on background rubber of an active defect frame. Creates false positive penalty for defect regions.
frame_00088_jpg.rf.87e59ab061d8b683f58916681b17a43c.jpg,0,"[0.5091,0.6875,0.3620,0.2656]",NORMAL_BACKGROUND_CANDIDATE,Normal belt box drawn on background rubber of an active defect frame. Creates false positive penalty for defect regions.
frame_00089_jpg.rf.3c4ac6448477b80b330e60b97e25f284.jpg,0,"[0.4336,0.5143,0.3359,0.2266]",NORMAL_BACKGROUND_CANDIDATE,Normal belt box drawn on background rubber of an active defect frame. Creates false positive penalty for defect regions.
frame_00089_jpg.rf.3c4ac6448477b80b330e60b97e25f284.jpg,2,"[0.1042,0.5247,0.1458,0.1432]",NORMAL_BACKGROUND_CANDIDATE,Normal belt box drawn on background rubber of an active defect frame. Creates false positive penalty for defect regions.
frame_00090_jpg.rf.2c4b5a5b87946e27956a95f2025e8ba2.jpg,0,"[0.1263,0.4622,0.1641,0.1224]",NORMAL_BACKGROUND_CANDIDATE,"Entire image represents clean conveyor belt. In standard object detection, clean background is represented by zero bounding boxes."
frame_00091_jpg.rf.1105ceb99a1da7237c52b3d3e35f9342.jpg,1,"[0.7161,0.4714,0.3594,0.1719]",NORMAL_BACKGROUND_CANDIDATE,Normal belt box drawn on background rubber of an active defect frame. Creates false positive penalty for defect regions.
frame_00091_jpg.rf.1105ceb99a1da7237c52b3d3e35f9342.jpg,2,"[0.7500,0.3190,0.4740,0.0807]",NORMAL_BACKGROUND_CANDIDATE,Normal belt box drawn on background rubber of an active defect frame. Creates false positive penalty for defect regions.
frame_00093_jpg.rf.326afc4876d0513be704b8a69f59a987.jpg,0,"[0.1927,0.4023,0.2917,0.1484]",NORMAL_BACKGROUND_CANDIDATE,Normal belt box drawn on background rubber of an active defect frame. Creates false positive penalty for defect regions.
frame_00093_jpg.rf.326afc4876d0513be704b8a69f59a987.jpg,2,"[0.8750,0.3750,0.1823,0.3177]",NORMAL_BACKGROUND_CANDIDATE,Normal belt box drawn on background rubber of an active defect frame. Creates false positive penalty for defect regions.
frame_00094_jpg.rf.d4336cd6c336ceb3c4498fa026f27e10.jpg,0,"[0.4323,0.3359,0.3229,0.1927]",NORMAL_BACKGROUND_CANDIDATE,"Entire image represents clean conveyor belt. In standard object detection, clean background is represented by zero bounding boxes."
frame_00096_jpg.rf.8edcb31f47a77839cec1bf5c64ece661.jpg,1,"[0.1745,0.4102,0.2344,0.2734]",NORMAL_BACKGROUND_CANDIDATE,Normal belt box drawn on background rubber of an active defect frame. Creates false positive penalty for defect regions.
frame_00097_jpg.rf.089abcc0aa4be83c175a4f0bad602d3c.jpg,0,"[0.3984,0.4531,0.2604,0.1615]",NORMAL_BACKGROUND_CANDIDATE,"Entire image represents clean conveyor belt. In standard object detection, clean background is represented by zero bounding boxes."
frame_00097_jpg.rf.089abcc0aa4be83c175a4f0bad602d3c.jpg,1,"[0.3529,0.2604,0.1693,0.0990]",NORMAL_BACKGROUND_CANDIDATE,"Entire image represents clean conveyor belt. In standard object detection, clean background is represented by zero bounding boxes."
frame_00097_jpg.rf.089abcc0aa4be83c175a4f0bad602d3c.jpg,2,"[0.8958,0.4219,0.1354,0.2292]",NORMAL_BACKGROUND_CANDIDATE,"Entire image represents clean conveyor belt. In standard object detection, clean background is represented by zero bounding boxes."
frame_00098_jpg.rf.e2f184e14e5c49e4918a3b8f897ea584.jpg,0,"[0.7253,0.4466,0.4089,0.1016]",NORMAL_BACKGROUND_CANDIDATE,"Entire image represents clean conveyor belt. In standard object detection, clean background is represented by zero bounding boxes."
frame_00099_jpg.rf.86c700d67db41c386ca3cdb733eb54c1.jpg,0,"[0.5911,0.5325,0.5781,0.1276]",NORMAL_BACKGROUND_CANDIDATE,"Entire image represents clean conveyor belt. In standard object detection, clean background is represented by zero bounding boxes."
frame_00099_jpg.rf.86c700d67db41c386ca3cdb733eb54c1.jpg,1,"[0.8099,0.3594,0.3490,0.1042]",NORMAL_BACKGROUND_CANDIDATE,"Entire image represents clean conveyor belt. In standard object detection, clean background is represented by zero bounding boxes."
frame_00100_jpg.rf.9b26930109b8d694df8cc71cd78f0633.jpg,0,"[0.6107,0.4362,0.7005,0.2995]",NORMAL_BACKGROUND_CANDIDATE,"Entire image represents clean conveyor belt. In standard object detection, clean background is represented by zero bounding boxes."
frame_00101_jpg.rf.006cb43f0d59b252a0bda660dccb2177.jpg,0,"[0.3880,0.3685,0.6354,0.3464]",NORMAL_BACKGROUND_CANDIDATE,"Entire image represents clean conveyor belt. In standard object detection, clean background is represented by zero bounding boxes."
frame_00103_jpg.rf.00b324ab7c066d8f8d7f6322599b3941.jpg,1,"[0.7122,0.3958,0.2682,0.2448]",NORMAL_BACKGROUND_CANDIDATE,Normal belt box drawn on background rubber of an active defect frame. Creates false positive penalty for defect regions.
frame_00105_jpg.rf.acf0df8cb6a8ac88b5dbcaca25d2461e.jpg,0,"[0.4635,0.3776,0.5938,0.2552]",NORMAL_BACKGROUND_CANDIDATE,"Entire image represents clean conveyor belt. In standard object detection, clean background is represented by zero bounding boxes."
frame_00106_jpg.rf.66c01adefaa664049888e17a96463474.jpg,0,"[0.3307,0.3659,0.5469,0.3516]",NORMAL_BACKGROUND_CANDIDATE,Normal belt box drawn on background rubber of an active defect frame. Creates false positive penalty for defect regions.
frame_00108_jpg.rf.a1d24cc58c7bca2b3967c9b335d4aa1a.jpg,0,"[0.4883,0.3776,0.3984,0.2552]",NORMAL_BACKGROUND_CANDIDATE,"Entire image represents clean conveyor belt. In standard object detection, clean background is represented by zero bounding boxes."
frame_00109_jpg.rf.b63ab4e3efb3483cfe7d129650b66942.jpg,1,"[0.1732,0.4297,0.2005,0.1406]",NORMAL_BACKGROUND_CANDIDATE,Normal belt box drawn on background rubber of an active defect frame. Creates false positive penalty for defect regions.
frame_00109_jpg.rf.b63ab4e3efb3483cfe7d129650b66942.jpg,2,"[0.1719,0.2513,0.1094,0.1172]",NORMAL_BACKGROUND_CANDIDATE,Normal belt box drawn on background rubber of an active defect frame. Creates false positive penalty for defect regions.
frame_00109_jpg.rf.b63ab4e3efb3483cfe7d129650b66942.jpg,3,"[0.7773,0.3112,0.3620,0.2057]",NORMAL_BACKGROUND_CANDIDATE,Normal belt box drawn on background rubber of an active defect frame. Creates false positive penalty for defect regions.
frame_00113_jpg.rf.3c24baa5375ef67e96377d9a4487b941.jpg,1,"[0.7669,0.3776,0.4141,0.2917]",NORMAL_BACKGROUND_CANDIDATE,Normal belt box drawn on background rubber of an active defect frame. Creates false positive penalty for defect regions.
frame_00115_jpg.rf.28b4796023ae92201ed0b6b52dcef9a5.jpg,0,"[0.3112,0.3984,0.4505,0.2292]",NORMAL_BACKGROUND_CANDIDATE,Normal belt box drawn on background rubber of an active defect frame. Creates false positive penalty for defect regions.
frame_00116_jpg.rf.08b34aaaa777a3d5d55fa22ff11b14de.jpg,0,"[0.3138,0.4609,0.3203,0.1667]",NORMAL_BACKGROUND_CANDIDATE,Normal belt box drawn on background rubber of an active defect frame. Creates false positive penalty for defect regions.
frame_00117_jpg.rf.dc8b15753471ed38160b14b362032076.jpg,1,"[0.6120,0.4115,0.1146,0.3750]",NORMAL_BACKGROUND_CANDIDATE,Normal belt box drawn on background rubber of an active defect frame. Creates false positive penalty for defect regions.
frame_00117_jpg.rf.dc8b15753471ed38160b14b362032076.jpg,2,"[0.8711,0.4583,0.1536,0.2188]",NORMAL_BACKGROUND_CANDIDATE,Normal belt box drawn on background rubber of an active defect frame. Creates false positive penalty for defect regions.
frame_00124_jpg.rf.db15bd75394c65b38849062d916baa6a.jpg,0,"[0.3060,0.4479,0.5234,0.3698]",NORMAL_BACKGROUND_CANDIDATE,Normal belt box drawn on background rubber of an active defect frame. Creates false positive penalty for defect regions.
frame_00126_jpg.rf.f2050ff5ea4bd64e8a4ffd0f4ace0ce2.jpg,1,"[0.4362,0.4635,0.1276,0.3281]",NORMAL_BACKGROUND_CANDIDATE,Normal belt box drawn on background rubber of an active defect frame. Creates false positive penalty for defect regions.
frame_00126_jpg.rf.f2050ff5ea4bd64e8a4ffd0f4ace0ce2.jpg,2,"[0.6510,0.4727,0.1771,0.3984]",NORMAL_BACKGROUND_CANDIDATE,Normal belt box drawn on background rubber of an active defect frame. Creates false positive penalty for defect regions.
frame_00126_jpg.rf.f2050ff5ea4bd64e8a4ffd0f4ace0ce2.jpg,3,"[0.9050,0.5143,0.1328,0.3724]",NORMAL_BACKGROUND_CANDIDATE,Normal belt box drawn on background rubber of an active defect frame. Creates false positive penalty for defect regions.
frame_00126_jpg.rf.f2050ff5ea4bd64e8a4ffd0f4ace0ce2_aug_hvflip_2.jpg,1,"[0.3490,0.5273,0.1771,0.3984]",NORMAL_BACKGROUND_CANDIDATE,Normal belt box drawn on background rubber of an active defect frame. Creates false positive penalty for defect regions.
frame_00126_jpg.rf.f2050ff5ea4bd64e8a4ffd0f4ace0ce2_aug_hvflip_2.jpg,2,"[0.0950,0.4857,0.1328,0.3724]",NORMAL_BACKGROUND_CANDIDATE,Normal belt box drawn on background rubber of an active defect frame. Creates false positive penalty for defect regions.
frame_00126_jpg.rf.f2050ff5ea4bd64e8a4ffd0f4ace0ce2_aug_vflip_1.jpg,1,"[0.4362,0.5365,0.1276,0.3281]",NORMAL_BACKGROUND_CANDIDATE,Normal belt box drawn on background rubber of an active defect frame. Creates false positive penalty for defect regions.
frame_00126_jpg.rf.f2050ff5ea4bd64e8a4ffd0f4ace0ce2_aug_vflip_1.jpg,2,"[0.6510,0.5273,0.1771,0.3984]",NORMAL_BACKGROUND_CANDIDATE,Normal belt box drawn on background rubber of an active defect frame. Creates false positive penalty for defect regions.
frame_00126_jpg.rf.f2050ff5ea4bd64e8a4ffd0f4ace0ce2_aug_vflip_1.jpg,3,"[0.9050,0.4857,0.1328,0.3724]",NORMAL_BACKGROUND_CANDIDATE,Normal belt box drawn on background rubber of an active defect frame. Creates false positive penalty for defect regions.
frame_00127_jpg.rf.6978339928de61ea4fa2fd4ddb5cd0ea.jpg,0,"[0.5898,0.4753,0.6536,0.2630]",NORMAL_BACKGROUND_CANDIDATE,"Entire image represents clean conveyor belt. In standard object detection, clean background is represented by zero bounding boxes."
frame_00130_jpg.rf.4411bebdb5be05dc67be5bddfe26f88b.jpg,0,"[0.1771,0.4661,0.2500,0.3594]",NORMAL_BACKGROUND_CANDIDATE,Normal belt box drawn on background rubber of an active defect frame. Creates false positive penalty for defect regions.
frame_00130_jpg.rf.4411bebdb5be05dc67be5bddfe26f88b.jpg,2,"[0.8047,0.5846,0.2031,0.1849]",NORMAL_BACKGROUND_CANDIDATE,Normal belt box drawn on background rubber of an active defect frame. Creates false positive penalty for defect regions.
frame_00130_jpg.rf.4411bebdb5be05dc67be5bddfe26f88b_aug_contrast_1.jpg,0,"[0.1771,0.4661,0.2500,0.3594]",NORMAL_BACKGROUND_CANDIDATE,Normal belt box drawn on background rubber of an active defect frame. Creates false positive penalty for defect regions.
frame_00130_jpg.rf.4411bebdb5be05dc67be5bddfe26f88b_aug_contrast_1.jpg,2,"[0.8047,0.5846,0.2031,0.1849]",NORMAL_BACKGROUND_CANDIDATE,Normal belt box drawn on background rubber of an active defect frame. Creates false positive penalty for defect regions.
frame_00130_jpg.rf.4411bebdb5be05dc67be5bddfe26f88b_aug_hflip_0.jpg,0,"[0.8229,0.4661,0.2500,0.3594]",NORMAL_BACKGROUND_CANDIDATE,Normal belt box drawn on background rubber of an active defect frame. Creates false positive penalty for defect regions.
frame_00130_jpg.rf.4411bebdb5be05dc67be5bddfe26f88b_aug_hflip_0.jpg,2,"[0.1953,0.5846,0.2031,0.1849]",NORMAL_BACKGROUND_CANDIDATE,Normal belt box drawn on background rubber of an active defect frame. Creates false positive penalty for defect regions.
frame_00131_jpg.rf.8aff8c3afc6564a1e458acb76f1fb0bb.jpg,0,"[0.6745,0.5365,0.3333,0.2240]",NORMAL_BACKGROUND_CANDIDATE,Normal belt box drawn on background rubber of an active defect frame. Creates false positive penalty for defect regions.
frame_00131_jpg.rf.8aff8c3afc6564a1e458acb76f1fb0bb.jpg,2,"[0.7227,0.3385,0.2578,0.0781]",NORMAL_BACKGROUND_CANDIDATE,Normal belt box drawn on background rubber of an active defect frame. Creates false positive penalty for defect regions.
frame_00131_jpg.rf.8aff8c3afc6564a1e458acb76f1fb0bb_aug_contrast_1.jpg,0,"[0.6745,0.5365,0.3333,0.2240]",NORMAL_BACKGROUND_CANDIDATE,Normal belt box drawn on background rubber of an active defect frame. Creates false positive penalty for defect regions.
frame_00131_jpg.rf.8aff8c3afc6564a1e458acb76f1fb0bb_aug_contrast_1.jpg,2,"[0.7227,0.3385,0.2578,0.0781]",NORMAL_BACKGROUND_CANDIDATE,Normal belt box drawn on background rubber of an active defect frame. Creates false positive penalty for defect regions.
frame_00131_jpg.rf.8aff8c3afc6564a1e458acb76f1fb0bb_aug_hflip_0.jpg,0,"[0.3255,0.5365,0.3333,0.2240]",NORMAL_BACKGROUND_CANDIDATE,Normal belt box drawn on background rubber of an active defect frame. Creates false positive penalty for defect regions.
frame_00131_jpg.rf.8aff8c3afc6564a1e458acb76f1fb0bb_aug_hflip_0.jpg,2,"[0.2773,0.3385,0.2578,0.0781]",NORMAL_BACKGROUND_CANDIDATE,Normal belt box drawn on background rubber of an active defect frame. Creates false positive penalty for defect regions.
frame_00132_jpg.rf.816b54bff7d7c1db1cffa085f95eb41f.jpg,0,"[0.2904,0.4531,0.2318,0.3125]",NORMAL_BACKGROUND_CANDIDATE,Normal belt box drawn on background rubber of an active defect frame. Creates false positive penalty for defect regions.
frame_00132_jpg.rf.816b54bff7d7c1db1cffa085f95eb41f_aug_contrast_1.jpg,0,"[0.2904,0.4531,0.2318,0.3125]",NORMAL_BACKGROUND_CANDIDATE,Normal belt box drawn on background rubber of an active defect frame. Creates false positive penalty for defect regions.
frame_00132_jpg.rf.816b54bff7d7c1db1cffa085f95eb41f_aug_hflip_0.jpg,0,"[0.7096,0.4531,0.2318,0.3125]",NORMAL_BACKGROUND_CANDIDATE,Normal belt box drawn on background rubber of an active defect frame. Creates false positive penalty for defect regions.
frame_00133_jpg.rf.02f04e0e9f8e84483807d4a29ad34c2c.jpg,1,"[0.5977,0.4909,0.1745,0.2578]",NORMAL_BACKGROUND_CANDIDATE,Normal belt box drawn on background rubber of an active defect frame. Creates false positive penalty for defect regions.
frame_00133_jpg.rf.02f04e0e9f8e84483807d4a29ad34c2c.jpg,2,"[0.8203,0.5990,0.1875,0.1979]",NORMAL_BACKGROUND_CANDIDATE,Normal belt box drawn on background rubber of an active defect frame. Creates false positive penalty for defect regions.
frame_00133_jpg.rf.02f04e0e9f8e84483807d4a29ad34c2c_aug_contrast_1.jpg,1,"[0.5977,0.4909,0.1745,0.2578]",NORMAL_BACKGROUND_CANDIDATE,Normal belt box drawn on background rubber of an active defect frame. Creates false positive penalty for defect regions.
frame_00133_jpg.rf.02f04e0e9f8e84483807d4a29ad34c2c_aug_contrast_1.jpg,2,"[0.8203,0.5990,0.1875,0.1979]",NORMAL_BACKGROUND_CANDIDATE,Normal belt box drawn on background rubber of an active defect frame. Creates false positive penalty for defect regions.
frame_00133_jpg.rf.02f04e0e9f8e84483807d4a29ad34c2c_aug_hflip_0.jpg,1,"[0.4023,0.4909,0.1745,0.2578]",NORMAL_BACKGROUND_CANDIDATE,Normal belt box drawn on background rubber of an active defect frame. Creates false positive penalty for defect regions.
frame_00133_jpg.rf.02f04e0e9f8e84483807d4a29ad34c2c_aug_hflip_0.jpg,2,"[0.1797,0.5990,0.1875,0.1979]",NORMAL_BACKGROUND_CANDIDATE,Normal belt box drawn on background rubber of an active defect frame. Creates false positive penalty for defect regions.
frame_00135_jpg.rf.fd7c6c2f8a055276d7da5d1fb3c8e0a5.jpg,1,"[0.6341,0.5312,0.1068,0.0990]",NORMAL_BACKGROUND_CANDIDATE,Normal belt box drawn on background rubber of an active defect frame. Creates false positive penalty for defect regions.
frame_00135_jpg.rf.fd7c6c2f8a055276d7da5d1fb3c8e0a5_aug_contrast_1.jpg,1,"[0.6341,0.5312,0.1068,0.0990]",NORMAL_BACKGROUND_CANDIDATE,Normal belt box drawn on background rubber of an active defect frame. Creates false positive penalty for defect regions.
frame_00135_jpg.rf.fd7c6c2f8a055276d7da5d1fb3c8e0a5_aug_hflip_0.jpg,1,"[0.3659,0.5312,0.1068,0.0990]",NORMAL_BACKGROUND_CANDIDATE,Normal belt box drawn on background rubber of an active defect frame. Creates false positive penalty for defect regions.
frame_00136_jpg.rf.0933f4c60a61ddd751562e77d012647a.jpg,1,"[0.5664,0.5273,0.0911,0.3828]",NORMAL_BACKGROUND_CANDIDATE,Normal belt box drawn on background rubber of an active defect frame. Creates false positive penalty for defect regions.
frame_00136_jpg.rf.0933f4c60a61ddd751562e77d012647a.jpg,2,"[0.7669,0.5247,0.1536,0.3776]",NORMAL_BACKGROUND_CANDIDATE,Normal belt box drawn on background rubber of an active defect frame. Creates false positive penalty for defect regions.
frame_00136_jpg.rf.0933f4c60a61ddd751562e77d012647a.jpg,3,"[0.9154,0.5286,0.1016,0.3698]",NORMAL_BACKGROUND_CANDIDATE,Normal belt box drawn on background rubber of an active defect frame. Creates false positive penalty for defect regions.
frame_00136_jpg.rf.0933f4c60a61ddd751562e77d012647a_aug_contrast_1.jpg,1,"[0.5664,0.5273,0.0911,0.3828]",NORMAL_BACKGROUND_CANDIDATE,Normal belt box drawn on background rubber of an active defect frame. Creates false positive penalty for defect regions.
frame_00136_jpg.rf.0933f4c60a61ddd751562e77d012647a_aug_contrast_1.jpg,2,"[0.7669,0.5247,0.1536,0.3776]",NORMAL_BACKGROUND_CANDIDATE,Normal belt box drawn on background rubber of an active defect frame. Creates false positive penalty for defect regions.
frame_00136_jpg.rf.0933f4c60a61ddd751562e77d012647a_aug_contrast_1.jpg,3,"[0.9154,0.5286,0.1016,0.3698]",NORMAL_BACKGROUND_CANDIDATE,Normal belt box drawn on background rubber of an active defect frame. Creates false positive penalty for defect regions.
frame_00136_jpg.rf.0933f4c60a61ddd751562e77d012647a_aug_hflip_0.jpg,1,"[0.4336,0.5273,0.0911,0.3828]",NORMAL_BACKGROUND_CANDIDATE,Normal belt box drawn on background rubber of an active defect frame. Creates false positive penalty for defect regions.
frame_00136_jpg.rf.0933f4c60a61ddd751562e77d012647a_aug_hflip_0.jpg,2,"[0.2331,0.5247,0.1536,0.3776]",NORMAL_BACKGROUND_CANDIDATE,Normal belt box drawn on background rubber of an active defect frame. Creates false positive penalty for defect regions.
frame_00136_jpg.rf.0933f4c60a61ddd751562e77d012647a_aug_hflip_0.jpg,3,"[0.0846,0.5286,0.1016,0.3698]",NORMAL_BACKGROUND_CANDIDATE,Normal belt box drawn on background rubber of an active defect frame. Creates false positive penalty for defect regions.
frame_00137_jpg.rf.5a218ff005e1500e85dd867ea1794ea2.jpg,0,"[0.5898,0.5456,0.6172,0.2057]",NORMAL_BACKGROUND_CANDIDATE,"Entire image represents clean conveyor belt. In standard object detection, clean background is represented by zero bounding boxes."
frame_00138_jpg.rf.396c04476b38d460b0af227fa794fef9.jpg,0,"[0.2018,0.5690,0.2318,0.2734]",NORMAL_BACKGROUND_CANDIDATE,Normal belt box drawn on background rubber of an active defect frame. Creates false positive penalty for defect regions.
frame_00138_jpg.rf.396c04476b38d460b0af227fa794fef9.jpg,1,"[0.5156,0.6341,0.1146,0.2057]",NORMAL_BACKGROUND_CANDIDATE,Normal belt box drawn on background rubber of an active defect frame. Creates false positive penalty for defect regions.
frame_00138_jpg.rf.396c04476b38d460b0af227fa794fef9_aug_contrast_1.jpg,0,"[0.2018,0.5690,0.2318,0.2734]",NORMAL_BACKGROUND_CANDIDATE,Normal belt box drawn on background rubber of an active defect frame. Creates false positive penalty for defect regions.
frame_00138_jpg.rf.396c04476b38d460b0af227fa794fef9_aug_contrast_1.jpg,1,"[0.5156,0.6341,0.1146,0.2057]",NORMAL_BACKGROUND_CANDIDATE,Normal belt box drawn on background rubber of an active defect frame. Creates false positive penalty for defect regions.
frame_00138_jpg.rf.396c04476b38d460b0af227fa794fef9_aug_hflip_0.jpg,0,"[0.7982,0.5690,0.2318,0.2734]",NORMAL_BACKGROUND_CANDIDATE,Normal belt box drawn on background rubber of an active defect frame. Creates false positive penalty for defect regions.
frame_00138_jpg.rf.396c04476b38d460b0af227fa794fef9_aug_hflip_0.jpg,1,"[0.4844,0.6341,0.1146,0.2057]",NORMAL_BACKGROUND_CANDIDATE,Normal belt box drawn on background rubber of an active defect frame. Creates false positive penalty for defect regions.
frame_00139_jpg.rf.d8ac4ec538406e8c87b94eb32823b952.jpg,1,"[0.3047,0.5729,0.2448,0.1250]",NORMAL_BACKGROUND_CANDIDATE,Normal belt box drawn on background rubber of an active defect frame. Creates false positive penalty for defect regions.
frame_00139_jpg.rf.d8ac4ec538406e8c87b94eb32823b952.jpg,2,"[0.0794,0.5091,0.0807,0.3568]",NORMAL_BACKGROUND_CANDIDATE,Normal belt box drawn on background rubber of an active defect frame. Creates false positive penalty for defect regions.
frame_00139_jpg.rf.d8ac4ec538406e8c87b94eb32823b952_aug_contrast_1.jpg,1,"[0.3047,0.5729,0.2448,0.1250]",NORMAL_BACKGROUND_CANDIDATE,Normal belt box drawn on background rubber of an active defect frame. Creates false positive penalty for defect regions.
frame_00139_jpg.rf.d8ac4ec538406e8c87b94eb32823b952_aug_contrast_1.jpg,2,"[0.0794,0.5091,0.0807,0.3568]",NORMAL_BACKGROUND_CANDIDATE,Normal belt box drawn on background rubber of an active defect frame. Creates false positive penalty for defect regions.
frame_00139_jpg.rf.d8ac4ec538406e8c87b94eb32823b952_aug_hflip_0.jpg,1,"[0.6953,0.5729,0.2448,0.1250]",NORMAL_BACKGROUND_CANDIDATE,Normal belt box drawn on background rubber of an active defect frame. Creates false positive penalty for defect regions.
frame_00139_jpg.rf.d8ac4ec538406e8c87b94eb32823b952_aug_hflip_0.jpg,2,"[0.9206,0.5091,0.0807,0.3568]",NORMAL_BACKGROUND_CANDIDATE,Normal belt box drawn on background rubber of an active defect frame. Creates false positive penalty for defect regions.
frame_00140_jpg.rf.3ad545e80ef4a9a51eb58094c30d4a6d.jpg,1,"[0.6536,0.5482,0.2292,0.3255]",NORMAL_BACKGROUND_CANDIDATE,Normal belt box drawn on background rubber of an active defect frame. Creates false positive penalty for defect regions.
frame_00140_jpg.rf.3ad545e80ef4a9a51eb58094c30d4a6d_aug_contrast_1.jpg,1,"[0.6536,0.5482,0.2292,0.3255]",NORMAL_BACKGROUND_CANDIDATE,Normal belt box drawn on background rubber of an active defect frame. Creates false positive penalty for defect regions.
frame_00140_jpg.rf.3ad545e80ef4a9a51eb58094c30d4a6d_aug_hflip_0.jpg,1,"[0.3464,0.5482,0.2292,0.3255]",NORMAL_BACKGROUND_CANDIDATE,Normal belt box drawn on background rubber of an active defect frame. Creates false positive penalty for defect regions.
frame_00141_jpg.rf.401688c6f85f0c962e721e03e5616ecf.jpg,0,"[0.1628,0.4531,0.0547,0.1406]",NORMAL_BACKGROUND_CANDIDATE,Normal belt box drawn on background rubber of an active defect frame. Creates false positive penalty for defect regions.
frame_00141_jpg.rf.401688c6f85f0c962e721e03e5616ecf.jpg,1,"[0.3854,0.5768,0.3229,0.1536]",NORMAL_BACKGROUND_CANDIDATE,Normal belt box drawn on background rubber of an active defect frame. Creates false positive penalty for defect regions.
frame_00141_jpg.rf.401688c6f85f0c962e721e03e5616ecf.jpg,2,"[0.7513,0.5911,0.2578,0.3854]",NORMAL_BACKGROUND_CANDIDATE,Normal belt box drawn on background rubber of an active defect frame. Creates false positive penalty for defect regions.
frame_00141_jpg.rf.401688c6f85f0c962e721e03e5616ecf_aug_contrast_1.jpg,0,"[0.1628,0.4531,0.0547,0.1406]",NORMAL_BACKGROUND_CANDIDATE,Normal belt box drawn on background rubber of an active defect frame. Creates false positive penalty for defect regions.
frame_00141_jpg.rf.401688c6f85f0c962e721e03e5616ecf_aug_contrast_1.jpg,1,"[0.3854,0.5768,0.3229,0.1536]",NORMAL_BACKGROUND_CANDIDATE,Normal belt box drawn on background rubber of an active defect frame. Creates false positive penalty for defect regions.
frame_00141_jpg.rf.401688c6f85f0c962e721e03e5616ecf_aug_contrast_1.jpg,2,"[0.7513,0.5911,0.2578,0.3854]",NORMAL_BACKGROUND_CANDIDATE,Normal belt box drawn on background rubber of an active defect frame. Creates false positive penalty for defect regions.
frame_00141_jpg.rf.401688c6f85f0c962e721e03e5616ecf_aug_hflip_0.jpg,0,"[0.8372,0.4531,0.0547,0.1406]",NORMAL_BACKGROUND_CANDIDATE,Normal belt box drawn on background rubber of an active defect frame. Creates false positive penalty for defect regions.
frame_00141_jpg.rf.401688c6f85f0c962e721e03e5616ecf_aug_hflip_0.jpg,1,"[0.6146,0.5768,0.3229,0.1536]",NORMAL_BACKGROUND_CANDIDATE,Normal belt box drawn on background rubber of an active defect frame. Creates false positive penalty for defect regions.
frame_00141_jpg.rf.401688c6f85f0c962e721e03e5616ecf_aug_hflip_0.jpg,2,"[0.2487,0.5911,0.2578,0.3854]",NORMAL_BACKGROUND_CANDIDATE,Normal belt box drawn on background rubber of an active defect frame. Creates false positive penalty for defect regions.
frame_00142_jpg.rf.751e6f668859a76a907abedd6bcbfb86.jpg,0,"[0.2943,0.4831,0.2396,0.2526]",NORMAL_BACKGROUND_CANDIDATE,"Entire image represents clean conveyor belt. In standard object detection, clean background is represented by zero bounding boxes."
frame_00143_jpg.rf.9c6a5ee5fe86522f3bc13bd72dbd4c0c.jpg,0,"[0.1536,0.4675,0.1146,0.2474]",NORMAL_BACKGROUND_CANDIDATE,"Entire image represents clean conveyor belt. In standard object detection, clean background is represented by zero bounding boxes."
frame_00145_jpg.rf.58a2422cfe0072c619318830fefe1def.jpg,0,"[0.2904,0.5990,0.2422,0.3385]",NORMAL_BACKGROUND_CANDIDATE,"Entire image represents clean conveyor belt. In standard object detection, clean background is represented by zero bounding boxes."
frame_00146_jpg.rf.df0fa335770dd8f74ca8300eae3c3d5b.jpg,0,"[0.7917,0.5508,0.2917,0.1016]",NORMAL_BACKGROUND_CANDIDATE,"Entire image represents clean conveyor belt. In standard object detection, clean background is represented by zero bounding boxes."
frame_00146_jpg.rf.df0fa335770dd8f74ca8300eae3c3d5b.jpg,1,"[0.0586,0.5091,0.0599,0.2682]",NORMAL_BACKGROUND_CANDIDATE,"Entire image represents clean conveyor belt. In standard object detection, clean background is represented by zero bounding boxes."
frame_00147_jpg.rf.5bc5557c0a6e941e902bb80f6c6606de.jpg,0,"[0.2448,0.5430,0.1042,0.1589]",NORMAL_BACKGROUND_CANDIDATE,"Entire image represents clean conveyor belt. In standard object detection, clean background is represented by zero bounding boxes."
frame_00147_jpg.rf.5bc5557c0a6e941e902bb80f6c6606de.jpg,1,"[0.8203,0.6380,0.2240,0.1354]",NORMAL_BACKGROUND_CANDIDATE,"Entire image represents clean conveyor belt. In standard object detection, clean background is represented by zero bounding boxes."
frame_00150_jpg.rf.0419ef8dc161183eed7cdedd3924f394.jpg,2,"[0.6875,0.5573,0.2552,0.5156]",NORMAL_BACKGROUND_CANDIDATE,Normal belt box drawn on background rubber of an active defect frame. Creates false positive penalty for defect regions.
frame_00150_jpg.rf.0419ef8dc161183eed7cdedd3924f394_aug_contrast_3.jpg,2,"[0.6875,0.5573,0.2552,0.5156]",NORMAL_BACKGROUND_CANDIDATE,Normal belt box drawn on background rubber of an active defect frame. Creates false positive penalty for defect regions.
frame_00150_jpg.rf.0419ef8dc161183eed7cdedd3924f394_aug_hflip_0.jpg,2,"[0.3125,0.5573,0.2552,0.5156]",NORMAL_BACKGROUND_CANDIDATE,Normal belt box drawn on background rubber of an active defect frame. Creates false positive penalty for defect regions.
frame_00150_jpg.rf.0419ef8dc161183eed7cdedd3924f394_aug_hvflip_2.jpg,2,"[0.3125,0.4427,0.2552,0.5156]",NORMAL_BACKGROUND_CANDIDATE,Normal belt box drawn on background rubber of an active defect frame. Creates false positive penalty for defect regions.
frame_00150_jpg.rf.0419ef8dc161183eed7cdedd3924f394_aug_vflip_1.jpg,2,"[0.6875,0.4427,0.2552,0.5156]",NORMAL_BACKGROUND_CANDIDATE,Normal belt box drawn on background rubber of an active defect frame. Creates false positive penalty for defect regions.
frame_00151_jpg.rf.d69634b232de3cd6ea5d428af7368966.jpg,1,"[0.6693,0.4740,0.1771,0.4010]",NORMAL_BACKGROUND_CANDIDATE,Normal belt box drawn on background rubber of an active defect frame. Creates false positive penalty for defect regions.
frame_00151_jpg.rf.d69634b232de3cd6ea5d428af7368966_aug_contrast_3.jpg,1,"[0.6693,0.4740,0.1771,0.4010]",NORMAL_BACKGROUND_CANDIDATE,Normal belt box drawn on background rubber of an active defect frame. Creates false positive penalty for defect regions.
frame_00151_jpg.rf.d69634b232de3cd6ea5d428af7368966_aug_hflip_0.jpg,1,"[0.3307,0.4740,0.1771,0.4010]",NORMAL_BACKGROUND_CANDIDATE,Normal belt box drawn on background rubber of an active defect frame. Creates false positive penalty for defect regions.
frame_00151_jpg.rf.d69634b232de3cd6ea5d428af7368966_aug_hvflip_2.jpg,1,"[0.3307,0.5260,0.1771,0.4010]",NORMAL_BACKGROUND_CANDIDATE,Normal belt box drawn on background rubber of an active defect frame. Creates false positive penalty for defect regions.
frame_00151_jpg.rf.d69634b232de3cd6ea5d428af7368966_aug_vflip_1.jpg,1,"[0.6693,0.5260,0.1771,0.4010]",NORMAL_BACKGROUND_CANDIDATE,Normal belt box drawn on background rubber of an active defect frame. Creates false positive penalty for defect regions.
frame_00156_jpg.rf.5b701fade6a73a61dd651ff073a8c448.jpg,0,"[0.1510,0.4167,0.1510,0.5885]",NORMAL_BACKGROUND_CANDIDATE,"Entire image represents clean conveyor belt. In standard object detection, clean background is represented by zero bounding boxes."
frame_00159_jpg.rf.048cfb46cc697add6524c0c93f10cdb4.jpg,1,"[0.5820,0.5716,0.3047,0.2005]",NORMAL_BACKGROUND_CANDIDATE,Normal belt box drawn on background rubber of an active defect frame. Creates false positive penalty for defect regions.
frame_00159_jpg.rf.048cfb46cc697add6524c0c93f10cdb4_aug_contrast_1.jpg,1,"[0.5820,0.5716,0.3047,0.2005]",NORMAL_BACKGROUND_CANDIDATE,Normal belt box drawn on background rubber of an active defect frame. Creates false positive penalty for defect regions.
frame_00159_jpg.rf.048cfb46cc697add6524c0c93f10cdb4_aug_hflip_0.jpg,1,"[0.4180,0.5716,0.3047,0.2005]",NORMAL_BACKGROUND_CANDIDATE,Normal belt box drawn on background rubber of an active defect frame. Creates false positive penalty for defect regions.
frame_00161_jpg.rf.fc7b2d99b4fbadf3e670ff35a69ca58c.jpg,1,"[0.2305,0.6120,0.2422,0.1875]",NORMAL_BACKGROUND_CANDIDATE,Normal belt box drawn on background rubber of an active defect frame. Creates false positive penalty for defect regions.
frame_00161_jpg.rf.fc7b2d99b4fbadf3e670ff35a69ca58c.jpg,2,"[0.8112,0.7513,0.2786,0.1589]",NORMAL_BACKGROUND_CANDIDATE,Normal belt box drawn on background rubber of an active defect frame. Creates false positive penalty for defect regions.
frame_00161_jpg.rf.fc7b2d99b4fbadf3e670ff35a69ca58c.jpg,3,"[0.6875,0.2734,0.1771,0.1250]",NORMAL_BACKGROUND_CANDIDATE,Normal belt box drawn on background rubber of an active defect frame. Creates false positive penalty for defect regions.
frame_00161_jpg.rf.fc7b2d99b4fbadf3e670ff35a69ca58c_aug_contrast_1.jpg,1,"[0.2305,0.6120,0.2422,0.1875]",NORMAL_BACKGROUND_CANDIDATE,Normal belt box drawn on background rubber of an active defect frame. Creates false positive penalty for defect regions.
frame_00161_jpg.rf.fc7b2d99b4fbadf3e670ff35a69ca58c_aug_contrast_1.jpg,2,"[0.8112,0.7513,0.2786,0.1589]",NORMAL_BACKGROUND_CANDIDATE,Normal belt box drawn on background rubber of an active defect frame. Creates false positive penalty for defect regions.
frame_00161_jpg.rf.fc7b2d99b4fbadf3e670ff35a69ca58c_aug_contrast_1.jpg,3,"[0.6875,0.2734,0.1771,0.1250]",NORMAL_BACKGROUND_CANDIDATE,Normal belt box drawn on background rubber of an active defect frame. Creates false positive penalty for defect regions.
frame_00161_jpg.rf.fc7b2d99b4fbadf3e670ff35a69ca58c_aug_hflip_0.jpg,1,"[0.7695,0.6120,0.2422,0.1875]",NORMAL_BACKGROUND_CANDIDATE,Normal belt box drawn on background rubber of an active defect frame. Creates false positive penalty for defect regions.
frame_00161_jpg.rf.fc7b2d99b4fbadf3e670ff35a69ca58c_aug_hflip_0.jpg,2,"[0.1888,0.7513,0.2786,0.1589]",NORMAL_BACKGROUND_CANDIDATE,Normal belt box drawn on background rubber of an active defect frame. Creates false positive penalty for defect regions.
frame_00161_jpg.rf.fc7b2d99b4fbadf3e670ff35a69ca58c_aug_hflip_0.jpg,3,"[0.3125,0.2734,0.1771,0.1250]",NORMAL_BACKGROUND_CANDIDATE,Normal belt box drawn on background rubber of an active defect frame. Creates false positive penalty for defect regions.
frame_00165_jpg.rf.7246e72ad9e3e06494919fa0c79f81b9.jpg,1,"[0.7044,0.4948,0.2318,0.4219]",NORMAL_BACKGROUND_CANDIDATE,Normal belt box drawn on background rubber of an active defect frame. Creates false positive penalty for defect regions.
frame_00165_jpg.rf.7246e72ad9e3e06494919fa0c79f81b9_aug_contrast_1.jpg,1,"[0.7044,0.4948,0.2318,0.4219]",NORMAL_BACKGROUND_CANDIDATE,Normal belt box drawn on background rubber of an active defect frame. Creates false positive penalty for defect regions.
frame_00165_jpg.rf.7246e72ad9e3e06494919fa0c79f81b9_aug_hflip_0.jpg,1,"[0.2956,0.4948,0.2318,0.4219]",NORMAL_BACKGROUND_CANDIDATE,Normal belt box drawn on background rubber of an active defect frame. Creates false positive penalty for defect regions.
frame_00167_jpg.rf.cf80e56149b05215cb319fb294984ac0.jpg,1,"[0.2904,0.3646,0.1953,0.2604]",NORMAL_BACKGROUND_CANDIDATE,Normal belt box drawn on background rubber of an active defect frame. Creates false positive penalty for defect regions.
frame_00167_jpg.rf.cf80e56149b05215cb319fb294984ac0_aug_contrast_1.jpg,1,"[0.2904,0.3646,0.1953,0.2604]",NORMAL_BACKGROUND_CANDIDATE,Normal belt box drawn on background rubber of an active defect frame. Creates false positive penalty for defect regions.
frame_00167_jpg.rf.cf80e56149b05215cb319fb294984ac0_aug_hflip_0.jpg,1,"[0.7096,0.3646,0.1953,0.2604]",NORMAL_BACKGROUND_CANDIDATE,Normal belt box drawn on background rubber of an active defect frame. Creates false positive penalty for defect regions.
frame_00168_jpg.rf.dad4ea37b0a2c85d0abde14ee8b09756.jpg,1,"[0.1536,0.4870,0.1510,0.3594]",NORMAL_BACKGROUND_CANDIDATE,Normal belt box drawn on background rubber of an active defect frame. Creates false positive penalty for defect regions.
frame_00168_jpg.rf.dad4ea37b0a2c85d0abde14ee8b09756_aug_contrast_1.jpg,1,"[0.1536,0.4870,0.1510,0.3594]",NORMAL_BACKGROUND_CANDIDATE,Normal belt box drawn on background rubber of an active defect frame. Creates false positive penalty for defect regions.
frame_00168_jpg.rf.dad4ea37b0a2c85d0abde14ee8b09756_aug_hflip_0.jpg,1,"[0.8464,0.4870,0.1510,0.3594]",NORMAL_BACKGROUND_CANDIDATE,Normal belt box drawn on background rubber of an active defect frame. Creates false positive penalty for defect regions.
frame_00170_jpg.rf.ad470f29c43bbe36ed3f919c4fdc960a.jpg,1,"[0.7266,0.5430,0.2812,0.4870]",NORMAL_BACKGROUND_CANDIDATE,Normal belt box drawn on background rubber of an active defect frame. Creates false positive penalty for defect regions.
frame_00170_jpg.rf.ad470f29c43bbe36ed3f919c4fdc960a_aug_contrast_1.jpg,1,"[0.7266,0.5430,0.2812,0.4870]",NORMAL_BACKGROUND_CANDIDATE,Normal belt box drawn on background rubber of an active defect frame. Creates false positive penalty for defect regions.
frame_00170_jpg.rf.ad470f29c43bbe36ed3f919c4fdc960a_aug_hflip_0.jpg,1,"[0.2734,0.5430,0.2812,0.4870]",NORMAL_BACKGROUND_CANDIDATE,Normal belt box drawn on background rubber of an active defect frame. Creates false positive penalty for defect regions.
frame_00171_jpg.rf.a7666719014b7aa5853970a38eb03ca0.jpg,0,"[0.4453,0.5872,0.0573,0.3255]",NORMAL_BACKGROUND_CANDIDATE,Normal belt box drawn on background rubber of an active defect frame. Creates false positive penalty for defect regions.
frame_00171_jpg.rf.a7666719014b7aa5853970a38eb03ca0_aug_contrast_3.jpg,0,"[0.4453,0.5872,0.0573,0.3255]",NORMAL_BACKGROUND_CANDIDATE,Normal belt box drawn on background rubber of an active defect frame. Creates false positive penalty for defect regions.
frame_00171_jpg.rf.a7666719014b7aa5853970a38eb03ca0_aug_hflip_0.jpg,0,"[0.5547,0.5872,0.0573,0.3255]",NORMAL_BACKGROUND_CANDIDATE,Normal belt box drawn on background rubber of an active defect frame. Creates false positive penalty for defect regions.
frame_00171_jpg.rf.a7666719014b7aa5853970a38eb03ca0_aug_hvflip_2.jpg,0,"[0.5547,0.4128,0.0573,0.3255]",NORMAL_BACKGROUND_CANDIDATE,Normal belt box drawn on background rubber of an active defect frame. Creates false positive penalty for defect regions.
frame_00171_jpg.rf.a7666719014b7aa5853970a38eb03ca0_aug_vflip_1.jpg,0,"[0.4453,0.4128,0.0573,0.3255]",NORMAL_BACKGROUND_CANDIDATE,Normal belt box drawn on background rubber of an active defect frame. Creates false positive penalty for defect regions.
frame_00173_jpg.rf.93e2d903951a07f8b9b14bd4ce3188da.jpg,0,"[0.2396,0.4922,0.1771,0.5208]",NORMAL_BACKGROUND_CANDIDATE,Normal belt box drawn on background rubber of an active defect frame. Creates false positive penalty for defect regions.
frame_00173_jpg.rf.93e2d903951a07f8b9b14bd4ce3188da.jpg,2,"[0.8958,0.5508,0.1250,0.3255]",NORMAL_BACKGROUND_CANDIDATE,Normal belt box drawn on background rubber of an active defect frame. Creates false positive penalty for defect regions.
frame_00173_jpg.rf.93e2d903951a07f8b9b14bd4ce3188da_aug_contrast_3.jpg,0,"[0.2396,0.4922,0.1771,0.5208]",NORMAL_BACKGROUND_CANDIDATE,Normal belt box drawn on background rubber of an active defect frame. Creates false positive penalty for defect regions.
frame_00173_jpg.rf.93e2d903951a07f8b9b14bd4ce3188da_aug_contrast_3.jpg,2,"[0.8958,0.5508,0.1250,0.3255]",NORMAL_BACKGROUND_CANDIDATE,Normal belt box drawn on background rubber of an active defect frame. Creates false positive penalty for defect regions.
frame_00173_jpg.rf.93e2d903951a07f8b9b14bd4ce3188da_aug_hflip_0.jpg,0,"[0.7604,0.4922,0.1771,0.5208]",NORMAL_BACKGROUND_CANDIDATE,Normal belt box drawn on background rubber of an active defect frame. Creates false positive penalty for defect regions.
frame_00173_jpg.rf.93e2d903951a07f8b9b14bd4ce3188da_aug_hflip_0.jpg,2,"[0.1042,0.5508,0.1250,0.3255]",NORMAL_BACKGROUND_CANDIDATE,Normal belt box drawn on background rubber of an active defect frame. Creates false positive penalty for defect regions.
frame_00173_jpg.rf.93e2d903951a07f8b9b14bd4ce3188da_aug_hvflip_2.jpg,0,"[0.7604,0.5078,0.1771,0.5208]",NORMAL_BACKGROUND_CANDIDATE,Normal belt box drawn on background rubber of an active defect frame. Creates false positive penalty for defect regions.
frame_00173_jpg.rf.93e2d903951a07f8b9b14bd4ce3188da_aug_hvflip_2.jpg,2,"[0.1042,0.4492,0.1250,0.3255]",NORMAL_BACKGROUND_CANDIDATE,Normal belt box drawn on background rubber of an active defect frame. Creates false positive penalty for defect regions.
frame_00173_jpg.rf.93e2d903951a07f8b9b14bd4ce3188da_aug_vflip_1.jpg,0,"[0.2396,0.5078,0.1771,0.5208]",NORMAL_BACKGROUND_CANDIDATE,Normal belt box drawn on background rubber of an active defect frame. Creates false positive penalty for defect regions.
frame_00173_jpg.rf.93e2d903951a07f8b9b14bd4ce3188da_aug_vflip_1.jpg,2,"[0.8958,0.4492,0.1250,0.3255]",NORMAL_BACKGROUND_CANDIDATE,Normal belt box drawn on background rubber of an active defect frame. Creates false positive penalty for defect regions.
frame_00174_jpg.rf.8b39e7837b983cd5e687c04e04c06aa0.jpg,1,"[0.6628,0.5794,0.0651,0.3672]",NORMAL_BACKGROUND_CANDIDATE,Normal belt box drawn on background rubber of an active defect frame. Creates false positive penalty for defect regions.
frame_00174_jpg.rf.8b39e7837b983cd5e687c04e04c06aa0_aug_contrast_3.jpg,1,"[0.6628,0.5794,0.0651,0.3672]",NORMAL_BACKGROUND_CANDIDATE,Normal belt box drawn on background rubber of an active defect frame. Creates false positive penalty for defect regions.
frame_00174_jpg.rf.8b39e7837b983cd5e687c04e04c06aa0_aug_hflip_0.jpg,1,"[0.3372,0.5794,0.0651,0.3672]",NORMAL_BACKGROUND_CANDIDATE,Normal belt box drawn on background rubber of an active defect frame. Creates false positive penalty for defect regions.
frame_00174_jpg.rf.8b39e7837b983cd5e687c04e04c06aa0_aug_hvflip_2.jpg,1,"[0.3372,0.4206,0.0651,0.3672]",NORMAL_BACKGROUND_CANDIDATE,Normal belt box drawn on background rubber of an active defect frame. Creates false positive penalty for defect regions.
frame_00174_jpg.rf.8b39e7837b983cd5e687c04e04c06aa0_aug_vflip_1.jpg,1,"[0.6628,0.4206,0.0651,0.3672]",NORMAL_BACKGROUND_CANDIDATE,Normal belt box drawn on background rubber of an active defect frame. Creates false positive penalty for defect regions.
frame_00212_jpg.rf.75c50a433ce13802ae77f9bdae6a92d0.jpg,0,"[0.4635,0.5221,0.7083,0.7995]",NORMAL_BACKGROUND_CANDIDATE,"Entire image represents clean conveyor belt. In standard object detection, clean background is represented by zero bounding boxes."
frame_00215_jpg.rf.0d7a44cc074f3934dd19e60d6edc61f8.jpg,0,"[0.5300,0.4349,0.7161,0.2865]",NORMAL_BACKGROUND_CANDIDATE,"Entire image represents clean conveyor belt. In standard object detection, clean background is represented by zero bounding boxes."
frame_00226_jpg.rf.b73032569d5c7b4046923242be6a223f.jpg,0,"[0.4167,0.8151,0.6510,0.2656]",NORMAL_BACKGROUND_CANDIDATE,"Entire image represents clean conveyor belt. In standard object detection, clean background is represented by zero bounding boxes."
frame_00229_jpg.rf.a15904a5f8cdab10c0301bcae5d4ab1a.jpg,1,"[0.1979,0.5977,0.2708,0.4609]",NORMAL_BACKGROUND_CANDIDATE,Normal belt box drawn on background rubber of an active defect frame. Creates false positive penalty for defect regions.
frame_00229_jpg.rf.a15904a5f8cdab10c0301bcae5d4ab1a_aug_contrast_1.jpg,1,"[0.1979,0.5977,0.2708,0.4609]",NORMAL_BACKGROUND_CANDIDATE,Normal belt box drawn on background rubber of an active defect frame. Creates false positive penalty for defect regions.
frame_00229_jpg.rf.a15904a5f8cdab10c0301bcae5d4ab1a_aug_hflip_0.jpg,1,"[0.8021,0.5977,0.2708,0.4609]",NORMAL_BACKGROUND_CANDIDATE,Normal belt box drawn on background rubber of an active defect frame. Creates false positive penalty for defect regions.
frame_00239_jpg.rf.e06f3cca97dae392c4b77e95eb2cea17.jpg,0,"[0.1484,0.4336,0.1615,0.1016]",NORMAL_BACKGROUND_CANDIDATE,"Entire image represents clean conveyor belt. In standard object detection, clean background is represented by zero bounding boxes."
frame_00241_jpg.rf.fb2fa19df85427701f04d5b530290a35.jpg,0,"[0.5260,0.4284,0.7240,0.6120]",NORMAL_BACKGROUND_CANDIDATE,"Entire image represents clean conveyor belt. In standard object detection, clean background is represented by zero bounding boxes."
frame_00242_jpg.rf.5203fc02faa0fef7fdd6d25f409847cc.jpg,0,"[0.8320,0.5742,0.2474,0.5443]",NORMAL_BACKGROUND_CANDIDATE,"Entire image represents clean conveyor belt. In standard object detection, clean background is represented by zero bounding boxes."
frame_00246_jpg.rf.1e0ee8aa28963ced72ccf5b118172fb7.jpg,0,"[0.3125,0.4557,0.2188,0.6667]",NORMAL_BACKGROUND_CANDIDATE,"Entire image represents clean conveyor belt. In standard object detection, clean background is represented by zero bounding boxes."
frame_00250_jpg.rf.09379da488d02f01e178e2999661a8ac.jpg,1,"[0.1979,0.5469,0.3385,0.6771]",NORMAL_BACKGROUND_CANDIDATE,Normal belt box drawn on background rubber of an active defect frame. Creates false positive penalty for defect regions.
frame_00250_jpg.rf.09379da488d02f01e178e2999661a8ac_aug_contrast_1.jpg,1,"[0.1979,0.5469,0.3385,0.6771]",NORMAL_BACKGROUND_CANDIDATE,Normal belt box drawn on background rubber of an active defect frame. Creates false positive penalty for defect regions.
frame_00250_jpg.rf.09379da488d02f01e178e2999661a8ac_aug_hflip_0.jpg,1,"[0.8021,0.5469,0.3385,0.6771]",NORMAL_BACKGROUND_CANDIDATE,Normal belt box drawn on background rubber of an active defect frame. Creates false positive penalty for defect regions.
frame_00254_jpg.rf.2e9883bea9dff64b70121d262a345ab0.jpg,0,"[0.5495,0.1172,0.0260,0.0990]",NORMAL_BACKGROUND_CANDIDATE,Normal belt box drawn on background rubber of an active defect frame. Creates false positive penalty for defect regions.
frame_00254_jpg.rf.2e9883bea9dff64b70121d262a345ab0_aug_contrast_1.jpg,0,"[0.5495,0.1172,0.0260,0.0990]",NORMAL_BACKGROUND_CANDIDATE,Normal belt box drawn on background rubber of an active defect frame. Creates false positive penalty for defect regions.
frame_00254_jpg.rf.2e9883bea9dff64b70121d262a345ab0_aug_hflip_0.jpg,0,"[0.4505,0.1172,0.0260,0.0990]",NORMAL_BACKGROUND_CANDIDATE,Normal belt box drawn on background rubber of an active defect frame. Creates false positive penalty for defect regions.
frame_00259_jpg.rf.42d1a8eaa7282f73d5cdf53115d8ea28.jpg,0,"[0.2096,0.4505,0.3307,0.7865]",NORMAL_BACKGROUND_CANDIDATE,"Entire image represents clean conveyor belt. In standard object detection, clean background is represented by zero bounding boxes."
frame_00261_jpg.rf.99e43006d6a8883edfe69e2a4373b90e.jpg,1,"[0.7227,0.5104,0.4193,0.8281]",NORMAL_BACKGROUND_CANDIDATE,Normal belt box drawn on background rubber of an active defect frame. Creates false positive penalty for defect regions.
frame_00261_jpg.rf.99e43006d6a8883edfe69e2a4373b90e_aug_contrast_3.jpg,1,"[0.7227,0.5104,0.4193,0.8281]",NORMAL_BACKGROUND_CANDIDATE,Normal belt box drawn on background rubber of an active defect frame. Creates false positive penalty for defect regions.
frame_00261_jpg.rf.99e43006d6a8883edfe69e2a4373b90e_aug_hflip_0.jpg,1,"[0.2773,0.5104,0.4193,0.8281]",NORMAL_BACKGROUND_CANDIDATE,Normal belt box drawn on background rubber of an active defect frame. Creates false positive penalty for defect regions.
frame_00261_jpg.rf.99e43006d6a8883edfe69e2a4373b90e_aug_hvflip_2.jpg,1,"[0.2773,0.4896,0.4193,0.8281]",NORMAL_BACKGROUND_CANDIDATE,Normal belt box drawn on background rubber of an active defect frame. Creates false positive penalty for defect regions.
frame_00261_jpg.rf.99e43006d6a8883edfe69e2a4373b90e_aug_vflip_1.jpg,1,"[0.7227,0.4896,0.4193,0.8281]",NORMAL_BACKGROUND_CANDIDATE,Normal belt box drawn on background rubber of an active defect frame. Creates false positive penalty for defect regions.
frame_00266_jpg.rf.501f204c049787fd32a74c1ae299d3e4.jpg,1,"[0.2253,0.5182,0.3620,0.7188]",NORMAL_BACKGROUND_CANDIDATE,Normal belt box drawn on background rubber of an active defect frame. Creates false positive penalty for defect regions.
frame_00266_jpg.rf.501f204c049787fd32a74c1ae299d3e4.jpg,2,"[0.7031,0.1250,0.5052,0.1979]",NORMAL_BACKGROUND_CANDIDATE,Normal belt box drawn on background rubber of an active defect frame. Creates false positive penalty for defect regions.
frame_00266_jpg.rf.501f204c049787fd32a74c1ae299d3e4.jpg,3,"[0.6680,0.6510,0.4401,0.3438]",NORMAL_BACKGROUND_CANDIDATE,Normal belt box drawn on background rubber of an active defect frame. Creates false positive penalty for defect regions.
frame_00266_jpg.rf.501f204c049787fd32a74c1ae299d3e4_aug_contrast_1.jpg,1,"[0.2253,0.5182,0.3620,0.7188]",NORMAL_BACKGROUND_CANDIDATE,Normal belt box drawn on background rubber of an active defect frame. Creates false positive penalty for defect regions.
frame_00266_jpg.rf.501f204c049787fd32a74c1ae299d3e4_aug_contrast_1.jpg,2,"[0.7031,0.1250,0.5052,0.1979]",NORMAL_BACKGROUND_CANDIDATE,Normal belt box drawn on background rubber of an active defect frame. Creates false positive penalty for defect regions.
frame_00266_jpg.rf.501f204c049787fd32a74c1ae299d3e4_aug_contrast_1.jpg,3,"[0.6680,0.6510,0.4401,0.3438]",NORMAL_BACKGROUND_CANDIDATE,Normal belt box drawn on background rubber of an active defect frame. Creates false positive penalty for defect regions.
frame_00266_jpg.rf.501f204c049787fd32a74c1ae299d3e4_aug_hflip_0.jpg,1,"[0.7747,0.5182,0.3620,0.7188]",NORMAL_BACKGROUND_CANDIDATE,Normal belt box drawn on background rubber of an active defect frame. Creates false positive penalty for defect regions.
frame_00266_jpg.rf.501f204c049787fd32a74c1ae299d3e4_aug_hflip_0.jpg,2,"[0.2969,0.1250,0.5052,0.1979]",NORMAL_BACKGROUND_CANDIDATE,Normal belt box drawn on background rubber of an active defect frame. Creates false positive penalty for defect regions.
frame_00266_jpg.rf.501f204c049787fd32a74c1ae299d3e4_aug_hflip_0.jpg,3,"[0.3320,0.6510,0.4401,0.3438]",NORMAL_BACKGROUND_CANDIDATE,Normal belt box drawn on background rubber of an active defect frame. Creates false positive penalty for defect regions.
frame_00288_jpg.rf.130a4c33afeeff83082db5650cc50ff2.jpg,0,"[0.5508,0.6550,0.3880,0.5339]",NORMAL_BACKGROUND_CANDIDATE,"Entire image represents clean conveyor belt. In standard object detection, clean background is represented by zero bounding boxes."
frame_00294_jpg.rf.56b00f3f19a6ff3888d890571593a43d.jpg,0,"[0.5039,0.7474,0.4974,0.3438]",NORMAL_BACKGROUND_CANDIDATE,Normal belt box drawn on background rubber of an active defect frame. Creates false positive penalty for defect regions.
frame_00294_jpg.rf.56b00f3f19a6ff3888d890571593a43d_aug_contrast_1.jpg,0,"[0.5039,0.7474,0.4974,0.3438]",NORMAL_BACKGROUND_CANDIDATE,Normal belt box drawn on background rubber of an active defect frame. Creates false positive penalty for defect regions.
frame_00294_jpg.rf.56b00f3f19a6ff3888d890571593a43d_aug_hflip_0.jpg,0,"[0.4961,0.7474,0.4974,0.3438]",NORMAL_BACKGROUND_CANDIDATE,Normal belt box drawn on background rubber of an active defect frame. Creates false positive penalty for defect regions.
frame_00295_jpg.rf.73cb1309239696b8ecfba78d6a3248fe.jpg,2,"[0.3151,0.7825,0.5312,0.1901]",NORMAL_BACKGROUND_CANDIDATE,Normal belt box drawn on background rubber of an active defect frame. Creates false positive penalty for defect regions.
frame_00295_jpg.rf.73cb1309239696b8ecfba78d6a3248fe_aug_contrast_2.jpg,2,"[0.3151,0.7825,0.5312,0.1901]",NORMAL_BACKGROUND_CANDIDATE,Normal belt box drawn on background rubber of an active defect frame. Creates false positive penalty for defect regions.
frame_00295_jpg.rf.73cb1309239696b8ecfba78d6a3248fe_aug_hflip_0.jpg,2,"[0.6849,0.7825,0.5312,0.1901]",NORMAL_BACKGROUND_CANDIDATE,Normal belt box drawn on background rubber of an active defect frame. Creates false positive penalty for defect regions.
frame_00295_jpg.rf.73cb1309239696b8ecfba78d6a3248fe_aug_vflip_1.jpg,2,"[0.3151,0.2175,0.5312,0.1901]",NORMAL_BACKGROUND_CANDIDATE,Normal belt box drawn on background rubber of an active defect frame. Creates false positive penalty for defect regions.
frame_00297_jpg.rf.0a4a1da94de8cf082cc7eeedf504eeeb.jpg,0,"[0.3620,0.5703,0.4219,0.7396]",NORMAL_BACKGROUND_CANDIDATE,Normal belt box drawn on background rubber of an active defect frame. Creates false positive penalty for defect regions.
frame_00297_jpg.rf.0a4a1da94de8cf082cc7eeedf504eeeb_aug_contrast_2.jpg,0,"[0.3620,0.5703,0.4219,0.7396]",NORMAL_BACKGROUND_CANDIDATE,Normal belt box drawn on background rubber of an active defect frame. Creates false positive penalty for defect regions.
frame_00297_jpg.rf.0a4a1da94de8cf082cc7eeedf504eeeb_aug_hflip_0.jpg,0,"[0.6380,0.5703,0.4219,0.7396]",NORMAL_BACKGROUND_CANDIDATE,Normal belt box drawn on background rubber of an active defect frame. Creates false positive penalty for defect regions.
frame_00297_jpg.rf.0a4a1da94de8cf082cc7eeedf504eeeb_aug_vflip_1.jpg,0,"[0.3620,0.4297,0.4219,0.7396]",NORMAL_BACKGROUND_CANDIDATE,Normal belt box drawn on background rubber of an active defect frame. Creates false positive penalty for defect regions.
frame_00299_jpg.rf.58913378fb97f6cd1ec19984ed1b552b.jpg,1,"[0.2318,0.5716,0.4010,0.7057]",NORMAL_BACKGROUND_CANDIDATE,Normal belt box drawn on background rubber of an active defect frame. Creates false positive penalty for defect regions.
frame_00299_jpg.rf.58913378fb97f6cd1ec19984ed1b552b_aug_contrast_1.jpg,1,"[0.2318,0.5716,0.4010,0.7057]",NORMAL_BACKGROUND_CANDIDATE,Normal belt box drawn on background rubber of an active defect frame. Creates false positive penalty for defect regions.
frame_00299_jpg.rf.58913378fb97f6cd1ec19984ed1b552b_aug_hflip_0.jpg,1,"[0.7682,0.5716,0.4010,0.7057]",NORMAL_BACKGROUND_CANDIDATE,Normal belt box drawn on background rubber of an active defect frame. Creates false positive penalty for defect regions.
frame_00304_jpg.rf.207920f57db81fe221bf24a796de7ba5.jpg,3,"[0.7383,0.5156,0.3151,0.6875]",NORMAL_BACKGROUND_CANDIDATE,Normal belt box drawn on background rubber of an active defect frame. Creates false positive penalty for defect regions.
frame_00304_jpg.rf.207920f57db81fe221bf24a796de7ba5_aug_contrast_1.jpg,3,"[0.7383,0.5156,0.3151,0.6875]",NORMAL_BACKGROUND_CANDIDATE,Normal belt box drawn on background rubber of an active defect frame. Creates false positive penalty for defect regions.
frame_00304_jpg.rf.207920f57db81fe221bf24a796de7ba5_aug_hflip_0.jpg,3,"[0.2617,0.5156,0.3151,0.6875]",NORMAL_BACKGROUND_CANDIDATE,Normal belt box drawn on background rubber of an active defect frame. Creates false positive penalty for defect regions.
frame_00306_jpg.rf.72655df170ca7e2abbec878e77a8f0a4.jpg,0,"[0.4010,0.5234,0.5885,0.7135]",NORMAL_BACKGROUND_CANDIDATE,"Entire image represents clean conveyor belt. In standard object detection, clean background is represented by zero bounding boxes."
frame_00309_jpg.rf.6b94fe49f12da98f7c6a5b25b404a825.jpg,0,"[0.4570,0.2891,0.2161,0.1667]",NORMAL_BACKGROUND_CANDIDATE,Normal belt box drawn on background rubber of an active defect frame. Creates false positive penalty for defect regions.
frame_00309_jpg.rf.6b94fe49f12da98f7c6a5b25b404a825_aug_contrast_3.jpg,0,"[0.4570,0.2891,0.2161,0.1667]",NORMAL_BACKGROUND_CANDIDATE,Normal belt box drawn on background rubber of an active defect frame. Creates false positive penalty for defect regions.
frame_00309_jpg.rf.6b94fe49f12da98f7c6a5b25b404a825_aug_hflip_0.jpg,0,"[0.5430,0.2891,0.2161,0.1667]",NORMAL_BACKGROUND_CANDIDATE,Normal belt box drawn on background rubber of an active defect frame. Creates false positive penalty for defect regions.
frame_00309_jpg.rf.6b94fe49f12da98f7c6a5b25b404a825_aug_hvflip_2.jpg,0,"[0.5430,0.7109,0.2161,0.1667]",NORMAL_BACKGROUND_CANDIDATE,Normal belt box drawn on background rubber of an active defect frame. Creates false positive penalty for defect regions.
frame_00309_jpg.rf.6b94fe49f12da98f7c6a5b25b404a825_aug_vflip_1.jpg,0,"[0.4570,0.7109,0.2161,0.1667]",NORMAL_BACKGROUND_CANDIDATE,Normal belt box drawn on background rubber of an active defect frame. Creates false positive penalty for defect regions.
frame_00310_jpg.rf.14d327f2549a0a5b93f50bae259473d1.jpg,2,"[0.3464,0.3190,0.5365,0.1797]",NORMAL_BACKGROUND_CANDIDATE,Normal belt box drawn on background rubber of an active defect frame. Creates false positive penalty for defect regions.
frame_00310_jpg.rf.14d327f2549a0a5b93f50bae259473d1.jpg,3,"[0.3997,0.7474,0.4922,0.1302]",NORMAL_BACKGROUND_CANDIDATE,Normal belt box drawn on background rubber of an active defect frame. Creates false positive penalty for defect regions.
frame_00310_jpg.rf.14d327f2549a0a5b93f50bae259473d1_aug_contrast_3.jpg,2,"[0.3464,0.3190,0.5365,0.1797]",NORMAL_BACKGROUND_CANDIDATE,Normal belt box drawn on background rubber of an active defect frame. Creates false positive penalty for defect regions.
frame_00310_jpg.rf.14d327f2549a0a5b93f50bae259473d1_aug_contrast_3.jpg,3,"[0.3997,0.7474,0.4922,0.1302]",NORMAL_BACKGROUND_CANDIDATE,Normal belt box drawn on background rubber of an active defect frame. Creates false positive penalty for defect regions.
frame_00310_jpg.rf.14d327f2549a0a5b93f50bae259473d1_aug_hflip_0.jpg,2,"[0.6536,0.3190,0.5365,0.1797]",NORMAL_BACKGROUND_CANDIDATE,Normal belt box drawn on background rubber of an active defect frame. Creates false positive penalty for defect regions.
frame_00310_jpg.rf.14d327f2549a0a5b93f50bae259473d1_aug_hflip_0.jpg,3,"[0.6003,0.7474,0.4922,0.1302]",NORMAL_BACKGROUND_CANDIDATE,Normal belt box drawn on background rubber of an active defect frame. Creates false positive penalty for defect regions.
frame_00310_jpg.rf.14d327f2549a0a5b93f50bae259473d1_aug_hvflip_2.jpg,2,"[0.6536,0.6810,0.5365,0.1797]",NORMAL_BACKGROUND_CANDIDATE,Normal belt box drawn on background rubber of an active defect frame. Creates false positive penalty for defect regions.
frame_00310_jpg.rf.14d327f2549a0a5b93f50bae259473d1_aug_hvflip_2.jpg,3,"[0.6003,0.2526,0.4922,0.1302]",NORMAL_BACKGROUND_CANDIDATE,Normal belt box drawn on background rubber of an active defect frame. Creates false positive penalty for defect regions.
frame_00310_jpg.rf.14d327f2549a0a5b93f50bae259473d1_aug_vflip_1.jpg,2,"[0.3464,0.6810,0.5365,0.1797]",NORMAL_BACKGROUND_CANDIDATE,Normal belt box drawn on background rubber of an active defect frame. Creates false positive penalty for defect regions.
frame_00310_jpg.rf.14d327f2549a0a5b93f50bae259473d1_aug_vflip_1.jpg,3,"[0.3997,0.2526,0.4922,0.1302]",NORMAL_BACKGROUND_CANDIDATE,Normal belt box drawn on background rubber of an active defect frame. Creates false positive penalty for defect regions.
frame_00313_jpg.rf.f50e311dd4a20248f796a5d651e36cb0.jpg,3,"[0.5625,0.5404,0.4635,0.1016]",NORMAL_BACKGROUND_CANDIDATE,Normal belt box drawn on background rubber of an active defect frame. Creates false positive penalty for defect regions.
frame_00313_jpg.rf.f50e311dd4a20248f796a5d651e36cb0.jpg,4,"[0.0964,0.4622,0.1458,0.5964]",NORMAL_BACKGROUND_CANDIDATE,Normal belt box drawn on background rubber of an active defect frame. Creates false positive penalty for defect regions.
frame_00313_jpg.rf.f50e311dd4a20248f796a5d651e36cb0_aug_contrast_2.jpg,3,"[0.5625,0.5404,0.4635,0.1016]",NORMAL_BACKGROUND_CANDIDATE,Normal belt box drawn on background rubber of an active defect frame. Creates false positive penalty for defect regions.
frame_00313_jpg.rf.f50e311dd4a20248f796a5d651e36cb0_aug_contrast_2.jpg,4,"[0.0964,0.4622,0.1458,0.5964]",NORMAL_BACKGROUND_CANDIDATE,Normal belt box drawn on background rubber of an active defect frame. Creates false positive penalty for defect regions.
frame_00313_jpg.rf.f50e311dd4a20248f796a5d651e36cb0_aug_hflip_0.jpg,3,"[0.4375,0.5404,0.4635,0.1016]",NORMAL_BACKGROUND_CANDIDATE,Normal belt box drawn on background rubber of an active defect frame. Creates false positive penalty for defect regions.
frame_00313_jpg.rf.f50e311dd4a20248f796a5d651e36cb0_aug_hflip_0.jpg,4,"[0.9036,0.4622,0.1458,0.5964]",NORMAL_BACKGROUND_CANDIDATE,Normal belt box drawn on background rubber of an active defect frame. Creates false positive penalty for defect regions.
frame_00313_jpg.rf.f50e311dd4a20248f796a5d651e36cb0_aug_vflip_1.jpg,3,"[0.5625,0.4596,0.4635,0.1016]",NORMAL_BACKGROUND_CANDIDATE,Normal belt box drawn on background rubber of an active defect frame. Creates false positive penalty for defect regions.
frame_00313_jpg.rf.f50e311dd4a20248f796a5d651e36cb0_aug_vflip_1.jpg,4,"[0.0964,0.5378,0.1458,0.5964]",NORMAL_BACKGROUND_CANDIDATE,Normal belt box drawn on background rubber of an active defect frame. Creates false positive penalty for defect regions.
frame_00323_jpg.rf.02afbff569d60b46f9c2e7ce494c3ce0.jpg,1,"[0.3529,0.6120,0.6380,0.2240]",NORMAL_BACKGROUND_CANDIDATE,Normal belt box drawn on background rubber of an active defect frame. Creates false positive penalty for defect regions.
frame_00323_jpg.rf.02afbff569d60b46f9c2e7ce494c3ce0.jpg,2,"[0.1914,0.1732,0.2995,0.2266]",NORMAL_BACKGROUND_CANDIDATE,Normal belt box drawn on background rubber of an active defect frame. Creates false positive penalty for defect regions.
frame_00323_jpg.rf.02afbff569d60b46f9c2e7ce494c3ce0.jpg,3,"[0.5130,0.2682,0.1979,0.2969]",NORMAL_BACKGROUND_CANDIDATE,Normal belt box drawn on background rubber of an active defect frame. Creates false positive penalty for defect regions.
frame_00323_jpg.rf.02afbff569d60b46f9c2e7ce494c3ce0.jpg,4,"[0.8255,0.6719,0.1979,0.2604]",NORMAL_BACKGROUND_CANDIDATE,Normal belt box drawn on background rubber of an active defect frame. Creates false positive penalty for defect regions.
frame_00323_jpg.rf.02afbff569d60b46f9c2e7ce494c3ce0_aug_contrast_1.jpg,1,"[0.3529,0.6120,0.6380,0.2240]",NORMAL_BACKGROUND_CANDIDATE,Normal belt box drawn on background rubber of an active defect frame. Creates false positive penalty for defect regions.
frame_00323_jpg.rf.02afbff569d60b46f9c2e7ce494c3ce0_aug_contrast_1.jpg,2,"[0.1914,0.1732,0.2995,0.2266]",NORMAL_BACKGROUND_CANDIDATE,Normal belt box drawn on background rubber of an active defect frame. Creates false positive penalty for defect regions.
frame_00323_jpg.rf.02afbff569d60b46f9c2e7ce494c3ce0_aug_contrast_1.jpg,3,"[0.5130,0.2682,0.1979,0.2969]",NORMAL_BACKGROUND_CANDIDATE,Normal belt box drawn on background rubber of an active defect frame. Creates false positive penalty for defect regions.
frame_00323_jpg.rf.02afbff569d60b46f9c2e7ce494c3ce0_aug_contrast_1.jpg,4,"[0.8255,0.6719,0.1979,0.2604]",NORMAL_BACKGROUND_CANDIDATE,Normal belt box drawn on background rubber of an active defect frame. Creates false positive penalty for defect regions.
frame_00323_jpg.rf.02afbff569d60b46f9c2e7ce494c3ce0_aug_hflip_0.jpg,1,"[0.6471,0.6120,0.6380,0.2240]",NORMAL_BACKGROUND_CANDIDATE,Normal belt box drawn on background rubber of an active defect frame. Creates false positive penalty for defect regions.
frame_00323_jpg.rf.02afbff569d60b46f9c2e7ce494c3ce0_aug_hflip_0.jpg,2,"[0.8086,0.1732,0.2995,0.2266]",NORMAL_BACKGROUND_CANDIDATE,Normal belt box drawn on background rubber of an active defect frame. Creates false positive penalty for defect regions.
frame_00323_jpg.rf.02afbff569d60b46f9c2e7ce494c3ce0_aug_hflip_0.jpg,3,"[0.4870,0.2682,0.1979,0.2969]",NORMAL_BACKGROUND_CANDIDATE,Normal belt box drawn on background rubber of an active defect frame. Creates false positive penalty for defect regions.
frame_00323_jpg.rf.02afbff569d60b46f9c2e7ce494c3ce0_aug_hflip_0.jpg,4,"[0.1745,0.6719,0.1979,0.2604]",NORMAL_BACKGROUND_CANDIDATE,Normal belt box drawn on background rubber of an active defect frame. Creates false positive penalty for defect regions.
frame_20260504_001441_961350_jpg.rf.aebad6485a90033e8aafb8473b255733.jpg,1,"[0.5536,0.2963,0.6250,0.2011]",NORMAL_BACKGROUND_CANDIDATE,Normal belt box drawn on background rubber of an active defect frame. Creates false positive penalty for defect regions.
frame_20260504_001441_961350_jpg.rf.aebad6485a90033e8aafb8473b255733_aug_contrast_1.jpg,1,"[0.5536,0.2963,0.6250,0.2011]",NORMAL_BACKGROUND_CANDIDATE,Normal belt box drawn on background rubber of an active defect frame. Creates false positive penalty for defect regions.
frame_20260504_001441_961350_jpg.rf.aebad6485a90033e8aafb8473b255733_aug_hflip_0.jpg,1,"[0.4464,0.2963,0.6250,0.2011]",NORMAL_BACKGROUND_CANDIDATE,Normal belt box drawn on background rubber of an active defect frame. Creates false positive penalty for defect regions.
frame_20260504_001443_963840_jpg.rf.791ffd9b275f42be102838619f9c3a4f.jpg,0,"[0.5253,0.2844,0.6429,0.3571]",NORMAL_BACKGROUND_CANDIDATE,"Entire image represents clean conveyor belt. In standard object detection, clean background is represented by zero bounding boxes."
frame_20260504_001453_094795_jpg.rf.965b1f19600269ad921f53f2648c46a9.jpg,0,"[0.4137,0.5212,0.4851,0.2804]",NORMAL_BACKGROUND_CANDIDATE,"Entire image represents clean conveyor belt. In standard object detection, clean background is represented by zero bounding boxes."
frame_20260504_001457_172954_jpg.rf.c14014192a520d1f9c41d3a31ef9b8e0.jpg,0,"[0.5722,0.3029,0.5193,0.3360]",NORMAL_BACKGROUND_CANDIDATE,"Entire image represents clean conveyor belt. In standard object detection, clean background is represented by zero bounding boxes."
frame_20260504_001459_046383_jpg.rf.9e74d9fd5028709eff76c5804d3ffbc3.jpg,0,"[0.4643,0.2526,0.7411,0.3413]",NORMAL_BACKGROUND_CANDIDATE,"Entire image represents clean conveyor belt. In standard object detection, clean background is represented by zero bounding boxes."
frame_20260504_001502_987492_jpg.rf.ea59c6a8e3d6142a6de006250a1f59ff.jpg,0,"[0.4658,0.4140,0.6667,0.3836]",NORMAL_BACKGROUND_CANDIDATE,"Entire image represents clean conveyor belt. In standard object detection, clean background is represented by zero bounding boxes."
frame_20260504_001508_967870_jpg.rf.b7771161e87c3437f792f3e372614fa0.jpg,0,"[0.4464,0.4048,0.6071,0.3016]",NORMAL_BACKGROUND_CANDIDATE,"Entire image represents clean conveyor belt. In standard object detection, clean background is represented by zero bounding boxes."
frame_20260504_001512_057324_jpg.rf.4c796b5db2f5f181c065f179bf92452e.jpg,0,"[0.4390,0.3519,0.5625,0.2963]",NORMAL_BACKGROUND_CANDIDATE,"Entire image represents clean conveyor belt. In standard object detection, clean background is represented by zero bounding boxes."
frame_20260504_001514_079555_jpg.rf.37495c3e65cc5b3de1175ca91421b6fb.jpg,0,"[0.4933,0.4405,0.6443,0.2936]",NORMAL_BACKGROUND_CANDIDATE,"Entire image represents clean conveyor belt. In standard object detection, clean background is represented by zero bounding boxes."
frame_20260504_001533_079628_jpg.rf.54a1f6294ab3d89ab46808bf151cbf93.jpg,0,"[0.6503,0.4987,0.3095,0.5212]",NORMAL_BACKGROUND_CANDIDATE,"Entire image represents clean conveyor belt. In standard object detection, clean background is represented by zero bounding boxes."
frame_20260504_001536_052864_jpg.rf.67016407ef0efb81ee410788bcd28473.jpg,0,"[0.5246,0.3611,0.5312,0.4312]",NORMAL_BACKGROUND_CANDIDATE,"Entire image represents clean conveyor belt. In standard object detection, clean background is represented by zero bounding boxes."
frame_20260504_001537_025726_jpg.rf.ec97a516259791d37b4e847ca318d5f5.jpg,0,"[0.5774,0.3942,0.5684,0.1799]",NORMAL_BACKGROUND_CANDIDATE,"Entire image represents clean conveyor belt. In standard object detection, clean background is represented by zero bounding boxes."
frame_20260504_001546_021033_jpg.rf.ab254af675da1ec558b09b0ab306214b.jpg,0,"[0.6324,0.2725,0.4821,0.2275]",NORMAL_BACKGROUND_CANDIDATE,"Entire image represents clean conveyor belt. In standard object detection, clean background is represented by zero bounding boxes."
frame_20260504_001548_002420_jpg.rf.546d4039eb67ad0fc551ffa6f7e6ecd1.jpg,0,"[0.6071,0.4061,0.2738,0.3307]",NORMAL_BACKGROUND_CANDIDATE,"Entire image represents clean conveyor belt. In standard object detection, clean background is represented by zero bounding boxes."
frame_20260504_001549_078762_jpg.rf.4c9b6a416fb4d0d4d54b9f63c4bc5d6f.jpg,1,"[0.5082,0.3016,0.7039,0.1958]",NORMAL_BACKGROUND_CANDIDATE,Normal belt box drawn on background rubber of an active defect frame. Creates false positive penalty for defect regions.
frame_20260504_001549_078762_jpg.rf.4c9b6a416fb4d0d4d54b9f63c4bc5d6f_aug_contrast_3.jpg,1,"[0.5082,0.3016,0.7039,0.1958]",NORMAL_BACKGROUND_CANDIDATE,Normal belt box drawn on background rubber of an active defect frame. Creates false positive penalty for defect regions.
frame_20260504_001549_078762_jpg.rf.4c9b6a416fb4d0d4d54b9f63c4bc5d6f_aug_hflip_0.jpg,1,"[0.4918,0.3016,0.7039,0.1958]",NORMAL_BACKGROUND_CANDIDATE,Normal belt box drawn on background rubber of an active defect frame. Creates false positive penalty for defect regions.
frame_20260504_001549_078762_jpg.rf.4c9b6a416fb4d0d4d54b9f63c4bc5d6f_aug_hvflip_2.jpg,1,"[0.4918,0.6984,0.7039,0.1958]",NORMAL_BACKGROUND_CANDIDATE,Normal belt box drawn on background rubber of an active defect frame. Creates false positive penalty for defect regions.
frame_20260504_001549_078762_jpg.rf.4c9b6a416fb4d0d4d54b9f63c4bc5d6f_aug_vflip_1.jpg,1,"[0.5082,0.6984,0.7039,0.1958]",NORMAL_BACKGROUND_CANDIDATE,Normal belt box drawn on background rubber of an active defect frame. Creates false positive penalty for defect regions.
frame_20260504_001550_044144_jpg.rf.691e57613f81c56eb9e6314e8cef8683.jpg,0,"[0.5290,0.2844,0.1473,0.3730]",NORMAL_BACKGROUND_CANDIDATE,Normal belt box drawn on background rubber of an active defect frame. Creates false positive penalty for defect regions.
frame_20260504_001550_044144_jpg.rf.691e57613f81c56eb9e6314e8cef8683_aug_contrast_1.jpg,0,"[0.5290,0.2844,0.1473,0.3730]",NORMAL_BACKGROUND_CANDIDATE,Normal belt box drawn on background rubber of an active defect frame. Creates false positive penalty for defect regions.
frame_20260504_001550_044144_jpg.rf.691e57613f81c56eb9e6314e8cef8683_aug_hflip_0.jpg,0,"[0.4710,0.2844,0.1473,0.3730]",NORMAL_BACKGROUND_CANDIDATE,Normal belt box drawn on background rubber of an active defect frame. Creates false positive penalty for defect regions.
frame_20260504_001552_051405_jpg.rf.fbe3c6f052dd7cd37e34610d9f0fb500.jpg,0,"[0.5342,0.3611,0.6220,0.2725]",NORMAL_BACKGROUND_CANDIDATE,"Entire image represents clean conveyor belt. In standard object detection, clean background is represented by zero bounding boxes."
frame_20260504_001554_019290_jpg.rf.cca280432ec81191b9cd2866d2c093cc.jpg,0,"[0.2708,0.4828,0.2262,0.5212]",NORMAL_BACKGROUND_CANDIDATE,"Entire image represents clean conveyor belt. In standard object detection, clean background is represented by zero bounding boxes."
frame_20260504_001557_041982_jpg.rf.9cde12a12079ac00cfbcc36a820f89bd.jpg,0,"[0.5350,0.4444,0.4360,0.1905]",NORMAL_BACKGROUND_CANDIDATE,"Entire image represents clean conveyor belt. In standard object detection, clean background is represented by zero bounding boxes."
frame_20260504_001558_022123_jpg.rf.842536e8ea30804bb731c12ca4f9b32b.jpg,0,"[0.5833,0.2897,0.6309,0.2090]",NORMAL_BACKGROUND_CANDIDATE,"Entire image represents clean conveyor belt. In standard object detection, clean background is represented by zero bounding boxes."
frame_20260504_001603_223753_jpg.rf.4eb1b8325d2139d1bc93d2ab51d84ce5.jpg,0,"[0.5528,0.2870,0.5312,0.2672]",NORMAL_BACKGROUND_CANDIDATE,"Entire image represents clean conveyor belt. In standard object detection, clean background is represented by zero bounding boxes."
frame_20260504_001607_186712_jpg.rf.f609f97e2f2811e62ebc1df49d6f9dc8.jpg,0,"[0.5506,0.3995,0.5417,0.3175]",NORMAL_BACKGROUND_CANDIDATE,"Entire image represents clean conveyor belt. In standard object detection, clean background is represented by zero bounding boxes."
frame_20260504_001609_085785_jpg.rf.564e198d7ed9f00b0a45420b33f61760.jpg,0,"[0.2924,0.4048,0.1443,0.3545]",NORMAL_BACKGROUND_CANDIDATE,"Entire image represents clean conveyor belt. In standard object detection, clean background is represented by zero bounding boxes."
frame_20260504_001616_036004_jpg.rf.08ea1340e060373c2a43dd4fd6e5aa98.jpg,0,"[0.5662,0.3730,0.5521,0.3228]",NORMAL_BACKGROUND_CANDIDATE,"Entire image represents clean conveyor belt. In standard object detection, clean background is represented by zero bounding boxes."
frame_20260504_002332_685934_jpg.rf.4ad06a701d2513465eb7824e282bba43.jpg,0,"[0.5804,0.4709,0.4911,0.1323]",NORMAL_BACKGROUND_CANDIDATE,"Entire image represents clean conveyor belt. In standard object detection, clean background is represented by zero bounding boxes."
frame_20260504_002335_732681_jpg.rf.d3e61a9888ef2b6ba2309574f5e732f5.jpg,0,"[0.5350,0.3809,0.3378,0.1111]",NORMAL_BACKGROUND_CANDIDATE,Normal belt box drawn on background rubber of an active defect frame. Creates false positive penalty for defect regions.
frame_20260504_002335_732681_jpg.rf.d3e61a9888ef2b6ba2309574f5e732f5_aug_contrast_1.jpg,0,"[0.5350,0.3809,0.3378,0.1111]",NORMAL_BACKGROUND_CANDIDATE,Normal belt box drawn on background rubber of an active defect frame. Creates false positive penalty for defect regions.
frame_20260504_002335_732681_jpg.rf.d3e61a9888ef2b6ba2309574f5e732f5_aug_hflip_0.jpg,0,"[0.4650,0.3809,0.3378,0.1111]",NORMAL_BACKGROUND_CANDIDATE,Normal belt box drawn on background rubber of an active defect frame. Creates false positive penalty for defect regions.
frame_20260504_002350_696874_jpg.rf.67afa279e2f7582b3f0d6e0188d0310a.jpg,0,"[0.5729,0.3704,0.1458,0.1958]",NORMAL_BACKGROUND_CANDIDATE,"Entire image represents clean conveyor belt. In standard object detection, clean background is represented by zero bounding boxes."
frame_20260504_002353_727595_jpg.rf.883e0b18bed32b79e1da8bb4f922c11a.jpg,0,"[0.5967,0.4907,0.3452,0.1931]",NORMAL_BACKGROUND_CANDIDATE,"Entire image represents clean conveyor belt. In standard object detection, clean background is represented by zero bounding boxes."
frame_20260504_002400_805702_jpg.rf.2e9b33f857a2f2388896b954a3dcacdc.jpg,0,"[0.5089,0.3836,0.3661,0.2328]",NORMAL_BACKGROUND_CANDIDATE,Normal belt box drawn on background rubber of an active defect frame. Creates false positive penalty for defect regions.
frame_20260504_002400_805702_jpg.rf.2e9b33f857a2f2388896b954a3dcacdc_aug_contrast_1.jpg,0,"[0.5089,0.3836,0.3661,0.2328]",NORMAL_BACKGROUND_CANDIDATE,Normal belt box drawn on background rubber of an active defect frame. Creates false positive penalty for defect regions.
frame_20260504_002400_805702_jpg.rf.2e9b33f857a2f2388896b954a3dcacdc_aug_hflip_0.jpg,0,"[0.4911,0.3836,0.3661,0.2328]",NORMAL_BACKGROUND_CANDIDATE,Normal belt box drawn on background rubber of an active defect frame. Creates false positive penalty for defect regions.
frame_20260504_002405_793625_jpg.rf.736f75cef00bdaf34523ddc61a1aca80.jpg,0,"[0.4829,0.4616,0.3497,0.1349]",NORMAL_BACKGROUND_CANDIDATE,"Entire image represents clean conveyor belt. In standard object detection, clean background is represented by zero bounding boxes."
frame_20260504_002433_747187_jpg.rf.3bd3b7c3891d2d694d5137bebf3be1e5.jpg,0,"[0.5684,0.3426,0.5833,0.4154]",NORMAL_BACKGROUND_CANDIDATE,"Entire image represents clean conveyor belt. In standard object detection, clean background is represented by zero bounding boxes."
frame_20260504_002439_746797_jpg.rf.71f5df3ee089bda14ee2e7222f62194d.jpg,0,"[0.7024,0.3016,0.2917,0.4339]",NORMAL_BACKGROUND_CANDIDATE,"Entire image represents clean conveyor belt. In standard object detection, clean background is represented by zero bounding boxes."
frame_20260504_002443_779404_jpg.rf.02f037bf5c18aad88907fcb8e01bb48c.jpg,0,"[0.5104,0.2235,0.4434,0.2672]",NORMAL_BACKGROUND_CANDIDATE,"Entire image represents clean conveyor belt. In standard object detection, clean background is represented by zero bounding boxes."
frame_20260504_002449_769055_jpg.rf.bd258b31dda3ef6dfd90338b16133eb8.jpg,0,"[0.5900,0.2976,0.4777,0.2037]",NORMAL_BACKGROUND_CANDIDATE,"Entire image represents clean conveyor belt. In standard object detection, clean background is represented by zero bounding boxes."
frame_20260504_002453_126063_jpg.rf.917f805c37535e6a88a8e20eb969cee3.jpg,0,"[0.6079,0.1812,0.4688,0.2460]",NORMAL_BACKGROUND_CANDIDATE,"Entire image represents clean conveyor belt. In standard object detection, clean background is represented by zero bounding boxes."
frame_20260504_003200_300380_jpg.rf.d01c7c124f66fa632b692823c8e1baa9.jpg,0,"[0.5223,0.3188,0.5566,0.4735]",NORMAL_BACKGROUND_CANDIDATE,"Entire image represents clean conveyor belt. In standard object detection, clean background is represented by zero bounding boxes."
frame_20260504_003201_178219_jpg.rf.e005c8a6d4a09e0fa36936efeb83509b.jpg,0,"[0.5967,0.3849,0.5298,0.3677]",NORMAL_BACKGROUND_CANDIDATE,"Entire image represents clean conveyor belt. In standard object detection, clean background is represented by zero bounding boxes."
frame_20260504_003202_188372_jpg.rf.2923e02e80779cc3849fa09ac0e29eb6.jpg,0,"[0.5149,0.5582,0.2738,0.7778]",NORMAL_BACKGROUND_CANDIDATE,"Entire image represents clean conveyor belt. In standard object detection, clean background is represented by zero bounding boxes."
frame_20260504_003203_249735_jpg.rf.a7f0044f922611f4982c42a57a6b0fe8.jpg,0,"[0.4978,0.4987,0.3795,0.7751]",NORMAL_BACKGROUND_CANDIDATE,"Entire image represents clean conveyor belt. In standard object detection, clean background is represented by zero bounding boxes."
frame_20260504_003204_269019_jpg.rf.1bdd1feb77ea230c7d36f0e0cbc60ab0.jpg,0,"[0.4993,0.5291,0.3616,0.8783]",NORMAL_BACKGROUND_CANDIDATE,"Entire image represents clean conveyor belt. In standard object detection, clean background is represented by zero bounding boxes."
frame_20260504_003205_331722_jpg.rf.31a75d5f13ddd606ec044e83704d43d0.jpg,0,"[0.5216,0.4643,0.5104,0.6058]",NORMAL_BACKGROUND_CANDIDATE,"Entire image represents clean conveyor belt. In standard object detection, clean background is represented by zero bounding boxes."
frame_20260504_003207_232708_jpg.rf.ff693030717c5a3eff5100efc072dc43.jpg,0,"[0.5305,0.5159,0.4688,0.6508]",NORMAL_BACKGROUND_CANDIDATE,"Entire image represents clean conveyor belt. In standard object detection, clean background is represented by zero bounding boxes."
frame_20260504_003208_164135_jpg.rf.5752a18bea9d53891c7b9cc59f07d068.jpg,0,"[0.5171,0.4550,0.4955,0.6825]",NORMAL_BACKGROUND_CANDIDATE,"Entire image represents clean conveyor belt. In standard object detection, clean background is represented by zero bounding boxes."
frame_20260504_003209_176977_jpg.rf.53c56a91d14d155c646808b5c0af2a1e.jpg,0,"[0.5253,0.4868,0.4494,0.6085]",NORMAL_BACKGROUND_CANDIDATE,"Entire image represents clean conveyor belt. In standard object detection, clean background is represented by zero bounding boxes."
frame_20260504_003211_767211_jpg.rf.24aa0cd6a067fe59e27ec4740554ff24.jpg,0,"[0.5134,0.4643,0.4345,0.6270]",NORMAL_BACKGROUND_CANDIDATE,"Entire image represents clean conveyor belt. In standard object detection, clean background is represented by zero bounding boxes."
frame_20260504_003224_170635_jpg.rf.f93cbe6755da3686af287f674962a132.jpg,0,"[0.4576,0.4114,0.3318,0.3783]",NORMAL_BACKGROUND_CANDIDATE,"Entire image represents clean conveyor belt. In standard object detection, clean background is represented by zero bounding boxes."
frame_20260504_003717_312621_jpg.rf.21e1e1a655707633c9c97511214d01c6.jpg,0,"[0.4777,0.3373,0.4345,0.3148]",NORMAL_BACKGROUND_CANDIDATE,"Entire image represents clean conveyor belt. In standard object detection, clean background is represented by zero bounding boxes."
frame_20260504_003718_280771_jpg.rf.c3647cf0579ee0f1bc05c4f6b0ee27ae.jpg,0,"[0.4397,0.3571,0.3973,0.4550]",NORMAL_BACKGROUND_CANDIDATE,"Entire image represents clean conveyor belt. In standard object detection, clean background is represented by zero bounding boxes."
frame_20260504_003726_285128_jpg.rf.2b0904f2541ecd404ff164bb592d1780.jpg,0,"[0.4174,0.5807,0.2188,0.6005]",NORMAL_BACKGROUND_CANDIDATE,"Entire image represents clean conveyor belt. In standard object detection, clean background is represented by zero bounding boxes."
frame_20260504_003727_347662_jpg.rf.efcde069b3b73e7d999255c87ad8a7ac.jpg,0,"[0.5967,0.5212,0.2768,0.5450]",NORMAL_BACKGROUND_CANDIDATE,"Entire image represents clean conveyor belt. In standard object detection, clean background is represented by zero bounding boxes."
frame_20260504_003728_277086_jpg.rf.3fb4e0ce3d29765ca003da43bf90f3cf.jpg,0,"[0.4888,0.4841,0.4509,0.4444]",NORMAL_BACKGROUND_CANDIDATE,"Entire image represents clean conveyor belt. In standard object detection, clean background is represented by zero bounding boxes."
frame_20260504_003730_260230_jpg.rf.2d34cc1f04928495c89cbe0a7335f876.jpg,0,"[0.5670,0.4960,0.2917,0.4683]",NORMAL_BACKGROUND_CANDIDATE,"Entire image represents clean conveyor belt. In standard object detection, clean background is represented by zero bounding boxes."
frame_20260504_003731_291734_jpg.rf.0fe76035a47dfc28df63312aa462f168.jpg,0,"[0.5342,0.6534,0.5030,0.3492]",NORMAL_BACKGROUND_CANDIDATE,"Entire image represents clean conveyor belt. In standard object detection, clean background is represented by zero bounding boxes."
frame_20260504_003735_272171_jpg.rf.7da0415225adbf46365cac9fa0d46be5.jpg,0,"[0.5372,0.3664,0.4077,0.2725]",NORMAL_BACKGROUND_CANDIDATE,"Entire image represents clean conveyor belt. In standard object detection, clean background is represented by zero bounding boxes."
frame_20260504_003736_276444_jpg.rf.770c7b46ff3e6b6f42b5dc1472820752.jpg,0,"[0.5513,0.4034,0.4747,0.3148]",NORMAL_BACKGROUND_CANDIDATE,"Entire image represents clean conveyor belt. In standard object detection, clean background is represented by zero bounding boxes."
frame_20260504_003737_295509_jpg.rf.628e99c1a7473859ea2f796a1f746af2.jpg,0,"[0.5558,0.4193,0.5640,0.2354]",NORMAL_BACKGROUND_CANDIDATE,"Entire image represents clean conveyor belt. In standard object detection, clean background is represented by zero bounding boxes."
frame_20260504_003740_274263_jpg.rf.c84eaaf5d045bafc8a06bb7b1cc180f8.jpg,0,"[0.5112,0.3942,0.4926,0.1005]",NORMAL_BACKGROUND_CANDIDATE,"Entire image represents clean conveyor belt. In standard object detection, clean background is represented by zero bounding boxes."
frame_20260504_003743_306443_jpg.rf.33701eb52f5f1b8e8ce8e08fb56b75f9.jpg,0,"[0.3281,0.5344,0.0491,0.2963]",NORMAL_BACKGROUND_CANDIDATE,"Entire image represents clean conveyor belt. In standard object detection, clean background is represented by zero bounding boxes."
frame_20260504_003743_306443_jpg.rf.33701eb52f5f1b8e8ce8e08fb56b75f9.jpg,1,"[0.4635,0.2685,0.0432,0.2302]",NORMAL_BACKGROUND_CANDIDATE,"Entire image represents clean conveyor belt. In standard object detection, clean background is represented by zero bounding boxes."
frame_20260504_003743_306443_jpg.rf.33701eb52f5f1b8e8ce8e08fb56b75f9.jpg,2,"[0.5804,0.4974,0.0566,0.2804]",NORMAL_BACKGROUND_CANDIDATE,"Entire image represents clean conveyor belt. In standard object detection, clean background is represented by zero bounding boxes."
frame_20260504_003743_306443_jpg.rf.33701eb52f5f1b8e8ce8e08fb56b75f9.jpg,3,"[0.4479,0.7685,0.0744,0.3254]",NORMAL_BACKGROUND_CANDIDATE,"Entire image represents clean conveyor belt. In standard object detection, clean background is represented by zero bounding boxes."
frame_20260504_003743_306443_jpg.rf.33701eb52f5f1b8e8ce8e08fb56b75f9.jpg,4,"[0.7701,0.3082,0.1086,0.2143]",NORMAL_BACKGROUND_CANDIDATE,"Entire image represents clean conveyor belt. In standard object detection, clean background is represented by zero bounding boxes."
frame_20260504_003744_255847_jpg.rf.337efddedc0a2f6e96dfeeb3e8fd704f.jpg,0,"[0.3073,0.2328,0.0938,0.1852]",NORMAL_BACKGROUND_CANDIDATE,"Entire image represents clean conveyor belt. In standard object detection, clean background is represented by zero bounding boxes."
frame_20260504_003744_255847_jpg.rf.337efddedc0a2f6e96dfeeb3e8fd704f.jpg,1,"[0.7202,0.3558,0.0566,0.2672]",NORMAL_BACKGROUND_CANDIDATE,"Entire image represents clean conveyor belt. In standard object detection, clean background is represented by zero bounding boxes."
frame_20260504_003744_255847_jpg.rf.337efddedc0a2f6e96dfeeb3e8fd704f.jpg,2,"[0.5320,0.5159,0.0878,0.1693]",NORMAL_BACKGROUND_CANDIDATE,"Entire image represents clean conveyor belt. In standard object detection, clean background is represented by zero bounding boxes."
frame_20260504_003744_255847_jpg.rf.337efddedc0a2f6e96dfeeb3e8fd704f.jpg,3,"[0.4196,0.6230,0.1220,0.2302]",NORMAL_BACKGROUND_CANDIDATE,"Entire image represents clean conveyor belt. In standard object detection, clean background is represented by zero bounding boxes."
frame_20260504_003744_255847_jpg.rf.337efddedc0a2f6e96dfeeb3e8fd704f.jpg,4,"[0.6667,0.7235,0.1191,0.3307]",NORMAL_BACKGROUND_CANDIDATE,"Entire image represents clean conveyor belt. In standard object detection, clean background is represented by zero bounding boxes."
frame_20260504_003744_255847_jpg.rf.337efddedc0a2f6e96dfeeb3e8fd704f.jpg,5,"[0.5238,0.2209,0.1726,0.2143]",NORMAL_BACKGROUND_CANDIDATE,"Entire image represents clean conveyor belt. In standard object detection, clean background is represented by zero bounding boxes."
frame_20260504_003748_269952_jpg.rf.e0af07aa931dd7d04443167c02ba6bfe.jpg,0,"[0.4978,0.4259,0.3735,0.4339]",NORMAL_BACKGROUND_CANDIDATE,"Entire image represents clean conveyor belt. In standard object detection, clean background is represented by zero bounding boxes."
frame_20260504_003752_272879_jpg.rf.4ea2f649e453cfe4e47ceb4081304ee8.jpg,0,"[0.5513,0.2976,0.5729,0.3413]",NORMAL_BACKGROUND_CANDIDATE,"Entire image represents clean conveyor belt. In standard object detection, clean background is represented by zero bounding boxes."
frame_20260504_003802_291892_jpg.rf.fe3ac5c51825d422e5a8e85657e472e3.jpg,0,"[0.5260,0.3704,0.4926,0.4391]",NORMAL_BACKGROUND_CANDIDATE,"Entire image represents clean conveyor belt. In standard object detection, clean background is represented by zero bounding boxes."
frame_20260504_003803_293861_jpg.rf.f623a63839e9230fd2c0351fc3f5dd6a.jpg,0,"[0.5283,0.4669,0.4554,0.2143]",NORMAL_BACKGROUND_CANDIDATE,"Entire image represents clean conveyor belt. In standard object detection, clean background is represented by zero bounding boxes."
frame_20260504_003804_298077_jpg.rf.5953da7289d654c56b9d3a3c2545f702.jpg,0,"[0.4814,0.3717,0.5045,0.4471]",NORMAL_BACKGROUND_CANDIDATE,"Entire image represents clean conveyor belt. In standard object detection, clean background is represented by zero bounding boxes."
frame_20260504_003806_307882_jpg.rf.b917a97a7117c01cb7af5577a8437142.jpg,0,"[0.5699,0.2249,0.6250,0.2434]",NORMAL_BACKGROUND_CANDIDATE,"Entire image represents clean conveyor belt. In standard object detection, clean background is represented by zero bounding boxes."
frame_20260504_003807_344530_jpg.rf.03c8a8ad0831ed3be46c107ea52cabef.jpg,0,"[0.5097,0.2659,0.6116,0.2936]",NORMAL_BACKGROUND_CANDIDATE,"Entire image represents clean conveyor belt. In standard object detection, clean background is represented by zero bounding boxes."
frame_00022_jpg.rf.5d14230a0e761bc15eaec31fac6e80d8.jpg,1,"[0.3425,0.1575,0.3307,0.1172]",NORMAL_BACKGROUND_CANDIDATE,Normal belt box drawn on background rubber of an active defect frame. Creates false positive penalty for defect regions.
frame_00022_jpg.rf.5d14230a0e761bc15eaec31fac6e80d8.jpg,2,"[0.2474,0.5078,0.1615,0.3333]",NORMAL_BACKGROUND_CANDIDATE,Normal belt box drawn on background rubber of an active defect frame. Creates false positive penalty for defect regions.
frame_00022_jpg.rf.5d14230a0e761bc15eaec31fac6e80d8.jpg,3,"[0.2773,0.8255,0.3047,0.1562]",NORMAL_BACKGROUND_CANDIDATE,Normal belt box drawn on background rubber of an active defect frame. Creates false positive penalty for defect regions.
frame_00022_jpg.rf.5d14230a0e761bc15eaec31fac6e80d8.jpg,4,"[0.6979,0.6302,0.1615,0.2240]",NORMAL_BACKGROUND_CANDIDATE,Normal belt box drawn on background rubber of an active defect frame. Creates false positive penalty for defect regions.
frame_00031_jpg.rf.f59233ad33836eda95f05dcc5ba5ef57.jpg,0,"[0.2266,0.5703,0.2188,0.3802]",NORMAL_BACKGROUND_CANDIDATE,"Entire image represents clean conveyor belt. In standard object detection, clean background is represented by zero bounding boxes."
frame_00031_jpg.rf.f59233ad33836eda95f05dcc5ba5ef57.jpg,1,"[0.5234,0.4414,0.2292,0.0755]",NORMAL_BACKGROUND_CANDIDATE,"Entire image represents clean conveyor belt. In standard object detection, clean background is represented by zero bounding boxes."
frame_00040_jpg.rf.152648caa55aaf841b8c2ad43566a747.jpg,0,"[0.2956,0.4336,0.1589,0.4661]",NORMAL_BACKGROUND_CANDIDATE,Normal belt box drawn on background rubber of an active defect frame. Creates false positive penalty for defect regions.
frame_00040_jpg.rf.152648caa55aaf841b8c2ad43566a747.jpg,1,"[0.6198,0.4271,0.3021,0.2083]",NORMAL_BACKGROUND_CANDIDATE,Normal belt box drawn on background rubber of an active defect frame. Creates false positive penalty for defect regions.
frame_00049_jpg.rf.d7a34499e224d988b7a7d12269c6c2d9.jpg,0,"[0.5599,0.2175,0.3438,0.2161]",NORMAL_BACKGROUND_CANDIDATE,"Entire image represents clean conveyor belt. In standard object detection, clean background is represented by zero bounding boxes."
frame_00049_jpg.rf.d7a34499e224d988b7a7d12269c6c2d9.jpg,1,"[0.2773,0.4883,0.2214,0.2839]",NORMAL_BACKGROUND_CANDIDATE,"Entire image represents clean conveyor belt. In standard object detection, clean background is represented by zero bounding boxes."
frame_00051_jpg.rf.c63b2cfbe9a1bd63daac7b16a6816015.jpg,0,"[0.4870,0.8021,0.6250,0.2917]",NORMAL_BACKGROUND_CANDIDATE,"Entire image represents clean conveyor belt. In standard object detection, clean background is represented by zero bounding boxes."
frame_00051_jpg.rf.c63b2cfbe9a1bd63daac7b16a6816015.jpg,1,"[0.3164,0.1185,0.1953,0.1536]",NORMAL_BACKGROUND_CANDIDATE,"Entire image represents clean conveyor belt. In standard object detection, clean background is represented by zero bounding boxes."
frame_00066_jpg.rf.78abbb5a4e03c98ff540cef205566125.jpg,1,"[0.5677,0.8151,0.3438,0.2552]",NORMAL_BACKGROUND_CANDIDATE,Normal belt box drawn on background rubber of an active defect frame. Creates false positive penalty for defect regions.
frame_00066_jpg.rf.78abbb5a4e03c98ff540cef205566125.jpg,2,"[0.2878,0.1771,0.1432,0.1719]",NORMAL_BACKGROUND_CANDIDATE,Normal belt box drawn on background rubber of an active defect frame. Creates false positive penalty for defect regions.
frame_00066_jpg.rf.78abbb5a4e03c98ff540cef205566125.jpg,3,"[0.2422,0.7930,0.1250,0.1589]",NORMAL_BACKGROUND_CANDIDATE,Normal belt box drawn on background rubber of an active defect frame. Creates false positive penalty for defect regions.
frame_00088_jpg.rf.3a1860ff9ad2dc53b01415d56b45f0c2.jpg,2,"[0.6133,0.7214,0.1536,0.1458]",NORMAL_BACKGROUND_CANDIDATE,Normal belt box drawn on background rubber of an active defect frame. Creates false positive penalty for defect regions.
frame_00092_jpg.rf.0a3ea5f53c60ab61308d1ff9635957a9.jpg,0,"[0.3555,0.3359,0.5078,0.1823]",NORMAL_BACKGROUND_CANDIDATE,Normal belt box drawn on background rubber of an active defect frame. Creates false positive penalty for defect regions.
frame_00095_jpg.rf.73fd9b14aedf960eb29fe942e586744c.jpg,0,"[0.2760,0.3385,0.4115,0.1354]",NORMAL_BACKGROUND_CANDIDATE,"Entire image represents clean conveyor belt. In standard object detection, clean background is represented by zero bounding boxes."
frame_00095_jpg.rf.73fd9b14aedf960eb29fe942e586744c.jpg,1,"[0.3060,0.5156,0.4193,0.1042]",NORMAL_BACKGROUND_CANDIDATE,"Entire image represents clean conveyor belt. In standard object detection, clean background is represented by zero bounding boxes."
frame_00095_jpg.rf.73fd9b14aedf960eb29fe942e586744c.jpg,2,"[0.8737,0.4089,0.1953,0.2604]",NORMAL_BACKGROUND_CANDIDATE,"Entire image represents clean conveyor belt. In standard object detection, clean background is represented by zero bounding boxes."
frame_00097_jpg.rf.2f7676c8ebbeacd07eef050597643b59.jpg,0,"[0.6406,0.3997,0.1615,0.2474]",NORMAL_BACKGROUND_CANDIDATE,Normal belt box drawn on background rubber of an active defect frame. Creates false positive penalty for defect regions.
frame_00097_jpg.rf.2f7676c8ebbeacd07eef050597643b59.jpg,1,"[0.3138,0.8112,0.1901,0.3099]",NORMAL_BACKGROUND_CANDIDATE,Normal belt box drawn on background rubber of an active defect frame. Creates false positive penalty for defect regions.
frame_00104_jpg.rf.9c59e812c20eda7a8f1049ae5bc1fb0e.jpg,0,"[0.5560,0.3529,0.3255,0.3047]",NORMAL_BACKGROUND_CANDIDATE,Normal belt box drawn on background rubber of an active defect frame. Creates false positive penalty for defect regions.
frame_00106_jpg.rf.d74973aeb96a2286e2ff0af46547676d.jpg,0,"[0.4427,0.4870,0.6667,0.1927]",NORMAL_BACKGROUND_CANDIDATE,Normal belt box drawn on background rubber of an active defect frame. Creates false positive penalty for defect regions.
frame_00107_jpg.rf.cefbb6849466e2fe63487d8f67cbbf83.jpg,0,"[0.7422,0.3763,0.4010,0.2839]",NORMAL_BACKGROUND_CANDIDATE,Normal belt box drawn on background rubber of an active defect frame. Creates false positive penalty for defect regions.
frame_00110_jpg.rf.42313121e547feec62a2f7cdb015bda2.jpg,1,"[0.1628,0.4714,0.2109,0.1615]",NORMAL_BACKGROUND_CANDIDATE,Normal belt box drawn on background rubber of an active defect frame. Creates false positive penalty for defect regions.
frame_00110_jpg.rf.42313121e547feec62a2f7cdb015bda2.jpg,2,"[0.6055,0.4766,0.3724,0.0938]",NORMAL_BACKGROUND_CANDIDATE,Normal belt box drawn on background rubber of an active defect frame. Creates false positive penalty for defect regions.
frame_00111_jpg.rf.a639ac443daad7b5631a22d5b1490fa6.jpg,0,"[0.6198,0.4414,0.4740,0.1693]",NORMAL_BACKGROUND_CANDIDATE,"Entire image represents clean conveyor belt. In standard object detection, clean background is represented by zero bounding boxes."
frame_00112_jpg.rf.84315d186bf506f996d73d0b32082171.jpg,1,"[0.6016,0.3906,0.2812,0.2500]",NORMAL_BACKGROUND_CANDIDATE,Normal belt box drawn on background rubber of an active defect frame. Creates false positive penalty for defect regions.
frame_00114_jpg.rf.bf68c9ffe229d1310914a1b699898b03.jpg,1,"[0.4089,0.4062,0.1302,0.1146]",NORMAL_BACKGROUND_CANDIDATE,Normal belt box drawn on background rubber of an active defect frame. Creates false positive penalty for defect regions.
frame_00114_jpg.rf.bf68c9ffe229d1310914a1b699898b03.jpg,2,"[0.5833,0.5221,0.0938,0.1120]",NORMAL_BACKGROUND_CANDIDATE,Normal belt box drawn on background rubber of an active defect frame. Creates false positive penalty for defect regions.
frame_00114_jpg.rf.bf68c9ffe229d1310914a1b699898b03.jpg,3,"[0.7708,0.3503,0.1562,0.1953]",NORMAL_BACKGROUND_CANDIDATE,Normal belt box drawn on background rubber of an active defect frame. Creates false positive penalty for defect regions.
frame_00114_jpg.rf.bf68c9ffe229d1310914a1b699898b03.jpg,4,"[0.5482,0.2982,0.0859,0.1120]",NORMAL_BACKGROUND_CANDIDATE,Normal belt box drawn on background rubber of an active defect frame. Creates false positive penalty for defect regions.
frame_00119_jpg.rf.289a50dfca24fa6b302d90498165896d.jpg,0,"[0.1888,0.4167,0.2891,0.2448]",NORMAL_BACKGROUND_CANDIDATE,"Entire image represents clean conveyor belt. In standard object detection, clean background is represented by zero bounding boxes."
frame_00119_jpg.rf.289a50dfca24fa6b302d90498165896d.jpg,1,"[0.5312,0.5456,0.2396,0.0964]",NORMAL_BACKGROUND_CANDIDATE,"Entire image represents clean conveyor belt. In standard object detection, clean background is represented by zero bounding boxes."
frame_00119_jpg.rf.3775ae1353159f616a1e6d4188664454.jpg,0,"[0.6107,0.5573,0.6693,0.2552]",NORMAL_BACKGROUND_CANDIDATE,"Entire image represents clean conveyor belt. In standard object detection, clean background is represented by zero bounding boxes."
frame_00123_jpg.rf.6f84b5a6de9b5a3127558f24371d6f55.jpg,0,"[0.6341,0.4531,0.4974,0.3698]",NORMAL_BACKGROUND_CANDIDATE,"Entire image represents clean conveyor belt. In standard object detection, clean background is represented by zero bounding boxes."
frame_00128_jpg.rf.338fdca7701bd7c0e61f430a67dda654.jpg,0,"[0.2565,0.5156,0.2057,0.1510]",NORMAL_BACKGROUND_CANDIDATE,"Entire image represents clean conveyor belt. In standard object detection, clean background is represented by zero bounding boxes."
frame_00134_jpg.rf.92113ddaeb18d60c3d074b0bbe4f9c70.jpg,0,"[0.4271,0.5000,0.3542,0.3073]",NORMAL_BACKGROUND_CANDIDATE,Normal belt box drawn on background rubber of an active defect frame. Creates false positive penalty for defect regions.
frame_00144_jpg.rf.e488a3770777cb5c16cfa762da095123.jpg,1,"[0.4753,0.5742,0.0599,0.2370]",NORMAL_BACKGROUND_CANDIDATE,Normal belt box drawn on background rubber of an active defect frame. Creates false positive penalty for defect regions.
frame_00153_jpg.rf.707036da6ca2753f6575ae8811cb6ac7.jpg,1,"[0.6914,0.5117,0.1641,0.4661]",NORMAL_BACKGROUND_CANDIDATE,Normal belt box drawn on background rubber of an active defect frame. Creates false positive penalty for defect regions.
frame_00153_jpg.rf.707036da6ca2753f6575ae8811cb6ac7.jpg,3,"[0.1198,0.4232,0.1719,0.5182]",NORMAL_BACKGROUND_CANDIDATE,Normal belt box drawn on background rubber of an active defect frame. Creates false positive penalty for defect regions.
frame_00162_jpg.rf.a3c042652dab6bdd9631f2c0ec9d25e9.jpg,2,"[0.7747,0.6888,0.1641,0.2370]",NORMAL_BACKGROUND_CANDIDATE,Normal belt box drawn on background rubber of an active defect frame. Creates false positive penalty for defect regions.
frame_00172_jpg.rf.656aae0267003eb4c94d5957e4068a2a.jpg,1,"[0.3802,0.4987,0.0938,0.3984]",NORMAL_BACKGROUND_CANDIDATE,Normal belt box drawn on background rubber of an active defect frame. Creates false positive penalty for defect regions.
frame_00172_jpg.rf.656aae0267003eb4c94d5957e4068a2a.jpg,2,"[0.1224,0.4961,0.1615,0.1797]",NORMAL_BACKGROUND_CANDIDATE,Normal belt box drawn on background rubber of an active defect frame. Creates false positive penalty for defect regions.
frame_00240_jpg.rf.a977c646f6364a33cda27295f0d07b2b.jpg,0,"[0.6510,0.5638,0.5625,0.5964]",NORMAL_BACKGROUND_CANDIDATE,Normal belt box drawn on background rubber of an active defect frame. Creates false positive penalty for defect regions.
frame_00241_jpg.rf.dca375dd71e22a5877969725d4c0e444.jpg,0,"[0.3893,0.2904,0.3932,0.4870]",NORMAL_BACKGROUND_CANDIDATE,Normal belt box drawn on background rubber of an active defect frame. Creates false positive penalty for defect regions.
frame_00245_jpg.rf.973b907942cf1b9c6ef01640fca7119d.jpg,0,"[0.4870,0.4466,0.3490,0.6068]",NORMAL_BACKGROUND_CANDIDATE,"Entire image represents clean conveyor belt. In standard object detection, clean background is represented by zero bounding boxes."
frame_00247_jpg.rf.5410bb937b8229ef41183b0ec196d9e9.jpg,0,"[0.4583,0.4362,0.4062,0.3255]",NORMAL_BACKGROUND_CANDIDATE,Normal belt box drawn on background rubber of an active defect frame. Creates false positive penalty for defect regions.
frame_00247_jpg.rf.5410bb937b8229ef41183b0ec196d9e9.jpg,2,"[0.4284,0.7578,0.3203,0.0885]",NORMAL_BACKGROUND_CANDIDATE,Normal belt box drawn on background rubber of an active defect frame. Creates false positive penalty for defect regions.
frame_00252_jpg.rf.2104f1ab13c064ee11afe87ccfc2f58a.jpg,0,"[0.5039,0.4648,0.4505,0.7891]",NORMAL_BACKGROUND_CANDIDATE,"Entire image represents clean conveyor belt. In standard object detection, clean background is represented by zero bounding boxes."
frame_00260_jpg.rf.081b26a80a4862628943ea49abf7545e.jpg,1,"[0.4896,0.4766,0.2135,0.6302]",NORMAL_BACKGROUND_CANDIDATE,Normal belt box drawn on background rubber of an active defect frame. Creates false positive penalty for defect regions.
frame_00260_jpg.rf.081b26a80a4862628943ea49abf7545e.jpg,2,"[0.0950,0.6055,0.0599,0.1432]",NORMAL_BACKGROUND_CANDIDATE,Normal belt box drawn on background rubber of an active defect frame. Creates false positive penalty for defect regions.
frame_00262_jpg.rf.c7b6c9f6252a09d7782579194403bf9c.jpg,0,"[0.5768,0.4557,0.2839,0.6510]",NORMAL_BACKGROUND_CANDIDATE,Normal belt box drawn on background rubber of an active defect frame. Creates false positive penalty for defect regions.
frame_00265_jpg.rf.86fdcaf2b1d050762ec2c49232ad6ac4.jpg,0,"[0.4987,0.4479,0.4245,0.6510]",NORMAL_BACKGROUND_CANDIDATE,"Entire image represents clean conveyor belt. In standard object detection, clean background is represented by zero bounding boxes."
frame_00275_jpg.rf.ca371c774994c3da6eb71380d064ba54.jpg,0,"[0.1706,0.5469,0.2786,0.5833]",NORMAL_BACKGROUND_CANDIDATE,Normal belt box drawn on background rubber of an active defect frame. Creates false positive penalty for defect regions.
frame_00275_jpg.rf.ca371c774994c3da6eb71380d064ba54.jpg,1,"[0.5182,0.6237,0.2865,0.1432]",NORMAL_BACKGROUND_CANDIDATE,Normal belt box drawn on background rubber of an active defect frame. Creates false positive penalty for defect regions.
frame_00275_jpg.rf.ca371c774994c3da6eb71380d064ba54.jpg,2,"[0.5547,0.1510,0.4167,0.1302]",NORMAL_BACKGROUND_CANDIDATE,Normal belt box drawn on background rubber of an active defect frame. Creates false positive penalty for defect regions.
frame_00277_jpg.rf.b9a50cebe77976c7839123b7c9b376fa.jpg,1,"[0.1693,0.3385,0.1771,0.1198]",NORMAL_BACKGROUND_CANDIDATE,Normal belt box drawn on background rubber of an active defect frame. Creates false positive penalty for defect regions.
frame_00277_jpg.rf.b9a50cebe77976c7839123b7c9b376fa.jpg,2,"[0.1432,0.7721,0.2031,0.1432]",NORMAL_BACKGROUND_CANDIDATE,Normal belt box drawn on background rubber of an active defect frame. Creates false positive penalty for defect regions.
frame_00277_jpg.rf.b9a50cebe77976c7839123b7c9b376fa.jpg,3,"[0.7109,0.4271,0.2708,0.1458]",NORMAL_BACKGROUND_CANDIDATE,Normal belt box drawn on background rubber of an active defect frame. Creates false positive penalty for defect regions.
frame_00277_jpg.rf.b9a50cebe77976c7839123b7c9b376fa.jpg,4,"[0.6953,0.0964,0.3021,0.1302]",NORMAL_BACKGROUND_CANDIDATE,Normal belt box drawn on background rubber of an active defect frame. Creates false positive penalty for defect regions.
frame_00290_jpg.rf.9465c7ab98a485bbb88d83a7583a532d.jpg,0,"[0.2500,0.5378,0.2917,0.6432]",NORMAL_BACKGROUND_CANDIDATE,"Entire image represents clean conveyor belt. In standard object detection, clean background is represented by zero bounding boxes."
frame_00290_jpg.rf.9465c7ab98a485bbb88d83a7583a532d.jpg,1,"[0.7357,0.7344,0.2318,0.3073]",NORMAL_BACKGROUND_CANDIDATE,"Entire image represents clean conveyor belt. In standard object detection, clean background is represented by zero bounding boxes."
frame_00293_jpg.rf.d2f7e378f4455106077b75ed6643cc26.jpg,1,"[0.1745,0.5482,0.2344,0.6276]",NORMAL_BACKGROUND_CANDIDATE,Normal belt box drawn on background rubber of an active defect frame. Creates false positive penalty for defect regions.
frame_00293_jpg.rf.d2f7e378f4455106077b75ed6643cc26.jpg,2,"[0.7122,0.7200,0.2109,0.2839]",NORMAL_BACKGROUND_CANDIDATE,Normal belt box drawn on background rubber of an active defect frame. Creates false positive penalty for defect regions.
frame_00310_jpg.rf.fd07abab66750fc44e47a4eebcd2798c.jpg,3,"[0.4896,0.8438,0.6823,0.2031]",NORMAL_BACKGROUND_CANDIDATE,Normal belt box drawn on background rubber of an active defect frame. Creates false positive penalty for defect regions.
frame_00313_jpg.rf.06ecf93cabd3c886c090ef9ee6a4dcd0.jpg,1,"[0.1615,0.7578,0.2344,0.2708]",NORMAL_BACKGROUND_CANDIDATE,Normal belt box drawn on background rubber of an active defect frame. Creates false positive penalty for defect regions.
frame_00320_jpg.rf.b9dac8090ddbfa2ea88e555b3c8391d9.jpg,2,"[0.4297,0.7357,0.6562,0.1641]",NORMAL_BACKGROUND_CANDIDATE,Normal belt box drawn on background rubber of an active defect frame. Creates false positive penalty for defect regions.
frame_00320_jpg.rf.b9dac8090ddbfa2ea88e555b3c8391d9.jpg,3,"[0.5677,0.2721,0.5833,0.1953]",NORMAL_BACKGROUND_CANDIDATE,Normal belt box drawn on background rubber of an active defect frame. Creates false positive penalty for defect regions.
frame_00324_jpg.rf.6ec322afc65f7a414bba0b5b2e324c47.jpg,1,"[0.4453,0.6784,0.7917,0.2057]",NORMAL_BACKGROUND_CANDIDATE,Normal belt box drawn on background rubber of an active defect frame. Creates false positive penalty for defect regions.
frame_00339_jpg.rf.e90432e295ee79f2506e5e6dd4726f1d.jpg,0,"[0.5964,0.1510,0.5104,0.1406]",NORMAL_BACKGROUND_CANDIDATE,"Entire image represents clean conveyor belt. In standard object detection, clean background is represented by zero bounding boxes."
frame_00360_jpg.rf.ea20bf7c5e8ab7501f16abac75b20866.jpg,0,"[0.5625,0.0950,0.5260,0.1432]",NORMAL_BACKGROUND_CANDIDATE,Normal belt box drawn on background rubber of an active defect frame. Creates false positive penalty for defect regions.
frame_20260504_001433_181294_jpg.rf.119e5ca3e09c5febbff720673bf43e12.jpg,0,"[0.7388,0.1627,0.3557,0.1561]",NORMAL_BACKGROUND_CANDIDATE,Normal belt box drawn on background rubber of an active defect frame. Creates false positive penalty for defect regions.
frame_20260504_001453_966585_jpg.rf.a4790fcec9d367f9f403de3dbb34b00a.jpg,0,"[0.4836,0.3413,0.7143,0.3862]",NORMAL_BACKGROUND_CANDIDATE,"Entire image represents clean conveyor belt. In standard object detection, clean background is represented by zero bounding boxes."
frame_20260504_001500_053336_jpg.rf.a8505f41ddbfeeb79f8839ade894a2c1.jpg,0,"[0.4524,0.4471,0.7232,0.3016]",NORMAL_BACKGROUND_CANDIDATE,"Entire image represents clean conveyor belt. In standard object detection, clean background is represented by zero bounding boxes."
frame_20260504_001517_327370_jpg.rf.a758a6122411d631d170ce6fac148297.jpg,0,"[0.5707,0.6376,0.2247,0.3333]",NORMAL_BACKGROUND_CANDIDATE,"Entire image represents clean conveyor belt. In standard object detection, clean background is represented by zero bounding boxes."
frame_20260504_001518_018720_jpg.rf.d2415578a54771e59fb429ad4e6afdc9.jpg,0,"[0.4278,0.5026,0.5461,0.2540]",NORMAL_BACKGROUND_CANDIDATE,"Entire image represents clean conveyor belt. In standard object detection, clean background is represented by zero bounding boxes."
frame_20260504_001526_048751_jpg.rf.2c23b4910b8a85aef1cc9ab7898e8a63.jpg,0,"[0.4382,0.4418,0.2158,0.1534]",NORMAL_BACKGROUND_CANDIDATE,Normal belt box drawn on background rubber of an active defect frame. Creates false positive penalty for defect regions.
frame_20260504_001529_004005_jpg.rf.4f6e236adf04f26b539c1779b2781794.jpg,0,"[0.4353,0.7235,0.4420,0.1720]",NORMAL_BACKGROUND_CANDIDATE,"Entire image represents clean conveyor belt. In standard object detection, clean background is represented by zero bounding boxes."
frame_20260504_001542_022112_jpg.rf.d9f923c3e7e4ce971f13a2270957bd51.jpg,0,"[0.5015,0.5926,0.4821,0.3545]",NORMAL_BACKGROUND_CANDIDATE,"Entire image represents clean conveyor belt. In standard object detection, clean background is represented by zero bounding boxes."
frame_20260504_001604_151184_jpg.rf.c2c9d79cf45025edfdf2f30400d4dbdf.jpg,1,"[0.5312,0.1349,0.8988,0.1376]",NORMAL_BACKGROUND_CANDIDATE,Normal belt box drawn on background rubber of an active defect frame. Creates false positive penalty for defect regions.
frame_20260504_002354_699344_jpg.rf.b8ff37f203c1f27a1ad0ba01874446a1.jpg,0,"[0.5558,0.4140,0.4360,0.2936]",NORMAL_BACKGROUND_CANDIDATE,"Entire image represents clean conveyor belt. In standard object detection, clean background is represented by zero bounding boxes."
frame_20260504_002448_847547_jpg.rf.a963fe1f0451351d4cb892f7c9f4015b.jpg,0,"[0.4896,0.2553,0.5238,0.2302]",NORMAL_BACKGROUND_CANDIDATE,"Entire image represents clean conveyor belt. In standard object detection, clean background is represented by zero bounding boxes."
frame_20260504_003206_223347_jpg.rf.b651970cfd8a13092cd5212d40902a79.jpg,0,"[0.5268,0.4841,0.5000,0.6191]",NORMAL_BACKGROUND_CANDIDATE,"Entire image represents clean conveyor belt. In standard object detection, clean background is represented by zero bounding boxes."
frame_20260504_003212_296983_jpg.rf.c1503e5357a782c369ddb0e86495d9b5.jpg,0,"[0.3996,0.4854,0.1354,0.7381]",NORMAL_BACKGROUND_CANDIDATE,"Entire image represents clean conveyor belt. In standard object detection, clean background is represented by zero bounding boxes."
frame_20260504_003212_296983_jpg.rf.c1503e5357a782c369ddb0e86495d9b5.jpg,1,"[0.6146,0.4854,0.1161,0.6587]",NORMAL_BACKGROUND_CANDIDATE,"Entire image represents clean conveyor belt. In standard object detection, clean background is represented by zero bounding boxes."
frame_20260504_003219_130213_jpg.rf.3baf4ab673c4d4fafad1eb32aaa54dad.jpg,0,"[0.4799,0.3770,0.3378,0.4418]",NORMAL_BACKGROUND_CANDIDATE,"Entire image represents clean conveyor belt. In standard object detection, clean background is represented by zero bounding boxes."
frame_20260504_003220_190564_jpg.rf.ae609f9f4e5de7a542fd8f0beeedd564.jpg,0,"[0.3996,0.3783,0.2783,0.4074]",NORMAL_BACKGROUND_CANDIDATE,"Entire image represents clean conveyor belt. In standard object detection, clean background is represented by zero bounding boxes."
frame_20260504_003729_284542_jpg.rf.c1cc9ece7a908f494b8371280a69a531.jpg,0,"[0.4010,0.2659,0.3646,0.2302]",NORMAL_BACKGROUND_CANDIDATE,"Entire image represents clean conveyor belt. In standard object detection, clean background is represented by zero bounding boxes."
frame_20260504_003732_277680_jpg.rf.5236a66d3166c974e6c6a6b63ccec823.jpg,0,"[0.5580,0.6191,0.4048,0.2275]",NORMAL_BACKGROUND_CANDIDATE,"Entire image represents clean conveyor belt. In standard object detection, clean background is represented by zero bounding boxes."
frame_20260504_003750_292935_jpg.rf.255938dc3def9c33d5bb52ada5960d97.jpg,0,"[0.4643,0.4458,0.4405,0.1085]",NORMAL_BACKGROUND_CANDIDATE,"Entire image represents clean conveyor belt. In standard object detection, clean background is represented by zero bounding boxes."
frame_00002_jpg.rf.5e28130cc2199a50e3b0fdc3d2e38885.jpg,1,"[0.6849,0.4609,0.2240,0.5729]",NORMAL_BACKGROUND_CANDIDATE,Normal belt box drawn on background rubber of an active defect frame. Creates false positive penalty for defect regions.
frame_00002_jpg.rf.5e28130cc2199a50e3b0fdc3d2e38885.jpg,2,"[0.2344,0.4206,0.1094,0.6172]",NORMAL_BACKGROUND_CANDIDATE,Normal belt box drawn on background rubber of an active defect frame. Creates false positive penalty for defect regions.
frame_00003_jpg.rf.49968cb55095c8b650a32b4de9b866a4.jpg,0,"[0.4675,0.6289,0.6172,0.1693]",NORMAL_BACKGROUND_CANDIDATE,Normal belt box drawn on background rubber of an active defect frame. Creates false positive penalty for defect regions.
frame_00012_jpg.rf.0bccc92f2975e1b5d666489e29c08648.jpg,0,"[0.3984,0.4883,0.7396,0.2995]",NORMAL_BACKGROUND_CANDIDATE,Normal belt box drawn on background rubber of an active defect frame. Creates false positive penalty for defect regions.
frame_00015_jpg.rf.8130d85e915ded4d5e29721b9dda2ff3.jpg,0,"[0.4779,0.5482,0.6693,0.3307]",NORMAL_BACKGROUND_CANDIDATE,Normal belt box drawn on background rubber of an active defect frame. Creates false positive penalty for defect regions.
frame_00019_jpg.rf.c9d90cbe0a1e82afbccd085d19bd1cae.jpg,0,"[0.5703,0.3529,0.2708,0.4609]",NORMAL_BACKGROUND_CANDIDATE,Normal belt box drawn on background rubber of an active defect frame. Creates false positive penalty for defect regions.
frame_00021_jpg.rf.6831210c001ea5ff0d9b88a309b62f97.jpg,0,"[0.2148,0.5599,0.1589,0.8073]",NORMAL_BACKGROUND_CANDIDATE,"Entire image represents clean conveyor belt. In standard object detection, clean background is represented by zero bounding boxes."
frame_00021_jpg.rf.6831210c001ea5ff0d9b88a309b62f97.jpg,1,"[0.5885,0.8464,0.3229,0.2135]",NORMAL_BACKGROUND_CANDIDATE,"Entire image represents clean conveyor belt. In standard object detection, clean background is represented by zero bounding boxes."
frame_00035_jpg.rf.cfcbd4ea3415701965f8fedda293fb50.jpg,1,"[0.5143,0.6901,0.6380,0.5469]",NORMAL_BACKGROUND_CANDIDATE,Normal belt box drawn on background rubber of an active defect frame. Creates false positive penalty for defect regions.
frame_00043_jpg.rf.18a2450e12175f4369c1a958dc52304b.jpg,0,"[0.3151,0.4466,0.1458,0.5182]",NORMAL_BACKGROUND_CANDIDATE,Normal belt box drawn on background rubber of an active defect frame. Creates false positive penalty for defect regions.
frame_00045_jpg.rf.1ad7ac3267692d24b90701ef60772951.jpg,0,"[0.4583,0.3359,0.4219,0.1094]",NORMAL_BACKGROUND_CANDIDATE,Normal belt box drawn on background rubber of an active defect frame. Creates false positive penalty for defect regions.
frame_00056_jpg.rf.7154a70d40a859c07c4f74152c8ad5f8.jpg,1,"[0.5755,0.6159,0.6146,0.3359]",NORMAL_BACKGROUND_CANDIDATE,Normal belt box drawn on background rubber of an active defect frame. Creates false positive penalty for defect regions.
frame_00064_jpg.rf.388be8135d2ae5802f530028dd44d209.jpg,0,"[0.5078,0.4544,0.4896,0.2526]",NORMAL_BACKGROUND_CANDIDATE,Normal belt box drawn on background rubber of an active defect frame. Creates false positive penalty for defect regions.
frame_00064_jpg.rf.388be8135d2ae5802f530028dd44d209.jpg,1,"[0.3060,0.1328,0.1693,0.1719]",NORMAL_BACKGROUND_CANDIDATE,Normal belt box drawn on background rubber of an active defect frame. Creates false positive penalty for defect regions.
frame_00072_jpg.rf.17f52449f1addb0f6c6582bddc7799c5.jpg,0,"[0.4870,0.5052,0.5469,0.2656]",NORMAL_BACKGROUND_CANDIDATE,Normal belt box drawn on background rubber of an active defect frame. Creates false positive penalty for defect regions.
frame_00118_jpg.rf.e12e22049d8d6145c480a4dfa6d766a7.jpg,1,"[0.5833,0.4141,0.6302,0.3594]",NORMAL_BACKGROUND_CANDIDATE,Normal belt box drawn on background rubber of an active defect frame. Creates false positive penalty for defect regions.
frame_00121_jpg.rf.e676092e667ba16cc8dbaea2e3f6e68e.jpg,0,"[0.1393,0.4310,0.1328,0.2682]",NORMAL_BACKGROUND_CANDIDATE,"Entire image represents clean conveyor belt. In standard object detection, clean background is represented by zero bounding boxes."
frame_00121_jpg.rf.e676092e667ba16cc8dbaea2e3f6e68e.jpg,1,"[0.8516,0.4349,0.1562,0.1250]",NORMAL_BACKGROUND_CANDIDATE,"Entire image represents clean conveyor belt. In standard object detection, clean background is represented by zero bounding boxes."
frame_00122_jpg.rf.2b6e6a949ebb789b76b27f54547b6100.jpg,1,"[0.8385,0.5365,0.1510,0.3229]",NORMAL_BACKGROUND_CANDIDATE,Normal belt box drawn on background rubber of an active defect frame. Creates false positive penalty for defect regions.
frame_00122_jpg.rf.2b6e6a949ebb789b76b27f54547b6100.jpg,2,"[0.1133,0.5169,0.1276,0.3620]",NORMAL_BACKGROUND_CANDIDATE,Normal belt box drawn on background rubber of an active defect frame. Creates false positive penalty for defect regions.
frame_00122_jpg.rf.ef82374d953643dc00d5b2e740175659.jpg,0,"[0.7708,0.4245,0.3177,0.1354]",NORMAL_BACKGROUND_CANDIDATE,"Entire image represents clean conveyor belt. In standard object detection, clean background is represented by zero bounding boxes."
frame_00129_jpg.rf.7719d1d835cab947ea466cdf7469001a.jpg,0,"[0.2747,0.4961,0.2734,0.3203]",NORMAL_BACKGROUND_CANDIDATE,Normal belt box drawn on background rubber of an active defect frame. Creates false positive penalty for defect regions.
frame_00133_jpg.rf.08588b3c2c4d5f07036cdf7167fb5835.jpg,1,"[0.4727,0.4909,0.2578,0.2318]",NORMAL_BACKGROUND_CANDIDATE,Normal belt box drawn on background rubber of an active defect frame. Creates false positive penalty for defect regions.
frame_00133_jpg.rf.08588b3c2c4d5f07036cdf7167fb5835.jpg,2,"[0.3385,0.0755,0.5729,0.1354]",NORMAL_BACKGROUND_CANDIDATE,Normal belt box drawn on background rubber of an active defect frame. Creates false positive penalty for defect regions.
frame_00145_jpg.rf.28de6b4f1cefd6f0fcad1fa00844e109.jpg,2,"[0.6562,0.4232,0.1458,0.4505]",NORMAL_BACKGROUND_CANDIDATE,Normal belt box drawn on background rubber of an active defect frame. Creates false positive penalty for defect regions.
frame_00163_jpg.rf.b893a064c6aad478d69a8cc1526403f7.jpg,1,"[0.4336,0.6914,0.3203,0.1172]",NORMAL_BACKGROUND_CANDIDATE,Normal belt box drawn on background rubber of an active defect frame. Creates false positive penalty for defect regions.
frame_00211_jpg.rf.87abcf75c80cadd5d9698cf317255561.jpg,0,"[0.4466,0.5000,0.6276,0.5000]",NORMAL_BACKGROUND_CANDIDATE,"Entire image represents clean conveyor belt. In standard object detection, clean background is represented by zero bounding boxes."
frame_00227_jpg.rf.91588165b3a0ebb8b637b194bba4fb26.jpg,0,"[0.2161,0.4583,0.4010,0.7500]",NORMAL_BACKGROUND_CANDIDATE,Normal belt box drawn on background rubber of an active defect frame. Creates false positive penalty for defect regions.
frame_00234_jpg.rf.99360b072b65e0d3b9bb20ab111f4853.jpg,0,"[0.5312,0.4414,0.1979,0.3255]",NORMAL_BACKGROUND_CANDIDATE,"Entire image represents clean conveyor belt. In standard object detection, clean background is represented by zero bounding boxes."
frame_00234_jpg.rf.99360b072b65e0d3b9bb20ab111f4853.jpg,1,"[0.5820,0.6979,0.2734,0.0990]",NORMAL_BACKGROUND_CANDIDATE,"Entire image represents clean conveyor belt. In standard object detection, clean background is represented by zero bounding boxes."
frame_00258_jpg.rf.8495302627c08f50516bdb7cbad66c3c.jpg,0,"[0.6250,0.4688,0.5833,0.7031]",NORMAL_BACKGROUND_CANDIDATE,Normal belt box drawn on background rubber of an active defect frame. Creates false positive penalty for defect regions.
frame_00262_jpg.rf.17f62de077eac04c6467f356500ff063.jpg,0,"[0.4753,0.6120,0.6016,0.1562]",NORMAL_BACKGROUND_CANDIDATE,Normal belt box drawn on background rubber of an active defect frame. Creates false positive penalty for defect regions.
frame_00263_jpg.rf.1badb537291d9a32bd59c13d59f387d3.jpg,1,"[0.6536,0.6771,0.5677,0.2708]",NORMAL_BACKGROUND_CANDIDATE,Normal belt box drawn on background rubber of an active defect frame. Creates false positive penalty for defect regions.
frame_00270_jpg.rf.b3197b894a59cc2aec6f8122e789579a.jpg,1,"[0.7865,0.5300,0.2708,0.2266]",NORMAL_BACKGROUND_CANDIDATE,Normal belt box drawn on background rubber of an active defect frame. Creates false positive penalty for defect regions.
frame_00270_jpg.rf.b3197b894a59cc2aec6f8122e789579a.jpg,2,"[0.1849,0.5950,0.2083,0.3203]",NORMAL_BACKGROUND_CANDIDATE,Normal belt box drawn on background rubber of an active defect frame. Creates false positive penalty for defect regions.
frame_00334_jpg.rf.9f064ea934e0c7214b4d3f4226703337.jpg,1,"[0.4323,0.4661,0.5312,0.1615]",NORMAL_BACKGROUND_CANDIDATE,Normal belt box drawn on background rubber of an active defect frame. Creates false positive penalty for defect regions.
frame_20260504_001551_068015_jpg.rf.2eae1557a440a3106f20cad67bc9714f.jpg,0,"[0.6734,0.4220,0.3765,0.3995]",NORMAL_BACKGROUND_CANDIDATE,"Entire image represents clean conveyor belt. In standard object detection, clean background is represented by zero bounding boxes."
frame_20260504_001606_073276_jpg.rf.4548423d7cd1e025f133c156c2ba2c5b.jpg,0,"[0.5134,0.4008,0.1667,0.4630]",NORMAL_BACKGROUND_CANDIDATE,"Entire image represents clean conveyor belt. In standard object detection, clean background is represented by zero bounding boxes."
frame_20260504_001610_014236_jpg.rf.3eae5a7e3561521329e39c8bf75f3ab2.jpg,0,"[0.2641,0.4246,0.1652,0.4841]",NORMAL_BACKGROUND_CANDIDATE,"Entire image represents clean conveyor belt. In standard object detection, clean background is represented by zero bounding boxes."
frame_20260504_003223_261865_jpg.rf.c57cb6c90f2306caa729815a699c3894.jpg,0,"[0.8259,0.1865,0.2768,0.1138]",NORMAL_BACKGROUND_CANDIDATE,"Entire image represents clean conveyor belt. In standard object detection, clean background is represented by zero bounding boxes."
frame_20260504_003751_279429_jpg.rf.1d65e958909e76e16226a7b388d7f5e2.jpg,0,"[0.5528,0.3545,0.5521,0.4762]",NORMAL_BACKGROUND_CANDIDATE,"Entire image represents clean conveyor belt. In standard object detection, clean background is represented by zero bounding boxes."
frame_20260504_004428_968516_jpg.rf.17abd8ef295655f2457393854b6f0f2c.jpg,0,"[0.6235,0.1389,0.2887,0.1085]",NORMAL_BACKGROUND_CANDIDATE,"Entire image represents clean conveyor belt. In standard object detection, clean background is represented by zero bounding boxes."
